genome_id,serovar,pds_cluster,collection_year,period,country,isolation_source
PDT000003688.4,Kentucky,PDS000004091.7,2002,before_2016,USA,chicken breast
PDT000003689.4,Kentucky,PDS000004091.7,2002,before_2016,USA,chicken breast
PDT000003690.3,Hadar,PDS000158107.507,2002,before_2016,USA,chicken breast
PDT000003692.3,"4,12:i:-",PDS000253288.128,2002,before_2016,USA,chicken breast
PDT000003693.3,Hadar,PDS000158107.507,2002,before_2016,USA,ground turkey
PDT000003694.4,Heidelberg,PDS000211943.33,2002,before_2016,USA,ground turkey
PDT000003696.4,Enteritidis,PDS000026549.1050,2002,before_2016,USA,chicken breast
PDT000003697.4,Enteritidis,PDS000026549.1050,2002,before_2016,USA,chicken breast
PDT000003845.4,Enteritidis,PDS000032668.1889,2002,before_2016,USA,chicken breast
PDT000003846.4,Muenchen,PDS000198470.177,2002,before_2016,USA,ground turkey
PDT000003847.4,Enteritidis,PDS000032668.1889,2002,before_2016,USA,ground turkey
PDT000003849.4,Enteritidis,PDS000026549.1050,2002,before_2016,USA,chicken breast
PDT000003850.3,Bredeney,PDS000026671.14,2002,before_2016,USA,ground turkey
PDT000003851.3,Saintpaul,PDS000004383.112,2002,before_2016,USA,ground turkey
PDT000003852.3,Bredeney,PDS000026671.14,2002,before_2016,USA,ground turkey
PDT000003853.4,Heidelberg,PDS000106159.105,2002,before_2016,USA,ground turkey
PDT000003873.4,Kentucky,PDS000004091.7,2002,before_2016,USA,chicken breast
PDT000003874.4,Kentucky,PDS000004091.7,2002,before_2016,USA,chicken breast
PDT000003875.4,Heidelberg,PDS000211943.33,2002,before_2016,USA,ground turkey
PDT000003876.4,Brandenburg,PDS000026782.249,2002,before_2016,USA,chicken breast
PDT000003877.4,Enteritidis,PDS000032668.1889,2002,before_2016,USA,chicken breast
PDT000003879.4,Enteritidis,PDS000026549.1050,2002,before_2016,USA,chicken breast
PDT000003962.3,Saintpaul,PDS000004383.112,2002,before_2016,USA,ground turkey
PDT000003963.4,Heidelberg,PDS000211943.33,2002,before_2016,USA,ground turkey
PDT000003965.3,Saintpaul,PDS000032619.14,2002,before_2016,USA,ground turkey
PDT000003967.4,Heidelberg,PDS000106159.105,2002,before_2016,USA,ground turkey
PDT000003968.4,Heidelberg,PDS000106159.105,2002,before_2016,USA,ground turkey
PDT000003969.4,Kentucky,PDS000047126.1,2002,before_2016,USA,chicken breast
PDT000003970.3,Saintpaul,PDS000004383.112,2002,before_2016,USA,ground turkey
PDT000003971.4,Agona,PDS000214890.285,2002,before_2016,USA,ground turkey
PDT000003972.4,Typhimurium,PDS000026832.41,2002,before_2016,USA,chicken breast
PDT000003973.4,Kentucky,PDS000047126.1,2002,before_2016,USA,chicken breast
PDT000003974.4,Heidelberg,PDS000106159.105,2002,before_2016,USA,chicken breast
PDT000003975.4,Heidelberg,PDS000106159.105,2002,before_2016,USA,chicken breast
PDT000003976.4,Heidelberg,PDS000106159.105,2002,before_2016,USA,chicken breast
PDT000004289.3,"4,[5],12:i:-",PDS000253288.128,2002,before_2016,USA,ground turkey
PDT000004290.4,Heidelberg,PDS000211943.33,2002,before_2016,USA,ground turkey
PDT000004292.3,Hadar,PDS000158107.507,2002,before_2016,USA,ground turkey
PDT000004293.3,Hadar,PDS000158107.507,2002,before_2016,USA,ground turkey
PDT000004294.4,Heidelberg,PDS000211943.33,2002,before_2016,USA,chicken breast
PDT000004315.4,Heidelberg,PDS000211943.33,2002,before_2016,USA,chicken breast
PDT000004316.4,Kentucky,PDS000004091.7,2002,before_2016,USA,chicken breast
PDT000004323.3,"4,12:i:-",PDS000253288.128,2002,before_2016,USA,ground turkey
PDT000004356.3,Saintpaul,PDS000004383.112,2002,before_2016,USA,ground turkey
PDT000004357.3,Hadar,PDS000114063.1,2002,before_2016,USA,ground turkey
PDT000004361.4,Kentucky,PDS000260145.21,2002,before_2016,USA,chicken breast
PDT000004362.4,Heidelberg,PDS000211943.33,2002,before_2016,USA,chicken breast
PDT000004363.4,Kentucky,PDS000032330.3,2002,before_2016,USA,chicken breast
PDT000004388.4,Heidelberg,PDS000211943.33,2002,before_2016,USA,chicken breast
PDT000004400.3,Saintpaul,PDS000004383.112,2002,before_2016,USA,ground turkey
PDT000004401.3,Blockley,PDS000157219.165,2002,before_2016,USA,chicken breast
PDT000004405.4,Heidelberg,PDS000106159.105,2002,before_2016,USA,ground turkey
PDT000024333.4,Heidelberg,PDS000106159.105,2002,before_2016,USA,ground turkey
PDT000024334.4,Heidelberg,PDS000106159.105,2002,before_2016,USA,ground turkey
PDT000024335.4,Heidelberg,PDS000106159.105,2002,before_2016,USA,ground turkey
PDT000024336.4,Heidelberg,PDS000106159.105,2002,before_2016,USA,ground turkey
PDT000024337.3,Hadar,PDS000158106.134,2002,before_2016,USA,chicken breast
PDT000024338.4,Saintpaul,PDS000004383.112,2002,before_2016,USA,ground turkey
PDT000024339.4,Saintpaul,PDS000004383.112,2002,before_2016,USA,ground turkey
PDT000024340.4,Heidelberg,PDS000106159.105,2002,before_2016,USA,chicken breast
PDT000024341.3,Hadar,PDS000158106.134,2002,before_2016,USA,chicken breast
PDT000024342.3,Hadar,PDS000158107.507,2002,before_2016,USA,ground turkey
PDT000024343.3,Hadar,PDS000158107.507,2002,before_2016,USA,ground turkey
PDT000024344.4,Saintpaul,PDS000004383.112,2002,before_2016,USA,ground turkey
PDT000024345.3,Thompson,PDS000032705.1749,2002,before_2016,USA,chicken breast
PDT000024347.3,"4,12:r:-",PDS000029747.12,2002,before_2016,USA,chicken breast
PDT000024348.4,"4,[5],12:i:-",PDS000253285.29,2002,before_2016,USA,chicken breast
PDT000024349.3,"4,[5],12:i:-",PDS000253285.29,2002,before_2016,USA,chicken breast
PDT000024350.3,"6,7:k:-",PDS000032705.1749,2002,before_2016,USA,chicken breast
PDT000024351.3,"6,7:k:-",PDS000032705.1749,2002,before_2016,USA,chicken breast
PDT000024352.4,Heidelberg,PDS000220817.1,2002,before_2016,USA,chicken breast
PDT000024353.3,Saintpaul,PDS000032619.14,2002,before_2016,USA,ground turkey
PDT000024354.4,Heidelberg,PDS000106159.105,2002,before_2016,USA,ground turkey
PDT000024355.3,Saintpaul,PDS000032619.14,2002,before_2016,USA,ground turkey
PDT000024356.4,Heidelberg,PDS000106159.105,2002,before_2016,USA,ground turkey
PDT000024357.4,Typhimurium,PDS000013868.758,2002,before_2016,USA,ground turkey
PDT000024358.4,Typhimurium,PDS000013868.758,2002,before_2016,USA,ground turkey
PDT000025508.4,Heidelberg,PDS000029759.23,2002,before_2016,USA,ground turkey
PDT000025509.4,Brandenburg,PDS000026782.249,2002,before_2016,USA,ground turkey
PDT000025510.4,Enteritidis,PDS000029251.4,2002,before_2016,USA,chicken breast
PDT000025511.4,Enteritidis,PDS000029251.4,2002,before_2016,USA,chicken breast
PDT000025513.3,Hadar,PDS000158107.507,2002,before_2016,USA,chicken breast
PDT000025514.4,Kentucky,PDS000260145.21,2002,before_2016,USA,chicken breast
PDT000025515.3,Enteritidis,PDS000032329.1,2002,before_2016,USA,ground turkey
PDT000025516.4,Heidelberg,PDS000029725.224,2002,before_2016,USA,ground turkey
PDT000025521.4,Typhimurium,PDS000028787.66,2002,before_2016,USA,chicken breast
PDT000025522.4,Enteritidis,PDS000032696.6,2002,before_2016,USA,ground turkey
PDT000025523.4,Enteritidis,PDS000032696.6,2002,before_2016,USA,ground turkey
PDT000026416.4,Kentucky,PDS000004383.112,2002,before_2016,USA,ground turkey
PDT000026417.4,Saintpaul,PDS000004383.112,2002,before_2016,USA,ground turkey
PDT000026418.3,Saintpaul,PDS000004267.11,2002,before_2016,USA,ground turkey
PDT000026421.4,Brandenburg,PDS000026782.249,2002,before_2016,USA,chicken breast
PDT000026423.6,Typhimurium,PDS000037294.76,2003,before_2016,USA,ground turkey
PDT000026424.4,Kentucky,PDS000217831.57,2003,before_2016,USA,chicken breast
PDT000026425.3,Saintpaul,PDS000032619.14,2003,before_2016,USA,ground turkey
PDT000026428.3,Saintpaul,PDS000032619.14,2003,before_2016,USA,ground turkey
PDT000029609.3,Saintpaul,PDS000032619.14,2003,before_2016,USA,ground turkey
PDT000029610.4,Agona,PDS000032130.4,2003,before_2016,USA,ground turkey
PDT000029613.4,Kentucky,PDS000260145.21,2003,before_2016,USA,chicken breast
PDT000029614.4,Kentucky,PDS000260145.21,2003,before_2016,USA,chicken breast
PDT000029616.4,Heidelberg,PDS000106159.105,2003,before_2016,USA,ground turkey
PDT000029617.4,Heidelberg,PDS000106159.105,2003,before_2016,USA,ground turkey
PDT000029619.4,Heidelberg,PDS000211943.33,2003,before_2016,USA,chicken breast
PDT000029620.3,Mbandaka,PDS000233288.49,2003,before_2016,USA,chicken breast
PDT000029621.4,Heidelberg,PDS000029759.23,2003,before_2016,USA,ground turkey
PDT000029622.4,Heidelberg,PDS000029759.23,2003,before_2016,USA,ground turkey
PDT000029623.4,Kentucky,PDS000260145.21,2003,before_2016,USA,chicken breast
PDT000029624.4,Brandenburg,PDS000026782.249,2003,before_2016,USA,chicken breast
PDT000030520.4,Kentucky,PDS000260145.21,2004,before_2016,USA,chicken breast
PDT000031370.4,Kentucky,PDS000260145.21,2004,before_2016,USA,chicken breast
PDT000031372.4,Kentucky,PDS000260145.21,2004,before_2016,USA,chicken breast
PDT000031375.4,Typhimurium,PDS000272319.1,2004,before_2016,USA,chicken breast
PDT000031376.3,Bredeney,PDS000032153.1,2004,before_2016,USA,ground turkey
PDT000031379.4,Kentucky,PDS000217831.57,2004,before_2016,USA,chicken breast
PDT000031381.4,Kentucky,PDS000272319.1,2004,before_2016,USA,chicken breast
PDT000031384.4,Heidelberg,PDS000029759.23,2004,before_2016,USA,ground turkey
PDT000031387.4,Schwarzengrund,PDS000032316.11,2004,before_2016,USA,ground turkey
PDT000031391.4,Heidelberg,PDS000029759.23,2004,before_2016,USA,ground turkey
PDT000031394.3,"4,12:r:-",PDS000029759.23,2004,before_2016,USA,ground turkey
PDT000031395.3,"4,12:r:-",PDS000029759.23,2004,before_2016,USA,ground turkey
PDT000031397.4,Heidelberg,PDS000029759.23,2004,before_2016,USA,ground turkey
PDT000031406.4,Newport,PDS000217831.57,2002,before_2016,USA,chicken breast
PDT000031408.4,Kentucky,PDS000106159.105,2002,before_2016,USA,ground turkey
PDT000031409.4,Saintpaul,PDS000004383.112,2003,before_2016,USA,ground turkey
PDT000031411.4,Infantis,PDS000032456.156,2002,before_2016,USA,chicken breast
PDT000031412.4,Brandenburg,PDS000026782.249,2003,before_2016,USA,chicken breast
PDT000031413.4,Heidelberg,PDS000004383.112,2002,before_2016,USA,ground turkey
PDT000031414.3,Mbandaka,PDS000233288.49,2002,before_2016,USA,chicken breast
PDT000031416.4,Newport,PDS000217831.57,2002,before_2016,USA,chicken breast
PDT000031417.3,Hadar,PDS000158106.134,2003,before_2016,USA,chicken breast
PDT000031418.3,Saintpaul,PDS000004383.112,2002,before_2016,USA,ground turkey
PDT000031419.4,Enteritidis,PDS000032696.6,2002,before_2016,USA,ground turkey
PDT000031421.3,Hadar,PDS000158107.507,2002,before_2016,USA,ground turkey
PDT000031480.4,Heidelberg,PDS000029759.23,2004,before_2016,USA,ground turkey
PDT000031481.4,Heidelberg,PDS000106159.105,2004,before_2016,USA,ground turkey
PDT000031482.3,Saintpaul,PDS000032619.14,2004,before_2016,USA,ground turkey
PDT000031483.4,Kentucky,PDS000004096.15,2004,before_2016,USA,chicken breast
PDT000031484.4,Heidelberg,PDS000211943.33,2004,before_2016,USA,ground turkey
PDT000031485.4,Heidelberg,PDS000211943.33,2004,before_2016,USA,chicken breast
PDT000031486.4,Heidelberg,PDS000106159.105,2004,before_2016,USA,ground turkey
PDT000031487.3,Berta,PDS000026549.1050,2004,before_2016,USA,chicken breast
PDT000031488.3,Mbandaka,PDS000233288.49,2004,before_2016,USA,chicken breast
PDT000031489.4,Heidelberg,PDS000029759.23,2004,before_2016,USA,ground turkey
PDT000031490.4,Enteritidis,PDS000030237.1756,2004,before_2016,USA,chicken breast
PDT000031491.4,Kentucky,PDS000004096.15,2004,before_2016,USA,chicken breast
PDT000031492.3,Saintpaul,PDS000032619.14,2004,before_2016,USA,ground turkey
PDT000031493.3,Mbandaka,PDS000233288.49,2004,before_2016,USA,chicken breast
PDT000031494.3,Saintpaul,PDS000032619.14,2004,before_2016,USA,ground turkey
PDT000031495.4,Kentucky,PDS000004091.7,2004,before_2016,USA,chicken breast
PDT000031503.4,Heidelberg,PDS000029759.23,2003,before_2016,USA,ground turkey
PDT000031504.4,Heidelberg,PDS000106159.105,2002,before_2016,USA,ground turkey
PDT000031505.4,Saintpaul,PDS000004383.112,2002,before_2016,USA,ground turkey
PDT000031506.3,Saintpaul,PDS000004267.11,2002,before_2016,USA,ground turkey
PDT000031509.3,Saintpaul,PDS000032619.14,2003,before_2016,USA,ground turkey
PDT000031510.4,Schwarzengrund,PDS000032316.11,2003,before_2016,USA,ground turkey
PDT000031511.4,Heidelberg,PDS000106159.105,2002,before_2016,USA,ground turkey
PDT000031512.3,Saintpaul,PDS000032619.14,2003,before_2016,USA,ground turkey
PDT000031763.4,Kentucky,PDS000032152.3,2004,before_2016,USA,chicken breast
PDT000031764.4,Kentucky,PDS000032152.3,2004,before_2016,USA,chicken breast
PDT000031765.3,Hadar,PDS000158107.507,2004,before_2016,USA,ground turkey
PDT000031766.4,Heidelberg,PDS000211943.33,2004,before_2016,USA,chicken breast
PDT000031767.3,Hadar,PDS000158106.134,2004,before_2016,USA,ground turkey
PDT000031768.4,Heidelberg,PDS000211943.33,2004,before_2016,USA,chicken breast
PDT000031769.4,Heidelberg,PDS000211943.33,2004,before_2016,USA,chicken breast
PDT000031791.3,Berta,PDS000026549.1050,2004,before_2016,USA,chicken breast
PDT000031794.4,Kentucky,PDS000004072.3,2004,before_2016,USA,chicken breast
PDT000031795.4,Kentucky,PDS000004072.3,2004,before_2016,USA,chicken breast
PDT000031798.3,Heidelberg,PDS000211943.33,2004,before_2016,USA,chicken breast
PDT000031799.4,Kentucky,PDS000047125.1,2004,before_2016,USA,chicken breast
PDT000031800.4,Kentucky,PDS000260145.21,2004,before_2016,USA,chicken breast
PDT000031801.4,Heidelberg,PDS000211943.33,2004,before_2016,USA,chicken breast
PDT000031802.4,Heidelberg,PDS000158106.134,2004,before_2016,USA,ground turkey
PDT000031803.3,Hadar,PDS000032128.2,2004,before_2016,USA,ground turkey
PDT000031831.3,Hadar,PDS000114063.1,2004,before_2016,USA,ground turkey
PDT000031832.4,Kentucky,PDS000032152.3,2004,before_2016,USA,chicken breast
PDT000031833.3,Saintpaul,PDS000004383.112,2004,before_2016,USA,ground turkey
PDT000031834.4,Heidelberg,PDS000029759.23,2004,before_2016,USA,ground turkey
PDT000031835.3,Hadar,PDS000158107.507,2004,before_2016,USA,ground turkey
PDT000031836.4,Kentucky,PDS000004072.3,2004,before_2016,USA,chicken breast
PDT000031837.4,Heidelberg,PDS000211943.33,2004,before_2016,USA,chicken breast
PDT000031838.4,Kentucky,PDS000047125.1,2004,before_2016,USA,chicken breast
PDT000031839.4,Heidelberg,PDS000211943.33,2004,before_2016,USA,chicken breast
PDT000031840.4,Heidelberg,PDS000106159.105,2004,before_2016,USA,ground turkey
PDT000032044.4,Heidelberg,PDS000106159.105,2004,before_2016,USA,ground turkey
PDT000032046.4,Saintpaul,PDS000004383.112,2004,before_2016,USA,ground turkey
PDT000032047.4,Schwarzengrund,PDS000027514.524,2004,before_2016,USA,chicken breast
PDT000032048.4,Heidelberg,PDS000211943.33,2004,before_2016,USA,chicken breast
PDT000032049.4,Kentucky,PDS000217831.57,2004,before_2016,USA,chicken breast
PDT000032050.4,Kentucky,PDS000260145.21,2004,before_2016,USA,chicken breast
PDT000032052.4,Kentucky,PDS000260145.21,2004,before_2016,USA,chicken breast
PDT000032071.4,Kentucky,PDS000032300.5,2003,before_2016,USA,chicken breast
PDT000032072.4,Kentucky,PDS000032300.5,2003,before_2016,USA,chicken breast
PDT000032073.4,Kentucky,PDS000032300.5,2003,before_2016,USA,chicken breast
PDT000032080.8,Kentucky,PDS000030433.3,2003,before_2016,USA,ground turkey
PDT000032082.4,Heidelberg,PDS000211943.33,2003,before_2016,USA,chicken breast
PDT000032083.4,Kentucky,PDS000217831.57,2003,before_2016,USA,chicken breast
PDT000032084.4,Heidelberg,PDS000211943.33,2003,before_2016,USA,chicken breast
PDT000032086.3,Hadar,PDS000114063.1,2003,before_2016,USA,ground turkey
PDT000033844.3,Hadar,PDS000114063.1,2003,before_2016,USA,ground turkey
PDT000035157.4,Kentucky,PDS000260145.21,2004,before_2016,USA,chicken breast
PDT000035158.4,Typhimurium,PDS000032151.5,2004,before_2016,USA,chicken breast
PDT000035170.4,Senftenberg,PDS000266616.2,2002,before_2016,USA,ground turkey
PDT000035172.4,Heidelberg,PDS000106159.105,2002,before_2016,USA,chicken breast
PDT000035173.4,Newport,PDS000002504.660,2002,before_2016,USA,ground turkey
PDT000035176.3,Saintpaul,PDS000032619.14,2003,before_2016,USA,ground turkey
PDT000035225.4,Kentucky,PDS000217831.57,2004,before_2016,USA,chicken breast
PDT000035227.3,Saintpaul,PDS000032619.14,2002,before_2016,USA,ground turkey
PDT000035584.4,Heidelberg,PDS000211943.33,2004,before_2016,USA,chicken breast
PDT000035585.4,Heidelberg,PDS000211943.33,2004,before_2016,USA,chicken breast
PDT000035586.4,Heidelberg,PDS000211943.33,2004,before_2016,USA,chicken breast
PDT000035587.4,Heidelberg,PDS000211943.33,2004,before_2016,USA,chicken breast
PDT000035588.4,Kentucky,PDS000032129.3,2004,before_2016,USA,chicken breast
PDT000035589.4,Heidelberg,PDS000211943.33,2004,before_2016,USA,chicken breast
PDT000035591.4,Schwarzengrund,PDS000027514.524,2004,before_2016,USA,chicken breast
PDT000035592.4,Heidelberg,PDS000029759.23,2004,before_2016,USA,ground turkey
PDT000035593.4,Heidelberg,PDS000029759.23,2004,before_2016,USA,ground turkey
PDT000035596.4,Agona,PDS000214890.285,2004,before_2016,USA,chicken breast
PDT000035597.4,Heidelberg,PDS000106159.105,2004,before_2016,USA,ground turkey
PDT000035618.4,Schwarzengrund,PDS000027514.524,2004,before_2016,USA,chicken breast
PDT000035619.4,Heidelberg,PDS000029759.23,2004,before_2016,USA,ground turkey
PDT000035818.4,Heidelberg,PDS000106159.105,2003,before_2016,USA,ground turkey
PDT000035819.3,Saintpaul,PDS000032619.14,2003,before_2016,USA,ground turkey
PDT000035821.4,Heidelberg,PDS000211943.33,2003,before_2016,USA,chicken breast
PDT000035823.3,Hadar,PDS000114063.1,2003,before_2016,USA,ground turkey
PDT000035825.4,Heidelberg,PDS000211943.33,2003,before_2016,USA,chicken breast
PDT000035896.5,Heidelberg,PDS000106159.105,2005,before_2016,USA,ground turkey
PDT000035897.5,Newport,PDS000031694.4,2005,before_2016,USA,ground turkey
PDT000035898.5,Typhimurium,PDS000031690.12,2005,before_2016,USA,chicken breast
PDT000035899.5,Typhimurium,PDS000272319.1,2005,before_2016,USA,chicken breast
PDT000035901.5,Typhimurium,PDS000028568.78,2005,before_2016,USA,chicken breast
PDT000035903.5,Heidelberg,PDS000106159.105,2005,before_2016,USA,ground turkey
PDT000035904.4,Hadar,PDS000158107.507,2005,before_2016,USA,ground turkey
PDT000035905.5,Heidelberg,PDS000106159.105,2005,before_2016,USA,ground turkey
PDT000035906.4,Hadar,PDS000158107.507,2005,before_2016,USA,ground turkey
PDT000035908.5,Senftenberg,PDS000002489.96,2005,before_2016,USA,ground turkey
PDT000035909.4,Typhimurium,PDS000054041.1,2005,before_2016,USA,ground turkey
PDT000035910.5,Heidelberg,PDS000211943.33,2005,before_2016,USA,chicken breast
PDT000035911.4,"4,12:d:-",PDS000001682.46,2005,before_2016,USA,ground turkey
PDT000035912.4,Heidelberg,PDS000106159.105,2004,before_2016,USA,ground turkey
PDT000035913.4,Heidelberg,PDS000106159.105,2004,before_2016,USA,ground turkey
PDT000035914.4,Newport,PDS000032635.214,2004,before_2016,USA,ground turkey
PDT000035915.4,Newport,PDS000032635.214,2004,before_2016,USA,ground turkey
PDT000035916.4,Heidelberg,PDS000106159.105,2004,before_2016,USA,ground turkey
PDT000035917.4,Agona,PDS000028948.87,2004,before_2016,USA,ground turkey
PDT000035918.4,Agona,PDS000028948.87,2004,before_2016,USA,ground turkey
PDT000035919.4,Saintpaul,PDS000004383.112,2004,before_2016,USA,ground turkey
PDT000035921.4,Kentucky,PDS000260145.21,2004,before_2016,USA,chicken breast
PDT000035922.4,Heidelberg,PDS000106159.105,2004,before_2016,USA,ground turkey
PDT000035926.4,Heidelberg,PDS000106159.105,2004,before_2016,USA,ground turkey
PDT000035927.3,Saintpaul,PDS000032619.14,2004,before_2016,USA,ground turkey
PDT000035973.5,Kentucky,PDS000260145.21,2005,before_2016,USA,chicken breast
PDT000035975.5,Senftenberg,PDS000032058.59,2005,before_2016,USA,ground turkey
PDT000035976.5,Kentucky,PDS000112666.285,2005,before_2016,USA,chicken breast
PDT000035995.5,Kentucky,PDS000004096.15,2005,before_2016,USA,chicken breast
PDT000035996.5,Kentucky,PDS000260145.21,2005,before_2016,USA,chicken breast
PDT000035997.4,"4,[5],12:i:-",PDS000031698.10,2005,before_2016,USA,chicken breast
PDT000035998.5,Heidelberg,PDS000211943.33,2005,before_2016,USA,chicken breast
PDT000035999.5,Heidelberg,PDS000211943.33,2005,before_2016,USA,chicken breast
PDT000036001.5,Heidelberg,PDS000106159.105,2005,before_2016,USA,ground turkey
PDT000036002.5,Kentucky,PDS000260145.21,2005,before_2016,USA,chicken breast
PDT000036003.5,Kentucky,PDS000031695.7,2005,before_2016,USA,chicken breast
PDT000036004.5,Brandenburg,PDS000026782.249,2005,before_2016,USA,ground turkey
PDT000036005.4,Saintpaul,PDS000031693.3,2005,before_2016,USA,ground turkey
PDT000036006.5,Kentucky,PDS000185256.1,2005,before_2016,USA,chicken breast
PDT000036470.4,Schwarzengrund,PDS000032316.11,2004,before_2016,USA,ground turkey
PDT000036472.4,Typhimurium,PDS000272319.1,2004,before_2016,USA,chicken breast
PDT000036473.3,Saintpaul,PDS000032619.14,2004,before_2016,USA,ground turkey
PDT000036474.4,Heidelberg,PDS000106159.105,2004,before_2016,USA,ground turkey
PDT000036475.4,Kentucky,PDS000260145.21,2004,before_2016,USA,chicken breast
PDT000036476.4,Kentucky,PDS000260145.21,2004,before_2016,USA,chicken breast
PDT000036477.4,Typhimurium,PDS000272319.1,2004,before_2016,USA,chicken breast
PDT000036478.3,Hadar,PDS000028426.1,2004,before_2016,USA,ground turkey
PDT000036479.4,Agona,PDS000032130.4,2004,before_2016,USA,ground turkey
PDT000036480.3,Saintpaul,PDS000032619.14,2004,before_2016,USA,ground turkey
PDT000036481.4,Typhimurium,PDS000272319.1,2004,before_2016,USA,chicken breast
PDT000036482.3,Saintpaul,PDS000032619.14,2004,before_2016,USA,ground turkey
PDT000036483.3,Hadar,PDS000158106.134,2004,before_2016,USA,chicken breast
PDT000036484.4,Heidelberg,PDS000211943.33,2004,before_2016,USA,chicken breast
PDT000036485.4,Heidelberg,PDS000211943.33,2004,before_2016,USA,chicken breast
PDT000036487.4,Heidelberg,PDS000211943.33,2004,before_2016,USA,chicken breast
PDT000036489.3,Hadar,PDS000158106.134,2004,before_2016,USA,chicken breast
PDT000036490.3,Hadar,PDS000158106.134,2004,before_2016,USA,chicken breast
PDT000036546.4,Heidelberg,PDS000029759.23,2004,before_2016,USA,ground turkey
PDT000036555.4,Schwarzengrund,PDS000032316.11,2004,before_2016,USA,ground turkey
PDT000036556.4,Kentucky,PDS000260145.21,2004,before_2016,USA,chicken breast
PDT000036557.4,Agona,PDS000032131.2,2004,before_2016,USA,ground turkey
PDT000036558.4,Schwarzengrund,PDS000032316.11,2004,before_2016,USA,ground turkey
PDT000036559.3,Saintpaul,PDS000032619.14,2004,before_2016,USA,ground turkey
PDT000036560.4,Kentucky,PDS000217831.57,2004,before_2016,USA,chicken breast
PDT000036561.4,Kentucky,PDS000260145.21,2004,before_2016,USA,chicken breast
PDT000036562.3,Saintpaul,PDS000114063.1,2004,before_2016,USA,ground turkey
PDT000036563.4,Heidelberg,PDS000211943.33,2004,before_2016,USA,chicken breast
PDT000036564.4,Heidelberg,PDS000211943.33,2004,before_2016,USA,chicken breast
PDT000036565.4,Kentucky,PDS000004096.15,2004,before_2016,USA,chicken breast
PDT000036566.3,Hadar,PDS000158106.134,2004,before_2016,USA,chicken breast
PDT000036567.4,Heidelberg,PDS000211943.33,2004,before_2016,USA,chicken breast
PDT000036568.4,Heidelberg,PDS000211943.33,2004,before_2016,USA,chicken breast
PDT000036573.3,Hadar,PDS000158106.134,2004,before_2016,USA,chicken breast
PDT000036840.4,Heidelberg,PDS000211943.33,2003,before_2016,USA,chicken breast
PDT000036841.4,Heidelberg,PDS000211943.33,2003,before_2016,USA,chicken breast
PDT000036842.4,Montevideo,PDS000220816.178,2003,before_2016,USA,chicken breast
PDT000036844.4,Heidelberg,PDS000211943.33,2003,before_2016,USA,chicken breast
PDT000036845.3,Mbandaka,PDS000233288.49,2004,before_2016,USA,chicken breast
PDT000036846.4,Heidelberg,PDS000106159.105,2004,before_2016,USA,ground turkey
PDT000036847.4,Heidelberg,PDS000106159.105,2004,before_2016,USA,ground turkey
PDT000036848.3,Saintpaul,PDS000032619.14,2004,before_2016,USA,ground turkey
PDT000036849.4,Saintpaul,PDS000004383.112,2004,before_2016,USA,ground turkey
PDT000036850.4,Heidelberg,PDS000106159.105,2004,before_2016,USA,ground turkey
PDT000036851.4,Heidelberg,PDS000106159.105,2004,before_2016,USA,ground turkey
PDT000036852.4,Saintpaul,PDS000004383.112,2004,before_2016,USA,ground turkey
PDT000036853.4,Schwarzengrund,PDS000032316.11,2004,before_2016,USA,ground turkey
PDT000036855.4,Saintpaul,PDS000004383.112,2004,before_2016,USA,ground turkey
PDT000036857.4,Derby,PDS000004136.77,2004,before_2016,USA,ground turkey
PDT000036859.4,Montevideo,PDS000027859.12,2004,before_2016,USA,ground turkey
PDT000037267.4,Enteritidis,PDS000030237.1756,2004,before_2016,USA,chicken breast
PDT000037269.3,Mbandaka,PDS000233288.49,2004,before_2016,USA,chicken breast
PDT000037270.4,Senftenberg,PDS000030320.57,2004,before_2016,USA,ground turkey
PDT000037271.4,Agona,PDS000214890.285,2004,before_2016,USA,ground turkey
PDT000037272.4,Agona,PDS000214890.285,2004,before_2016,USA,ground turkey
PDT000037273.4,Heidelberg,PDS000106159.105,2004,before_2016,USA,ground turkey
PDT000037274.4,Heidelberg,PDS000106159.105,2004,before_2016,USA,ground turkey
PDT000037275.3,Hadar,PDS000158107.507,2004,before_2016,USA,ground turkey
PDT000037276.4,Heidelberg,PDS000211943.33,2004,before_2016,USA,chicken breast
PDT000037282.3,"4,12:d:-",PDS000001682.46,2004,before_2016,USA,ground turkey
PDT000037322.3,"4,[5],12:i:-",PDS000253285.29,2005,before_2016,USA,chicken breast
PDT000037323.4,Kentucky,PDS000260145.21,2005,before_2016,USA,chicken breast
PDT000037324.4,Typhimurium,PDS000026617.787,2005,before_2016,USA,chicken breast
PDT000037325.3,Bredeney,PDS000031700.1,2005,before_2016,USA,ground turkey
PDT000037326.3,Hadar,PDS000247378.2,2005,before_2016,USA,ground turkey
PDT000037329.4,Kentucky,PDS000004091.7,2005,before_2016,USA,chicken breast
PDT000037330.4,Kentucky,PDS000260145.21,2005,before_2016,USA,chicken breast
PDT000037331.3,Hadar,PDS000158106.134,2005,before_2016,USA,ground turkey
PDT000037333.4,Montevideo,PDS000027859.12,2005,before_2016,USA,ground turkey
PDT000037334.3,Saintpaul,PDS000032619.14,2005,before_2016,USA,ground turkey
PDT000037335.3,Hadar,PDS000158106.134,2005,before_2016,USA,ground turkey
PDT000037336.3,Bredeney,PDS000060843.14,2005,before_2016,USA,chicken breast
PDT000037898.4,Kentucky,PDS000260145.21,2003,before_2016,USA,chicken breast
PDT000037899.4,Kentucky,PDS000260145.21,2003,before_2016,USA,chicken breast
PDT000037900.3,Berta,PDS000026549.1050,2004,before_2016,USA,ground turkey
PDT000037904.4,Montevideo,PDS000220816.178,2004,before_2016,USA,chicken breast
PDT000037906.4,Schwarzengrund,PDS000032316.11,2004,before_2016,USA,ground turkey
PDT000037907.4,Derby,PDS000004136.77,2004,before_2016,USA,ground turkey
PDT000037908.4,Schwarzengrund,PDS000032316.11,2004,before_2016,USA,ground turkey
PDT000037909.4,Derby,PDS000004136.77,2004,before_2016,USA,ground turkey
PDT000037941.4,Kentucky,PDS000260145.21,2004,before_2016,USA,chicken breast
PDT000037943.3,Berta,PDS000026549.1050,2004,before_2016,USA,ground turkey
PDT000037944.4,Schwarzengrund,PDS000028730.7,2004,before_2016,USA,chicken breast
PDT000037945.4,Senftenberg,PDS000266978.2,2004,before_2016,USA,ground turkey
PDT000037946.3,Hadar,PDS000158107.507,2004,before_2016,USA,chicken breast
PDT000038686.4,Kentucky,PDS000260145.21,2004,before_2016,USA,chicken breast
PDT000038690.4,Schwarzengrund,PDS000032125.4,2004,before_2016,USA,chicken breast
PDT000038694.4,Kentucky,PDS000217831.57,2004,before_2016,USA,chicken breast
PDT000038696.4,Heidelberg,PDS000211943.33,2005,before_2016,USA,chicken breast
PDT000038697.3,Saintpaul,PDS000032619.14,2005,before_2016,USA,ground turkey
PDT000038698.4,Kentucky,PDS000260145.21,2005,before_2016,USA,chicken breast
PDT000038699.3,Hadar,PDS000158107.507,2005,before_2016,USA,chicken breast
PDT000038700.4,Heidelberg,PDS000106159.105,2005,before_2016,USA,ground turkey
PDT000038701.4,Heidelberg,PDS000029759.23,2005,before_2016,USA,ground turkey
PDT000038703.4,Schwarzengrund,PDS000004040.87,2005,before_2016,USA,ground turkey
PDT000038704.4,Heidelberg,PDS000029759.23,2005,before_2016,USA,ground turkey
PDT000038705.3,Hadar,PDS000158106.134,2005,before_2016,USA,ground turkey
PDT000038706.4,Kentucky,PDS000260145.21,2005,before_2016,USA,chicken breast
PDT000038708.4,Kentucky,PDS000260145.21,2005,before_2016,USA,chicken breast
PDT000038709.4,Typhimurium,PDS000242190.101,2005,before_2016,USA,chicken breast
PDT000038710.4,Schwarzengrund,PDS000032316.11,2005,before_2016,USA,ground turkey
PDT000038711.4,Heidelberg,PDS000211943.33,2005,before_2016,USA,chicken breast
PDT000039010.3,Hadar,PDS000158107.507,2004,before_2016,USA,ground turkey
PDT000039011.3,Hadar,PDS000158107.507,2004,before_2016,USA,ground turkey
PDT000039012.3,Hadar,PDS000158107.507,2004,before_2016,USA,ground turkey
PDT000039310.4,Typhimurium,PDS000026746.239,2003,before_2016,USA,chicken breast
PDT000039311.4,Kentucky,PDS000217831.57,2003,before_2016,USA,chicken breast
PDT000039313.4,Typhimurium,PDS000032147.10,2003,before_2016,USA,chicken breast
PDT000039314.4,Typhimurium,PDS000032147.10,2003,before_2016,USA,chicken breast
PDT000039405.4,Kentucky,PDS000260145.21,2005,before_2016,USA,chicken breast
PDT000039406.4,Heidelberg,PDS000106159.105,2005,before_2016,USA,ground turkey
PDT000039407.4,Heidelberg,PDS000106159.105,2005,before_2016,USA,ground turkey
PDT000039408.4,Heidelberg,PDS000029759.23,2005,before_2016,USA,ground turkey
PDT000039409.4,Heidelberg,PDS000029759.23,2005,before_2016,USA,ground turkey
PDT000039410.3,Hadar,PDS000158107.507,2005,before_2016,USA,ground turkey
PDT000039411.4,Heidelberg,PDS000106159.105,2005,before_2016,USA,ground turkey
PDT000039412.4,Kentucky,PDS000260145.21,2005,before_2016,USA,chicken breast
PDT000039413.5,Typhimurium,PDS000272319.1,2005,before_2016,USA,chicken breast
PDT000039414.4,Heidelberg,PDS000029747.12,2005,before_2016,USA,chicken breast
PDT000039415.4,Heidelberg,PDS000211943.33,2005,before_2016,USA,chicken breast
PDT000039416.4,Heidelberg,PDS000029759.23,2005,before_2016,USA,ground turkey
PDT000039417.4,Kentucky,PDS000260145.21,2005,before_2016,USA,chicken breast
PDT000039418.4,Heidelberg,PDS000106159.105,2005,before_2016,USA,ground turkey
PDT000039879.3,Typhimurium,PDS000026825.612,2004,before_2016,USA,chicken breast
PDT000039880.3,Hadar,PDS000158107.507,2004,before_2016,USA,ground turkey
PDT000039881.3,"4,12:i:-",PDS000253288.128,2004,before_2016,USA,chicken breast
PDT000039882.4,Saintpaul,PDS000004383.112,2004,before_2016,USA,ground turkey
PDT000039883.4,Typhimurium,PDS000013824.266,2004,before_2016,USA,chicken breast
PDT000039884.3,"4,12:i:-",PDS000253288.128,2004,before_2016,USA,chicken breast
PDT000039885.3,"4,12:i:-",PDS000253288.128,2004,before_2016,USA,chicken breast
PDT000039886.4,Kentucky,PDS000217831.57,2004,before_2016,USA,chicken breast
PDT000039887.4,Muenchen,PDS000198470.177,2004,before_2016,USA,chicken breast
PDT000039888.4,Saintpaul,PDS000004383.112,2004,before_2016,USA,ground turkey
PDT000039889.3,Typhimurium,PDS000013824.266,2004,before_2016,USA,chicken breast
PDT000039890.4,Typhimurium,PDS000013824.266,2004,before_2016,USA,chicken breast
PDT000039891.4,Typhimurium,PDS000013824.266,2004,before_2016,USA,chicken breast
PDT000039892.3,"4,12:i:-",PDS000253288.128,2004,before_2016,USA,chicken breast
PDT000039893.4,Saintpaul,PDS000004383.112,2004,before_2016,USA,ground turkey
PDT000039894.4,Saintpaul,PDS000004383.112,2004,before_2016,USA,ground turkey
PDT000040286.3,Typhimurium,PDS000013824.266,2004,before_2016,USA,chicken breast
PDT000040287.4,Kentucky,PDS000032124.4,2005,before_2016,USA,chicken breast
PDT000040288.4,Kentucky,PDS000032124.4,2005,before_2016,USA,chicken breast
PDT000040290.4,Typhimurium,PDS000013824.266,2004,before_2016,USA,chicken breast
PDT000040291.4,Typhimurium,PDS000013824.266,2004,before_2016,USA,chicken breast
PDT000040292.4,Typhimurium,PDS000013824.266,2004,before_2016,USA,chicken breast
PDT000040294.3,Hadar,PDS000158107.507,2005,before_2016,USA,chicken breast
PDT000040295.4,Schwarzengrund,PDS000027537.79,2005,before_2016,USA,ground turkey
PDT000040296.4,Kentucky,PDS000032124.4,2005,before_2016,USA,chicken breast
PDT000040298.4,Senftenberg,PDS000158165.18,2005,before_2016,USA,ground turkey
PDT000040299.3,"4,[5],12:i:-",PDS000253288.128,2005,before_2016,USA,chicken breast
PDT000040586.4,Agona,PDS000032130.4,2005,before_2016,USA,ground turkey
PDT000040587.4,Brandenburg,PDS000026782.249,2005,before_2016,USA,ground turkey
PDT000040588.4,Enteritidis,PDS000030237.1756,2005,before_2016,USA,chicken breast
PDT000040589.4,Heidelberg,PDS000106159.105,2005,before_2016,USA,ground turkey
PDT000040590.3,Heidelberg,PDS000031699.3,2005,before_2016,USA,ground turkey
PDT000040591.4,Heidelberg,PDS000106159.105,2005,before_2016,USA,ground turkey
PDT000040592.4,Heidelberg,PDS000106159.105,2005,before_2016,USA,ground turkey
PDT000040593.4,Heidelberg,PDS000106159.105,2005,before_2016,USA,ground turkey
PDT000040594.4,Heidelberg,PDS000211943.33,2005,before_2016,USA,chicken breast
PDT000040595.4,Kentucky,PDS000032531.6,2005,before_2016,USA,chicken breast
PDT000040597.4,Saintpaul,PDS000004383.112,2005,before_2016,USA,ground turkey
PDT000040598.3,Saintpaul,PDS000032619.14,2005,before_2016,USA,ground turkey
PDT000040599.3,Saintpaul,PDS000032619.14,2005,before_2016,USA,ground turkey
PDT000040600.3,Saintpaul,PDS000004385.49,2005,before_2016,USA,ground turkey
PDT000040601.4,Senftenberg,PDS000266616.2,2005,before_2016,USA,ground turkey
PDT000040869.4,Kentucky,PDS000032124.4,2005,before_2016,USA,chicken breast
PDT000040870.4,Kentucky,PDS000032124.4,2005,before_2016,USA,chicken breast
PDT000040934.6,Agona,PDS000214890.285,2005,before_2016,USA,ground turkey
PDT000040935.5,Hadar,PDS000158107.507,2005,before_2016,USA,chicken breast
PDT000040938.6,Kentucky,PDS000004096.15,2005,before_2016,USA,chicken breast
PDT000040939.6,Kentucky,PDS000260145.21,2005,before_2016,USA,chicken breast
PDT000040940.5,Ohio,PDS000003841.4,2005,before_2016,USA,chicken breast
PDT000040941.6,Typhimurium,PDS000272319.1,2005,before_2016,USA,chicken breast
PDT000040942.5,Typhimurium,PDS000026810.253,2005,before_2016,USA,chicken breast
PDT000040944.5,Saintpaul,PDS000004383.112,2005,before_2016,USA,ground turkey
PDT000040945.6,Kentucky,PDS000260145.21,2005,before_2016,USA,chicken breast
PDT000040946.6,Typhimurium,PDS000272319.1,2005,before_2016,USA,chicken breast
PDT000041194.4,Kentucky,PDS000112666.285,2005,before_2016,USA,chicken breast
PDT000041195.3,Panama,PDS000054112.1,2005,before_2016,USA,chicken breast
PDT000041196.4,Newport,PDS000031694.4,2005,before_2016,USA,ground turkey
PDT000041199.4,Schwarzengrund,PDS000027537.79,2005,before_2016,USA,ground turkey
PDT000041200.4,Typhimurium,PDS000026617.787,2005,before_2016,USA,chicken breast
PDT000041201.3,Saintpaul,PDS000032619.14,2005,before_2016,USA,ground turkey
PDT000041202.5,Kentucky,PDS000260145.21,2005,before_2016,USA,chicken breast
PDT000041204.4,Brandenburg,PDS000026782.249,2005,before_2016,USA,ground turkey
PDT000041205.4,Brandenburg,PDS000026782.249,2005,before_2016,USA,ground turkey
PDT000041206.4,Heidelberg,PDS000211943.33,2005,before_2016,USA,chicken breast
PDT000041318.6,Enteritidis,PDS000030237.1756,2005,before_2016,USA,chicken breast
PDT000041320.6,Enteritidis,PDS000030237.1756,2005,before_2016,USA,chicken breast
PDT000041321.6,Heidelberg,PDS000106159.105,2005,before_2016,USA,ground turkey
PDT000041322.5,"4,12:d:-",PDS000217831.57,2005,before_2016,USA,chicken breast
PDT000041323.6,Kentucky,PDS000260145.21,2005,before_2016,USA,chicken breast
PDT000041325.6,Kentucky,PDS000004383.112,2005,before_2016,USA,ground turkey
PDT000041327.5,Saintpaul,PDS000004385.49,2005,before_2016,USA,ground turkey
PDT000041328.5,Saintpaul,PDS000032619.14,2005,before_2016,USA,ground turkey
PDT000041332.5,Thompson,PDS000032705.1749,2005,before_2016,USA,chicken breast
PDT000041651.4,Heidelberg,PDS000106159.105,2003,before_2016,USA,ground turkey
PDT000041652.4,Heidelberg,PDS000106159.105,2003,before_2016,USA,ground turkey
PDT000041653.3,Mbandaka,PDS000233288.49,2003,before_2016,USA,chicken breast
PDT000041654.3,Mbandaka,PDS000233288.49,2003,before_2016,USA,chicken breast
PDT000041655.3,"4,12:r:-",PDS000029759.23,2003,before_2016,USA,ground turkey
PDT000041656.4,Typhimurium,PDS000032147.10,2003,before_2016,USA,chicken breast
PDT000041657.3,Saintpaul,PDS000032619.14,2003,before_2016,USA,ground turkey
PDT000041658.4,Typhimurium,PDS000032147.10,2003,before_2016,USA,chicken breast
PDT000041659.4,Heidelberg,PDS000211943.33,2003,before_2016,USA,chicken breast
PDT000041660.3,Mbandaka,PDS000233288.49,2003,before_2016,USA,chicken breast
PDT000041661.3,Hadar,PDS000158107.507,2003,before_2016,USA,ground turkey
PDT000041662.3,Saintpaul,PDS000032619.14,2003,before_2016,USA,ground turkey
PDT000041663.3,Mbandaka,PDS000233288.49,2003,before_2016,USA,chicken breast
PDT000041664.4,Senftenberg,PDS000002489.96,2003,before_2016,USA,ground turkey
PDT000041665.4,Montevideo,PDS000027859.12,2003,before_2016,USA,ground turkey
PDT000041667.3,Mbandaka,PDS000233288.49,2003,before_2016,USA,chicken breast
PDT000041668.4,Senftenberg,PDS000002489.96,2003,before_2016,USA,ground turkey
PDT000041669.3,Hadar,PDS000158107.507,2003,before_2016,USA,ground turkey
PDT000041670.4,Heidelberg,PDS000106159.105,2003,before_2016,USA,ground turkey
PDT000041671.4,Kentucky,PDS000032139.2,2003,before_2016,USA,chicken breast
PDT000041672.4,Heidelberg,PDS000106159.105,2003,before_2016,USA,ground turkey
PDT000041673.4,Heidelberg,PDS000029759.23,2003,before_2016,USA,ground turkey
PDT000041674.4,Agona,PDS000032130.4,2003,before_2016,USA,ground turkey
PDT000041675.3,"4,[5],12:i:-",PDS000253288.128,2003,before_2016,USA,chicken breast
PDT000041676.4,Heidelberg,PDS000029759.23,2003,before_2016,USA,ground turkey
PDT000041677.4,Montevideo,PDS000027859.12,2003,before_2016,USA,ground turkey
PDT000041678.3,Hadar,PDS000158107.507,2003,before_2016,USA,ground turkey
PDT000041679.3,"4,[5],12:i:-",PDS000253288.128,2003,before_2016,USA,chicken breast
PDT000041680.4,Heidelberg,PDS000029759.23,2003,before_2016,USA,ground turkey
PDT000041682.4,Heidelberg,PDS000106159.105,2003,before_2016,USA,ground turkey
PDT000041683.4,Heidelberg,PDS000211943.33,2003,before_2016,USA,chicken breast
PDT000041684.4,Heidelberg,PDS000106159.105,2003,before_2016,USA,ground turkey
PDT000041685.3,Hadar,PDS000158107.507,2003,before_2016,USA,ground turkey
PDT000041687.4,Heidelberg,PDS000029759.23,2005,before_2016,USA,ground turkey
PDT000041966.4,Heidelberg,PDS000106159.105,2005,before_2016,USA,ground turkey
PDT000041967.3,Newport,PDS000031694.4,2005,before_2016,USA,ground turkey
PDT000041968.4,Heidelberg,PDS000106159.105,2005,before_2016,USA,ground turkey
PDT000041970.3,Saintpaul,PDS000032619.14,2005,before_2016,USA,ground turkey
PDT000041971.4,Typhimurium,PDS000272319.1,2005,before_2016,USA,chicken breast
PDT000041975.3,Hadar,PDS000158107.507,2005,before_2016,USA,chicken breast
PDT000041976.4,Enteritidis,PDS000032668.1889,2005,before_2016,USA,chicken breast
PDT000041977.4,Typhimurium,PDS000032619.14,2005,before_2016,USA,chicken breast
PDT000042153.4,Heidelberg,PDS000106159.105,2005,before_2016,USA,ground turkey
PDT000042154.4,Kentucky,PDS000031695.7,2005,before_2016,USA,chicken breast
PDT000042156.4,Kentucky,PDS000031695.7,2005,before_2016,USA,chicken breast
PDT000042157.4,Enteritidis,PDS000030237.1756,2005,before_2016,USA,chicken breast
PDT000042158.4,Heidelberg,PDS000029759.23,2005,before_2016,USA,ground turkey
PDT000044128.3,Saintpaul,PDS000032145.2,2003,before_2016,USA,ground turkey
PDT000044129.3,Hadar,PDS000158107.507,2003,before_2016,USA,ground turkey
PDT000044130.4,Agona,PDS000028948.87,2003,before_2016,USA,ground turkey
PDT000044131.3,Hadar,PDS000158107.507,2003,before_2016,USA,ground turkey
PDT000044366.4,Kentucky,PDS000217831.57,2005,before_2016,USA,chicken breast
PDT000044367.4,Heidelberg,PDS000029759.23,2005,before_2016,USA,ground turkey
PDT000044368.4,Heidelberg,PDS000106159.105,2005,before_2016,USA,ground turkey
PDT000044369.4,Kentucky,PDS000217831.57,2005,before_2016,USA,chicken breast
PDT000044372.4,Kentucky,PDS000260145.21,2005,before_2016,USA,chicken breast
PDT000044374.4,Heidelberg,PDS000211943.33,2005,before_2016,USA,chicken breast
PDT000044376.4,Kentucky,PDS000217831.57,2005,before_2016,USA,chicken breast
PDT000044377.4,Kentucky,PDS000260145.21,2005,before_2016,USA,chicken breast
PDT000044378.3,"4,12:r:-",PDS000211943.33,2005,before_2016,USA,ground turkey
PDT000044379.4,Kentucky,PDS000260145.21,2005,before_2016,USA,chicken breast
PDT000044380.4,Kentucky,PDS000260145.21,2005,before_2016,USA,chicken breast
PDT000044512.3,Hadar,PDS000114063.1,2003,before_2016,USA,ground turkey
PDT000044916.3,Saintpaul,PDS000032145.2,2003,before_2016,USA,ground turkey
PDT000045545.3,Saintpaul,PDS000032145.2,2003,before_2016,USA,chicken breast
PDT000045546.3,Saintpaul,PDS000032619.14,2003,before_2016,USA,chicken breast
PDT000045547.4,Enteritidis,PDS000032146.2,2003,before_2016,USA,chicken breast
PDT000045858.4,Heidelberg,PDS000211943.33,2003,before_2016,USA,chicken breast
PDT000045860.3,Saintpaul,PDS000032145.2,2003,before_2016,USA,ground turkey
PDT000045861.4,Heidelberg,PDS000211943.33,2003,before_2016,USA,chicken breast
PDT000045862.3,Hadar,PDS000158106.134,2003,before_2016,USA,chicken breast
PDT000045863.4,Kentucky,PDS000032535.13,2003,before_2016,USA,ground turkey
PDT000045864.4,Kentucky,PDS000032295.3,2003,before_2016,USA,chicken breast
PDT000045865.3,Berta,PDS000026549.1050,2003,before_2016,USA,chicken breast
PDT000045868.4,Enteritidis,PDS000254120.43,2003,before_2016,USA,ground turkey
PDT000045870.4,Kentucky,PDS000032535.13,2003,before_2016,USA,ground turkey
PDT000045872.3,Kentucky,PDS000032529.2,2003,before_2016,USA,chicken breast
PDT000045874.4,Enteritidis,PDS000002800.196,2003,before_2016,USA,chicken breast
PDT000045876.4,Heidelberg,PDS000211943.33,2003,before_2016,USA,chicken breast
PDT000045879.4,Kentucky,PDS000032144.2,2003,before_2016,USA,chicken breast
PDT000046525.4,Heidelberg,PDS000029759.23,2003,before_2016,USA,ground turkey
PDT000046535.3,Saintpaul,PDS000032619.14,2003,before_2016,USA,ground turkey
PDT000046536.3,Saintpaul,PDS000032619.14,2003,before_2016,USA,ground turkey
PDT000046544.3,Saintpaul,PDS000032619.14,2003,before_2016,USA,ground turkey
PDT000046545.4,Agona,PDS000032130.4,2003,before_2016,USA,ground turkey
PDT000047537.4,Kentucky,PDS000260145.21,2005,before_2016,USA,chicken breast
PDT000047538.3,Saintpaul,PDS000272319.1,2005,before_2016,USA,ground turkey
PDT000047539.4,Schwarzengrund,PDS000004036.160,2005,before_2016,USA,ground turkey
PDT000047543.4,Agona,PDS000032130.4,2003,before_2016,USA,ground turkey
PDT000047548.3,Anatum,PDS000004217.20,2005,before_2016,USA,ground turkey
PDT000047549.4,Brandenburg,PDS000026782.249,2005,before_2016,USA,ground turkey
PDT000047560.3,Hadar,PDS000158107.507,2005,before_2016,USA,ground turkey
PDT000047571.3,Saintpaul,PDS000032619.14,2003,before_2016,USA,ground turkey
PDT000047577.3,Bredeney,PDS000026671.14,2003,before_2016,USA,ground turkey
PDT000047578.3,Bredeney,PDS000031700.1,2005,before_2016,USA,ground turkey
PDT000047586.4,Senftenberg,PDS000002489.96,2003,before_2016,USA,ground turkey
PDT000047589.4,Kentucky,PDS000260145.21,2003,before_2016,USA,chicken breast
PDT000047592.4,Kentucky,PDS000217831.57,2003,before_2016,USA,chicken breast
PDT000047593.3,Saintpaul,PDS000032619.14,2003,before_2016,USA,ground turkey
PDT000047598.4,Agona,PDS000032130.4,2003,before_2016,USA,ground turkey
PDT000047599.4,Senftenberg,PDS000002489.96,2003,before_2016,USA,ground turkey
PDT000047600.3,Bredeney,PDS000026671.14,2003,before_2016,USA,ground turkey
PDT000047601.4,Enteritidis,PDS000030237.1756,2005,before_2016,USA,chicken breast
PDT000047602.4,Heidelberg,PDS000029759.23,2005,before_2016,USA,ground turkey
PDT000047604.4,Brandenburg,PDS000026782.249,2005,before_2016,USA,ground turkey
PDT000047605.3,Bredeney,PDS000060843.14,2005,before_2016,USA,chicken breast
PDT000047606.4,Enteritidis,PDS000030237.1756,2005,before_2016,USA,chicken breast
PDT000047607.4,Heidelberg,PDS000106159.105,2005,before_2016,USA,ground turkey
PDT000047610.3,Saintpaul,PDS000032619.14,2003,before_2016,USA,ground turkey
PDT000047611.3,"4,[5],12:i:-",PDS000031699.3,2005,before_2016,USA,chicken breast
PDT000048766.3,Heidelberg,PDS000106159.105,2003,before_2016,USA,ground turkey
PDT000048769.3,Heidelberg,PDS000106159.105,2003,before_2016,USA,ground turkey
PDT000048773.2,Mbandaka,PDS000233288.49,2003,before_2016,USA,chicken breast
PDT000048778.3,Heidelberg,PDS000106159.105,2003,before_2016,USA,ground turkey
PDT000048788.3,Heidelberg,PDS000106159.105,2003,before_2016,USA,ground turkey
PDT000048793.3,Senftenberg,PDS000032141.3,2003,before_2016,USA,ground turkey
PDT000049016.3,Heidelberg,PDS000029759.23,2003,before_2016,USA,ground turkey
PDT000049022.2,Hadar,PDS000158106.134,2003,before_2016,USA,ground turkey
PDT000049028.3,Enteritidis,PDS000246039.27,2003,before_2016,USA,chicken breast
PDT000049033.3,Heidelberg,PDS000029759.23,2003,before_2016,USA,ground turkey
PDT000049034.3,Montevideo,PDS000220816.178,2004,before_2016,USA,chicken breast
PDT000049037.2,Braenderup,PDS000032735.1192,2004,before_2016,USA,chicken breast
PDT000049043.2,Saintpaul,PDS000032619.14,2003,before_2016,USA,ground turkey
PDT000049044.2,Saintpaul,PDS000032619.14,2003,before_2016,USA,ground turkey
PDT000049047.3,Schwarzengrund,PDS000027525.135,2003,before_2016,USA,chicken breast
PDT000049048.3,Heidelberg,PDS000106159.105,2003,before_2016,USA,ground turkey
PDT000049049.2,Livingstone,PDS000030128.4,2004,before_2016,USA,chicken breast
PDT000049052.3,Saintpaul,PDS000004383.112,2003,before_2016,USA,ground turkey
PDT000049053.2,Saintpaul,PDS000032619.14,2003,before_2016,USA,ground turkey
PDT000049143.2,Kentucky,PDS000032139.2,2004,before_2016,USA,chicken breast
PDT000049144.3,Agona,PDS000214890.285,2004,before_2016,USA,chicken breast
PDT000049145.3,Typhimurium,PDS000026617.787,2004,before_2016,USA,chicken breast
PDT000049146.3,Typhimurium,PDS000242190.101,2004,before_2016,USA,ground turkey
PDT000049147.3,Heidelberg,PDS000029759.23,2004,before_2016,USA,ground turkey
PDT000049150.3,Saintpaul,PDS000004383.112,2004,before_2016,USA,ground turkey
PDT000049625.3,Typhimurium,PDS000272319.1,2004,before_2016,USA,chicken breast
PDT000049628.3,Enteritidis,PDS000030237.1756,2006,before_2016,USA,chicken breast
PDT000049639.3,Saintpaul,PDS000004383.112,2005,before_2016,USA,ground turkey
PDT000049661.3,Heidelberg,PDS000211943.33,2006,before_2016,USA,chicken breast
PDT000049663.3,Montevideo,PDS000027859.12,2004,before_2016,USA,ground turkey
PDT000049670.3,Heidelberg,PDS000106159.105,2006,before_2016,USA,ground turkey
PDT000049675.3,Heidelberg,PDS000106159.105,2006,before_2016,USA,ground turkey
PDT000049687.3,Schwarzengrund,PDS000004036.160,2005,before_2016,USA,ground turkey
PDT000049688.3,Typhimurium,PDS000272319.1,2004,before_2016,USA,chicken breast
PDT000049691.3,Senftenberg,PDS000002489.96,2006,before_2016,USA,ground turkey
PDT000049696.3,Heidelberg,PDS000106159.105,2006,before_2016,USA,ground turkey
PDT000049697.3,Saintpaul,PDS000004383.112,2004,before_2016,USA,ground turkey
PDT000050142.3,Heidelberg,PDS000211943.33,2006,before_2016,USA,chicken breast
PDT000050148.3,Heidelberg,PDS000106159.105,2003,before_2016,USA,ground turkey
PDT000050159.3,Typhimurium,PDS000272319.1,2004,before_2016,USA,chicken breast
PDT000050160.3,Typhimurium,PDS000272319.1,2004,before_2016,USA,ground turkey
PDT000050168.3,Schwarzengrund,PDS000032316.11,2004,before_2016,USA,ground turkey
PDT000050260.3,Heidelberg,PDS000029759.23,2006,before_2016,USA,ground turkey
PDT000050261.3,Schwarzengrund,PDS000004036.160,2006,before_2016,USA,ground turkey
PDT000050263.2,Saintpaul,PDS000004383.112,2006,before_2016,USA,ground turkey
PDT000050264.3,Kentucky,PDS000260145.21,2006,before_2016,USA,chicken breast
PDT000050265.3,Saintpaul,PDS000004383.112,2006,before_2016,USA,ground turkey
PDT000050266.3,Saintpaul,PDS000004383.112,2006,before_2016,USA,ground turkey
PDT000050312.3,Schwarzengrund,PDS000027525.135,2006,before_2016,USA,chicken breast
PDT000050317.3,Enteritidis,PDS000030237.1756,2006,before_2016,USA,chicken breast
PDT000050325.3,Saintpaul,PDS000004383.112,2006,before_2016,USA,ground turkey
PDT000050326.3,Infantis,PDS000003947.4,2006,before_2016,USA,chicken breast
PDT000051254.3,Heidelberg,PDS000106159.105,2006,before_2016,USA,ground turkey
PDT000051269.2,Hadar,PDS000158107.507,2006,before_2016,USA,ground turkey
PDT000051276.3,Heidelberg,PDS000106159.105,2006,before_2016,USA,ground turkey
PDT000051282.2,Hadar,PDS000158107.507,2006,before_2016,USA,ground turkey
PDT000051292.2,"4,[5],12:i:-",PDS000253288.128,2006,before_2016,USA,chicken breast
PDT000051298.2,Hadar,PDS000158107.507,2006,before_2016,USA,ground turkey
PDT000051304.2,Hadar,PDS000158107.507,2006,before_2016,USA,ground turkey
PDT000051385.3,Heidelberg,PDS000158107.507,2005,before_2016,USA,chicken breast
PDT000051393.3,Typhimurium,PDS000272319.1,2005,before_2016,USA,chicken breast
PDT000051394.2,Saintpaul,PDS000004383.112,2005,before_2016,USA,ground turkey
PDT000051490.3,Montevideo,PDS000027859.12,2006,before_2016,USA,ground turkey
PDT000051491.3,Saintpaul,PDS000004383.112,2006,before_2016,USA,ground turkey
PDT000051492.3,Enteritidis,PDS000030237.1756,2006,before_2016,USA,chicken breast
PDT000051497.3,Saintpaul,PDS000004383.112,2006,before_2016,USA,ground turkey
PDT000051508.2,Hadar,PDS000158107.507,2006,before_2016,USA,ground turkey
PDT000051509.3,Heidelberg,PDS000106159.105,2006,before_2016,USA,ground turkey
PDT000051510.3,Saintpaul,PDS000004383.112,2006,before_2016,USA,ground turkey
PDT000051515.2,Hadar,PDS000158106.134,2006,before_2016,USA,ground turkey
PDT000051941.3,Typhimurium,PDS000272319.1,2006,before_2016,USA,chicken breast
PDT000051942.3,Enteritidis,PDS000030237.1756,2006,before_2016,USA,chicken breast
PDT000051943.3,Typhimurium,PDS000272319.1,2006,before_2016,USA,chicken breast
PDT000051944.3,Heidelberg,PDS000029725.224,2006,before_2016,USA,chicken breast
PDT000051945.3,Heidelberg,PDS000029725.224,2006,before_2016,USA,chicken breast
PDT000051946.3,Montevideo,PDS000027237.426,2006,before_2016,USA,ground turkey
PDT000051947.3,Typhimurium,PDS000272319.1,2006,before_2016,USA,chicken breast
PDT000052150.3,Enteritidis,PDS000004693.27,2006,before_2016,USA,chicken breast
PDT000052158.3,Agona,PDS000028948.87,2006,before_2016,USA,ground turkey
PDT000052172.3,Heidelberg,PDS000106159.105,2007,before_2016,USA,ground turkey
PDT000052180.3,Kentucky,PDS000260145.21,2006,before_2016,USA,chicken breast
PDT000052182.3,Heidelberg,PDS000029759.23,2006,before_2016,USA,ground turkey
PDT000052184.3,Agona,PDS000028948.87,2006,before_2016,USA,ground turkey
PDT000052189.2,Anatum,PDS000004233.11,2006,before_2016,USA,chicken breast
PDT000052200.2,Hadar,PDS000158107.507,2006,before_2016,USA,ground turkey
PDT000052204.2,Hadar,PDS000158107.507,2007,before_2016,USA,chicken breast
PDT000052205.3,Senftenberg,PDS000266616.2,2006,before_2016,USA,ground turkey
PDT000052214.2,"4,[5],12:i:-",PDS000253288.128,2006,before_2016,USA,chicken breast
PDT000052220.2,"4,12:i:-",PDS000253288.128,2006,before_2016,USA,chicken breast
PDT000052223.3,Schwarzengrund,PDS000032316.11,2007,before_2016,USA,ground turkey
PDT000052225.3,Heidelberg,PDS000106159.105,2007,before_2016,USA,ground turkey
PDT000052234.3,Kentucky,PDS000260145.21,2006,before_2016,USA,chicken breast
PDT000052237.3,Agona,PDS000028948.87,2006,before_2016,USA,ground turkey
PDT000052238.3,Saintpaul,PDS000004383.112,2007,before_2016,USA,ground turkey
PDT000052240.2,"4,[5],12:i:-",PDS000253288.128,2006,before_2016,USA,chicken breast
PDT000052243.3,Senftenberg,PDS000266967.8,2006,before_2016,USA,chicken breast
PDT000052253.3,Kentucky,PDS000260145.21,2006,before_2016,USA,chicken breast
PDT000052262.3,Kentucky,PDS000260145.21,2006,before_2016,USA,chicken breast
PDT000052267.3,Derby,PDS000004136.77,2006,before_2016,USA,ground turkey
PDT000052268.3,Agona,PDS000028948.87,2006,before_2016,USA,ground turkey
PDT000052269.3,Typhimurium,PDS000272319.1,2007,before_2016,USA,chicken breast
PDT000052279.3,Enteritidis,PDS000004693.27,2006,before_2016,USA,chicken breast
PDT000052289.3,Heidelberg,PDS000211943.33,2006,before_2016,USA,chicken breast
PDT000052304.2,"4,[5],12:i:-",PDS000253288.128,2006,before_2016,USA,ground turkey
PDT000052305.2,Bredeney,PDS000032356.1,2006,before_2016,USA,ground turkey
PDT000052308.3,Derby,PDS000004136.77,2006,before_2016,USA,ground turkey
PDT000052324.3,Kentucky,PDS000031695.7,2006,before_2016,USA,chicken breast
PDT000052458.2,Hadar,PDS000158107.507,2007,before_2016,USA,ground turkey
PDT000052463.3,Kentucky,PDS000260145.21,2006,before_2016,USA,chicken breast
PDT000052464.3,Heidelberg,PDS000106159.105,2007,before_2016,USA,ground turkey
PDT000052465.3,Kentucky,PDS000031695.7,2007,before_2016,USA,chicken breast
PDT000052466.3,Saintpaul,PDS000004383.112,2007,before_2016,USA,ground turkey
PDT000052467.3,Heidelberg,PDS000211943.33,2007,before_2016,USA,chicken breast
PDT000052468.3,Kentucky,PDS000112666.285,2007,before_2016,USA,chicken breast
PDT000052473.3,Agona,PDS000028948.87,2006,before_2016,USA,ground turkey
PDT000052474.2,Hadar,PDS000158106.134,2007,before_2016,USA,ground turkey
PDT000052475.2,Thompson,PDS000032705.1749,2007,before_2016,USA,chicken breast
PDT000052477.3,Kentucky,PDS000032531.6,2007,before_2016,USA,chicken breast
PDT000052478.2,Hadar,PDS000158106.134,2007,before_2016,USA,ground turkey
PDT000052483.3,Senftenberg,PDS000266616.2,2006,before_2016,USA,ground turkey
PDT000052484.3,Kentucky,PDS000112666.285,2007,before_2016,USA,chicken breast
PDT000052486.3,Agona,PDS000028948.87,2007,before_2016,USA,ground turkey
PDT000052487.3,Kentucky,PDS000260145.21,2007,before_2016,USA,chicken breast
PDT000052489.2,Hadar,PDS000114063.1,2006,before_2016,USA,ground turkey
PDT000052490.2,Hadar,PDS000114063.1,2006,before_2016,USA,ground turkey
PDT000052491.3,Kentucky,PDS000260145.21,2007,before_2016,USA,chicken breast
PDT000052492.3,Kentucky,PDS000158107.507,2007,before_2016,USA,ground turkey
PDT000052493.2,Saintpaul,PDS000032619.14,2007,before_2016,USA,ground turkey
PDT000052494.3,Senftenberg,PDS000032351.3,2007,before_2016,USA,ground turkey
PDT000052498.2,Hadar,PDS000158106.134,2007,before_2016,USA,ground turkey
PDT000052499.3,Heidelberg,PDS000029759.23,2007,before_2016,USA,ground turkey
PDT000052500.3,Heidelberg,PDS000211943.33,2007,before_2016,USA,chicken breast
PDT000052501.2,Hadar,PDS000211943.33,2005,before_2016,USA,ground turkey
PDT000053736.3,Heidelberg,PDS000106159.105,2005,before_2016,USA,ground turkey
PDT000053737.6,Heidelberg,PDS000211943.33,2006,before_2016,USA,chicken breast
PDT000053767.5,Senftenberg,PDS000002489.96,2006,before_2016,USA,ground turkey
PDT000053769.3,Senftenberg,PDS000002489.96,2006,before_2016,USA,ground turkey
PDT000053770.3,Senftenberg,PDS000002489.96,2006,before_2016,USA,ground turkey
PDT000054738.3,Typhimurium,PDS000026617.787,2005,before_2016,USA,chicken breast
PDT000054739.3,Typhimurium,PDS000013868.758,2005,before_2016,USA,chicken breast
PDT000054740.3,Typhimurium,PDS000026617.787,2005,before_2016,USA,chicken breast
PDT000054741.3,Typhimurium,PDS000272319.1,2005,before_2016,USA,chicken breast
PDT000054743.3,Typhimurium,PDS000272319.1,2006,before_2016,USA,chicken breast
PDT000054744.3,Typhimurium,PDS000272319.1,2006,before_2016,USA,chicken breast
PDT000054745.3,Typhimurium,PDS000272319.1,2006,before_2016,USA,chicken breast
PDT000054746.3,Typhimurium,PDS000272319.1,2006,before_2016,USA,chicken breast
PDT000054747.3,Typhimurium,PDS000272319.1,2006,before_2016,USA,chicken breast
PDT000054749.3,Typhimurium,PDS000272319.1,2006,before_2016,USA,chicken breast
PDT000060140.2,"4,12:d:-",PDS000001682.46,2006,before_2016,USA,ground turkey
PDT000060154.2,"4,12:d:-",PDS000001682.46,2006,before_2016,USA,ground turkey
PDT000060156.3,Kentucky,PDS000217831.57,2006,before_2016,USA,chicken breast
PDT000060170.2,Berta,PDS000026549.1050,2006,before_2016,USA,ground turkey
PDT000060171.2,Sinstorf,PDS000001852.1112,2006,before_2016,USA,ground turkey
PDT000060241.2,"4,12:d:-",PDS000001682.46,2006,before_2016,USA,ground turkey
PDT000060259.3,Kentucky,PDS000217831.57,2006,before_2016,USA,chicken breast
PDT000060271.3,Heidelberg,PDS000029725.224,2006,before_2016,USA,chicken breast
PDT000060286.2,Berta,PDS000054744.6,2006,before_2016,USA,ground turkey
PDT000060353.2,Saintpaul,PDS000032619.14,2006,before_2016,USA,ground turkey
PDT000060393.3,Kentucky,PDS000260145.21,2006,before_2016,USA,chicken breast
PDT000060394.3,Enteritidis,PDS000030237.1756,2006,before_2016,USA,chicken breast
PDT000060510.3,Typhimurium,PDS000272319.1,2006,before_2016,USA,chicken breast
PDT000060512.3,Senftenberg,PDS000002489.96,2006,before_2016,USA,ground turkey
PDT000060518.3,Kentucky,PDS000260145.21,2006,before_2016,USA,chicken breast
PDT000060519.3,Heidelberg,PDS000029725.224,2006,before_2016,USA,chicken breast
PDT000060520.3,Kentucky,PDS000032568.40,2006,before_2016,USA,ground turkey
PDT000060530.2,Hadar,PDS000114063.1,2007,before_2016,USA,ground turkey
PDT000060534.3,Heidelberg,PDS000106159.105,2007,before_2016,USA,ground turkey
PDT000060537.3,Brandenburg,PDS000026782.249,2007,before_2016,USA,chicken breast
PDT000060651.3,Heidelberg,PDS000106159.105,2007,before_2016,USA,ground turkey
PDT000060669.3,Typhimurium,PDS000272319.1,2006,before_2016,USA,chicken breast
PDT000060675.3,Senftenberg,PDS000266967.8,2007,before_2016,USA,chicken breast
PDT000060702.2,"4,12:d:-",PDS000001682.46,2006,before_2016,USA,ground turkey
PDT000060715.3,Kentucky,PDS000112666.285,2006,before_2016,USA,chicken breast
PDT000060723.3,Heidelberg,PDS000106159.105,2006,before_2016,USA,ground turkey
PDT000060729.2,Blockley,PDS000157219.165,2007,before_2016,USA,chicken breast
PDT000060730.2,Hadar,PDS000114063.1,2007,before_2016,USA,ground turkey
PDT000060737.3,Kentucky,PDS000112666.285,2006,before_2016,USA,chicken breast
PDT000060743.4,Bredeney,PDS000026671.14,2007,before_2016,USA,ground turkey
PDT000060747.3,Heidelberg,PDS000029747.12,2006,before_2016,USA,chicken breast
PDT000060754.2,Montevideo,PDS000220816.178,2007,before_2016,USA,chicken breast
PDT000060755.2,Senftenberg,PDS000036066.2,2007,before_2016,USA,ground turkey
PDT000060764.3,Heidelberg,PDS000211943.33,2007,before_2016,USA,ground turkey
PDT000060770.3,Kentucky,PDS000260145.21,2007,before_2016,USA,chicken breast
PDT000062491.2,Hadar,PDS000158107.507,2007,before_2016,USA,ground turkey
PDT000062508.3,Senftenberg,PDS000002489.96,2007,before_2016,USA,ground turkey
PDT000062557.3,Hadar,PDS000158106.134,2006,before_2016,USA,ground turkey
PDT000062562.3,Heidelberg,PDS000029759.23,2006,before_2016,USA,ground turkey
PDT000062569.3,Saintpaul,PDS000032619.14,2006,before_2016,USA,ground turkey
PDT000062576.3,Agona,PDS000028948.87,2006,before_2016,USA,ground turkey
PDT000062582.3,Schwarzengrund,PDS000004036.160,2006,before_2016,USA,ground turkey
PDT000062585.3,Heidelberg,PDS000106159.105,2006,before_2016,USA,ground turkey
PDT000062586.3,Montevideo,PDS000028137.16,2006,before_2016,USA,chicken breast
PDT000062587.3,Montevideo,PDS000027859.12,2006,before_2016,USA,ground turkey
PDT000062591.3,Heidelberg,PDS000029759.23,2006,before_2016,USA,ground turkey
PDT000062592.3,Saintpaul,PDS000004383.112,2006,before_2016,USA,ground turkey
PDT000062593.3,Enteritidis,PDS000032668.1889,2006,before_2016,USA,chicken breast
PDT000062926.3,Brandenburg,PDS000026782.249,2005,before_2016,USA,ground turkey
PDT000062927.3,Kentucky,PDS000260145.21,2006,before_2016,USA,chicken breast
PDT000062928.3,Berta,PDS000026549.1050,2006,before_2016,USA,ground turkey
PDT000063377.3,Heidelberg,PDS000106159.105,2006,before_2016,USA,ground turkey
PDT000063400.3,Typhimurium,PDS000272319.1,2006,before_2016,USA,chicken breast
PDT000064611.2,Hadar,PDS000158107.507,2007,before_2016,USA,ground turkey
PDT000064631.2,Hadar,PDS000158106.134,2007,before_2016,USA,ground turkey
PDT000064636.2,Hadar,PDS000158106.134,2007,before_2016,USA,ground turkey
PDT000064642.2,Ohio,PDS000031394.1,2007,before_2016,USA,ground turkey
PDT000064647.2,Hadar,PDS000158107.507,2007,before_2016,USA,ground turkey
PDT000064658.2,Saintpaul,PDS000032619.14,2007,before_2016,USA,ground turkey
PDT000064718.2,Berta,PDS000026549.1050,2007,before_2016,USA,ground turkey
PDT000064730.3,Saintpaul,PDS000004383.112,2007,before_2016,USA,ground turkey
PDT000064732.2,Hadar,PDS000158107.507,2007,before_2016,USA,ground turkey
PDT000064733.2,Ohio,PDS000031394.1,2007,before_2016,USA,ground turkey
PDT000064734.4,Anatum,PDS000044000.346,2007,before_2016,USA,ground turkey
PDT000064835.2,Oranienburg,PDS000027137.255,2007,before_2016,USA,chicken breast
PDT000064836.5,Typhimurium,PDS000272319.1,2007,before_2016,USA,chicken breast
PDT000064842.2,Hadar,PDS000158107.507,2007,before_2016,USA,ground turkey
PDT000064845.4,Hadar,PDS000158107.507,2007,before_2016,USA,ground turkey
PDT000064846.5,Schwarzengrund,PDS000027503.484,2007,before_2016,USA,ground turkey
PDT000064847.2,Hadar,PDS000158106.134,2007,before_2016,USA,ground turkey
PDT000064848.3,Saintpaul,PDS000004383.112,2007,before_2016,USA,ground turkey
PDT000064858.3,Heidelberg,PDS000211943.33,2007,before_2016,USA,chicken breast
PDT000064859.3,Saintpaul,PDS000004383.112,2007,before_2016,USA,ground turkey
PDT000064861.2,Oranienburg,PDS000027137.255,2007,before_2016,USA,chicken breast
PDT000064863.3,Heidelberg,PDS000211943.33,2007,before_2016,USA,chicken breast
PDT000064866.2,"4,12:nonmotile",PDS000272319.1,2007,before_2016,USA,chicken breast
PDT000064867.4,Typhimurium,PDS000272319.1,2007,before_2016,USA,chicken breast
PDT000064868.5,Enteritidis,PDS000030237.1756,2007,before_2016,USA,chicken breast
PDT000065071.2,"4,12:i:-",PDS000253288.128,2007,before_2016,USA,chicken breast
PDT000065072.2,Minnesota,PDS000001973.8,2007,before_2016,USA,ground turkey
PDT000065073.2,Minnesota,PDS000001973.8,2007,before_2016,USA,ground turkey
PDT000065074.3,Montevideo,PDS000220816.178,2007,before_2016,USA,chicken breast
PDT000065121.5,Hadar,PDS000158107.507,2007,before_2016,USA,ground turkey
PDT000065322.2,Hadar,PDS000158107.507,2007,before_2016,USA,ground turkey
PDT000065390.2,Hadar,PDS000114063.1,2007,before_2016,USA,ground turkey
PDT000065876.3,Kentucky,PDS000031695.7,2006,before_2016,USA,chicken breast
PDT000065877.3,Kentucky,PDS000112666.285,2006,before_2016,USA,chicken breast
PDT000065878.3,Enteritidis,PDS000004693.27,2006,before_2016,USA,chicken breast
PDT000066826.3,Schwarzengrund,PDS000004036.160,2007,before_2016,USA,ground turkey
PDT000066827.2,Heidelberg,PDS000211943.33,2007,before_2016,USA,chicken breast
PDT000066829.3,Heidelberg,PDS000211943.33,2007,before_2016,USA,chicken breast
PDT000066830.3,Kentucky,PDS000260145.21,2007,before_2016,USA,chicken breast
PDT000066831.3,Typhimurium,PDS000253288.128,2007,before_2016,USA,chicken breast
PDT000066833.3,Kentucky,PDS000260145.21,2007,before_2016,USA,chicken breast
PDT000066834.3,Enteritidis,PDS000032668.1889,2007,before_2016,USA,chicken breast
PDT000066835.3,Enteritidis,PDS000032668.1889,2007,before_2016,USA,chicken breast
PDT000066836.2,Hadar,PDS000158106.134,2007,before_2016,USA,ground turkey
PDT000067036.2,Hadar,PDS000158107.507,2006,before_2016,USA,ground turkey
PDT000067037.3,Brandenburg,PDS000026782.249,2006,before_2016,USA,ground turkey
PDT000067038.3,Heidelberg,PDS000106159.105,2006,before_2016,USA,ground turkey
PDT000067039.3,Senftenberg,PDS000266616.2,2006,before_2016,USA,ground turkey
PDT000067040.3,Heidelberg,PDS000029759.23,2006,before_2016,USA,ground turkey
PDT000067042.3,Brandenburg,PDS000026782.249,2006,before_2016,USA,ground turkey
PDT000067215.3,Heidelberg,PDS000029759.23,2006,before_2016,USA,ground turkey
PDT000067216.3,Heidelberg,PDS000029759.23,2006,before_2016,USA,ground turkey
PDT000067223.3,Heidelberg,PDS000211943.33,2006,before_2016,USA,chicken breast
PDT000067224.3,Kentucky,PDS000032124.4,2006,before_2016,USA,chicken breast
PDT000067225.3,Schwarzengrund,PDS000027514.524,2006,before_2016,USA,chicken breast
PDT000067226.2,Blockley,PDS000027514.524,2006,before_2016,USA,chicken breast
PDT000067227.3,Schwarzengrund,PDS000027514.524,2006,before_2016,USA,chicken breast
PDT000067228.3,Schwarzengrund,PDS000027514.524,2006,before_2016,USA,chicken breast
PDT000067230.2,"4,[5],12:i:-",PDS000253288.128,2006,before_2016,USA,chicken breast
PDT000067316.3,Agona,PDS000214890.285,2005,before_2016,USA,ground turkey
PDT000067318.3,Kentucky,PDS000032152.3,2005,before_2016,USA,chicken breast
PDT000067320.2,Hadar,PDS000158106.134,2005,before_2016,USA,chicken breast
PDT000067322.3,Kentucky,PDS000032152.3,2005,before_2016,USA,chicken breast
PDT000067323.3,Kentucky,PDS000032330.3,2005,before_2016,USA,chicken breast
PDT000067324.3,Heidelberg,PDS000211943.33,2005,before_2016,USA,chicken breast
PDT000067325.2,Hadar,PDS000158106.134,2005,before_2016,USA,ground turkey
PDT000067326.3,Heidelberg,PDS000211943.33,2005,before_2016,USA,chicken breast
PDT000067328.2,Hadar,PDS000158106.134,2005,before_2016,USA,chicken breast
PDT000067329.3,Kentucky,PDS000004096.15,2005,before_2016,USA,chicken breast
PDT000067330.3,Heidelberg,PDS000211943.33,2005,before_2016,USA,chicken breast
PDT000067332.2,Hadar,PDS000158106.134,2005,before_2016,USA,chicken breast
PDT000067333.4,Kentucky,PDS000004096.15,2005,before_2016,USA,chicken breast
PDT000067335.3,Hadar,PDS000158107.507,2005,before_2016,USA,chicken breast
PDT000067336.2,Hadar,PDS000158106.134,2005,before_2016,USA,ground turkey
PDT000067338.3,Heidelberg,PDS000211943.33,2005,before_2016,USA,chicken breast
PDT000067339.4,Heidelberg,PDS000106159.105,2005,before_2016,USA,ground turkey
PDT000067341.3,"4,[5],12:i:-",PDS000253288.128,2005,before_2016,USA,chicken breast
PDT000067343.4,Kentucky,PDS000004096.15,2005,before_2016,USA,chicken breast
PDT000067344.3,Kentucky,PDS000106159.105,2005,before_2016,USA,chicken breast
PDT000067345.3,Senftenberg,PDS000266616.2,2005,before_2016,USA,ground turkey
PDT000067347.3,Kentucky,PDS000032568.40,2005,before_2016,USA,ground turkey
PDT000067348.2,Berta,PDS000026549.1050,2005,before_2016,USA,ground turkey
PDT000067349.3,Agona,PDS000214890.285,2005,before_2016,USA,ground turkey
PDT000067350.3,Kentucky,PDS000112666.285,2005,before_2016,USA,chicken breast
PDT000067351.3,Kentucky,PDS000032531.6,2005,before_2016,USA,chicken breast
PDT000067352.3,Heidelberg,PDS000211943.33,2005,before_2016,USA,chicken breast
PDT000067353.3,Heidelberg,PDS000211943.33,2005,before_2016,USA,chicken breast
PDT000067354.3,Heidelberg,PDS000106159.105,2005,before_2016,USA,ground turkey
PDT000067355.2,Hadar,PDS000158106.134,2005,before_2016,USA,chicken breast
PDT000067356.2,"4,[5],12:i:-",PDS000004605.27,2005,before_2016,USA,chicken breast
PDT000067357.3,Kentucky,PDS000032139.2,2005,before_2016,USA,chicken breast
PDT000067358.2,Berta,PDS000026549.1050,2005,before_2016,USA,ground turkey
PDT000067359.3,Kentucky,PDS000260145.21,2005,before_2016,USA,chicken breast
PDT000067360.3,Saintpaul,PDS000004383.112,2005,before_2016,USA,ground turkey
PDT000067361.2,"4,12:d:-",PDS000001682.46,2005,before_2016,USA,ground turkey
PDT000067362.3,Kentucky,PDS000260145.21,2005,before_2016,USA,chicken breast
PDT000067363.3,Heidelberg,PDS000029759.23,2005,before_2016,USA,ground turkey
PDT000067364.3,Heidelberg,PDS000211943.33,2005,before_2016,USA,chicken breast
PDT000067365.3,Kentucky,PDS000260145.21,2005,before_2016,USA,chicken breast
PDT000067366.2,"4,[5],12:i:-",PDS000248817.8,2005,before_2016,USA,chicken breast
PDT000067368.3,Heidelberg,PDS000106159.105,2005,before_2016,USA,ground turkey
PDT000067369.3,Heidelberg,PDS000106159.105,2005,before_2016,USA,ground turkey
PDT000067370.2,"4,[5],12:i:-",PDS000248817.8,2005,before_2016,USA,chicken breast
PDT000067372.2,"4,[5],12:i:-",PDS000253288.128,2005,before_2016,USA,chicken breast
PDT000067374.3,Heidelberg,PDS000029759.23,2005,before_2016,USA,ground turkey
PDT000067376.4,Enteritidis,PDS000246039.27,2005,before_2016,USA,chicken breast
PDT000067377.3,Heidelberg,PDS000029759.23,2005,before_2016,USA,ground turkey
PDT000067378.3,Heidelberg,PDS000029759.23,2005,before_2016,USA,ground turkey
PDT000067379.2,Saintpaul,PDS000032619.14,2005,before_2016,USA,ground turkey
PDT000067380.3,Saintpaul,PDS000032619.14,2005,before_2016,USA,ground turkey
PDT000067381.3,Heidelberg,PDS000029759.23,2005,before_2016,USA,ground turkey
PDT000067382.3,Saintpaul,PDS000032619.14,2005,before_2016,USA,ground turkey
PDT000067383.3,Heidelberg,PDS000106159.105,2005,before_2016,USA,ground turkey
PDT000067385.3,Derby,PDS000004140.7,2005,before_2016,USA,ground turkey
PDT000067386.4,Heidelberg,PDS000106159.105,2005,before_2016,USA,ground turkey
PDT000067387.4,Kentucky,PDS000047154.1,2005,before_2016,USA,chicken breast
PDT000067388.4,Heidelberg,PDS000106159.105,2005,before_2016,USA,ground turkey
PDT000067389.3,Heidelberg,PDS000106159.105,2005,before_2016,USA,ground turkey
PDT000067390.4,Montevideo,PDS000027859.12,2005,before_2016,USA,ground turkey
PDT000067391.2,Oranienburg,PDS000027137.255,2005,before_2016,USA,chicken breast
PDT000067392.3,Saintpaul,PDS000004383.112,2005,before_2016,USA,ground turkey
PDT000067393.3,Kentucky,PDS000260145.21,2005,before_2016,USA,chicken breast
PDT000067394.2,Mbandaka,PDS000233288.49,2005,before_2016,USA,chicken breast
PDT000067395.3,Senftenberg,PDS000002489.96,2005,before_2016,USA,ground turkey
PDT000067396.3,Senftenberg,PDS000002489.96,2005,before_2016,USA,ground turkey
PDT000067397.3,Agona,PDS000214890.285,2005,before_2016,USA,ground turkey
PDT000067399.3,Saintpaul,PDS000032619.14,2005,before_2016,USA,ground turkey
PDT000067401.2,Mbandaka,PDS000233288.49,2005,before_2016,USA,chicken breast
PDT000067402.4,Saintpaul,PDS000004383.112,2005,before_2016,USA,ground turkey
PDT000067403.3,Kentucky,PDS000260145.21,2005,before_2016,USA,chicken breast
PDT000067404.3,Montevideo,PDS000027859.12,2005,before_2016,USA,ground turkey
PDT000067405.3,Enteritidis,PDS000032668.1889,2005,before_2016,USA,chicken breast
PDT000067406.3,Heidelberg,PDS000211943.33,2005,before_2016,USA,ground turkey
PDT000067407.3,Kentucky,PDS000260145.21,2006,before_2016,USA,chicken breast
PDT000067408.3,Enteritidis,PDS000032668.1889,2005,before_2016,USA,chicken breast
PDT000067409.3,Kentucky,PDS000260145.21,2006,before_2016,USA,chicken breast
PDT000067411.3,Kentucky,PDS000112666.285,2006,before_2016,USA,chicken breast
PDT000067412.3,Kentucky,PDS000112666.285,2006,before_2016,USA,chicken breast
PDT000067414.2,Hadar,PDS000114063.1,2005,before_2016,USA,ground turkey
PDT000067415.2,"4,12:d:-",PDS000001682.46,2005,before_2016,USA,ground turkey
PDT000067416.3,Heidelberg,PDS000029759.23,2006,before_2016,USA,ground turkey
PDT000067417.3,"4,[5],12:i:-",PDS000253288.128,2006,before_2016,USA,chicken breast
PDT000067418.4,Kentucky,PDS000260145.21,2005,before_2016,USA,chicken breast
PDT000067419.3,Agona,PDS000093141.1,2006,before_2016,USA,ground turkey
PDT000067420.3,Enteritidis,PDS000032668.1889,2006,before_2016,USA,chicken breast
PDT000067421.2,Hadar,PDS000158107.507,2006,before_2016,USA,chicken breast
PDT000067422.3,Heidelberg,PDS000211943.33,2006,before_2016,USA,chicken breast
PDT000067423.3,Heidelberg,PDS000211943.33,2006,before_2016,USA,chicken breast
PDT000067424.3,Heidelberg,PDS000106159.105,2006,before_2016,USA,ground turkey
PDT000067426.3,Kentucky,PDS000260145.21,2006,before_2016,USA,chicken breast
PDT000067427.3,Kentucky,PDS000260145.21,2006,before_2016,USA,chicken breast
PDT000067430.3,Muenchen,PDS000198470.177,2006,before_2016,USA,ground turkey
PDT000067433.3,Schwarzengrund,PDS000027537.79,2006,before_2016,USA,ground turkey
PDT000067435.3,Heidelberg,PDS000211943.33,2006,before_2016,USA,chicken breast
PDT000067436.2,Berta,PDS000026549.1050,2006,before_2016,USA,ground turkey
PDT000067437.2,Hadar,PDS000158107.507,2006,before_2016,USA,ground turkey
PDT000067439.3,Heidelberg,PDS000106159.105,2006,before_2016,USA,ground turkey
PDT000067440.3,Heidelberg,PDS000106159.105,2006,before_2016,USA,ground turkey
PDT000067441.3,Heidelberg,PDS000106159.105,2006,before_2016,USA,ground turkey
PDT000067442.4,Saintpaul,PDS000004383.112,2006,before_2016,USA,ground turkey
PDT000067443.3,Enteritidis,PDS000032668.1889,2006,before_2016,USA,chicken breast
PDT000067444.2,Hadar,PDS000158106.134,2006,before_2016,USA,ground turkey
PDT000067445.3,Kentucky,PDS000032129.3,2006,before_2016,USA,chicken breast
PDT000067446.3,Montevideo,PDS000027237.426,2006,before_2016,USA,chicken breast
PDT000067447.3,Saintpaul,PDS000004383.112,2006,before_2016,USA,ground turkey
PDT000067448.3,Heidelberg,PDS000106159.105,2006,before_2016,USA,ground turkey
PDT000067449.3,Kentucky,PDS000260145.21,2006,before_2016,USA,chicken breast
PDT000067450.3,Heidelberg,PDS000106159.105,2006,before_2016,USA,ground turkey
PDT000067451.2,Mbandaka,PDS000233288.49,2006,before_2016,USA,chicken breast
PDT000067452.2,Hadar,PDS000158107.507,2006,before_2016,USA,ground turkey
PDT000067456.2,Berta,PDS000026549.1050,2006,before_2016,USA,ground turkey
PDT000067458.3,Kentucky,PDS000217831.57,2006,before_2016,USA,chicken breast
PDT000067459.3,Kentucky,PDS000217831.57,2006,before_2016,USA,chicken breast
PDT000067461.3,Enteritidis,PDS000030237.1756,2006,before_2016,USA,chicken breast
PDT000067462.3,Saintpaul,PDS000004383.112,2006,before_2016,USA,ground turkey
PDT000067463.2,Hadar,PDS000158106.134,2006,before_2016,USA,ground turkey
PDT000067465.3,Kentucky,PDS000047154.1,2006,before_2016,USA,chicken breast
PDT000067466.3,Kentucky,PDS000004091.7,2006,before_2016,USA,chicken breast
PDT000067467.3,Kentucky,PDS000217831.57,2006,before_2016,USA,chicken breast
PDT000067468.3,Kentucky,PDS000217831.57,2006,before_2016,USA,chicken breast
PDT000067469.3,Heidelberg,PDS000211943.33,2006,before_2016,USA,chicken breast
PDT000067470.2,Hadar,PDS000158107.507,2006,before_2016,USA,ground turkey
PDT000067471.3,Kentucky,PDS000217831.57,2006,before_2016,USA,chicken breast
PDT000067472.2,Hadar,PDS000158107.507,2006,before_2016,USA,ground turkey
PDT000067473.2,Hadar,PDS000158106.134,2006,before_2016,USA,ground turkey
PDT000067474.3,Heidelberg,PDS000029747.12,2006,before_2016,USA,chicken breast
PDT000067475.3,Montevideo,PDS000027859.12,2006,before_2016,USA,ground turkey
PDT000067476.2,Berta,PDS000026549.1050,2006,before_2016,USA,ground turkey
PDT000067477.3,Heidelberg,PDS000029747.12,2006,before_2016,USA,chicken breast
PDT000067478.3,Agona,PDS000028948.87,2006,before_2016,USA,ground turkey
PDT000067479.3,Kentucky,PDS000217831.57,2006,before_2016,USA,chicken breast
PDT000067480.3,Kentucky,PDS000217831.57,2006,before_2016,USA,chicken breast
PDT000067481.3,Kentucky,PDS000217831.57,2006,before_2016,USA,chicken breast
PDT000067482.4,Kentucky,PDS000217831.57,2006,before_2016,USA,chicken breast
PDT000067483.3,Heidelberg,PDS000106159.105,2006,before_2016,USA,ground turkey
PDT000067484.4,Heidelberg,PDS000106159.105,2006,before_2016,USA,ground turkey
PDT000067485.4,Enteritidis,PDS000032668.1889,2006,before_2016,USA,chicken breast
PDT000067486.3,Enteritidis,PDS000032668.1889,2006,before_2016,USA,chicken breast
PDT000067487.3,Saintpaul,PDS000004383.112,2006,before_2016,USA,ground turkey
PDT000067814.3,Montevideo,PDS000027859.12,2007,before_2016,USA,ground turkey
PDT000067815.2,Saintpaul,PDS000004385.49,2007,before_2016,USA,ground turkey
PDT000067816.2,Minnesota,PDS000001973.8,2007,before_2016,USA,ground turkey
PDT000067817.3,Heidelberg,PDS000106159.105,2007,before_2016,USA,ground turkey
PDT000067818.3,Heidelberg,PDS000106159.105,2007,before_2016,USA,ground turkey
PDT000067820.2,Enteritidis,PDS000246039.27,2007,before_2016,USA,chicken breast
PDT000067821.3,Heidelberg,PDS000106159.105,2007,before_2016,USA,ground turkey
PDT000067822.3,Heidelberg,PDS000106159.105,2007,before_2016,USA,ground turkey
PDT000067823.2,"4,[5],12:r:-",PDS000029759.23,2007,before_2016,USA,ground turkey
PDT000067824.2,"4,[5],12:r:-",PDS000029759.23,2007,before_2016,USA,ground turkey
PDT000067825.3,Typhimurium,PDS000038752.6,2007,before_2016,USA,chicken breast
PDT000067838.2,Saintpaul,PDS000004385.49,2007,before_2016,USA,ground turkey
PDT000067839.3,Saintpaul,PDS000004383.112,2007,before_2016,USA,ground turkey
PDT000067840.2,"4,[5],12:r:-",PDS000029759.23,2007,before_2016,USA,ground turkey
PDT000067849.3,Heidelberg,PDS000106159.105,2007,before_2016,USA,ground turkey
PDT000067869.3,Heidelberg,PDS000106159.105,2007,before_2016,USA,ground turkey
PDT000067871.2,Saintpaul,PDS000004385.49,2007,before_2016,USA,ground turkey
PDT000068695.2,"4,[5],12:i:-",PDS000253288.128,2006,before_2016,USA,chicken breast
PDT000068696.4,Schwarzengrund,PDS000027537.79,2007,before_2016,USA,ground turkey
PDT000068698.3,Saintpaul,PDS000004383.112,2006,before_2016,USA,ground turkey
PDT000068701.3,Heidelberg,PDS000211943.33,2006,before_2016,USA,ground turkey
PDT000068709.4,Kentucky,PDS000260145.21,2007,before_2016,USA,chicken breast
PDT000068710.3,Saintpaul,PDS000004383.112,2006,before_2016,USA,ground turkey
PDT000068711.3,Saintpaul,PDS000004383.112,2006,before_2016,USA,ground turkey
PDT000068714.3,Kentucky,PDS000260145.21,2006,before_2016,USA,chicken breast
PDT000068715.3,Heidelberg,PDS000211943.33,2006,before_2016,USA,chicken breast
PDT000068718.4,Senftenberg,PDS000036066.2,2007,before_2016,USA,ground turkey
PDT000068719.3,Kentucky,PDS000031695.7,2006,before_2016,USA,chicken breast
PDT000069086.3,Brandenburg,PDS000026782.249,2006,before_2016,USA,ground turkey
PDT000069089.3,Heidelberg,PDS000106159.105,2006,before_2016,USA,ground turkey
PDT000069095.3,Heidelberg,PDS000211943.33,2006,before_2016,USA,chicken breast
PDT000069103.2,Hadar,PDS000158106.134,2006,before_2016,USA,ground turkey
PDT000069104.4,Brandenburg,PDS000026782.249,2006,before_2016,USA,ground turkey
PDT000069107.3,Kentucky,PDS000260145.21,2006,before_2016,USA,chicken breast
PDT000069139.3,Heidelberg,PDS000106159.105,2007,before_2016,USA,ground turkey
PDT000069164.4,Heidelberg,PDS000106159.105,2007,before_2016,USA,ground turkey
PDT000069168.4,Heidelberg,PDS000106159.105,2007,before_2016,USA,ground turkey
PDT000069440.3,Heidelberg,PDS000106159.105,2007,before_2016,USA,ground turkey
PDT000069477.3,Agona,PDS000028948.87,2007,before_2016,USA,ground turkey
PDT000069484.3,Heidelberg,PDS000106159.105,2007,before_2016,USA,ground turkey
PDT000069499.2,Hadar,PDS000114063.1,2007,before_2016,USA,ground turkey
PDT000069735.3,Typhimurium,PDS000031391.2,2007,before_2016,USA,chicken breast
PDT000069742.3,Typhimurium,PDS000272319.1,2007,before_2016,USA,chicken breast
PDT000069752.4,Minnesota,PDS000001973.8,2007,before_2016,USA,ground turkey
PDT000069754.3,Typhimurium,PDS000272319.1,2007,before_2016,USA,chicken breast
PDT000069759.4,Hadar,PDS000158107.507,2007,before_2016,USA,ground turkey
PDT000069772.5,Heidelberg,PDS000106159.105,2007,before_2016,USA,ground turkey
PDT000069786.2,Hadar,PDS000158106.134,2007,before_2016,USA,ground turkey
PDT000069795.5,Heidelberg,PDS000211943.33,2006,before_2016,USA,chicken breast
PDT000069804.5,Typhimurium,PDS000272319.1,2006,before_2016,USA,chicken breast
PDT000069811.6,Kentucky,PDS000260145.21,2006,before_2016,USA,chicken breast
PDT000069814.3,Heidelberg,PDS000106159.105,2007,before_2016,USA,ground turkey
PDT000069818.2,Hadar,PDS000114063.1,2007,before_2016,USA,ground turkey
PDT000069825.3,Kentucky,PDS000260145.21,2006,before_2016,USA,chicken breast
PDT000069830.4,Senftenberg,PDS000032003.8,2006,before_2016,USA,ground turkey
PDT000069936.5,Kentucky,PDS000260145.21,2006,before_2016,USA,chicken breast
PDT000069938.3,Kentucky,PDS000260145.21,2006,before_2016,USA,chicken breast
PDT000069940.3,Kentucky,PDS000260145.21,2006,before_2016,USA,chicken breast
PDT000069952.3,Heidelberg,PDS000106159.105,2006,before_2016,USA,chicken breast
PDT000069981.2,Hadar,PDS000158107.507,2006,before_2016,USA,ground turkey
PDT000070007.3,Heidelberg,PDS000029747.12,2006,before_2016,USA,chicken breast
PDT000072678.4,Saintpaul,PDS000032619.14,2006,before_2016,USA,ground turkey
PDT000072683.4,Hadar,PDS000158106.134,2006,before_2016,USA,ground turkey
PDT000072691.2,Hadar,PDS000158107.507,2006,before_2016,USA,ground turkey
PDT000072696.2,Saintpaul,PDS000032619.14,2006,before_2016,USA,ground turkey
PDT000076976.2,Berta,PDS000026549.1050,2005,before_2016,USA,ground turkey
PDT000077443.3,Saintpaul,PDS000004383.112,2007,before_2016,USA,ground turkey
PDT000077449.3,Saintpaul,PDS000004383.112,2007,before_2016,USA,ground turkey
PDT000077450.3,Montevideo,PDS000220816.178,2007,before_2016,USA,chicken breast
PDT000077469.3,Heidelberg,PDS000106159.105,2007,before_2016,USA,ground turkey
PDT000077475.3,Heidelberg,PDS000106159.105,2007,before_2016,USA,ground turkey
PDT000077476.3,Saintpaul,PDS000004383.112,2007,before_2016,USA,ground turkey
PDT000077477.3,Heidelberg,PDS000106159.105,2007,before_2016,USA,ground turkey
PDT000077481.3,Saintpaul,PDS000004383.112,2007,before_2016,USA,ground turkey
PDT000077483.3,Kentucky,PDS000217831.57,2007,before_2016,USA,chicken breast
PDT000077494.3,Heidelberg,PDS000106159.105,2007,before_2016,USA,ground turkey
PDT000077496.3,Typhimurium,PDS000013845.603,2007,before_2016,USA,chicken breast
PDT000077503.2,Mbandaka,PDS000233288.49,2007,before_2016,USA,chicken breast
PDT000077858.1,Kentucky,PDS000004066.82,2013,before_2016,USA,chicken breast
PDT000077859.1,Kentucky,PDS000032504.2,2013,before_2016,USA,Chicken Wings
PDT000077860.1,Enteritidis,PDS000030237.1756,2013,before_2016,USA,chicken breast
PDT000077880.1,Heidelberg,PDS000211943.33,2013,before_2016,USA,chicken breast
PDT000077881.1,Muenchen,PDS000198470.177,2013,before_2016,USA,ground turkey
PDT000077884.1,Heidelberg,PDS000106159.105,2013,before_2016,USA,ground turkey
PDT000077885.1,Saintpaul,PDS000004383.112,2013,before_2016,USA,ground turkey
PDT000077886.1,Schwarzengrund,PDS000002218.1068,2013,before_2016,USA,Chicken Wings
PDT000077888.1,Enteritidis,PDS000083226.1311,2013,before_2016,USA,chicken breast
PDT000077889.1,Enteritidis,PDS000083226.1311,2013,before_2016,USA,chicken breast
PDT000077890.1,Saintpaul,PDS000004383.112,2013,before_2016,USA,ground turkey
PDT000077893.1,Senftenberg,PDS000003890.135,2013,before_2016,USA,Chicken Wings
PDT000077894.1,"4,12:i:-",PDS000026778.7,2013,before_2016,USA,chicken breast
PDT000077895.1,Kentucky,PDS000217831.57,2013,before_2016,USA,chicken breast
PDT000077897.1,Typhimurium var. 5-,PDS000180814.35,2013,before_2016,USA,chicken breast
PDT000077898.1,Kentucky,PDS000217831.57,2013,before_2016,USA,Chicken Wings
PDT000077899.1,"8,(20):-:z6",PDS000054546.7,2013,before_2016,USA,chicken breast
PDT000077900.1,Thompson,PDS000032705.1749,2013,before_2016,USA,chicken breast
PDT000077901.1,Thompson,PDS000032705.1749,2013,before_2016,USA,ground turkey
PDT000077902.1,Kentucky,PDS000004066.82,2013,before_2016,USA,chicken breast
PDT000077904.1,Heidelberg,PDS000211943.33,2013,before_2016,USA,chicken breast
PDT000077905.1,Schwarzengrund,PDS000002218.1068,2013,before_2016,USA,chicken breast
PDT000077906.1,Heidelberg,PDS000106159.105,2013,before_2016,USA,ground turkey
PDT000077908.1,Heidelberg,PDS000106159.105,2013,before_2016,USA,ground turkey
PDT000077909.1,Muenchen,PDS000004170.806,2013,before_2016,USA,ground turkey
PDT000077910.1,Kentucky,PDS000211921.2,2013,before_2016,USA,chicken breast
PDT000077911.1,Thompson,PDS000032705.1749,2013,before_2016,USA,chicken breast
PDT000077912.1,Typhimurium var. 5-,PDS000272319.1,2013,before_2016,USA,chicken breast
PDT000077914.1,Typhimurium var. 5-,PDS000272319.1,2013,before_2016,USA,chicken breast
PDT000077915.1,Muenchen,PDS000198470.177,2013,before_2016,USA,ground turkey
PDT000077916.1,Typhimurium var. 5-,PDS000272308.1,2013,before_2016,USA,chicken breast
PDT000077917.1,Heidelberg,PDS000029747.12,2013,before_2016,USA,chicken breast
PDT000077918.1,Agona,PDS000214890.285,2013,before_2016,USA,ground turkey
PDT000077920.1,Typhimurium,PDS000026716.8,2013,before_2016,USA,chicken breast
PDT000077921.1,Typhimurium var. 5-,PDS000026714.7,2013,before_2016,USA,chicken breast
PDT000077923.1,Kentucky,PDS000260145.21,2013,before_2016,USA,chicken breast
PDT000077924.1,Typhimurium var. 5-,PDS000180814.35,2013,before_2016,USA,chicken breast
PDT000077925.1,Typhimurium var. 5-,PDS000272319.1,2013,before_2016,USA,chicken breast
PDT000077927.1,Hadar,PDS000158107.507,2013,before_2016,USA,ground turkey
PDT000077928.1,Typhimurium var. 5-,PDS000272319.1,2013,before_2016,USA,chicken breast
PDT000077929.1,Hadar,PDS000158106.134,2013,before_2016,USA,Chicken Wings
PDT000077931.1,Heidelberg,PDS000106159.105,2013,before_2016,USA,Chicken Wings
PDT000077932.1,Heidelberg,PDS000211943.33,2013,before_2016,USA,chicken breast
PDT000077933.1,Typhimurium var. 5-,PDS000180814.35,2013,before_2016,USA,chicken breast
PDT000077934.1,Anatum,PDS000028226.224,2013,before_2016,USA,ground turkey
PDT000077935.1,Heidelberg,PDS000211943.33,2013,before_2016,USA,chicken breast
PDT000077937.1,Heidelberg,PDS000029725.224,2013,before_2016,USA,chicken breast
PDT000077938.1,Anatum,PDS000028226.224,2013,before_2016,USA,ground turkey
PDT000077939.1,Schwarzengrund,PDS000002218.1068,2013,before_2016,USA,chicken breast
PDT000077940.1,Infantis,PDS000032400.106,2013,before_2016,USA,chicken breast
PDT000077941.1,Heidelberg,PDS000029725.224,2013,before_2016,USA,chicken breast
PDT000077943.1,Kentucky,PDS000260145.21,2013,before_2016,USA,chicken breast
PDT000077944.1,Heidelberg,PDS000106159.105,2013,before_2016,USA,ground turkey
PDT000077945.1,Typhimurium var. 5-,PDS000180814.35,2013,before_2016,USA,Chicken Wings
PDT000077949.1,Typhimurium var. 5-,PDS000081815.149,2013,before_2016,USA,chicken breast
PDT000077950.1,Typhimurium var. 5-,PDS000026722.2,2013,before_2016,USA,chicken breast
PDT000077952.1,Typhimurium var. 5-,PDS000272319.1,2013,before_2016,USA,Chicken Legs
PDT000077953.1,Typhimurium var. 5-,PDS000272319.1,2013,before_2016,USA,chicken breast
PDT000077954.1,Heidelberg,PDS000106159.105,2013,before_2016,USA,ground turkey
PDT000077956.1,Typhimurium var. 5-,PDS000180814.35,2013,before_2016,USA,chicken breast
PDT000077957.1,Saintpaul,PDS000004383.112,2013,before_2016,USA,ground turkey
PDT000077958.1,Muenchen,PDS000198470.177,2013,before_2016,USA,ground turkey
PDT000077960.1,Reading,PDS000001887.891,2013,before_2016,USA,ground turkey
PDT000077961.1,Heidelberg,PDS000004430.6,2013,before_2016,USA,ground turkey
PDT000077962.1,Albany,PDS000032516.187,2013,before_2016,USA,ground turkey
PDT000077963.1,Livingstone,PDS000026539.8,2013,before_2016,USA,chicken breast
PDT000077964.1,Litchfield,PDS000004120.1,2013,before_2016,USA,ground turkey
PDT000077966.1,Heidelberg,PDS000106159.105,2013,before_2016,USA,ground turkey
PDT000077968.1,Typhimurium var. 5-,PDS000272319.1,2013,before_2016,USA,chicken breast
PDT000077969.1,Typhimurium var. 5-,PDS000180814.35,2013,before_2016,USA,chicken breast
PDT000077971.1,Typhimurium var. 5-,PDS000272319.1,2013,before_2016,USA,chicken breast
PDT000077972.1,Worthington,PDS000030993.89,2013,before_2016,USA,chicken breast
PDT000077973.1,Typhimurium var. 5-,PDS000180814.35,2013,before_2016,USA,chicken breast
PDT000077974.1,Hadar,PDS000158107.507,2013,before_2016,USA,ground turkey
PDT000077975.1,Kentucky,PDS000272606.2,2013,before_2016,USA,chicken breast
PDT000077977.1,Berta,PDS000026549.1050,2013,before_2016,USA,ground turkey
PDT000077978.1,Berta,PDS000026549.1050,2013,before_2016,USA,ground turkey
PDT000077979.1,Saintpaul,PDS000004383.112,2013,before_2016,USA,ground turkey
PDT000077981.1,Muenchen,PDS000198470.177,2013,before_2016,USA,ground turkey
PDT000077982.1,Infantis,PDS000027076.971,2013,before_2016,USA,Chicken Legs
PDT000077983.1,Infantis,PDS000027076.971,2013,before_2016,USA,chicken breast
PDT000077984.1,Heidelberg,PDS000106159.105,2013,before_2016,USA,ground turkey
PDT000077986.1,Worthington,PDS000030993.89,2013,before_2016,USA,chicken breast
PDT000077987.1,Typhimurium var. 5-,PDS000272319.1,2013,before_2016,USA,chicken breast
PDT000077989.1,Schwarzengrund,PDS000027525.135,2013,before_2016,USA,ground turkey
PDT000077990.1,Kentucky,PDS000029426.101,2013,before_2016,USA,chicken breast
PDT000077991.1,Typhimurium var. 5-,PDS000026718.22,2013,before_2016,USA,Chicken Wings
PDT000077993.1,Typhimurium var. 5-,PDS000180814.35,2013,before_2016,USA,chicken breast
PDT000077994.1,Kentucky,PDS000029426.101,2013,before_2016,USA,chicken breast
PDT000077995.1,Kentucky,PDS000029426.101,2013,before_2016,USA,chicken breast
PDT000077996.1,Hadar,PDS000158107.507,2013,before_2016,USA,ground turkey
PDT000078000.1,Kentucky,PDS000029426.101,2013,before_2016,USA,chicken breast
PDT000078002.1,Typhimurium var. 5-,PDS000272319.1,2013,before_2016,USA,chicken breast
PDT000078003.1,Thompson,PDS000032705.1749,2013,before_2016,USA,chicken breast
PDT000078004.1,Brandenburg,PDS000026782.249,2013,before_2016,USA,chicken breast
PDT000078006.1,Schwarzengrund,PDS000004036.160,2013,before_2016,USA,ground turkey
PDT000078007.1,Heidelberg,PDS000028162.7,2013,before_2016,USA,ground turkey
PDT000078008.1,Saintpaul,PDS000004383.112,2013,before_2016,USA,ground turkey
PDT000078009.1,Heidelberg,PDS000106159.105,2013,before_2016,USA,ground turkey
PDT000078011.1,Heidelberg,PDS000211943.33,2013,before_2016,USA,chicken breast
PDT000078012.1,Dublin,PDS000028192.1438,2013,before_2016,USA,ground turkey
PDT000078013.1,Mbandaka,PDS000233288.49,2013,before_2016,USA,Chicken Wings
PDT000078014.1,Heidelberg,PDS000106159.105,2013,before_2016,USA,chicken breast
PDT000078015.1,Heidelberg,PDS000211943.33,2013,before_2016,USA,Chicken Wings
PDT000078018.1,Heidelberg,PDS000211943.33,2013,before_2016,USA,chicken breast
PDT000078019.1,Infantis,PDS000003971.88,2013,before_2016,USA,ground turkey
PDT000078020.1,Kentucky,PDS000260145.21,2013,before_2016,USA,chicken breast
PDT000078022.1,Heidelberg,PDS000029725.224,2013,before_2016,USA,chicken breast
PDT000078023.1,Typhimurium var. 5-,PDS000272319.1,2013,before_2016,USA,chicken breast
PDT000078024.1,Typhimurium var. 5-,PDS000272319.1,2013,before_2016,USA,chicken breast
PDT000078025.1,Saintpaul,PDS000004383.112,2013,before_2016,USA,ground turkey
PDT000078026.1,Albany,PDS000032516.187,2013,before_2016,USA,ground turkey
PDT000078027.1,Litchfield,PDS000032550.85,2013,before_2016,USA,chicken breast
PDT000078028.1,Saintpaul,PDS000004383.112,2013,before_2016,USA,ground turkey
PDT000078029.1,Saintpaul,PDS000004383.112,2013,before_2016,USA,ground turkey
PDT000078030.1,Muenchen,PDS000198470.177,2013,before_2016,USA,chicken breast
PDT000078031.1,Typhimurium var. 5-,PDS000026717.1,2013,before_2016,USA,chicken breast
PDT000078032.1,Worthington,PDS000030993.89,2013,before_2016,USA,chicken breast
PDT000078033.1,Litchfield,PDS000004120.1,2013,before_2016,USA,ground turkey
PDT000078034.1,Litchfield,PDS000004120.1,2013,before_2016,USA,ground turkey
PDT000078035.1,Hadar,PDS000158107.507,2013,before_2016,USA,ground turkey
PDT000078036.1,Typhimurium var. 5-,PDS000272319.1,2013,before_2016,USA,chicken breast
PDT000078037.1,Enteritidis,PDS000030237.1756,2013,before_2016,USA,chicken breast
PDT000078038.1,Saintpaul,PDS000004383.112,2013,before_2016,USA,ground turkey
PDT000078039.1,Saintpaul,PDS000004383.112,2013,before_2016,USA,ground turkey
PDT000078040.1,Typhimurium var. 5-,PDS000272319.1,2013,before_2016,USA,chicken breast
PDT000078041.1,Kentucky,PDS000029426.101,2013,before_2016,USA,chicken breast
PDT000078042.1,Newport,PDS000002495.475,2013,before_2016,USA,chicken breast
PDT000078043.1,Typhimurium var. 5-,PDS000272319.1,2013,before_2016,USA,chicken breast
PDT000078044.1,Typhimurium var. 5-,PDS000272319.1,2013,before_2016,USA,chicken breast
PDT000078045.1,Heidelberg,PDS000106159.105,2013,before_2016,USA,ground turkey
PDT000078046.1,Muenchen,PDS000198470.177,2013,before_2016,USA,ground turkey
PDT000078047.1,Hadar,PDS000158107.507,2013,before_2016,USA,ground turkey
PDT000078048.1,Kentucky,PDS000260145.21,2013,before_2016,USA,chicken breast
PDT000078049.1,Typhimurium var. 5-,PDS000272319.1,2013,before_2016,USA,chicken breast
PDT000078050.1,Hadar,PDS000158107.507,2013,before_2016,USA,ground turkey
PDT000078051.1,Schwarzengrund,PDS000002218.1068,2013,before_2016,USA,chicken breast
PDT000078052.1,Saintpaul,PDS000004383.112,2013,before_2016,USA,ground turkey
PDT000078053.1,Infantis,PDS000027076.971,2013,before_2016,USA,Chicken Legs
PDT000078054.1,Brandenburg,PDS000026782.249,2013,before_2016,USA,chicken breast
PDT000078055.1,Typhimurium var. 5-,PDS000081815.149,2013,before_2016,USA,chicken breast
PDT000078056.1,Heidelberg,PDS000211943.33,2013,before_2016,USA,chicken breast
PDT000078057.1,Kentucky,PDS000272606.2,2013,before_2016,USA,chicken breast
PDT000078058.1,Saintpaul,PDS000004383.112,2013,before_2016,USA,ground turkey
PDT000078059.1,Kentucky,PDS000217831.57,2013,before_2016,USA,chicken breast
PDT000078060.1,Kentucky,PDS000029426.101,2013,before_2016,USA,chicken breast
PDT000078061.1,Reading,PDS000001887.891,2013,before_2016,USA,ground turkey
PDT000078062.1,Kentucky,PDS000032528.3,2013,before_2016,USA,ground turkey
PDT000078063.1,Saintpaul,PDS000029303.72,2013,before_2016,USA,ground turkey
PDT000078064.1,Agona,PDS000029070.1,2013,before_2016,USA,ground turkey
PDT000078065.1,Saintpaul,PDS000029303.72,2013,before_2016,USA,ground turkey
PDT000078066.1,Typhimurium var. 5-,PDS000272319.1,2013,before_2016,USA,chicken breast
PDT000078067.1,Kentucky,PDS000272606.2,2013,before_2016,USA,chicken breast
PDT000078068.1,Kentucky,PDS000272606.2,2013,before_2016,USA,chicken breast
PDT000078069.1,Heidelberg,PDS000106159.105,2013,before_2016,USA,chicken breast
PDT000078070.1,Infantis,PDS000032397.289,2013,before_2016,USA,chicken breast
PDT000078071.1,Typhimurium var. 5-,PDS000026717.1,2013,before_2016,USA,chicken breast
PDT000078072.1,Typhimurium var. 5-,PDS000026717.1,2013,before_2016,USA,chicken breast
PDT000078073.1,Saintpaul,PDS000004383.112,2013,before_2016,USA,ground turkey
PDT000078074.1,Typhimurium var. 5-,PDS000272319.1,2013,before_2016,USA,chicken breast
PDT000078075.1,Typhimurium var. 5-,PDS000272319.1,2013,before_2016,USA,chicken breast
PDT000078076.1,Schwarzengrund,PDS000027514.524,2013,before_2016,USA,ground turkey
PDT000078077.1,Reading,PDS000001887.891,2013,before_2016,USA,ground turkey
PDT000078078.1,Agona,PDS000214890.285,2013,before_2016,USA,ground turkey
PDT000078081.1,Kentucky,PDS000029426.101,2013,before_2016,USA,chicken breast
PDT000078082.1,Typhimurium var. 5-,PDS000272319.1,2013,before_2016,USA,chicken breast
PDT000078085.1,Albany,PDS000032516.187,2013,before_2016,USA,ground turkey
PDT000078086.1,Infantis,PDS000085033.881,2013,before_2016,USA,chicken breast
PDT000078088.1,Saintpaul,PDS000004383.112,2013,before_2016,USA,ground turkey
PDT000078089.1,Infantis,PDS000032397.289,2013,before_2016,USA,ground turkey
PDT000078090.1,Muenchen,PDS000198470.177,2013,before_2016,USA,ground turkey
PDT000078091.1,Saintpaul,PDS000004383.112,2013,before_2016,USA,ground turkey
PDT000078092.1,Heidelberg,PDS000106159.105,2013,before_2016,USA,ground turkey
PDT000078094.1,Braenderup,PDS000032735.1192,2013,before_2016,USA,Chicken Thighs
PDT000078095.1,Heidelberg,PDS000211943.33,2013,before_2016,USA,Chicken Thighs
PDT000078096.1,Kentucky,PDS000029492.90,2013,before_2016,USA,chicken breast
PDT000078097.1,Typhimurium var. 5-,PDS000272319.1,2013,before_2016,USA,chicken breast
PDT000078098.1,Kentucky,PDS000217831.57,2013,before_2016,USA,chicken breast
PDT000078100.1,Kentucky,PDS000217831.57,2013,before_2016,USA,chicken breast
PDT000078101.1,Kentucky,PDS000260145.21,2013,before_2016,USA,chicken breast
PDT000078102.1,Hadar,PDS000158106.134,2013,before_2016,USA,ground turkey
PDT000078104.1,Kentucky,PDS000260145.21,2013,before_2016,USA,Chicken Wings
PDT000078105.1,Enteritidis,PDS000030237.1756,2013,before_2016,USA,chicken breast
PDT000078106.1,Saintpaul,PDS000004383.112,2013,before_2016,USA,ground turkey
PDT000078109.1,Heidelberg,PDS000211943.33,2013,before_2016,USA,chicken breast
PDT000078110.1,Kentucky,PDS000217831.57,2013,before_2016,USA,chicken breast
PDT000078111.1,Braenderup,PDS000032739.276,2013,before_2016,USA,chicken breast
PDT000078112.1,Typhimurium var. 5-,PDS000081815.149,2013,before_2016,USA,chicken breast
PDT000078113.1,Typhimurium var. 5-,PDS000272319.1,2013,before_2016,USA,chicken breast
PDT000078114.1,Hadar,PDS000158107.507,2013,before_2016,USA,ground turkey
PDT000078115.1,Schwarzengrund,PDS000002218.1068,2013,before_2016,USA,chicken breast
PDT000078116.1,Kentucky,PDS000032531.6,2013,before_2016,USA,chicken breast
PDT000078117.1,Muenchen,PDS000198470.177,2013,before_2016,USA,ground turkey
PDT000078118.1,Typhimurium,PDS000180814.35,2013,before_2016,USA,chicken breast
PDT000078119.1,Kentucky,PDS000217831.57,2013,before_2016,USA,Chicken Wings
PDT000078120.1,Heidelberg,PDS000211943.33,2013,before_2016,USA,chicken breast
PDT000078122.1,Liverpool,PDS000001378.535,2013,before_2016,USA,ground turkey
PDT000078126.1,Heidelberg,PDS000211943.33,2013,before_2016,USA,Chicken Wings
PDT000078127.1,Enteritidis,PDS000083226.1311,2013,before_2016,USA,chicken breast
PDT000078129.1,Heidelberg,PDS000028162.7,2013,before_2016,USA,ground turkey
PDT000078130.1,Muenchen,PDS000198470.177,2013,before_2016,USA,ground turkey
PDT000078131.1,Kentucky,PDS000272606.2,2013,before_2016,USA,chicken breast
PDT000078132.1,Heidelberg,PDS000106159.105,2013,before_2016,USA,Chicken Wings
PDT000078134.1,Heidelberg,PDS000029725.224,2013,before_2016,USA,chicken breast
PDT000078135.1,Reading,PDS000001887.891,2013,before_2016,USA,ground turkey
PDT000078136.1,Heidelberg,PDS000211943.33,2013,before_2016,USA,chicken breast
PDT000078138.1,Kentucky,PDS000217831.57,2013,before_2016,USA,chicken breast
PDT000078140.1,Kentucky,PDS000032531.6,2013,before_2016,USA,Chicken Wings
PDT000078141.1,Brandenburg,PDS000026782.249,2013,before_2016,USA,ground turkey
PDT000078142.1,Typhimurium,PDS000026716.8,2013,before_2016,USA,Chicken Wings
PDT000078143.1,Kentucky,PDS000217831.57,2013,before_2016,USA,Chicken Wings
PDT000078145.1,Infantis,PDS000032398.67,2013,before_2016,USA,chicken breast
PDT000078146.1,Schwarzengrund,PDS000002218.1068,2013,before_2016,USA,Chicken Wings
PDT000078147.1,Hadar,PDS000158107.507,2013,before_2016,USA,ground turkey
PDT000078148.1,Hadar,PDS000158107.507,2013,before_2016,USA,ground turkey
PDT000078149.1,Schwarzengrund,PDS000002218.1068,2013,before_2016,USA,chicken breast
PDT000078150.1,Reading,PDS000001887.891,2013,before_2016,USA,ground turkey
PDT000078151.1,Infantis,PDS000032398.67,2013,before_2016,USA,chicken breast
PDT000078152.1,Hadar,PDS000158107.507,2013,before_2016,USA,ground turkey
PDT000078153.1,Hadar,PDS000158107.507,2013,before_2016,USA,ground turkey
PDT000078154.1,Hadar,PDS000158107.507,2013,before_2016,USA,ground turkey
PDT000078155.1,Typhimurium var. 5-,PDS000272319.1,2013,before_2016,USA,chicken breast
PDT000078156.1,Schwarzengrund,PDS000002218.1068,2013,before_2016,USA,chicken breast
PDT000078157.1,Typhimurium var. 5-,PDS000180814.35,2013,before_2016,USA,chicken breast
PDT000078158.1,"4,12:i:-",PDS000273036.3,2013,before_2016,USA,ground turkey
PDT000078159.1,Senftenberg,PDS000266616.2,2013,before_2016,USA,ground turkey
PDT000078160.1,Kentucky,PDS000260145.21,2013,before_2016,USA,chicken breast
PDT000078162.1,Typhimurium,PDS000180814.35,2013,before_2016,USA,chicken breast
PDT000078163.1,Albany,PDS000032516.187,2013,before_2016,USA,ground turkey
PDT000078164.1,Hadar,PDS000158107.507,2013,before_2016,USA,ground turkey
PDT000078166.1,Heidelberg,PDS000106159.105,2013,before_2016,USA,ground turkey
PDT000078167.1,Muenchen,PDS000198470.177,2013,before_2016,USA,ground turkey
PDT000078168.1,Heidelberg,PDS000211943.33,2013,before_2016,USA,chicken breast
PDT000078169.1,Typhimurium,PDS000272319.1,2013,before_2016,USA,chicken breast
PDT000078170.1,Heidelberg,PDS000211943.33,2013,before_2016,USA,chicken breast
PDT000078171.1,Schwarzengrund,PDS000002218.1068,2013,before_2016,USA,chicken breast
PDT000078172.1,Heidelberg,PDS000211943.33,2013,before_2016,USA,chicken breast
PDT000078173.1,Montevideo,PDS000027237.426,2013,before_2016,USA,chicken breast
PDT000078176.1,Saintpaul,PDS000004383.112,2013,before_2016,USA,ground turkey
PDT000078177.1,Kentucky,PDS000260145.21,2013,before_2016,USA,chicken breast
PDT000078178.1,Heidelberg,PDS000106159.105,2013,before_2016,USA,ground turkey
PDT000078179.1,Heidelberg,PDS000211943.33,2013,before_2016,USA,chicken breast
PDT000078180.1,Typhimurium,PDS000180814.35,2013,before_2016,USA,chicken breast
PDT000078181.1,Typhimurium var. 5-,PDS000180814.35,2013,before_2016,USA,chicken breast
PDT000078183.1,Mbandaka,PDS000026971.13,2013,before_2016,USA,chicken breast
PDT000078184.1,Typhimurium var. 5-,PDS000180814.35,2013,before_2016,USA,chicken breast
PDT000078185.1,Typhimurium var. 5-,PDS000180814.35,2013,before_2016,USA,chicken breast
PDT000078186.1,Worthington,PDS000031048.16,2013,before_2016,USA,ground turkey
PDT000078190.1,Muenchen,PDS000198470.177,2013,before_2016,USA,ground turkey
PDT000078191.1,Senftenberg,PDS000266616.2,2013,before_2016,USA,ground turkey
PDT000078192.1,Schwarzengrund,PDS000027503.484,2013,before_2016,USA,chicken breast
PDT000078193.1,Kentucky,PDS000260145.21,2013,before_2016,USA,chicken breast
PDT000078194.1,Mbandaka,PDS000233288.49,2013,before_2016,USA,chicken breast
PDT000078195.1,Kentucky,PDS000260145.21,2013,before_2016,USA,Chicken Wings
PDT000078196.1,Kentucky,PDS000012359.15,2013,before_2016,USA,chicken breast
PDT000078198.1,Muenchen,PDS000198470.177,2013,before_2016,USA,ground turkey
PDT000081176.2,Litchfield,PDS000096891.1,2007,before_2016,USA,ground turkey
PDT000081177.3,Agona,PDS000029086.4,2007,before_2016,USA,chicken breast
PDT000081181.3,Heidelberg,PDS000106159.105,2007,before_2016,USA,ground turkey
PDT000081183.2,Hadar,PDS000158107.507,2007,before_2016,USA,ground turkey
PDT000081203.2,Panama,PDS000030763.1,2007,before_2016,USA,ground turkey
PDT000081218.3,Heidelberg,PDS000106159.105,2007,before_2016,USA,ground turkey
PDT000081222.2,Saintpaul,PDS000004383.112,2007,before_2016,USA,ground turkey
PDT000081225.3,Senftenberg,PDS000266616.2,2007,before_2016,USA,ground turkey
PDT000081253.3,Heidelberg,PDS000106159.105,2007,before_2016,USA,ground turkey
PDT000081897.1,"4,12:i:-",PDS000253288.128,2013,before_2016,USA,chicken breast
PDT000081898.1,Enteritidis,PDS000030237.1756,2013,before_2016,USA,chicken breast
PDT000081900.1,Enteritidis,PDS000032668.1889,2013,before_2016,USA,chicken breast
PDT000081901.1,Enteritidis,PDS000032668.1889,2013,before_2016,USA,chicken breast
PDT000081902.1,Typhimurium var. 5-,PDS000272319.1,2013,before_2016,USA,chicken breast
PDT000081903.1,Enteritidis,PDS000030237.1756,2013,before_2016,USA,chicken breast
PDT000081905.1,Heidelberg,PDS000106159.105,2013,before_2016,USA,ground turkey
PDT000081906.1,Typhimurium var. 5-,PDS000272319.1,2013,before_2016,USA,Chicken Wings
PDT000081907.1,Enteritidis,PDS000030237.1756,2013,before_2016,USA,chicken breast
PDT000081908.1,Enteritidis,PDS000030237.1756,2013,before_2016,USA,chicken breast
PDT000081910.1,Enteritidis,PDS000032668.1889,2013,before_2016,USA,chicken breast
PDT000081911.1,Typhimurium,PDS000253285.29,2013,before_2016,USA,Chicken Wings
PDT000081912.1,Enteritidis,PDS000030237.1756,2013,before_2016,USA,chicken breast
PDT000081914.1,Saintpaul,PDS000004383.112,2013,before_2016,USA,ground turkey
PDT000081915.1,Enteritidis,PDS000030237.1756,2013,before_2016,USA,ground turkey
PDT000081916.1,Typhimurium var. 5-,PDS000272319.1,2013,before_2016,USA,chicken breast
PDT000081917.1,Typhimurium var. 5-,PDS000272319.1,2013,before_2016,USA,chicken breast
PDT000081918.1,Schwarzengrund,PDS000002218.1068,2013,before_2016,USA,chicken breast
PDT000081919.1,Typhimurium var. 5-,PDS000272319.1,2013,before_2016,USA,chicken breast
PDT000081921.1,Enteritidis,PDS000004720.200,2013,before_2016,USA,chicken breast
PDT000081922.1,Kentucky,PDS000032528.3,2013,before_2016,USA,ground turkey
PDT000081923.1,Enteritidis,PDS000030237.1756,2013,before_2016,USA,ground turkey
PDT000081924.1,"4,12:i:-",PDS000026787.2,2013,before_2016,USA,Chicken Wings
PDT000081925.1,Enteritidis,PDS000030237.1756,2013,before_2016,USA,chicken breast
PDT000081926.1,Typhimurium,PDS000004611.37,2013,before_2016,USA,chicken breast
PDT000081928.1,Enteritidis,PDS000030237.1756,2013,before_2016,USA,chicken breast
PDT000081929.1,Typhimurium var. 5-,PDS000272092.3,2013,before_2016,USA,chicken breast
PDT000081930.1,Typhimurium var. 5-,PDS000272308.1,2013,before_2016,USA,chicken breast
PDT000081931.1,Heidelberg,PDS000211943.33,2013,before_2016,USA,chicken breast
PDT000081932.1,Enteritidis,PDS000030237.1756,2013,before_2016,USA,chicken breast
PDT000081934.1,Typhimurium var. 5-,PDS000180814.35,2013,before_2016,USA,chicken breast
PDT000081935.1,Kentucky,PDS000029426.101,2013,before_2016,USA,chicken breast
PDT000081936.1,Enteritidis,PDS000032669.447,2013,before_2016,USA,Chicken Thighs
PDT000081937.1,Enteritidis,PDS000030237.1756,2013,before_2016,USA,Chicken Legs
PDT000081938.1,Muenchen,PDS000198470.177,2013,before_2016,USA,ground turkey
PDT000081939.1,Kentucky,PDS000029426.101,2013,before_2016,USA,chicken breast
PDT000081940.1,Enteritidis,PDS000030237.1756,2013,before_2016,USA,chicken breast
PDT000081941.1,Newport,PDS000029625.719,2013,before_2016,USA,chicken breast
PDT000081943.1,Enteritidis,PDS000030237.1756,2013,before_2016,USA,chicken breast
PDT000081944.1,Heidelberg,PDS000106159.105,2013,before_2016,USA,chicken breast
PDT000081945.1,Kentucky,PDS000217831.57,2013,before_2016,USA,chicken breast
PDT000081946.1,Typhimurium,PDS000026825.612,2013,before_2016,USA,chicken breast
PDT000081947.1,Heidelberg,PDS000106159.105,2013,before_2016,USA,ground turkey
PDT000081949.1,Enteritidis,PDS000030237.1756,2013,before_2016,USA,chicken breast
PDT000081950.1,Typhimurium var. 5-,PDS000026825.612,2013,before_2016,USA,chicken breast
PDT000081951.1,Typhimurium var. 5-,PDS000002606.17,2013,before_2016,USA,chicken breast
PDT000081952.1,Enteritidis,PDS000030237.1756,2013,before_2016,USA,chicken breast
PDT000084657.2,Saintpaul,PDS000004385.49,2008,before_2016,USA,ground turkey
PDT000084658.2,Hadar,PDS000158106.134,2008,before_2016,USA,ground turkey
PDT000084659.2,Hadar,PDS000158106.134,2008,before_2016,USA,ground turkey
PDT000084660.3,Kentucky,PDS000260145.21,2008,before_2016,USA,chicken breast
PDT000084661.3,Schwarzengrund,PDS000004036.160,2008,before_2016,USA,ground turkey
PDT000084662.2,Hadar,PDS000158106.134,2008,before_2016,USA,ground turkey
PDT000085026.2,Hadar,PDS000114063.1,2007,before_2016,USA,ground turkey
PDT000085027.2,Hadar,PDS000114063.1,2007,before_2016,USA,ground turkey
PDT000085028.3,Heidelberg,PDS000106159.105,2007,before_2016,USA,ground turkey
PDT000085029.3,Enteritidis,PDS000246039.27,2007,before_2016,USA,chicken breast
PDT000085045.3,Brandenburg,PDS000026782.249,2007,before_2016,USA,ground turkey
PDT000085046.3,Enteritidis,PDS000030237.1756,2008,before_2016,USA,chicken breast
PDT000085047.3,Heidelberg,PDS000004430.6,2008,before_2016,USA,ground turkey
PDT000085051.3,Heidelberg,PDS000211943.33,2006,before_2016,USA,chicken breast
PDT000085054.3,Enteritidis,PDS000032668.1889,2006,before_2016,USA,chicken breast
PDT000085056.5,Heidelberg,PDS000029725.224,2006,before_2016,USA,chicken breast
PDT000085060.5,Enteritidis,PDS000032668.1889,2006,before_2016,USA,chicken breast
PDT000085061.4,Hadar,PDS000158107.507,2006,before_2016,USA,ground turkey
PDT000085062.5,Heidelberg,PDS000029759.23,2006,before_2016,USA,ground turkey
PDT000085063.3,Heidelberg,PDS000029759.23,2006,before_2016,USA,ground turkey
PDT000085064.3,Heidelberg,PDS000029759.23,2006,before_2016,USA,ground turkey
PDT000085065.3,Heidelberg,PDS000029759.23,2006,before_2016,USA,ground turkey
PDT000085068.3,Heidelberg,PDS000211943.33,2006,before_2016,USA,chicken breast
PDT000085069.3,Heidelberg,PDS000211943.33,2006,before_2016,USA,chicken breast
PDT000085073.3,Heidelberg,PDS000029747.12,2006,before_2016,USA,chicken breast
PDT000085074.2,"4,[5],12:i:-",PDS000253288.128,2006,before_2016,USA,chicken breast
PDT000085076.4,Berta,PDS000026549.1050,2006,before_2016,USA,ground turkey
PDT000085077.3,Montevideo,PDS000027859.12,2006,before_2016,USA,ground turkey
PDT000085083.2,Mbandaka,PDS000031380.1,2006,before_2016,USA,ground turkey
PDT000085085.3,Heidelberg,PDS000211943.33,2006,before_2016,USA,chicken breast
PDT000085086.3,Heidelberg,PDS000211943.33,2006,before_2016,USA,chicken breast
PDT000085087.3,Newport,PDS000002493.35,2003,before_2016,USA,ground turkey
PDT000085089.3,Senftenberg,PDS000002489.96,2007,before_2016,USA,ground turkey
PDT000085099.3,Saintpaul,PDS000004383.112,2008,before_2016,USA,ground turkey
PDT000085100.2,Hadar,PDS000158106.134,2008,before_2016,USA,ground turkey
PDT000085101.2,Hadar,PDS000158106.134,2008,before_2016,USA,ground turkey
PDT000085102.3,Enteritidis,PDS000030237.1756,2008,before_2016,USA,chicken breast
PDT000085103.3,Heidelberg,PDS000029725.224,2008,before_2016,USA,chicken breast
PDT000085104.4,Saintpaul,PDS000004383.112,2007,before_2016,USA,ground turkey
PDT000085105.3,Saintpaul,PDS000004383.112,2007,before_2016,USA,ground turkey
PDT000085106.2,Saintpaul,PDS000004385.49,2007,before_2016,USA,ground turkey
PDT000085158.3,Heidelberg,PDS000030642.2,2007,before_2016,USA,ground turkey
PDT000085159.3,Saintpaul,PDS000004383.112,2007,before_2016,USA,ground turkey
PDT000085160.2,Panama,PDS000030763.1,2007,before_2016,USA,ground turkey
PDT000085161.3,Montevideo,PDS000028059.139,2007,before_2016,USA,ground turkey
PDT000085162.3,Heidelberg,PDS000211943.33,2007,before_2016,USA,chicken breast
PDT000085164.3,Heidelberg,PDS000211943.33,2007,before_2016,USA,chicken breast
PDT000085165.3,Montevideo,PDS000220816.178,2007,before_2016,USA,chicken breast
PDT000085166.2,Hadar,PDS000158106.134,2007,before_2016,USA,chicken breast
PDT000085167.3,Saintpaul,PDS000004383.112,2007,before_2016,USA,ground turkey
PDT000085168.3,Heidelberg,PDS000106159.105,2007,before_2016,USA,ground turkey
PDT000085169.2,Hadar,PDS000158106.134,2007,before_2016,USA,ground turkey
PDT000085170.3,Saintpaul,PDS000004383.112,2007,before_2016,USA,ground turkey
PDT000085171.3,Saintpaul,PDS000004383.112,2007,before_2016,USA,ground turkey
PDT000085172.3,Typhimurium,PDS000026746.239,2007,before_2016,USA,chicken breast
PDT000085173.2,Hadar,PDS000114063.1,2007,before_2016,USA,ground turkey
PDT000085174.2,Hadar,PDS000114063.1,2007,before_2016,USA,ground turkey
PDT000085175.3,Typhimurium,PDS000050108.12,2007,before_2016,USA,chicken breast
PDT000085176.2,Hadar,PDS000114063.1,2007,before_2016,USA,ground turkey
PDT000085177.3,Enteritidis,PDS000032668.1889,2007,before_2016,USA,chicken breast
PDT000085178.3,Heidelberg,PDS000106159.105,2007,before_2016,USA,ground turkey
PDT000085179.3,Heidelberg,PDS000211943.33,2007,before_2016,USA,chicken breast
PDT000085180.2,Hadar,PDS000114063.1,2007,before_2016,USA,ground turkey
PDT000085181.2,Saintpaul,PDS000004385.49,2007,before_2016,USA,ground turkey
PDT000085182.4,"4,12:i:-",PDS000253288.128,2006,before_2016,USA,ground turkey
PDT000085183.5,Typhimurium,PDS000272319.1,2006,before_2016,USA,chicken breast
PDT000085196.2,Saintpaul,PDS000004383.112,2007,before_2016,USA,ground turkey
PDT000085197.3,Kentucky,PDS000005452.4,2007,before_2016,USA,chicken breast
PDT000085199.3,Saintpaul,PDS000004383.112,2007,before_2016,USA,ground turkey
PDT000085201.3,Heidelberg,PDS000106159.105,2007,before_2016,USA,ground turkey
PDT000085203.3,Heidelberg,PDS000106159.105,2007,before_2016,USA,ground turkey
PDT000085205.5,Heidelberg,PDS000211943.33,2007,before_2016,USA,ground turkey
PDT000085206.3,Heidelberg,PDS000211943.33,2007,before_2016,USA,chicken breast
PDT000085207.2,Hadar,PDS000158106.134,2007,before_2016,USA,ground turkey
PDT000085208.3,Kentucky,PDS000047153.1,2007,before_2016,USA,chicken breast
PDT000085209.3,Agona,PDS000028948.87,2007,before_2016,USA,ground turkey
PDT000085210.3,Kentucky,PDS000047153.1,2007,before_2016,USA,chicken breast
PDT000085211.2,Hadar,PDS000158106.134,2007,before_2016,USA,ground turkey
PDT000085229.2,Saintpaul,PDS000004385.49,2007,before_2016,USA,ground turkey
PDT000085230.2,Hadar,PDS000158106.134,2007,before_2016,USA,ground turkey
PDT000085231.2,Hadar,PDS000158106.134,2007,before_2016,USA,ground turkey
PDT000085232.2,Hadar,PDS000158106.134,2007,before_2016,USA,ground turkey
PDT000085233.2,Saintpaul,PDS000004385.49,2007,before_2016,USA,ground turkey
PDT000085234.2,"4,[5],12:i:-",PDS000253288.128,2007,before_2016,USA,chicken breast
PDT000085236.3,Heidelberg,PDS000029725.224,2007,before_2016,USA,chicken breast
PDT000085237.2,Hadar,PDS000158106.134,2007,before_2016,USA,ground turkey
PDT000085238.3,Enteritidis,PDS000030237.1756,2007,before_2016,USA,chicken breast
PDT000085240.2,Hadar,PDS000158106.134,2007,before_2016,USA,ground turkey
PDT000085243.3,Heidelberg,PDS000211943.33,2007,before_2016,USA,chicken breast
PDT000085245.2,Enteritidis,PDS000030237.1756,2007,before_2016,USA,chicken breast
PDT000085246.2,Hadar,PDS000158107.507,2007,before_2016,USA,ground turkey
PDT000085247.2,Hadar,PDS000158107.507,2007,before_2016,USA,ground turkey
PDT000085249.2,Hadar,PDS000158106.134,2007,before_2016,USA,ground turkey
PDT000085252.2,Saintpaul,PDS000004385.49,2007,before_2016,USA,ground turkey
PDT000085253.2,Saintpaul,PDS000004385.49,2007,before_2016,USA,ground turkey
PDT000085256.2,Hadar,PDS000158107.507,2007,before_2016,USA,ground turkey
PDT000085257.5,Montevideo,PDS000027237.426,2007,before_2016,USA,chicken breast
PDT000085258.3,Kentucky,PDS000004096.15,2007,before_2016,USA,chicken breast
PDT000085259.3,Kentucky,PDS000004096.15,2007,before_2016,USA,chicken breast
PDT000085260.3,Kentucky,PDS000260145.21,2007,before_2016,USA,chicken breast
PDT000085261.3,Kentucky,PDS000260145.21,2007,before_2016,USA,ground turkey
PDT000085262.3,Heidelberg,PDS000106159.105,2007,before_2016,USA,ground turkey
PDT000085263.3,Heidelberg,PDS000106159.105,2007,before_2016,USA,ground turkey
PDT000085264.5,Typhimurium,PDS000272319.1,2007,before_2016,USA,chicken breast
PDT000085266.3,Agona,PDS000028948.87,2007,before_2016,USA,ground turkey
PDT000085267.3,Saintpaul,PDS000004383.112,2007,before_2016,USA,ground turkey
PDT000085268.2,Saintpaul,PDS000004383.112,2007,before_2016,USA,chicken breast
PDT000085278.3,Kentucky,PDS000032330.3,2003,before_2016,USA,chicken breast
PDT000085279.3,Heidelberg,PDS000106159.105,2003,before_2016,USA,ground turkey
PDT000085280.3,Heidelberg,PDS000106159.105,2003,before_2016,USA,ground turkey
PDT000085284.2,Saintpaul,PDS000032619.14,2003,before_2016,USA,ground turkey
PDT000085495.2,Hadar,PDS000158106.134,2008,before_2016,USA,ground turkey
PDT000085499.3,Heidelberg,PDS000106159.105,2008,before_2016,USA,ground turkey
PDT000085522.2,"4,12:d:-",PDS000001682.46,2008,before_2016,USA,ground turkey
PDT000085523.2,Hadar,PDS000158106.134,2008,before_2016,USA,ground turkey
PDT000085524.3,Kentucky,PDS000004096.15,2008,before_2016,USA,chicken breast
PDT000085525.3,Schwarzengrund,PDS000004036.160,2008,before_2016,USA,ground turkey
PDT000085526.2,Hadar,PDS000158106.134,2008,before_2016,USA,ground turkey
PDT000085527.2,Hadar,PDS000158106.134,2008,before_2016,USA,ground turkey
PDT000085528.3,Senftenberg,PDS000032351.3,2008,before_2016,USA,ground turkey
PDT000085529.2,Hadar,PDS000158107.507,2008,before_2016,USA,ground turkey
PDT000085532.3,Derby,PDS000030727.2,2008,before_2016,USA,ground turkey
PDT000085533.2,Hadar,PDS000158106.134,2008,before_2016,USA,ground turkey
PDT000085534.2,Anatum,PDS000028987.15,2008,before_2016,USA,ground turkey
PDT000085535.3,Kentucky,PDS000217831.57,2008,before_2016,USA,chicken breast
PDT000085536.3,Agona,PDS000028948.87,2008,before_2016,USA,ground turkey
PDT000085830.2,"4,12:i:-",PDS000026788.13,2014,before_2016,USA,chicken breast
PDT000085831.2,Heidelberg,PDS000211943.33,2014,before_2016,USA,Chicken Wings
PDT000085834.2,Kentucky,PDS000260145.21,2014,before_2016,USA,chicken breast
PDT000085835.2,Enteritidis,PDS000030237.1756,2014,before_2016,USA,Chicken Thighs
PDT000085836.2,Enteritidis,PDS000030237.1756,2014,before_2016,USA,chicken breast
PDT000085837.2,Enteritidis,PDS000030237.1756,2014,before_2016,USA,chicken breast
PDT000085840.2,Schwarzengrund,PDS000002218.1068,2014,before_2016,USA,chicken breast
PDT000085841.2,Albany,PDS000032516.187,2014,before_2016,USA,ground turkey
PDT000085844.2,Senftenberg,PDS000032047.11,2014,before_2016,USA,chicken breast
PDT000085845.2,Typhimurium var. 5-,PDS000272319.1,2014,before_2016,USA,chicken breast
PDT000085846.2,Berta,PDS000026549.1050,2014,before_2016,USA,ground turkey
PDT000085847.2,Heidelberg,PDS000211943.33,2014,before_2016,USA,Chicken Thighs
PDT000085848.2,Heidelberg,PDS000106159.105,2014,before_2016,USA,ground turkey
PDT000085850.2,Heidelberg,PDS000211943.33,2014,before_2016,USA,chicken breast
PDT000085851.2,Heidelberg,PDS000029725.224,2014,before_2016,USA,Chicken Legs
PDT000085852.3,Mbandaka,PDS000233288.49,2014,before_2016,USA,Chicken Wings
PDT000085853.3,Anatum,PDS000028987.15,2014,before_2016,USA,ground turkey
PDT000085854.3,Typhimurium var. 5-,PDS000180814.35,2014,before_2016,USA,chicken breast
PDT000085855.5,Saintpaul,PDS000004383.112,2014,before_2016,USA,ground turkey
PDT000085856.3,Typhimurium var. 5-,PDS000272319.1,2014,before_2016,USA,chicken breast
PDT000085857.3,Typhimurium var. 5-,PDS000180814.35,2014,before_2016,USA,chicken breast
PDT000085858.3,Typhimurium var. 5-,PDS000180814.35,2014,before_2016,USA,chicken breast
PDT000085859.3,Berta,PDS000026549.1050,2014,before_2016,USA,ground turkey
PDT000085860.3,Typhimurium var. 5-,PDS000180814.35,2014,before_2016,USA,chicken breast
PDT000085861.3,Typhimurium var. 5-,PDS000026549.1050,2014,before_2016,USA,ground turkey
PDT000085862.3,Typhimurium var. 5-,PDS000158107.507,2014,before_2016,USA,ground turkey
PDT000085863.3,Heidelberg,PDS000078903.2,2014,before_2016,USA,Chicken Legs
PDT000085864.3,Saintpaul,PDS000004385.49,2014,before_2016,USA,ground turkey
PDT000085865.3,Heidelberg,PDS000211943.33,2014,before_2016,USA,chicken breast
PDT000085866.3,Typhimurium var. 5-,PDS000272319.1,2014,before_2016,USA,chicken breast
PDT000085867.3,Typhimurium var. 5-,PDS000272319.1,2014,before_2016,USA,chicken breast
PDT000085868.3,Kentucky,PDS000217831.57,2014,before_2016,USA,chicken breast
PDT000085869.3,Typhimurium,PDS000004611.37,2014,before_2016,USA,chicken breast
PDT000085870.3,Enteritidis,PDS000030237.1756,2014,before_2016,USA,chicken breast
PDT000085871.3,Kentucky,PDS000031355.1,2014,before_2016,USA,chicken breast
PDT000085872.3,Berta,PDS000026549.1050,2014,before_2016,USA,ground turkey
PDT000085873.3,Hadar,PDS000158106.134,2014,before_2016,USA,ground turkey
PDT000085874.3,Typhimurium var. 5-,PDS000180814.35,2014,before_2016,USA,chicken breast
PDT000085875.3,Saintpaul,PDS000004385.49,2014,before_2016,USA,ground turkey
PDT000085876.3,Saintpaul,PDS000004385.49,2014,before_2016,USA,ground turkey
PDT000085878.3,Kentucky,PDS000217831.57,2014,before_2016,USA,chicken breast
PDT000085879.3,Typhimurium var. 5-,PDS000272308.1,2014,before_2016,USA,Chicken Wings
PDT000085880.3,Enteritidis,PDS000083226.1311,2014,before_2016,USA,Chicken Legs
PDT000085881.3,Enteritidis,PDS000032668.1889,2014,before_2016,USA,chicken breast
PDT000085882.3,Reading,PDS000001887.891,2014,before_2016,USA,ground turkey
PDT000085883.3,Saintpaul,PDS000004385.49,2014,before_2016,USA,ground turkey
PDT000085884.3,Typhimurium var. 5-,PDS000272319.1,2014,before_2016,USA,chicken breast
PDT000085885.3,Heidelberg,PDS000106159.105,2014,before_2016,USA,chicken breast
PDT000085886.7,Heidelberg,PDS000028162.7,2014,before_2016,USA,ground turkey
PDT000085887.3,Saintpaul,PDS000029303.72,2014,before_2016,USA,ground turkey
PDT000085888.3,Saintpaul,PDS000004385.49,2014,before_2016,USA,ground turkey
PDT000085889.3,Kentucky,PDS000272606.2,2014,before_2016,USA,chicken breast
PDT000085890.3,Heidelberg,PDS000211943.33,2014,before_2016,USA,chicken breast
PDT000085891.3,Heidelberg,PDS000211943.33,2014,before_2016,USA,Chicken Legs
PDT000085892.3,Reading,PDS000001887.891,2014,before_2016,USA,ground turkey
PDT000085895.3,Schwarzengrund,PDS000002218.1068,2014,before_2016,USA,chicken breast
PDT000085896.3,Schwarzengrund,PDS000002218.1068,2014,before_2016,USA,chicken breast
PDT000085897.3,Schwarzengrund,PDS000032669.447,2014,before_2016,USA,Chicken Wings
PDT000085899.4,Heidelberg,PDS000106159.105,2014,before_2016,USA,ground turkey
PDT000085900.2,Typhimurium var. 5-,PDS000272319.1,2014,before_2016,USA,chicken breast
PDT000085901.2,Typhimurium var. 5-,PDS000272319.1,2014,before_2016,USA,chicken breast
PDT000085902.2,Typhimurium var. 5-,PDS000272319.1,2014,before_2016,USA,Chicken Wings
PDT000085903.2,Typhimurium var. 5-,PDS000272319.1,2014,before_2016,USA,chicken breast
PDT000085904.2,Berta,PDS000026549.1050,2014,before_2016,USA,ground turkey
PDT000085905.2,Senftenberg,PDS000158165.18,2014,before_2016,USA,ground turkey
PDT000085906.2,Kentucky,PDS000029426.101,2014,before_2016,USA,chicken breast
PDT000085907.2,Typhimurium var. 5-,PDS000180814.35,2014,before_2016,USA,chicken breast
PDT000085908.4,Heidelberg,PDS000106159.105,2014,before_2016,USA,ground turkey
PDT000085909.2,Hadar,PDS000158106.134,2014,before_2016,USA,ground turkey
PDT000085910.2,Typhimurium var. 5-,PDS000026720.161,2014,before_2016,USA,chicken breast
PDT000085911.2,Senftenberg,PDS000158165.18,2014,before_2016,USA,ground turkey
PDT000085912.3,Heidelberg,PDS000211943.33,2014,before_2016,USA,Chicken Wings
PDT000085913.2,Muenchen,PDS000198470.177,2014,before_2016,USA,ground turkey
PDT000085914.2,Infantis,PDS000003971.88,2014,before_2016,USA,ground turkey
PDT000085915.2,Enteritidis,PDS000030237.1756,2014,before_2016,USA,chicken breast
PDT000085916.2,Braenderup,PDS000032735.1192,2014,before_2016,USA,chicken breast
PDT000085918.2,Reading,PDS000001887.891,2014,before_2016,USA,ground turkey
PDT000085919.4,Albany,PDS000032516.187,2014,before_2016,USA,ground turkey
PDT000085920.2,Reading,PDS000001887.891,2014,before_2016,USA,ground turkey
PDT000085921.2,Enteritidis,PDS000030237.1756,2014,before_2016,USA,chicken breast
PDT000085922.2,Enteritidis,PDS000030237.1756,2014,before_2016,USA,chicken breast
PDT000085925.2,"4,[5],12:i:-",PDS000030237.1756,2014,before_2016,USA,chicken breast
PDT000085926.2,Enteritidis,PDS000030237.1756,2014,before_2016,USA,chicken breast
PDT000085927.2,Enteritidis,PDS000032668.1889,2014,before_2016,USA,chicken breast
PDT000085928.2,"4,[5],12:i:-",PDS000253288.128,2014,before_2016,USA,chicken breast
PDT000085929.2,Typhimurium var. 5-,PDS000272319.1,2014,before_2016,USA,chicken breast
PDT000085930.2,Heidelberg,PDS000211943.33,2014,before_2016,USA,chicken breast
PDT000085931.2,Kentucky,PDS000260145.21,2014,before_2016,USA,chicken breast
PDT000085932.2,Kentucky,PDS000272606.2,2014,before_2016,USA,chicken breast
PDT000085933.2,Schwarzengrund,PDS000030693.22,2014,before_2016,USA,ground turkey
PDT000085934.2,Typhimurium var. 5-,PDS000180814.35,2014,before_2016,USA,Chicken Thighs
PDT000085935.2,Blockley,PDS000157219.165,2014,before_2016,USA,chicken breast
PDT000085936.2,Kentucky,PDS000217831.57,2014,before_2016,USA,chicken breast
PDT000085937.2,Typhimurium var. 5-,PDS000272319.1,2014,before_2016,USA,chicken breast
PDT000085938.2,Hadar,PDS000158107.507,2014,before_2016,USA,ground turkey
PDT000085939.2,"4,12:d:-",PDS000001682.46,2014,before_2016,USA,ground turkey
PDT000085940.2,Reading,PDS000001887.891,2014,before_2016,USA,ground turkey
PDT000085941.2,Muenchen,PDS000198470.177,2014,before_2016,USA,ground turkey
PDT000085942.2,Typhimurium var. 5-,PDS000272319.1,2014,before_2016,USA,chicken breast
PDT000085943.2,Typhimurium var. 5-,PDS000272319.1,2014,before_2016,USA,chicken breast
PDT000085944.2,Typhimurium var. 5-,PDS000272319.1,2014,before_2016,USA,chicken breast
PDT000085945.2,Berta,PDS000026549.1050,2014,before_2016,USA,ground turkey
PDT000085947.2,Typhimurium var. 5-,PDS000272319.1,2014,before_2016,USA,chicken breast
PDT000085948.2,Enteritidis,PDS000032669.447,2014,before_2016,USA,chicken breast
PDT000085949.2,Anatum,PDS000028226.224,2014,before_2016,USA,ground turkey
PDT000085950.2,Enteritidis,PDS000030237.1756,2014,before_2016,USA,chicken breast
PDT000085951.2,Saintpaul,PDS000004385.49,2014,before_2016,USA,ground turkey
PDT000085953.2,Heidelberg,PDS000211943.33,2014,before_2016,USA,chicken breast
PDT000085954.2,Infantis,PDS000003971.88,2014,before_2016,USA,ground turkey
PDT000085955.2,Reading,PDS000001887.891,2014,before_2016,USA,ground turkey
PDT000085957.2,Kentucky,PDS000272606.2,2014,before_2016,USA,chicken breast
PDT000085958.2,Reading,PDS000001887.891,2014,before_2016,USA,ground turkey
PDT000085959.2,Kentucky,PDS000029426.101,2014,before_2016,USA,chicken breast
PDT000085960.2,Kentucky,PDS000029654.4,2014,before_2016,USA,chicken breast
PDT000085961.2,Typhimurium var. 5-,PDS000180629.13,2014,before_2016,USA,chicken breast
PDT000085962.2,Hadar,PDS000158107.507,2014,before_2016,USA,ground turkey
PDT000085964.2,Typhimurium var. 5-,PDS000272319.1,2014,before_2016,USA,chicken breast
PDT000085965.2,Schwarzengrund,PDS000004036.160,2014,before_2016,USA,ground turkey
PDT000085966.2,"4,12:d:-",PDS000001682.46,2014,before_2016,USA,ground turkey
PDT000085967.2,Montevideo,PDS000027859.12,2014,before_2016,USA,ground turkey
PDT000085969.2,Kentucky,PDS000217831.57,2014,before_2016,USA,chicken breast
PDT000085970.2,Typhimurium var. 5-,PDS000180814.35,2014,before_2016,USA,chicken breast
PDT000085971.2,Senftenberg,PDS000158165.18,2014,before_2016,USA,ground turkey
PDT000085972.2,Infantis,PDS000027077.594,2014,before_2016,USA,chicken breast
PDT000085973.2,Enteritidis,PDS000032668.1889,2014,before_2016,USA,chicken breast
PDT000085974.2,Berta,PDS000026549.1050,2014,before_2016,USA,ground turkey
PDT000085975.2,Berta,PDS000026549.1050,2014,before_2016,USA,ground turkey
PDT000085976.2,Infantis,PDS000027077.594,2014,before_2016,USA,chicken breast
PDT000085977.2,Kentucky,PDS000004848.8,2014,before_2016,USA,chicken breast
PDT000085978.2,Kentucky,PDS000260145.21,2014,before_2016,USA,Chicken Wings
PDT000085979.2,Heidelberg,PDS000211943.33,2014,before_2016,USA,chicken breast
PDT000085980.2,Kentucky,PDS000260145.21,2014,before_2016,USA,chicken breast
PDT000085981.2,Heidelberg,PDS000211943.33,2014,before_2016,USA,chicken breast
PDT000085982.2,Heidelberg,PDS000211943.33,2014,before_2016,USA,ground turkey
PDT000085983.2,Reading,PDS000001887.891,2014,before_2016,USA,ground turkey
PDT000085984.2,Reading,PDS000001887.891,2014,before_2016,USA,ground turkey
PDT000085985.2,Hadar,PDS000158106.134,2014,before_2016,USA,ground turkey
PDT000085987.2,Typhimurium var. 5-,PDS000272319.1,2014,before_2016,USA,chicken breast
PDT000085988.2,Typhimurium var. 5-,PDS000272319.1,2014,before_2016,USA,chicken breast
PDT000085990.2,Kentucky,PDS000272606.2,2014,before_2016,USA,chicken breast
PDT000085991.2,Kentucky,PDS000260145.21,2014,before_2016,USA,chicken breast
PDT000085992.2,"4,12:i:-",PDS000253288.128,2014,before_2016,USA,chicken breast
PDT000085993.2,Heidelberg,PDS000211943.33,2014,before_2016,USA,chicken breast
PDT000085994.2,Typhimurium var. 5-,PDS000180814.35,2014,before_2016,USA,chicken breast
PDT000085995.2,Thompson,PDS000032705.1749,2014,before_2016,USA,chicken breast
PDT000085996.2,Enteritidis,PDS000030237.1756,2014,before_2016,USA,chicken breast
PDT000085997.2,Reading,PDS000001887.891,2014,before_2016,USA,ground turkey
PDT000085999.2,Kentucky,PDS000260145.21,2014,before_2016,USA,chicken breast
PDT000086000.2,Thompson,PDS000032705.1749,2014,before_2016,USA,chicken breast
PDT000086001.2,Enteritidis,PDS000030237.1756,2014,before_2016,USA,chicken breast
PDT000086002.2,Enteritidis,PDS000030237.1756,2014,before_2016,USA,chicken breast
PDT000086003.2,Hadar,PDS000158107.507,2014,before_2016,USA,ground turkey
PDT000086004.2,Reading,PDS000001887.891,2014,before_2016,USA,ground turkey
PDT000086005.2,Albany,PDS000032516.187,2014,before_2016,USA,ground turkey
PDT000086006.2,Typhimurium var. 5-,PDS000180814.35,2014,before_2016,USA,chicken breast
PDT000086007.2,Hadar,PDS000158106.134,2014,before_2016,USA,ground turkey
PDT000086008.2,Saintpaul,PDS000004385.49,2014,before_2016,USA,ground turkey
PDT000086010.2,Reading,PDS000001887.891,2014,before_2016,USA,ground turkey
PDT000086011.2,Heidelberg,PDS000211943.33,2014,before_2016,USA,chicken breast
PDT000086012.2,Heidelberg,PDS000211943.33,2014,before_2016,USA,Chicken Wings
PDT000086013.2,Typhimurium var. 5-,PDS000081815.149,2014,before_2016,USA,Chicken Wings
PDT000086014.2,Saintpaul,PDS000029303.72,2014,before_2016,USA,ground turkey
PDT000086017.4,Albany,PDS000032516.187,2014,before_2016,USA,ground turkey
PDT000086018.5,Heidelberg,PDS000028162.7,2014,before_2016,USA,ground turkey
PDT000086020.2,Enteritidis,PDS000032668.1889,2014,before_2016,USA,Chicken Legs
PDT000086021.2,Typhimurium var. 5-,PDS000272319.1,2014,before_2016,USA,chicken breast
PDT000086022.2,Reading,PDS000001887.891,2014,before_2016,USA,ground turkey
PDT000086023.2,Brandenburg,PDS000026782.249,2014,before_2016,USA,ground turkey
PDT000086024.3,Reading,PDS000001887.891,2014,before_2016,USA,ground turkey
PDT000086026.3,Enteritidis,PDS000032668.1889,2014,before_2016,USA,Chicken Thighs
PDT000086027.3,Enteritidis,PDS000032668.1889,2014,before_2016,USA,chicken breast
PDT000086028.3,Schwarzengrund,PDS000004036.160,2014,before_2016,USA,ground turkey
PDT000086029.3,Heidelberg,PDS000211943.33,2014,before_2016,USA,Chicken Wings
PDT000086030.3,Enteritidis,PDS000032668.1889,2014,before_2016,USA,chicken breast
PDT000086031.3,Kentucky,PDS000260145.21,2014,before_2016,USA,Chicken Wings
PDT000086033.2,Infantis,PDS000027076.971,2014,before_2016,USA,Chicken Wings
PDT000086036.2,Mbandaka,PDS000233286.165,2014,before_2016,USA,chicken breast
PDT000086037.2,Kentucky,PDS000272606.2,2014,before_2016,USA,chicken breast
PDT000086038.2,Kentucky,PDS000272606.2,2014,before_2016,USA,chicken breast
PDT000086039.2,Kentucky,PDS000029426.101,2014,before_2016,USA,chicken breast
PDT000086040.2,Kentucky,PDS000029426.101,2014,before_2016,USA,chicken breast
PDT000086041.2,Typhimurium var. 5-,PDS000272319.1,2014,before_2016,USA,chicken breast
PDT000086042.2,Mbandaka,PDS000233288.49,2014,before_2016,USA,chicken breast
PDT000086045.2,Kentucky,PDS000029426.101,2014,before_2016,USA,chicken breast
PDT000086046.2,Kentucky,PDS000029426.101,2014,before_2016,USA,chicken breast
PDT000086047.2,Kentucky,PDS000029426.101,2014,before_2016,USA,chicken breast
PDT000086048.2,Kentucky,PDS000260145.21,2014,before_2016,USA,chicken breast
PDT000086050.2,Enteritidis,PDS000032668.1889,2014,before_2016,USA,chicken breast
PDT000086051.2,Kentucky,PDS000029426.101,2014,before_2016,USA,chicken breast
PDT000086052.2,Reading,PDS000001887.891,2014,before_2016,USA,ground turkey
PDT000086053.2,Reading,PDS000001887.891,2014,before_2016,USA,ground turkey
PDT000086054.2,Heidelberg,PDS000211943.33,2014,before_2016,USA,chicken breast
PDT000086055.2,Kentucky,PDS000260145.21,2014,before_2016,USA,chicken breast
PDT000086056.2,Enteritidis,PDS000032668.1889,2014,before_2016,USA,chicken breast
PDT000086057.2,Hadar,PDS000158107.507,2014,before_2016,USA,ground turkey
PDT000086058.2,Kentucky,PDS000272606.2,2014,before_2016,USA,chicken breast
PDT000086059.2,Typhimurium var. 5-,PDS000029726.9,2014,before_2016,USA,ground turkey
PDT000086060.2,Heidelberg,PDS000211943.33,2014,before_2016,USA,chicken breast
PDT000086063.2,Kentucky,PDS000272606.2,2014,before_2016,USA,chicken breast
PDT000086064.2,Typhimurium,PDS000029303.72,2014,before_2016,USA,ground turkey
PDT000086065.2,Kentucky,PDS000260145.21,2014,before_2016,USA,chicken breast
PDT000086066.2,Typhimurium var. 5-,PDS000272319.1,2014,before_2016,USA,chicken breast
PDT000086067.2,Hadar,PDS000158107.507,2014,before_2016,USA,ground turkey
PDT000086068.2,Hadar,PDS000158107.507,2014,before_2016,USA,ground turkey
PDT000086069.2,Typhimurium var. 5-,PDS000180814.35,2014,before_2016,USA,Chicken Wings
PDT000086070.2,Muenchen,PDS000198470.177,2014,before_2016,USA,ground turkey
PDT000086071.2,Kentucky,PDS000260145.21,2014,before_2016,USA,Chicken Wings
PDT000086072.2,Muenchen,PDS000198470.177,2014,before_2016,USA,ground turkey
PDT000086074.2,Hadar,PDS000158107.507,2014,before_2016,USA,ground turkey
PDT000086076.2,Heidelberg,PDS000211943.33,2014,before_2016,USA,Chicken Legs
PDT000086077.2,Heidelberg,PDS000211943.33,2014,before_2016,USA,chicken breast
PDT000086078.2,Muenchen,PDS000198470.177,2014,before_2016,USA,ground turkey
PDT000086079.2,Enteritidis,PDS000032668.1889,2014,before_2016,USA,Chicken Legs
PDT000086080.2,Heidelberg,PDS000211943.33,2014,before_2016,USA,Chicken Thighs
PDT000086081.2,Hadar,PDS000158107.507,2014,before_2016,USA,ground turkey
PDT000086082.2,Schwarzengrund,PDS000002218.1068,2014,before_2016,USA,chicken breast
PDT000086083.2,Brandenburg,PDS000026782.249,2014,before_2016,USA,ground turkey
PDT000086084.2,Typhimurium var. 5-,PDS000272319.1,2014,before_2016,USA,chicken breast
PDT000086085.2,Albany,PDS000032516.187,2014,before_2016,USA,ground turkey
PDT000086086.2,Reading,PDS000001887.891,2014,before_2016,USA,ground turkey
PDT000086087.2,Reading,PDS000001887.891,2014,before_2016,USA,ground turkey
PDT000086088.2,Saintpaul,PDS000004383.112,2014,before_2016,USA,ground turkey
PDT000086093.2,Albany,PDS000032516.187,2014,before_2016,USA,ground turkey
PDT000086095.2,Heidelberg,PDS000211943.33,2014,before_2016,USA,chicken breast
PDT000086096.2,Enteritidis,PDS000032668.1889,2014,before_2016,USA,Chicken Legs
PDT000086097.2,Kentucky,PDS000272606.2,2014,before_2016,USA,chicken breast
PDT000086098.2,Reading,PDS000001887.891,2014,before_2016,USA,ground turkey
PDT000086099.2,Saintpaul,PDS000029303.72,2014,before_2016,USA,ground turkey
PDT000086455.2,Hadar,PDS000158106.134,2007,before_2016,USA,ground turkey
PDT000086456.2,Hadar,PDS000158107.507,2007,before_2016,USA,ground turkey
PDT000086457.2,Worthington,PDS000030495.43,2007,before_2016,USA,ground turkey
PDT000086475.3,Heidelberg,PDS000106159.105,2008,before_2016,USA,ground turkey
PDT000086477.2,Hadar,PDS000158106.134,2008,before_2016,USA,ground turkey
PDT000086480.3,Senftenberg,PDS000002489.96,2008,before_2016,USA,ground turkey
PDT000086481.3,Typhimurium,PDS000272319.1,2008,before_2016,USA,chicken breast
PDT000086483.3,Typhimurium,PDS000272319.1,2008,before_2016,USA,chicken breast
PDT000086484.3,Derby,PDS000004136.77,2008,before_2016,USA,ground turkey
PDT000086485.3,Enteritidis,PDS000030237.1756,2008,before_2016,USA,chicken breast
PDT000086486.3,Agona,PDS000214890.285,2008,before_2016,USA,ground turkey
PDT000086487.3,Enteritidis,PDS000030237.1756,2008,before_2016,USA,chicken breast
PDT000086489.2,Berta,PDS000026549.1050,2008,before_2016,USA,ground turkey
PDT000086491.2,"4,12:d:-",PDS000001682.46,2008,before_2016,USA,ground turkey
PDT000086493.3,Typhimurium,PDS000272319.1,2008,before_2016,USA,chicken breast
PDT000086494.3,Kentucky,PDS000260145.21,2008,before_2016,USA,chicken breast
PDT000086518.2,Hadar,PDS000158106.134,2008,before_2016,USA,ground turkey
PDT000086519.2,"4,12:i:-",PDS000028763.22,2008,before_2016,USA,chicken breast
PDT000086520.3,Heidelberg,PDS000211943.33,2008,before_2016,USA,chicken breast
PDT000086537.2,Saintpaul,PDS000032619.14,2007,before_2016,USA,ground turkey
PDT000086538.3,Heidelberg,PDS000211943.33,2008,before_2016,USA,chicken breast
PDT000086539.3,Heidelberg,PDS000106159.105,2007,before_2016,USA,ground turkey
PDT000086541.3,Heidelberg,PDS000211943.33,2007,before_2016,USA,chicken breast
PDT000086542.3,Enteritidis,PDS000032668.1889,2008,before_2016,USA,chicken breast
PDT000086543.3,Schwarzengrund,PDS000030760.2,2007,before_2016,USA,ground turkey
PDT000086544.3,Heidelberg,PDS000106159.105,2008,before_2016,USA,chicken breast
PDT000086545.3,Schwarzengrund,PDS000030760.2,2007,before_2016,USA,ground turkey
PDT000086546.3,Montevideo,PDS000036023.2,2008,before_2016,USA,chicken breast
PDT000086547.3,Typhimurium,PDS000272319.1,2007,before_2016,USA,chicken breast
PDT000086548.2,Hadar,PDS000158106.134,2008,before_2016,USA,ground turkey
PDT000086549.3,Muenchen,PDS000198470.177,2007,before_2016,USA,ground turkey
PDT000086551.2,Hadar,PDS000158107.507,2007,before_2016,USA,ground turkey
PDT000086553.3,Enteritidis,PDS000030237.1756,2008,before_2016,USA,chicken breast
PDT000086850.3,Heidelberg,PDS000211943.33,2008,before_2016,USA,chicken breast
PDT000086851.3,Heidelberg,PDS000211943.33,2008,before_2016,USA,chicken breast
PDT000086852.3,Saintpaul,PDS000004383.112,2008,before_2016,USA,ground turkey
PDT000086853.2,Hadar,PDS000114063.1,2008,before_2016,USA,ground turkey
PDT000086880.2,Hadar,PDS000158106.134,2008,before_2016,USA,ground turkey
PDT000086881.2,Hadar,PDS000158106.134,2008,before_2016,USA,ground turkey
PDT000086882.2,Saintpaul,PDS000004385.49,2008,before_2016,USA,ground turkey
PDT000086883.2,Hadar,PDS000158106.134,2008,before_2016,USA,ground turkey
PDT000086884.3,Newport,PDS000002493.35,2008,before_2016,USA,ground turkey
PDT000086912.2,Hadar,PDS000158107.507,2007,before_2016,USA,ground turkey
PDT000086913.3,Heidelberg,PDS000029759.23,2003,before_2016,USA,ground turkey
PDT000087031.2,"4,12:i:-",PDS000253288.128,2008,before_2016,USA,chicken breast
PDT000087033.2,"4,12:i:-",PDS000026780.1,2008,before_2016,USA,chicken breast
PDT000087034.3,Heidelberg,PDS000106159.105,2008,before_2016,USA,ground turkey
PDT000087035.3,Enteritidis,PDS000030237.1756,2008,before_2016,USA,chicken breast
PDT000087036.2,Enteritidis,PDS000030237.1756,2008,before_2016,USA,chicken breast
PDT000087037.3,Saintpaul,PDS000004383.112,2008,before_2016,USA,ground turkey
PDT000087038.3,Heidelberg,PDS000106159.105,2008,before_2016,USA,ground turkey
PDT000087049.3,Heidelberg,PDS000106159.105,2008,before_2016,USA,ground turkey
PDT000087050.3,Typhimurium,PDS000030726.2,2008,before_2016,USA,chicken breast
PDT000087051.4,Typhimurium,PDS000272319.1,2008,before_2016,USA,chicken breast
PDT000087052.2,Hadar,PDS000158106.134,2008,before_2016,USA,ground turkey
PDT000087053.4,Hadar,PDS000158107.507,2008,before_2016,USA,ground turkey
PDT000087054.3,Enteritidis,PDS000030237.1756,2008,before_2016,USA,chicken breast
PDT000087055.2,Hadar,PDS000158107.507,2008,before_2016,USA,ground turkey
PDT000087056.3,Derby,PDS000004136.77,2008,before_2016,USA,ground turkey
PDT000087058.3,Derby,PDS000004136.77,2008,before_2016,USA,ground turkey
PDT000087059.4,Heidelberg,PDS000106159.105,2008,before_2016,USA,ground turkey
PDT000087060.2,Hadar,PDS000158106.134,2008,before_2016,USA,ground turkey
PDT000087061.4,Senftenberg,PDS000266616.2,2008,before_2016,USA,ground turkey
PDT000087063.2,Mbandaka,PDS000206467.29,2008,before_2016,USA,chicken breast
PDT000087064.2,Worthington,PDS000030495.43,2007,before_2016,USA,ground turkey
PDT000087065.3,Kentucky,PDS000217831.57,2007,before_2016,USA,chicken breast
PDT000087066.3,Enteritidis,PDS000030237.1756,2007,before_2016,USA,chicken breast
PDT000087067.3,Typhimurium,PDS000272319.1,2007,before_2016,USA,chicken breast
PDT000087068.3,Kentucky,PDS000260145.21,2007,before_2016,USA,chicken breast
PDT000087069.3,Enteritidis,PDS000030237.1756,2007,before_2016,USA,chicken breast
PDT000087070.3,Typhimurium,PDS000272319.1,2007,before_2016,USA,chicken breast
PDT000087071.3,Heidelberg,PDS000211943.33,2007,before_2016,USA,ground turkey
PDT000087072.2,Enteritidis,PDS000004720.200,2007,before_2016,USA,chicken breast
PDT000087073.2,Saintpaul,PDS000032619.14,2007,before_2016,USA,ground turkey
PDT000087074.3,Typhimurium,PDS000272319.1,2007,before_2016,USA,chicken breast
PDT000087075.2,Saintpaul,PDS000032619.14,2007,before_2016,USA,ground turkey
PDT000087076.3,Schwarzengrund,PDS000030760.2,2007,before_2016,USA,ground turkey
PDT000087077.3,Derby,PDS000004136.77,2007,before_2016,USA,ground turkey
PDT000087078.3,Kentucky,PDS000217831.57,2007,before_2016,USA,chicken breast
PDT000087080.3,Agona,PDS000028948.87,2007,before_2016,USA,ground turkey
PDT000087384.2,Berta,PDS000026549.1050,2008,before_2016,USA,ground turkey
PDT000087385.3,Muenchen,PDS000198470.177,2008,before_2016,USA,ground turkey
PDT000087386.3,Heidelberg,PDS000106159.105,2008,before_2016,USA,ground turkey
PDT000087388.2,Hadar,PDS000158106.134,2008,before_2016,USA,ground turkey
PDT000087389.3,Heidelberg,PDS000211943.33,2008,before_2016,USA,chicken breast
PDT000087390.3,Schwarzengrund,PDS000032316.11,2008,before_2016,USA,ground turkey
PDT000087391.2,Hadar,PDS000158106.134,2008,before_2016,USA,ground turkey
PDT000092468.2,Braenderup,PDS000030729.7,2008,before_2016,USA,chicken breast
PDT000092469.2,Hadar,PDS000158106.134,2008,before_2016,USA,ground turkey
PDT000092470.2,Saintpaul,PDS000004385.49,2008,before_2016,USA,ground turkey
PDT000092471.2,Hadar,PDS000158106.134,2008,before_2016,USA,ground turkey
PDT000092949.3,Heidelberg,PDS000029759.23,2008,before_2016,USA,ground turkey
PDT000092950.3,Infantis,PDS000027076.971,2008,before_2016,USA,chicken breast
PDT000092951.3,Heidelberg,PDS000078903.2,2008,before_2016,USA,chicken breast
PDT000092952.3,Heidelberg,PDS000078903.2,2008,before_2016,USA,chicken breast
PDT000092953.3,Heidelberg,PDS000106159.105,2008,before_2016,USA,ground turkey
PDT000093268.3,Kentucky,PDS000260145.21,2008,before_2016,USA,chicken breast
PDT000093269.3,Kentucky,PDS000029725.224,2008,before_2016,USA,chicken breast
PDT000093270.3,Heidelberg,PDS000211943.33,2008,before_2016,USA,chicken breast
PDT000093271.3,Heidelberg,PDS000211943.33,2008,before_2016,USA,chicken breast
PDT000093272.2,Hadar,PDS000158106.134,2008,before_2016,USA,ground turkey
PDT000093273.2,Hadar,PDS000158106.134,2008,before_2016,USA,ground turkey
PDT000093956.3,Enteritidis,PDS000030237.1756,2008,before_2016,USA,chicken breast
PDT000093957.3,Heidelberg,PDS000211943.33,2008,before_2016,USA,chicken breast
PDT000093958.3,Enteritidis,PDS000032668.1889,2008,before_2016,USA,chicken breast
PDT000093959.3,Heidelberg,PDS000106159.105,2008,before_2016,USA,ground turkey
PDT000093960.3,Heidelberg,PDS000106159.105,2008,before_2016,USA,ground turkey
PDT000093961.3,Typhimurium,PDS000272319.1,2008,before_2016,USA,chicken breast
PDT000093962.3,Heidelberg,PDS000211943.33,2008,before_2016,USA,chicken breast
PDT000093995.3,Montevideo,PDS000220821.146,2004,before_2016,USA,chicken breast
PDT000093996.2,Hadar,PDS000158106.134,2004,before_2016,USA,chicken breast
PDT000093997.2,Saintpaul,PDS000032619.14,2004,before_2016,USA,ground turkey
PDT000093998.3,Heidelberg,PDS000106159.105,2004,before_2016,USA,ground turkey
PDT000093999.2,Hadar,PDS000158106.134,2004,before_2016,USA,chicken breast
PDT000094000.2,Enteritidis,PDS000030731.11,2008,before_2016,USA,chicken breast
PDT000094003.3,Heidelberg,PDS000106159.105,2008,before_2016,USA,ground turkey
PDT000094004.3,Heidelberg,PDS000106159.105,2008,before_2016,USA,ground turkey
PDT000094005.3,Enteritidis,PDS000030237.1756,2008,before_2016,USA,chicken breast
PDT000094006.2,Berta,PDS000026549.1050,2008,before_2016,USA,ground turkey
PDT000094007.2,Berta,PDS000026549.1050,2008,before_2016,USA,ground turkey
PDT000094008.3,Heidelberg,PDS000106159.105,2008,before_2016,USA,ground turkey
PDT000094009.2,Saintpaul,PDS000004385.49,2008,before_2016,USA,ground turkey
PDT000094010.3,Heidelberg,PDS000106159.105,2008,before_2016,USA,ground turkey
PDT000094694.4,Schwarzengrund,PDS000032316.11,2004,before_2016,USA,ground turkey
PDT000094695.3,Schwarzengrund,PDS000032316.11,2004,before_2016,USA,ground turkey
PDT000094696.4,Schwarzengrund,PDS000032316.11,2004,before_2016,USA,ground turkey
PDT000094697.4,Schwarzengrund,PDS000032316.11,2004,before_2016,USA,ground turkey
PDT000094698.3,Schwarzengrund,PDS000032316.11,2004,before_2016,USA,ground turkey
PDT000094699.3,Schwarzengrund,PDS000032316.11,2004,before_2016,USA,ground turkey
PDT000094700.3,Schwarzengrund,PDS000032316.11,2004,before_2016,USA,ground turkey
PDT000094704.2,Saintpaul,PDS000032619.14,2008,before_2016,USA,ground turkey
PDT000094705.3,Heidelberg,PDS000106159.105,2008,before_2016,USA,ground turkey
PDT000094706.2,Anatum,PDS000018378.4,2008,before_2016,USA,chicken breast
PDT000094707.2,Hadar,PDS000114063.1,2008,before_2016,USA,ground turkey
PDT000094708.3,Heidelberg,PDS000106159.105,2008,before_2016,USA,ground turkey
PDT000094709.3,Enteritidis,PDS000030237.1756,2008,before_2016,USA,chicken breast
PDT000094710.3,Heidelberg,PDS000106159.105,2008,before_2016,USA,ground turkey
PDT000094711.3,Heidelberg,PDS000106159.105,2008,before_2016,USA,ground turkey
PDT000094712.2,Hadar,PDS000158107.507,2008,before_2016,USA,ground turkey
PDT000094904.3,Brandenburg,PDS000026782.249,2008,before_2016,USA,ground turkey
PDT000094905.2,Mbandaka,PDS000233288.49,2008,before_2016,USA,chicken breast
PDT000094907.2,Minnesota,PDS000001973.8,2004,before_2016,USA,ground turkey
PDT000094909.3,Heidelberg,PDS000029759.23,2004,before_2016,USA,ground turkey
PDT000094911.3,Typhimurium,PDS000272319.1,2004,before_2016,USA,chicken breast
PDT000094912.3,Typhimurium,PDS000272319.1,2004,before_2016,USA,chicken breast
PDT000094914.3,Typhimurium,PDS000272319.1,2004,before_2016,USA,chicken breast
PDT000094915.3,Heidelberg,PDS000029759.23,2003,before_2016,USA,ground turkey
PDT000095334.3,Typhimurium,PDS000272319.1,2008,before_2016,USA,chicken breast
PDT000095335.2,Anatum,PDS000026575.381,2008,before_2016,USA,ground turkey
PDT000095336.3,Heidelberg,PDS000211943.33,2008,before_2016,USA,ground turkey
PDT000095338.3,Heidelberg,PDS000106159.105,2008,before_2016,USA,ground turkey
PDT000095339.2,Meleagridis,PDS000030981.208,2008,before_2016,USA,chicken breast
PDT000095340.2,"4,[5],12:r:-",PDS000106159.105,2008,before_2016,USA,ground turkey
PDT000095341.3,Heidelberg,PDS000106159.105,2008,before_2016,USA,ground turkey
PDT000095342.3,Heidelberg,PDS000106159.105,2008,before_2016,USA,ground turkey
PDT000095343.3,Heidelberg,PDS000106159.105,2008,before_2016,USA,ground turkey
PDT000095344.3,Heidelberg,PDS000106159.105,2008,before_2016,USA,ground turkey
PDT000095345.2,Hadar,PDS000030733.1,2008,before_2016,USA,ground turkey
PDT000095364.2,Hadar,PDS000158106.134,2008,before_2016,USA,ground turkey
PDT000095365.2,Hadar,PDS000158106.134,2008,before_2016,USA,ground turkey
PDT000095366.3,Muenchen,PDS000030728.3,2008,before_2016,USA,chicken breast
PDT000095367.2,"4,[5],12:i:-",PDS000028763.22,2008,before_2016,USA,chicken breast
PDT000095368.2,Braenderup,PDS000030729.7,2008,before_2016,USA,chicken breast
PDT000095369.3,Heidelberg,PDS000106159.105,2008,before_2016,USA,ground turkey
PDT000095450.3,Kentucky,PDS000112666.285,2004,before_2016,USA,chicken breast
PDT000095451.3,Heidelberg,PDS000211943.33,2004,before_2016,USA,chicken breast
PDT000095452.3,Heidelberg,PDS000211943.33,2004,before_2016,USA,chicken breast
PDT000095453.3,Heidelberg,PDS000029759.23,2004,before_2016,USA,ground turkey
PDT000095454.3,Heidelberg,PDS000029759.23,2004,before_2016,USA,ground turkey
PDT000095455.3,Heidelberg,PDS000211943.33,2004,before_2016,USA,chicken breast
PDT000095456.3,Kentucky,PDS000032139.2,2004,before_2016,USA,chicken breast
PDT000096248.3,Schwarzengrund,PDS000004036.160,2008,before_2016,USA,ground turkey
PDT000096250.3,Derby,PDS000030727.2,2008,before_2016,USA,ground turkey
PDT000096606.4,Saintpaul,PDS000004385.49,2008,before_2016,USA,ground turkey
PDT000096607.5,Anatum,PDS000028226.224,2008,before_2016,USA,ground turkey
PDT000096608.3,Heidelberg,PDS000106159.105,2008,before_2016,USA,ground turkey
PDT000096609.3,Saintpaul,PDS000004383.112,2008,before_2016,USA,ground turkey
PDT000096612.2,Anatum,PDS000028226.224,2008,before_2016,USA,ground turkey
PDT000096937.2,Hadar,PDS000158107.507,2008,before_2016,USA,ground turkey
PDT000096938.3,Enteritidis,PDS000030237.1756,2008,before_2016,USA,chicken breast
PDT000096939.3,Schwarzengrund,PDS000030760.2,2008,before_2016,USA,ground turkey
PDT000096940.2,Hadar,PDS000158107.507,2008,before_2016,USA,ground turkey
PDT000096941.3,Saintpaul,PDS000004383.112,2008,before_2016,USA,ground turkey
PDT000096945.3,Heidelberg,PDS000106159.105,2008,before_2016,USA,ground turkey
PDT000097338.2,Hadar,PDS000158106.134,2008,before_2016,USA,ground turkey
PDT000097339.2,Hadar,PDS000158106.134,2008,before_2016,USA,ground turkey
PDT000097343.3,Kentucky,PDS000260145.21,2008,before_2016,USA,chicken breast
PDT000097345.3,Heidelberg,PDS000211943.33,2008,before_2016,USA,chicken breast
PDT000097346.2,Anatum,PDS000002394.26,2008,before_2016,USA,ground turkey
PDT000097347.2,Hadar,PDS000158107.507,2008,before_2016,USA,ground turkey
PDT000097348.3,Kentucky,PDS000217831.57,2008,before_2016,USA,chicken breast
PDT000097349.2,Anatum,PDS000028226.224,2008,before_2016,USA,ground turkey
PDT000097353.2,Hadar,PDS000158107.507,2008,before_2016,USA,ground turkey
PDT000097409.2,Typhimurium var. 5-,PDS000272319.1,2009,before_2016,USA,chicken breast
PDT000097410.2,Typhimurium var. 5-,PDS000272319.1,2009,before_2016,USA,chicken breast
PDT000097411.2,Typhimurium var. 5-,PDS000272319.1,2009,before_2016,USA,chicken breast
PDT000097412.2,Typhimurium var. 5-,PDS000180814.35,2009,before_2016,USA,chicken breast
PDT000097413.2,Saintpaul,PDS000004385.49,2009,before_2016,USA,ground turkey
PDT000097414.2,Typhimurium var. 5-,PDS000272319.1,2009,before_2016,USA,chicken breast
PDT000097415.2,Typhimurium var. 5-,PDS000272319.1,2009,before_2016,USA,chicken breast
PDT000098174.3,Kentucky,PDS000217831.57,2008,before_2016,USA,chicken breast
PDT000098175.3,Kentucky,PDS000260145.21,2008,before_2016,USA,chicken breast
PDT000098179.3,Kentucky,PDS000217831.57,2008,before_2016,USA,chicken breast
PDT000098180.3,Kentucky,PDS000029459.135,2008,before_2016,USA,chicken breast
PDT000098181.2,Saintpaul,PDS000004385.49,2008,before_2016,USA,ground turkey
PDT000098772.2,Infantis,PDS000003971.88,2010,before_2016,USA,ground turkey
PDT000098773.2,Berta,PDS000026549.1050,2010,before_2016,USA,ground turkey
PDT000098774.2,Enteritidis,PDS000030237.1756,2010,before_2016,USA,chicken breast
PDT000098775.2,"18:z4,z23:-",PDS000001234.65,2010,before_2016,USA,ground turkey
PDT000098776.2,Typhimurium var. 5-,PDS000272319.1,2010,before_2016,USA,chicken breast
PDT000098777.2,Typhimurium var. 5-,PDS000272319.1,2010,before_2016,USA,chicken breast
PDT000098778.2,Typhimurium var. 5-,PDS000272319.1,2010,before_2016,USA,chicken breast
PDT000098780.2,Typhimurium var. 5-,PDS000272319.1,2010,before_2016,USA,chicken breast
PDT000098781.2,Typhimurium,PDS000004385.49,2010,before_2016,USA,ground turkey
PDT000098782.2,Saintpaul,PDS000004385.49,2010,before_2016,USA,ground turkey
PDT000100157.3,Heidelberg,PDS000106159.105,2010,before_2016,USA,ground turkey
PDT000100158.2,Typhimurium var. 5-,PDS000272319.1,2010,before_2016,USA,chicken breast
PDT000100159.4,Saintpaul,PDS000004383.112,2010,before_2016,USA,ground turkey
PDT000100160.2,Typhimurium var. 5-,PDS000272092.3,2010,before_2016,USA,chicken breast
PDT000100161.3,Brandenburg,PDS000026782.249,2010,before_2016,USA,ground turkey
PDT000100162.2,Albany,PDS000030237.1756,2010,before_2016,USA,ground turkey
PDT000100163.2,Enteritidis,PDS000032516.187,2010,before_2016,USA,chicken breast
PDT000100164.2,Hadar,PDS000158106.134,2010,before_2016,USA,ground turkey
PDT000100165.2,Typhimurium var. 5-,PDS000272319.1,2010,before_2016,USA,chicken breast
PDT000100166.4,Saintpaul,PDS000004383.112,2010,before_2016,USA,ground turkey
PDT000100167.2,"4,[5],12:r:-",PDS000106159.105,2010,before_2016,USA,ground turkey
PDT000100168.2,Typhimurium var. 5-,PDS000272319.1,2010,before_2016,USA,chicken breast
PDT000100169.2,Typhimurium var. 5-,PDS000026723.1,2010,before_2016,USA,chicken breast
PDT000100170.3,Kentucky,PDS000260145.21,2010,before_2016,USA,chicken breast
PDT000100205.1,Agona,PDS000028904.114,2011,before_2016,USA,ground turkey
PDT000100206.1,Muenster,PDS000026726.1,2011,before_2016,USA,ground turkey
PDT000100207.1,Typhimurium,PDS000272319.1,2011,before_2016,USA,chicken breast
PDT000100208.1,Typhimurium var. 5-,PDS000026712.72,2011,before_2016,USA,ground turkey
PDT000100209.1,Hadar,PDS000028426.1,2011,before_2016,USA,ground turkey
PDT000100210.1,Senftenberg,PDS000266616.2,2011,before_2016,USA,ground turkey
PDT000100211.1,Typhimurium,PDS000026825.612,2011,before_2016,USA,ground turkey
PDT000100212.1,Hadar,PDS000158107.507,2011,before_2016,USA,ground turkey
PDT000100214.1,Typhimurium,PDS000180814.35,2011,before_2016,USA,chicken breast
PDT000100215.1,Saintpaul,PDS000004383.112,2011,before_2016,USA,ground turkey
PDT000100216.1,Litchfield,PDS000032548.605,2011,before_2016,USA,chicken breast
PDT000100217.1,Saintpaul,PDS000004383.112,2011,before_2016,USA,ground turkey
PDT000100218.1,Reading,PDS000001887.891,2011,before_2016,USA,ground turkey
PDT000100219.1,Hadar,PDS000028426.1,2011,before_2016,USA,ground turkey
PDT000100222.1,Typhimurium var. 5-,PDS000272319.1,2011,before_2016,USA,chicken breast
PDT000100223.1,Typhimurium,PDS000180814.35,2011,before_2016,USA,chicken breast
PDT000100224.1,Derby,PDS000004136.77,2011,before_2016,USA,ground turkey
PDT000100225.1,Kentucky,PDS000032526.25,2011,before_2016,USA,chicken breast
PDT000100226.1,Typhimurium,PDS000272319.1,2011,before_2016,USA,ground turkey
PDT000100227.1,Enteritidis,PDS000030237.1756,2011,before_2016,USA,chicken breast
PDT000100228.1,Saintpaul,PDS000004383.112,2011,before_2016,USA,ground turkey
PDT000100229.1,Heidelberg,PDS000106159.105,2011,before_2016,USA,ground turkey
PDT000100230.1,Mbandaka,PDS000254691.15,2011,before_2016,USA,chicken breast
PDT000100231.1,Saintpaul,PDS000004383.112,2011,before_2016,USA,ground turkey
PDT000100232.1,Saintpaul,PDS000004383.112,2011,before_2016,USA,ground turkey
PDT000100233.1,Thompson,PDS000032705.1749,2011,before_2016,USA,ground turkey
PDT000100235.1,Senftenberg,PDS000220818.1,2011,before_2016,USA,ground turkey
PDT000100237.1,Senftenberg,PDS000045773.143,2012,before_2016,USA,ground turkey
PDT000100238.1,Anatum,PDS000004217.20,2012,before_2016,USA,ground turkey
PDT000100241.1,Typhimurium,PDS000272319.1,2012,before_2016,USA,chicken breast
PDT000100242.1,Typhimurium var. 5-,PDS000253288.128,2012,before_2016,USA,ground turkey
PDT000100243.1,Derby,PDS000004136.77,2012,before_2016,USA,ground turkey
PDT000100244.1,Kentucky,PDS000029503.1,2012,before_2016,USA,chicken breast
PDT000100246.1,Schwarzengrund,PDS000004040.87,2012,before_2016,USA,ground turkey
PDT000100247.1,Hadar,PDS000158107.507,2012,before_2016,USA,ground turkey
PDT000100249.1,Infantis,PDS000027077.594,2012,before_2016,USA,ground turkey
PDT000100250.1,Javiana,PDS000028584.31,2012,before_2016,USA,ground turkey
PDT000100251.1,Typhimurium var. 5-,PDS000272319.1,2011,before_2016,USA,chicken breast
PDT000100252.1,Bredeney,PDS000004047.7,2011,before_2016,USA,ground turkey
PDT000100254.1,Saintpaul,PDS000004383.112,2011,before_2016,USA,ground turkey
PDT000100255.1,Heidelberg,PDS000106159.105,2011,before_2016,USA,ground turkey
PDT000100256.1,Kentucky,PDS000260145.21,2011,before_2016,USA,chicken breast
PDT000100257.1,Saintpaul,PDS000004383.112,2011,before_2016,USA,ground turkey
PDT000100258.1,Saintpaul,PDS000004383.112,2011,before_2016,USA,ground turkey
PDT000100259.1,Infantis,PDS000003971.88,2011,before_2016,USA,ground turkey
PDT000100261.1,Kentucky,PDS000260145.21,2011,before_2016,USA,chicken breast
PDT000100262.1,Enteritidis,PDS000030237.1756,2011,before_2016,USA,ground turkey
PDT000100263.1,"4,12:d:-",PDS000001682.46,2011,before_2016,USA,ground turkey
PDT000100264.1,Typhimurium var. 5-,PDS000272319.1,2011,before_2016,USA,chicken breast
PDT000100265.1,Senftenberg,PDS000031936.30,2011,before_2016,USA,ground turkey
PDT000100266.1,Montevideo,PDS000027859.12,2011,before_2016,USA,ground turkey
PDT000100267.1,Heidelberg,PDS000004430.6,2011,before_2016,USA,ground turkey
PDT000100268.1,Heidelberg,PDS000106159.105,2011,before_2016,USA,ground turkey
PDT000100269.1,Heidelberg,PDS000106159.105,2011,before_2016,USA,ground turkey
PDT000100270.1,Senftenberg,PDS000031936.30,2011,before_2016,USA,ground turkey
PDT000100271.1,Agona,PDS000214890.285,2011,before_2016,USA,ground turkey
PDT000100272.1,Enteritidis,PDS000032668.1889,2011,before_2016,USA,chicken breast
PDT000100273.1,Typhimurium var. 5-,PDS000272319.1,2011,before_2016,USA,chicken breast
PDT000100274.1,Agona,PDS000214890.285,2011,before_2016,USA,ground turkey
PDT000100275.1,Senftenberg,PDS000266616.2,2011,before_2016,USA,ground turkey
PDT000100276.1,Typhimurium,PDS000272319.1,2011,before_2016,USA,chicken breast
PDT000100277.1,Anatum,PDS000004241.2,2011,before_2016,USA,chicken breast
PDT000100278.1,Typhimurium var. 5-,PDS000272319.1,2011,before_2016,USA,chicken breast
PDT000100279.1,Saintpaul,PDS000004385.49,2011,before_2016,USA,ground turkey
PDT000100280.1,Saintpaul,PDS000004383.112,2011,before_2016,USA,ground turkey
PDT000100281.1,Saintpaul,PDS000004385.49,2011,before_2016,USA,ground turkey
PDT000100283.1,Heidelberg,PDS000106159.105,2011,before_2016,USA,ground turkey
PDT000100286.1,Typhimurium,PDS000272319.1,2011,before_2016,USA,chicken breast
PDT000100287.1,Typhimurium,PDS000272319.1,2011,before_2016,USA,chicken breast
PDT000100288.1,Typhimurium var. 5-,PDS000272319.1,2011,before_2016,USA,ground turkey
PDT000100289.1,Saintpaul,PDS000004383.112,2011,before_2016,USA,ground turkey
PDT000100290.1,Typhimurium var. 5-,PDS000272319.1,2011,before_2016,USA,chicken breast
PDT000100291.1,Kentucky,PDS000029426.101,2011,before_2016,USA,chicken breast
PDT000100292.1,Heidelberg,PDS000106159.105,2011,before_2016,USA,ground turkey
PDT000100293.1,Senftenberg,PDS000002489.96,2011,before_2016,USA,ground turkey
PDT000100294.1,Heidelberg,PDS000106159.105,2011,before_2016,USA,ground turkey
PDT000100296.1,Senftenberg,PDS000002489.96,2011,before_2016,USA,ground turkey
PDT000100297.1,Thompson,PDS000032705.1749,2011,before_2016,USA,ground turkey
PDT000100299.1,Heidelberg,PDS000106159.105,2011,before_2016,USA,ground turkey
PDT000100300.1,Hadar,PDS000158107.507,2011,before_2016,USA,ground turkey
PDT000100301.1,Kentucky,PDS000004078.3,2011,before_2016,USA,chicken breast
PDT000100302.1,Berta,PDS000026549.1050,2011,before_2016,USA,ground turkey
PDT000100304.2,Kentucky,PDS000217831.57,2011,before_2016,USA,chicken breast
PDT000100305.1,Typhimurium var. 5-,PDS000272319.1,2011,before_2016,USA,ground turkey
PDT000100312.3,Senftenberg,PDS000266616.2,2008,before_2016,USA,ground turkey
PDT000100313.3,Infantis,PDS000051934.3,2008,before_2016,USA,ground turkey
PDT000100314.3,Kentucky,PDS000217831.57,2008,before_2016,USA,chicken breast
PDT000100315.2,Typhimurium var. 5-,PDS000272319.1,2008,before_2016,USA,chicken breast
PDT000100316.2,Typhimurium var. 5-,PDS000272319.1,2008,before_2016,USA,chicken breast
PDT000100318.3,Kentucky,PDS000217831.57,2008,before_2016,USA,chicken breast
PDT000100319.3,Newport,PDS000004272.26,2008,before_2016,USA,ground turkey
PDT000100321.4,Saintpaul,PDS000004383.112,2008,before_2016,USA,ground turkey
PDT000100323.2,Hadar,PDS000158107.507,2008,before_2016,USA,ground turkey
PDT000100324.2,Typhimurium var. 5-,PDS000272319.1,2008,before_2016,USA,chicken breast
PDT000100326.2,Albany,PDS000032516.187,2008,before_2016,USA,ground turkey
PDT000100329.4,Saintpaul,PDS000004383.112,2008,before_2016,USA,ground turkey
PDT000100333.3,Heidelberg,PDS000211943.33,2009,before_2016,USA,chicken breast
PDT000100335.2,Mbandaka,PDS000206467.29,2008,before_2016,USA,chicken breast
PDT000100344.4,Saintpaul,PDS000004383.112,2008,before_2016,USA,ground turkey
PDT000100365.1,Kentucky,PDS000217831.57,2011,before_2016,USA,ground turkey
PDT000100368.1,Infantis,PDS000085033.881,2012,before_2016,USA,chicken breast
PDT000100369.1,Schwarzengrund,PDS000004036.160,2012,before_2016,USA,ground turkey
PDT000100371.1,Albany,PDS000032516.187,2012,before_2016,USA,ground turkey
PDT000100372.1,Hadar,PDS000158107.507,2012,before_2016,USA,ground turkey
PDT000100373.1,Enteritidis,PDS000158107.507,2012,before_2016,USA,ground turkey
PDT000100374.1,Kentucky,PDS000004217.20,2012,before_2016,USA,chicken breast
PDT000100375.1,Typhimurium var. 5-,PDS000030156.8,2012,before_2016,USA,ground turkey
PDT000100377.1,Muenchen,PDS000198470.177,2011,before_2016,USA,ground turkey
PDT000100378.1,Mbandaka,PDS000026964.1,2012,before_2016,USA,chicken breast
PDT000100380.1,Typhimurium var. 5-,PDS000026617.787,2012,before_2016,USA,chicken breast
PDT000100381.1,Kentucky,PDS000260145.21,2012,before_2016,USA,chicken breast
PDT000100382.1,Typhimurium,PDS000013845.603,2012,before_2016,USA,ground turkey
PDT000100383.1,Typhimurium,PDS000272319.1,2012,before_2016,USA,chicken breast
PDT000100384.1,Typhimurium var. 5-,PDS000272319.1,2012,before_2016,USA,chicken breast
PDT000100385.1,Typhimurium,PDS000272319.1,2012,before_2016,USA,chicken breast
PDT000100387.1,Worthington,PDS000031070.74,2012,before_2016,USA,ground turkey
PDT000100388.1,Reading,PDS000001887.891,2012,before_2016,USA,ground turkey
PDT000100389.1,Typhimurium var. 5-,PDS000272319.1,2012,before_2016,USA,chicken breast
PDT000100390.1,Typhimurium var. 5-,PDS000026719.1,2012,before_2016,USA,ground turkey
PDT000100392.1,Typhimurium var. 5-,PDS000272319.1,2012,before_2016,USA,chicken breast
PDT000100393.1,Typhimurium var. 5-,PDS000026716.8,2012,before_2016,USA,chicken breast
PDT000100395.1,Schwarzengrund,PDS000002218.1068,2012,before_2016,USA,chicken breast
PDT000100396.1,Braenderup,PDS000076604.1183,2012,before_2016,USA,chicken breast
PDT000100397.1,"4,[5],12:i:-",PDS000272319.1,2012,before_2016,USA,chicken breast
PDT000100398.1,Typhimurium var. 5-,PDS000180814.35,2012,before_2016,USA,chicken breast
PDT000100399.1,Kentucky,PDS000032504.2,2012,before_2016,USA,chicken breast
PDT000100400.1,Braenderup,PDS000076604.1183,2012,before_2016,USA,chicken breast
PDT000100401.1,Heidelberg,PDS000211943.33,2012,before_2016,USA,chicken breast
PDT000100402.1,Montevideo,PDS000027859.12,2012,before_2016,USA,ground turkey
PDT000100403.1,Typhimurium,PDS000032791.7,2012,before_2016,USA,chicken breast
PDT000100404.1,Mbandaka,PDS000233288.49,2012,before_2016,USA,chicken breast
PDT000100405.1,Schwarzengrund,PDS000027537.79,2012,before_2016,USA,ground turkey
PDT000100406.1,Berta,PDS000026549.1050,2012,before_2016,USA,ground turkey
PDT000100407.1,Brandenburg,PDS000026782.249,2012,before_2016,USA,ground turkey
PDT000100408.1,Kentucky,PDS000032570.20,2012,before_2016,USA,ground turkey
PDT000100409.1,Hadar,PDS000158107.507,2012,before_2016,USA,ground turkey
PDT000100410.1,Agona,PDS000214890.285,2012,before_2016,USA,ground turkey
PDT000100411.1,Newport,PDS000032759.229,2012,before_2016,USA,ground turkey
PDT000100412.1,Heidelberg,PDS000106159.105,2012,before_2016,USA,ground turkey
PDT000100413.1,Kentucky,PDS000260145.21,2012,before_2016,USA,chicken breast
PDT000100415.1,Kentucky,PDS000272606.2,2012,before_2016,USA,chicken breast
PDT000100416.1,Kentucky,PDS000061115.3,2012,before_2016,USA,chicken breast
PDT000100417.1,Typhimurium var. 5-,PDS000272319.1,2011,before_2016,USA,chicken breast
PDT000100418.1,Typhimurium var. 5-,PDS000272319.1,2011,before_2016,USA,chicken breast
PDT000100419.1,Kentucky,PDS000002606.17,2012,before_2016,USA,chicken breast
PDT000100420.1,Agona,PDS000028904.114,2012,before_2016,USA,ground turkey
PDT000100421.1,Typhimurium,PDS000013845.603,2012,before_2016,USA,chicken breast
PDT000100422.1,Kentucky,PDS000029426.101,2012,before_2016,USA,chicken breast
PDT000100423.1,Schwarzengrund,PDS000004036.160,2012,before_2016,USA,ground turkey
PDT000100426.1,Typhimurium var. 5-,PDS000272319.1,2012,before_2016,USA,chicken breast
PDT000100427.1,"4,[5],12:i:-",PDS000253288.128,2012,before_2016,USA,chicken breast
PDT000100428.1,Typhimurium var. 5-,PDS000272319.1,2012,before_2016,USA,chicken breast
PDT000100430.1,Senftenberg,PDS000031981.15,2012,before_2016,USA,ground turkey
PDT000100431.1,Saintpaul,PDS000004383.112,2012,before_2016,USA,ground turkey
PDT000100432.1,Typhimurium,PDS000273036.3,2012,before_2016,USA,ground turkey
PDT000100433.1,Heidelberg,PDS000106159.105,2012,before_2016,USA,ground turkey
PDT000100435.1,Muenchen,PDS000198470.177,2012,before_2016,USA,ground turkey
PDT000100436.1,Mbandaka,PDS000233288.49,2012,before_2016,USA,chicken breast
PDT000100440.1,Typhimurium var. 5-,PDS000272319.1,2012,before_2016,USA,chicken breast
PDT000100441.1,Reading,PDS000001887.891,2012,before_2016,USA,ground turkey
PDT000100442.1,Muenchen,PDS000198470.177,2012,before_2016,USA,ground turkey
PDT000100842.2,Typhimurium var. 5-,PDS000272319.1,2009,before_2016,USA,chicken breast
PDT000100843.2,Typhimurium var. 5-,PDS000272319.1,2009,before_2016,USA,chicken breast
PDT000100844.2,Typhimurium var. 5-,PDS000272319.1,2009,before_2016,USA,chicken breast
PDT000100845.2,Typhimurium var. 5-,PDS000272319.1,2009,before_2016,USA,chicken breast
PDT000100846.2,"4,12:nonmotile",PDS000272319.1,2009,before_2016,USA,chicken breast
PDT000100847.2,Norwich,PDS000002394.26,2009,before_2016,USA,ground turkey
PDT000100848.3,Heidelberg,PDS000106159.105,2009,before_2016,USA,ground turkey
PDT000100849.3,Heidelberg,PDS000106159.105,2009,before_2016,USA,ground turkey
PDT000100850.2,Typhimurium var. 5-,PDS000180814.35,2009,before_2016,USA,chicken breast
PDT000100851.2,Typhimurium var. 5-,PDS000030656.1,2009,before_2016,USA,chicken breast
PDT000100852.2,Typhimurium var. 5-,PDS000030656.1,2009,before_2016,USA,chicken breast
PDT000100853.3,Enteritidis,PDS000030237.1756,2009,before_2016,USA,chicken breast
PDT000100854.2,"4,12:d:-",PDS000001682.46,2009,before_2016,USA,ground turkey
PDT000100855.4,"6,7:-1,5",PDS000032705.1749,2009,before_2016,USA,chicken breast
PDT000100856.3,Enteritidis,PDS000030237.1756,2009,before_2016,USA,chicken breast
PDT000100857.2,"4,12:d:-",PDS000001682.46,2009,before_2016,USA,ground turkey
PDT000101211.2,Typhimurium var. 5-,PDS000272319.1,2009,before_2016,USA,chicken breast
PDT000101212.3,Enteritidis,PDS000030237.1756,2009,before_2016,USA,chicken breast
PDT000101213.4,Senftenberg,PDS000046087.2,2009,before_2016,USA,ground turkey
PDT000101214.4,Heidelberg,PDS000106159.105,2009,before_2016,USA,ground turkey
PDT000101215.3,Kentucky,PDS000260145.21,2009,before_2016,USA,chicken breast
PDT000101216.3,Kentucky,PDS000260145.21,2009,before_2016,USA,chicken breast
PDT000101217.2,Typhimurium var. 5-,PDS000272319.1,2009,before_2016,USA,chicken breast
PDT000101218.2,Typhimurium var. 5-,PDS000272319.1,2009,before_2016,USA,chicken breast
PDT000101265.2,Agona,PDS000028948.87,2010,before_2016,USA,ground turkey
PDT000101304.2,"4,[5],12:i:-",PDS000026786.47,2010,before_2016,USA,chicken breast
PDT000101321.3,Kentucky,PDS000032528.3,2009,before_2016,USA,chicken breast
PDT000101323.2,Typhimurium var. 5-,PDS000030655.1,2009,before_2016,USA,chicken breast
PDT000101324.2,Typhimurium var. 5-,PDS000272319.1,2009,before_2016,USA,chicken breast
PDT000101325.2,Typhimurium var. 5-,PDS000272319.1,2009,before_2016,USA,chicken breast
PDT000101326.2,Berta,PDS000026549.1050,2009,before_2016,USA,ground turkey
PDT000101327.2,Saintpaul,PDS000004385.49,2009,before_2016,USA,ground turkey
PDT000101328.2,Enteritidis,PDS000030237.1756,2009,before_2016,USA,chicken breast
PDT000101329.3,Kentucky,PDS000029459.135,2009,before_2016,USA,chicken breast
PDT000101330.2,Typhimurium var. 5-,PDS000272319.1,2009,before_2016,USA,chicken breast
PDT000101331.3,Enteritidis,PDS000030237.1756,2009,before_2016,USA,chicken breast
PDT000101332.2,Typhimurium var. 5-,PDS000030655.1,2009,before_2016,USA,chicken breast
PDT000101333.2,Senftenberg,PDS000266967.8,2009,before_2016,USA,ground turkey
PDT000101334.2,Saintpaul,PDS000004383.112,2009,before_2016,USA,ground turkey
PDT000101335.4,Saintpaul,PDS000004383.112,2009,before_2016,USA,ground turkey
PDT000101336.2,Saintpaul,PDS000004383.112,2009,before_2016,USA,ground turkey
PDT000101341.2,Enteritidis,PDS000030237.1756,2008,before_2016,USA,chicken breast
PDT000101342.7,Kentucky,PDS000217831.57,2008,before_2016,USA,chicken breast
PDT000101344.3,Heidelberg,PDS000106159.105,2009,before_2016,USA,chicken breast
PDT000101346.4,"18:z4,z23:-",PDS000001234.65,2009,before_2016,USA,ground turkey
PDT000101347.4,"18:z4,z23:-",PDS000001234.65,2009,before_2016,USA,ground turkey
PDT000101348.3,Heidelberg,PDS000211943.33,2009,before_2016,USA,chicken breast
PDT000101349.3,Montevideo,PDS000027237.426,2009,before_2016,USA,chicken breast
PDT000101353.2,Enteritidis,PDS000030237.1756,2008,before_2016,USA,chicken breast
PDT000101354.5,Saintpaul,PDS000004383.112,2008,before_2016,USA,ground turkey
PDT000101355.3,Heidelberg,PDS000106159.105,2008,before_2016,USA,ground turkey
PDT000101359.2,Kentucky,PDS000217831.57,2008,before_2016,USA,chicken breast
PDT000101360.3,Enteritidis,PDS000030237.1756,2008,before_2016,USA,chicken breast
PDT000101361.3,Heidelberg,PDS000106159.105,2008,before_2016,USA,ground turkey
PDT000101363.2,Braenderup,PDS000076604.1183,2008,before_2016,USA,chicken breast
PDT000101408.3,Heidelberg,PDS000211943.33,2009,before_2016,USA,chicken breast
PDT000101409.2,Hadar,PDS000158106.134,2009,before_2016,USA,chicken breast
PDT000101410.3,Heidelberg,PDS000211943.33,2009,before_2016,USA,chicken breast
PDT000101411.2,Enteritidis,PDS000032668.1889,2009,before_2016,USA,chicken breast
PDT000101412.3,Heidelberg,PDS000211943.33,2009,before_2016,USA,chicken breast
PDT000101413.3,Enteritidis,PDS000032668.1889,2009,before_2016,USA,chicken breast
PDT000101414.2,"4,[5],12:i:-",PDS000026788.13,2009,before_2016,USA,chicken breast
PDT000101415.3,Kentucky,PDS000268659.1,2009,before_2016,USA,chicken breast
PDT000101416.2,Schwarzengrund,PDS000027537.79,2009,before_2016,USA,ground turkey
PDT000101777.4,Saintpaul,PDS000004383.112,2009,before_2016,USA,ground turkey
PDT000101778.2,Typhimurium var. 5-,PDS000180814.35,2009,before_2016,USA,chicken breast
PDT000101779.3,Typhimurium,PDS000026825.612,2009,before_2016,USA,chicken breast
PDT000101780.3,Kentucky,PDS000217831.57,2009,before_2016,USA,chicken breast
PDT000101781.2,Typhimurium var. 5-,PDS000272319.1,2009,before_2016,USA,chicken breast
PDT000101782.2,Montevideo,PDS000027859.12,2009,before_2016,USA,ground turkey
PDT000101783.2,Typhimurium var. 5-,PDS000272319.1,2009,before_2016,USA,chicken breast
PDT000101784.2,Saintpaul,PDS000004383.112,2009,before_2016,USA,ground turkey
PDT000101785.4,Saintpaul,PDS000004383.112,2009,before_2016,USA,ground turkey
PDT000101799.2,Typhimurium var. 5-,PDS000272319.1,2010,before_2016,USA,chicken breast
PDT000101800.2,Typhimurium var. 5-,PDS000026727.3,2010,before_2016,USA,chicken breast
PDT000101801.2,Senftenberg,PDS000032047.11,2010,before_2016,USA,chicken breast
PDT000101803.2,Typhimurium var. 5-,PDS000272319.1,2010,before_2016,USA,chicken breast
PDT000101804.2,Hadar,PDS000158106.134,2010,before_2016,USA,ground turkey
PDT000101805.2,Albany,PDS000032516.187,2010,before_2016,USA,ground turkey
PDT000101806.2,Heidelberg,PDS000211943.33,2010,before_2016,USA,chicken breast
PDT000101807.2,Kentucky,PDS000260145.21,2010,before_2016,USA,chicken breast
PDT000101808.4,"18:z4,z23:-",PDS000001234.65,2010,before_2016,USA,ground turkey
PDT000101809.2,Heidelberg,PDS000211943.33,2010,before_2016,USA,chicken breast
PDT000101810.2,Saintpaul,PDS000004385.49,2010,before_2016,USA,ground turkey
PDT000101811.2,Heidelberg,PDS000211943.33,2009,before_2016,USA,chicken breast
PDT000101812.3,Heidelberg,PDS000106159.105,2009,before_2016,USA,chicken breast
PDT000101813.2,Typhimurium var. 5-,PDS000050108.12,2009,before_2016,USA,chicken breast
PDT000101814.4,"18:z4,z23:-",PDS000001234.65,2009,before_2016,USA,ground turkey
PDT000101815.4,"18:z4,z23:-",PDS000001234.65,2009,before_2016,USA,ground turkey
PDT000101817.3,Kentucky,PDS000260145.21,2009,before_2016,USA,chicken breast
PDT000101818.3,Heidelberg,PDS000211943.33,2009,before_2016,USA,chicken breast
PDT000101819.2,Heidelberg,PDS000106159.105,2009,before_2016,USA,chicken breast
PDT000101820.3,Agona,PDS000214890.285,2009,before_2016,USA,chicken breast
PDT000101821.2,Heidelberg,PDS000211943.33,2009,before_2016,USA,chicken breast
PDT000101822.4,"18:z4,z23:-",PDS000001234.65,2009,before_2016,USA,ground turkey
PDT000101823.4,"18:z4,z23:-",PDS000001234.65,2009,before_2016,USA,ground turkey
PDT000101824.2,Kentucky,PDS000260145.21,2009,before_2016,USA,chicken breast
PDT000101825.3,Enteritidis,PDS000030237.1756,2009,before_2016,USA,chicken breast
PDT000101826.2,Heidelberg,PDS000106159.105,2009,before_2016,USA,chicken breast
PDT000101828.2,"4,12:i:-",PDS000026788.13,2009,before_2016,USA,chicken breast
PDT000101829.3,Kentucky,PDS000260145.21,2008,before_2016,USA,chicken breast
PDT000101831.2,Hadar,PDS000158106.134,2009,before_2016,USA,ground turkey
PDT000101832.2,Hadar,PDS000158106.134,2009,before_2016,USA,ground turkey
PDT000101833.3,Kentucky,PDS000004066.82,2009,before_2016,USA,chicken breast
PDT000101837.3,Kentucky,PDS000004066.82,2009,before_2016,USA,chicken breast
PDT000101838.2,Albany,PDS000032516.187,2009,before_2016,USA,ground turkey
PDT000101839.3,Heidelberg,PDS000106159.105,2009,before_2016,USA,ground turkey
PDT000101840.4,Saintpaul,PDS000004383.112,2009,before_2016,USA,ground turkey
PDT000101841.4,Saintpaul,PDS000004383.112,2009,before_2016,USA,ground turkey
PDT000101842.4,Saintpaul,PDS000004383.112,2009,before_2016,USA,ground turkey
PDT000101902.3,Schwarzengrund,PDS000004036.160,2010,before_2016,USA,ground turkey
PDT000101903.2,Saintpaul,PDS000004385.49,2010,before_2016,USA,ground turkey
PDT000101904.2,Berta,PDS000026549.1050,2010,before_2016,USA,ground turkey
PDT000101937.2,Typhimurium var. 5-,PDS000272319.1,2010,before_2016,USA,chicken breast
PDT000101938.4,"18:z4,z23:-",PDS000001234.65,2010,before_2016,USA,ground turkey
PDT000101939.2,Enteritidis,PDS000030237.1756,2010,before_2016,USA,chicken breast
PDT000101940.2,Kentucky,PDS000260145.21,2010,before_2016,USA,chicken breast
PDT000101941.2,Typhimurium var. 5-,PDS000272319.1,2010,before_2016,USA,chicken breast
PDT000101942.2,Saintpaul,PDS000004385.49,2010,before_2016,USA,ground turkey
PDT000101943.4,Saintpaul,PDS000004383.112,2010,before_2016,USA,ground turkey
PDT000101944.2,Saintpaul,PDS000004385.49,2010,before_2016,USA,ground turkey
PDT000101945.2,Hadar,PDS000158107.507,2010,before_2016,USA,ground turkey
PDT000101946.2,Typhimurium var. 5-,PDS000272319.1,2010,before_2016,USA,chicken breast
PDT000101947.2,Typhimurium var. 5-,PDS000272319.1,2010,before_2016,USA,chicken breast
PDT000101948.2,Kentucky,PDS000032528.3,2010,before_2016,USA,chicken breast
PDT000101949.2,"4,[5],12:r:-",PDS000106159.105,2010,before_2016,USA,ground turkey
PDT000101950.3,Montevideo,PDS000030905.12,2008,before_2016,USA,chicken breast
PDT000101951.3,Montevideo,PDS000030905.12,2008,before_2016,USA,chicken breast
PDT000101952.3,Brandenburg,PDS000026782.249,2008,before_2016,USA,ground turkey
PDT000101954.2,Hadar,PDS000030733.1,2008,before_2016,USA,ground turkey
PDT000101955.3,Heidelberg,PDS000106159.105,2008,before_2016,USA,ground turkey
PDT000101956.3,Typhimurium,PDS000272319.1,2008,before_2016,USA,chicken breast
PDT000101957.2,Typhimurium var. 5-,PDS000031391.2,2010,before_2016,USA,chicken breast
PDT000101958.2,Agona,PDS000214890.285,2010,before_2016,USA,ground turkey
PDT000101959.2,Mbandaka,PDS000206467.29,2010,before_2016,USA,chicken breast
PDT000101960.4,Saintpaul,PDS000004383.112,2010,before_2016,USA,ground turkey
PDT000101961.2,Enteritidis,PDS000030237.1756,2010,before_2016,USA,chicken breast
PDT000101962.2,Hadar,PDS000158106.134,2010,before_2016,USA,ground turkey
PDT000101963.2,Saintpaul,PDS000004383.112,2010,before_2016,USA,ground turkey
PDT000101964.2,Typhimurium var. 5-,PDS000272319.1,2010,before_2016,USA,chicken breast
PDT000101965.4,Saintpaul,PDS000004383.112,2010,before_2016,USA,ground turkey
PDT000101966.2,Albany,PDS000032516.187,2010,before_2016,USA,ground turkey
PDT000101967.2,Typhimurium var. 5-,PDS000272319.1,2010,before_2016,USA,chicken breast
PDT000101968.2,Typhimurium var. 5-,PDS000272319.1,2010,before_2016,USA,chicken breast
PDT000101991.2,Enteritidis,PDS000246039.27,2010,before_2016,USA,chicken breast
PDT000101992.2,"4,[5],12:r:-",PDS000106159.105,2010,before_2016,USA,ground turkey
PDT000101993.2,Saintpaul,PDS000004385.49,2010,before_2016,USA,ground turkey
PDT000101994.2,Typhimurium var. 5-,PDS000272319.1,2010,before_2016,USA,chicken breast
PDT000102041.2,Montevideo,PDS000027859.12,2009,before_2016,USA,ground turkey
PDT000102042.2,Hadar,PDS000158106.134,2009,before_2016,USA,ground turkey
PDT000102043.4,Saintpaul,PDS000004383.112,2009,before_2016,USA,ground turkey
PDT000102044.3,Kentucky,PDS000004096.15,2009,before_2016,USA,chicken breast
PDT000102045.3,Kentucky,PDS000260145.21,2009,before_2016,USA,chicken breast
PDT000102046.3,Senftenberg,PDS000032058.59,2009,before_2016,USA,ground turkey
PDT000102047.3,Heidelberg,PDS000211943.33,2009,before_2016,USA,chicken breast
PDT000102048.2,Heidelberg,PDS000211943.33,2009,before_2016,USA,chicken breast
PDT000102049.2,Hadar,PDS000158106.134,2009,before_2016,USA,ground turkey
PDT000102050.2,Hadar,PDS000158106.134,2009,before_2016,USA,ground turkey
PDT000102051.4,Saintpaul,PDS000004383.112,2009,before_2016,USA,ground turkey
PDT000102052.2,Braenderup,PDS000030729.7,2009,before_2016,USA,chicken breast
PDT000102053.2,Enteritidis,PDS000030237.1756,2009,before_2016,USA,chicken breast
PDT000102054.2,Hadar,PDS000158106.134,2009,before_2016,USA,ground turkey
PDT000102055.2,Hadar,PDS000158106.134,2009,before_2016,USA,ground turkey
PDT000102056.4,Saintpaul,PDS000004383.112,2009,before_2016,USA,ground turkey
PDT000102057.3,Kentucky,PDS000260145.21,2009,before_2016,USA,chicken breast
PDT000102304.4,Saintpaul,PDS000004383.112,2010,before_2016,USA,ground turkey
PDT000102305.2,Typhimurium var. 5-,PDS000272319.1,2010,before_2016,USA,chicken breast
PDT000102306.2,Saintpaul,PDS000004385.49,2010,before_2016,USA,ground turkey
PDT000102307.2,Typhimurium var. 5-,PDS000272319.1,2010,before_2016,USA,chicken breast
PDT000102308.4,Saintpaul,PDS000004383.112,2010,before_2016,USA,ground turkey
PDT000102309.3,Agona,PDS000028904.114,2010,before_2016,USA,ground turkey
PDT000102310.2,Typhimurium var. 5-,PDS000272319.1,2010,before_2016,USA,chicken breast
PDT000102311.4,Saintpaul,PDS000004383.112,2010,before_2016,USA,ground turkey
PDT000102312.3,Agona,PDS000028904.114,2010,before_2016,USA,ground turkey
PDT000102313.2,Typhimurium var. 5-,PDS000272319.1,2010,before_2016,USA,chicken breast
PDT000102314.5,Infantis,PDS000032417.135,2010,before_2016,USA,chicken breast
PDT000102315.2,Typhimurium var. 5-,PDS000272319.1,2010,before_2016,USA,chicken breast
PDT000102357.3,Heidelberg,PDS000211943.33,2009,before_2016,USA,chicken breast
PDT000102358.2,Kentucky,PDS000268663.3,2009,before_2016,USA,chicken breast
PDT000102359.3,Kentucky,PDS000027273.3,2009,before_2016,USA,chicken breast
PDT000102361.4,Saintpaul,PDS000004383.112,2009,before_2016,USA,ground turkey
PDT000102362.4,Saintpaul,PDS000004383.112,2009,before_2016,USA,ground turkey
PDT000102363.8,Saintpaul,PDS000004383.112,2009,before_2016,USA,ground turkey
PDT000102364.2,Enteritidis,PDS000030237.1756,2009,before_2016,USA,chicken breast
PDT000102365.3,Heidelberg,PDS000211943.33,2009,before_2016,USA,chicken breast
PDT000102366.4,Saintpaul,PDS000004383.112,2009,before_2016,USA,ground turkey
PDT000102367.3,Schwarzengrund,PDS000004036.160,2009,before_2016,USA,ground turkey
PDT000102368.3,Kentucky,PDS000260145.21,2009,before_2016,USA,chicken breast
PDT000102369.2,Kentucky,PDS000030261.1,2009,before_2016,USA,chicken breast
PDT000102370.2,Hadar,PDS000158106.134,2009,before_2016,USA,ground turkey
PDT000102371.3,Kentucky,PDS000027272.2,2009,before_2016,USA,chicken breast
PDT000102372.3,Heidelberg,PDS000211943.33,2009,before_2016,USA,chicken breast
PDT000102373.3,Heidelberg,PDS000211943.33,2009,before_2016,USA,chicken breast
PDT000102374.3,Heidelberg,PDS000211943.33,2009,before_2016,USA,chicken breast
PDT000102375.3,Heidelberg,PDS000211943.33,2009,before_2016,USA,chicken breast
PDT000102736.3,Kentucky,PDS000268659.1,2009,before_2016,USA,chicken breast
PDT000102737.3,Heidelberg,PDS000211943.33,2009,before_2016,USA,chicken breast
PDT000102738.2,"4,12:i:-",PDS000253288.128,2009,before_2016,USA,chicken breast
PDT000102739.4,"18:z4,z23:-",PDS000001234.65,2009,before_2016,USA,ground turkey
PDT000102740.2,Saintpaul,PDS000004385.49,2009,before_2016,USA,ground turkey
PDT000102741.2,Braenderup,PDS000076604.1183,2009,before_2016,USA,chicken breast
PDT000102742.4,"18:z4,z23:-",PDS000001234.65,2009,before_2016,USA,ground turkey
PDT000102743.4,Saintpaul,PDS000004383.112,2009,before_2016,USA,ground turkey
PDT000102744.3,Kentucky,PDS000048559.1,2009,before_2016,USA,chicken breast
PDT000102745.4,"18:z4,z23:-",PDS000001234.65,2009,before_2016,USA,ground turkey
PDT000102747.2,Heidelberg,PDS000211943.33,2009,before_2016,USA,chicken breast
PDT000102748.3,Heidelberg,PDS000211943.33,2009,before_2016,USA,chicken breast
PDT000102749.4,Saintpaul,PDS000004383.112,2009,before_2016,USA,ground turkey
PDT000102750.4,"18:z4,z23:-",PDS000001234.65,2009,before_2016,USA,ground turkey
PDT000102751.3,Kentucky,PDS000004066.82,2009,before_2016,USA,chicken breast
PDT000103237.2,Typhimurium var. 5-,PDS000272319.1,2009,before_2016,USA,chicken breast
PDT000103238.2,Typhimurium var. 5-,PDS000272319.1,2009,before_2016,USA,chicken breast
PDT000103239.3,Agona,PDS000214890.285,2009,before_2016,USA,ground turkey
PDT000103240.2,Berta,PDS000026549.1050,2009,before_2016,USA,ground turkey
PDT000103241.2,Typhimurium var. 5-,PDS000272319.1,2009,before_2016,USA,chicken breast
PDT000103242.2,Hadar,PDS000158106.134,2009,before_2016,USA,ground turkey
PDT000103243.2,Hadar,PDS000158106.134,2009,before_2016,USA,ground turkey
PDT000103244.2,Hadar,PDS000158106.134,2009,before_2016,USA,ground turkey
PDT000103245.2,Hadar,PDS000158106.134,2009,before_2016,USA,ground turkey
PDT000103247.2,"4,[5],12:r:-",PDS000106159.105,2009,before_2016,USA,chicken breast
PDT000103248.2,Typhimurium var. 5-,PDS000272319.1,2009,before_2016,USA,chicken breast
PDT000103249.2,Typhimurium var. 5-,PDS000272319.1,2009,before_2016,USA,chicken breast
PDT000103250.2,Typhimurium var. 5-,PDS000272319.1,2009,before_2016,USA,chicken breast
PDT000103264.2,Hadar,PDS000158107.507,2009,before_2016,USA,ground turkey
PDT000103267.2,Typhimurium var. 5-,PDS000272319.1,2009,before_2016,USA,chicken breast
PDT000103268.2,Kentucky,PDS000260145.21,2009,before_2016,USA,ground turkey
PDT000103269.2,Hadar,PDS000114063.1,2009,before_2016,USA,ground turkey
PDT000103270.2,Typhimurium var. 5-,PDS000272319.1,2009,before_2016,USA,chicken breast
PDT000103271.3,Kentucky,PDS000032528.3,2009,before_2016,USA,chicken breast
PDT000103272.3,Kentucky,PDS000032528.3,2009,before_2016,USA,chicken breast
PDT000103273.2,Kentucky,PDS000032532.55,2009,before_2016,USA,chicken breast
PDT000103274.2,Saintpaul,PDS000004383.112,2009,before_2016,USA,ground turkey
PDT000103275.3,Schwarzengrund,PDS000004036.160,2009,before_2016,USA,ground turkey
PDT000103276.2,"4,12:i:-",PDS000253288.128,2009,before_2016,USA,chicken breast
PDT000103277.2,Typhimurium var. 5-,PDS000032661.424,2009,before_2016,USA,chicken breast
PDT000103279.3,Schwarzengrund,PDS000027514.524,2009,before_2016,USA,ground turkey
PDT000103282.4,Saintpaul,PDS000004383.112,2009,before_2016,USA,ground turkey
PDT000103333.2,Typhimurium var. 5-,PDS000272319.1,2009,before_2016,USA,chicken breast
PDT000103334.2,"4,12:d:-",PDS000001682.46,2009,before_2016,USA,ground turkey
PDT000103335.3,Enteritidis,PDS000030237.1756,2009,before_2016,USA,chicken breast
PDT000103337.2,Typhimurium var. 5-,PDS000180814.35,2009,before_2016,USA,chicken breast
PDT000103338.4,Saintpaul,PDS000004383.112,2009,before_2016,USA,ground turkey
PDT000103339.4,Saintpaul,PDS000004383.112,2009,before_2016,USA,ground turkey
PDT000103340.2,Typhimurium var. 5-,PDS000272319.1,2009,before_2016,USA,chicken breast
PDT000103341.2,Berta,PDS000026549.1050,2009,before_2016,USA,ground turkey
PDT000103342.2,"4,12:nonmotile",PDS000001682.46,2009,before_2016,USA,ground turkey
PDT000103343.2,Infantis,PDS000032400.106,2009,before_2016,USA,chicken breast
PDT000103344.3,Kentucky,PDS000217831.57,2009,before_2016,USA,chicken breast
PDT000103345.2,"4,12:d:-",PDS000001682.46,2009,before_2016,USA,ground turkey
PDT000103346.2,Typhimurium var. 5-,PDS000272319.1,2009,before_2016,USA,chicken breast
PDT000103347.3,Kentucky,PDS000217831.57,2009,before_2016,USA,chicken breast
PDT000103348.2,"4,12:d:-",PDS000001682.46,2009,before_2016,USA,ground turkey
PDT000103356.2,Heidelberg,PDS000211943.33,2010,before_2016,USA,chicken breast
PDT000103360.2,Heidelberg,PDS000211943.33,2009,before_2016,USA,chicken breast
PDT000103361.4,Saintpaul,PDS000004383.112,2009,before_2016,USA,ground turkey
PDT000103363.3,Schwarzengrund,PDS000027514.524,2009,before_2016,USA,ground turkey
PDT000103364.4,Saintpaul,PDS000004383.112,2009,before_2016,USA,ground turkey
PDT000103385.3,Kentucky,PDS000032568.40,2009,before_2016,USA,ground turkey
PDT000103386.2,Agona,PDS000028948.87,2009,before_2016,USA,ground turkey
PDT000103387.3,Kentucky,PDS000260145.21,2009,before_2016,USA,chicken breast
PDT000103388.3,Heidelberg,PDS000029725.224,2009,before_2016,USA,chicken breast
PDT000103389.2,Schwarzengrund,PDS000004036.160,2009,before_2016,USA,ground turkey
PDT000103390.2,Hadar,PDS000158107.507,2009,before_2016,USA,ground turkey
PDT000103391.2,Heidelberg,PDS000211943.33,2009,before_2016,USA,chicken breast
PDT000103392.4,Saintpaul,PDS000004383.112,2009,before_2016,USA,ground turkey
PDT000103393.2,Saintpaul,PDS000004385.49,2009,before_2016,USA,ground turkey
PDT000103394.4,Saintpaul,PDS000004383.112,2009,before_2016,USA,ground turkey
PDT000103395.3,Heidelberg,PDS000211943.33,2009,before_2016,USA,chicken breast
PDT000103396.2,Senftenberg,PDS000266616.2,2009,before_2016,USA,ground turkey
PDT000103399.4,Saintpaul,PDS000004383.112,2009,before_2016,USA,ground turkey
PDT000103400.2,Albany,PDS000032516.187,2009,before_2016,USA,ground turkey
PDT000103563.2,Typhimurium var. 5-,PDS000272319.1,2009,before_2016,USA,chicken breast
PDT000103564.3,Kentucky,PDS000032528.3,2009,before_2016,USA,chicken breast
PDT000103565.3,Senftenberg,PDS000031936.30,2009,before_2016,USA,ground turkey
PDT000103566.3,Schwarzengrund,PDS000032316.11,2009,before_2016,USA,ground turkey
PDT000103567.3,Enteritidis,PDS000030237.1756,2009,before_2016,USA,chicken breast
PDT000104655.3,Schwarzengrund,PDS000027525.135,2009,before_2016,USA,ground turkey
PDT000104694.2,Heidelberg,PDS000211943.33,2010,before_2016,USA,chicken breast
PDT000104695.4,"18:z4,z23:-",PDS000001234.65,2010,before_2016,USA,ground turkey
PDT000104696.4,"18:z4,z23:-",PDS000001234.65,2010,before_2016,USA,ground turkey
PDT000104697.4,"18:z4,z23:-",PDS000029759.23,2010,before_2016,USA,ground turkey
PDT000104698.2,Heidelberg,PDS000001234.65,2010,before_2016,USA,ground turkey
PDT000104699.4,Saintpaul,PDS000004383.112,2010,before_2016,USA,ground turkey
PDT000104700.2,Schwarzengrund,PDS000004036.160,2010,before_2016,USA,ground turkey
PDT000104702.2,Heidelberg,PDS000106159.105,2010,before_2016,USA,ground turkey
PDT000104997.2,Saintpaul,PDS000004385.49,2009,before_2016,USA,ground turkey
PDT000105017.4,"18:z4,z23:-",PDS000001234.65,2010,before_2016,USA,ground turkey
PDT000105661.3,Typhimurium var. 5-,PDS000272319.1,2009,before_2016,USA,chicken breast
PDT000105662.3,Typhimurium var. 5-,PDS000272319.1,2009,before_2016,USA,chicken breast
PDT000105663.3,Kentucky,PDS000217831.57,2009,before_2016,USA,chicken breast
PDT000105664.3,Kentucky,PDS000217831.57,2009,before_2016,USA,chicken breast
PDT000105665.3,Kentucky,PDS000217831.57,2009,before_2016,USA,chicken breast
PDT000105666.3,Typhimurium var. 5-,PDS000272319.1,2009,before_2016,USA,chicken breast
PDT000105667.3,Typhimurium var. 5-,PDS000027365.1,2009,before_2016,USA,chicken breast
PDT000105693.4,Saintpaul,PDS000004383.112,2010,before_2016,USA,ground turkey
PDT000105694.3,Enteritidis,PDS000083226.1311,2010,before_2016,USA,chicken breast
PDT000105695.2,Enteritidis,PDS000083226.1311,2010,before_2016,USA,chicken breast
PDT000105696.2,Enteritidis,PDS000030237.1756,2010,before_2016,USA,chicken breast
PDT000105697.2,Hadar,PDS000158106.134,2010,before_2016,USA,ground turkey
PDT000105698.2,Heidelberg,PDS000106159.105,2010,before_2016,USA,ground turkey
PDT000105699.2,Saintpaul,PDS000004383.112,2010,before_2016,USA,ground turkey
PDT000105700.4,Saintpaul,PDS000004383.112,2010,before_2016,USA,ground turkey
PDT000105702.3,Schwarzengrund,PDS000004036.160,2010,before_2016,USA,ground turkey
PDT000105703.2,Enteritidis,PDS000030237.1756,2010,before_2016,USA,chicken breast
PDT000105704.3,Heidelberg,PDS000211943.33,2010,before_2016,USA,chicken breast
PDT000105705.4,Saintpaul,PDS000004383.112,2010,before_2016,USA,ground turkey
PDT000105706.2,Typhimurium var. 5-,PDS000272319.1,2010,before_2016,USA,chicken breast
PDT000105707.4,Saintpaul,PDS000004383.112,2010,before_2016,USA,ground turkey
PDT000105790.2,Typhimurium var. 5-,PDS000180814.35,2009,before_2016,USA,chicken breast
PDT000105791.4,Senftenberg,PDS000046087.2,2009,before_2016,USA,ground turkey
PDT000105792.2,Typhimurium var. 5-,PDS000050108.12,2009,before_2016,USA,chicken breast
PDT000105793.4,Saintpaul,PDS000004383.112,2009,before_2016,USA,ground turkey
PDT000105794.4,Saintpaul,PDS000004383.112,2009,before_2016,USA,ground turkey
PDT000105795.4,Saintpaul,PDS000004383.112,2009,before_2016,USA,ground turkey
PDT000105796.4,Saintpaul,PDS000004383.112,2009,before_2016,USA,ground turkey
PDT000105797.2,Derby,PDS000004136.77,2009,before_2016,USA,ground turkey
PDT000105798.2,Derby,PDS000004136.77,2009,before_2016,USA,ground turkey
PDT000105799.2,Typhimurium var. 5-,PDS000272319.1,2009,before_2016,USA,chicken breast
PDT000105800.2,Typhimurium var. 5-,PDS000272319.1,2009,before_2016,USA,chicken breast
PDT000106121.2,Muenchen,PDS000198470.177,2010,before_2016,USA,ground turkey
PDT000106124.2,Saintpaul,PDS000004385.49,2010,before_2016,USA,ground turkey
PDT000106125.2,Typhimurium var. 5-,PDS000180814.35,2010,before_2016,USA,chicken breast
PDT000106126.4,Saintpaul,PDS000004383.112,2010,before_2016,USA,ground turkey
PDT000106127.2,Typhimurium var. 5-,PDS000272319.1,2010,before_2016,USA,chicken breast
PDT000106128.2,Saintpaul,PDS000004385.49,2010,before_2016,USA,ground turkey
PDT000106129.2,Typhimurium,PDS000272092.3,2010,before_2016,USA,chicken breast
PDT000106130.2,Heidelberg,PDS000106159.105,2010,before_2016,USA,ground turkey
PDT000106131.4,Saintpaul,PDS000004383.112,2010,before_2016,USA,ground turkey
PDT000106132.2,Typhimurium var. 5-,PDS000272319.1,2010,before_2016,USA,chicken breast
PDT000106134.3,Typhimurium,PDS000272319.1,2010,before_2016,USA,chicken breast
PDT000107266.2,Typhimurium var. 5-,PDS000272319.1,2009,before_2016,USA,chicken breast
PDT000107267.2,Saintpaul,PDS000004385.49,2009,before_2016,USA,ground turkey
PDT000107279.4,Saintpaul,PDS000004383.112,2009,before_2016,USA,ground turkey
PDT000107280.4,Saintpaul,PDS000004383.112,2009,before_2016,USA,ground turkey
PDT000107281.2,Albany,PDS000032516.187,2009,before_2016,USA,ground turkey
PDT000107282.4,Saintpaul,PDS000004383.112,2009,before_2016,USA,ground turkey
PDT000107289.2,Typhimurium var. 5-,PDS000272319.1,2009,before_2016,USA,chicken breast
PDT000107290.2,Typhimurium var. 5-,PDS000272319.1,2009,before_2016,USA,chicken breast
PDT000107291.2,Typhimurium var. 5-,PDS000272319.1,2009,before_2016,USA,chicken breast
PDT000107292.3,Typhimurium,PDS000030093.314,2010,before_2016,USA,chicken breast
PDT000107293.2,Kentucky,PDS000032317.2,2009,before_2016,USA,chicken breast
PDT000107295.4,"18:z4,z23:-",PDS000001234.65,2010,before_2016,USA,ground turkey
PDT000107296.2,Mbandaka,PDS000233288.49,2009,before_2016,USA,chicken breast
PDT000107297.3,Heidelberg,PDS000211943.33,2010,before_2016,USA,chicken breast
PDT000107298.2,Typhimurium var. 5-,PDS000272319.1,2009,before_2016,USA,chicken breast
PDT000107299.2,Albany,PDS000032516.187,2009,before_2016,USA,ground turkey
PDT000107300.2,Typhimurium var. 5-,PDS000272319.1,2009,before_2016,USA,chicken breast
PDT000107301.2,Heidelberg,PDS000211943.33,2009,before_2016,USA,chicken breast
PDT000107302.2,Saintpaul,PDS000004383.112,2009,before_2016,USA,ground turkey
PDT000107303.2,Typhimurium var. 5-,PDS000272319.1,2009,before_2016,USA,chicken breast
PDT000107358.2,Typhimurium var. 5-,PDS000272319.1,2010,before_2016,USA,ground turkey
PDT000107359.2,Berta,PDS000026549.1050,2010,before_2016,USA,ground turkey
PDT000107360.2,Worthington,PDS000031048.16,2010,before_2016,USA,ground turkey
PDT000107361.2,Hadar,PDS000158107.507,2010,before_2016,USA,ground turkey
PDT000107362.2,"4,12:d:-",PDS000001682.46,2010,before_2016,USA,ground turkey
PDT000107363.2,Typhimurium var. 5-,PDS000272319.1,2010,before_2016,USA,chicken breast
PDT000107364.2,Typhimurium var. 5-,PDS000272319.1,2009,before_2016,USA,chicken breast
PDT000107365.8,Saintpaul,PDS000004383.112,2009,before_2016,USA,ground turkey
PDT000107366.4,Saintpaul,PDS000004383.112,2009,before_2016,USA,ground turkey
PDT000107367.4,Saintpaul,PDS000004383.112,2009,before_2016,USA,ground turkey
PDT000107368.4,Saintpaul,PDS000004383.112,2009,before_2016,USA,ground turkey
PDT000107369.4,Saintpaul,PDS000004383.112,2009,before_2016,USA,ground turkey
PDT000107370.4,Saintpaul,PDS000004383.112,2009,before_2016,USA,ground turkey
PDT000107371.4,Saintpaul,PDS000004383.112,2009,before_2016,USA,ground turkey
PDT000108144.2,Typhimurium var. 5-,PDS000026719.1,2009,before_2016,USA,chicken breast
PDT000108145.2,Typhimurium var. 5-,PDS000026719.1,2009,before_2016,USA,chicken breast
PDT000108146.2,Kentucky,PDS000217831.57,2009,before_2016,USA,chicken breast
PDT000108147.2,Typhimurium var. 5-,PDS000272319.1,2009,before_2016,USA,chicken breast
PDT000108148.2,Typhimurium var. 5-,PDS000026719.1,2009,before_2016,USA,chicken breast
PDT000108149.2,Typhimurium var. 5-,PDS000272319.1,2009,before_2016,USA,chicken breast
PDT000108150.2,Enteritidis,PDS000030237.1756,2009,before_2016,USA,chicken breast
PDT000108151.2,Typhimurium var. 5-,PDS000272319.1,2009,before_2016,USA,chicken breast
PDT000108152.2,Typhimurium var. 5-,PDS000272319.1,2009,before_2016,USA,chicken breast
PDT000108153.2,Senftenberg,PDS000032047.11,2009,before_2016,USA,chicken breast
PDT000108155.2,Typhimurium var. 5-,PDS000272319.1,2009,before_2016,USA,chicken breast
PDT000108156.2,Typhimurium var. 5-,PDS000272319.1,2009,before_2016,USA,chicken breast
PDT000108157.4,Saintpaul,PDS000004383.112,2009,before_2016,USA,ground turkey
PDT000108158.2,"4,[5],12:r:-",PDS000106159.105,2009,before_2016,USA,ground turkey
PDT000108249.2,Typhimurium var. 5-,PDS000272319.1,2009,before_2016,USA,chicken breast
PDT000108251.4,Saintpaul,PDS000004383.112,2009,before_2016,USA,ground turkey
PDT000108252.2,Typhimurium var. 5-,PDS000180814.35,2009,before_2016,USA,chicken breast
PDT000108254.2,Heidelberg,PDS000211943.33,2009,before_2016,USA,chicken breast
PDT000108256.2,Newport,PDS000127718.651,2009,before_2016,USA,chicken breast
PDT000108257.4,"18:z4,z23:-",PDS000001234.65,2009,before_2016,USA,ground turkey
PDT000108258.2,Heidelberg,PDS000001234.65,2009,before_2016,USA,ground turkey
PDT000108259.4,Saintpaul,PDS000004383.112,2009,before_2016,USA,ground turkey
PDT000108260.4,"18:z4,z23:-",PDS000001234.65,2010,before_2016,USA,ground turkey
PDT000108262.2,Typhimurium var. 5-,PDS000272319.1,2009,before_2016,USA,chicken breast
PDT000108263.2,Typhimurium var. 5-,PDS000272319.1,2009,before_2016,USA,chicken breast
PDT000108275.2,Heidelberg,PDS000106159.105,2010,before_2016,USA,ground turkey
PDT000108276.2,Typhimurium var. 5-,PDS000272319.1,2010,before_2016,USA,chicken breast
PDT000108277.2,Hadar,PDS000158107.507,2010,before_2016,USA,ground turkey
PDT000108278.2,Albany,PDS000032516.187,2010,before_2016,USA,ground turkey
PDT000108279.3,Enteritidis,PDS000246039.27,2010,before_2016,USA,chicken breast
PDT000108280.2,Typhimurium var. 5-,PDS000246039.27,2010,before_2016,USA,chicken breast
PDT000108281.2,Enteritidis,PDS000030237.1756,2010,before_2016,USA,chicken breast
PDT000108283.2,Typhimurium var. 5-,PDS000272319.1,2010,before_2016,USA,chicken breast
PDT000108284.2,Typhimurium var. 5-,PDS000180814.35,2010,before_2016,USA,chicken breast
PDT000108286.2,Typhimurium var. 5-,PDS000180814.35,2010,before_2016,USA,chicken breast
PDT000108287.2,Typhimurium var. 5-,PDS000180814.35,2010,before_2016,USA,chicken breast
PDT000108288.2,Typhimurium var. 5-,PDS000180814.35,2010,before_2016,USA,chicken breast
PDT000108289.2,Kentucky,PDS000260145.21,2010,before_2016,USA,chicken breast
PDT000110532.2,Heidelberg,PDS000211943.33,2010,before_2016,USA,chicken breast
PDT000110533.3,Agona,PDS000028948.87,2010,before_2016,USA,ground turkey
PDT000110534.3,Agona,PDS000028948.87,2010,before_2016,USA,ground turkey
PDT000110535.4,"18:z4,z23:-",PDS000001234.65,2010,before_2016,USA,ground turkey
PDT000110538.4,"18:z4,z23:-",PDS000001234.65,2010,before_2016,USA,ground turkey
PDT000110539.2,Kentucky,PDS000217831.57,2010,before_2016,USA,chicken breast
PDT000110540.2,Typhimurium var. 5-,PDS000272319.1,2010,before_2016,USA,chicken breast
PDT000110541.3,Heidelberg,PDS000211943.33,2010,before_2016,USA,chicken breast
PDT000110542.2,Typhimurium var. 5-,PDS000272319.1,2010,before_2016,USA,chicken breast
PDT000110543.2,Heidelberg,PDS000106159.105,2010,before_2016,USA,ground turkey
PDT000110544.4,Saintpaul,PDS000004383.112,2010,before_2016,USA,ground turkey
PDT000110545.2,Heidelberg,PDS000106159.105,2010,before_2016,USA,ground turkey
PDT000110546.2,Saintpaul,PDS000004383.112,2010,before_2016,USA,ground turkey
PDT000110547.2,Typhimurium var. 5-,PDS000272319.1,2010,before_2016,USA,chicken breast
PDT000110548.2,Agona,PDS000214890.285,2010,before_2016,USA,ground turkey
PDT000110549.4,Saintpaul,PDS000004383.112,2010,before_2016,USA,ground turkey
PDT000110560.2,Schwarzengrund,PDS000027525.135,2010,before_2016,USA,ground turkey
PDT000110726.4,Saintpaul,PDS000004383.112,2009,before_2016,USA,ground turkey
PDT000110727.4,Saintpaul,PDS000004383.112,2009,before_2016,USA,ground turkey
PDT000110728.2,Derby,PDS000004136.77,2009,before_2016,USA,ground turkey
PDT000110732.4,Saintpaul,PDS000004383.112,2009,before_2016,USA,ground turkey
PDT000110733.4,Saintpaul,PDS000004383.112,2009,before_2016,USA,ground turkey
PDT000110734.2,"4,12:d:-",PDS000001682.46,2009,before_2016,USA,ground turkey
PDT000110735.2,"4,12:d:-",PDS000001682.46,2009,before_2016,USA,ground turkey
PDT000110736.4,Saintpaul,PDS000004383.112,2009,before_2016,USA,ground turkey
PDT000110737.4,Saintpaul,PDS000004383.112,2009,before_2016,USA,ground turkey
PDT000110738.4,Saintpaul,PDS000004383.112,2009,before_2016,USA,ground turkey
PDT000110739.4,Saintpaul,PDS000004383.112,2009,before_2016,USA,ground turkey
PDT000110740.2,Anatum,PDS000028987.15,2009,before_2016,USA,ground turkey
PDT000110741.2,Hadar,PDS000114063.1,2009,before_2016,USA,ground turkey
PDT000110811.2,Tennessee,PDS000030654.1,2009,before_2016,USA,ground turkey
PDT000110812.2,Heidelberg,PDS000106159.105,2009,before_2016,USA,ground turkey
PDT000110813.2,Heidelberg,PDS000211943.33,2009,before_2016,USA,chicken breast
PDT000110814.2,Hadar,PDS000158106.134,2009,before_2016,USA,ground turkey
PDT000110817.3,Kentucky,PDS000032124.4,2006,before_2016,USA,chicken breast
PDT000110818.3,Montevideo,PDS000027859.12,2006,before_2016,USA,ground turkey
PDT000110819.3,Schwarzengrund,PDS000004040.87,2006,before_2016,USA,ground turkey
PDT000111295.2,Kentucky,PDS000030651.1,2008,before_2016,USA,chicken breast
PDT000111298.2,Heidelberg,PDS000106159.105,2008,before_2016,USA,ground turkey
PDT000111299.2,Mbandaka,PDS000030650.2,2008,before_2016,USA,chicken breast
PDT000111300.2,Mbandaka,PDS000030650.2,2008,before_2016,USA,chicken breast
PDT000111301.2,Heidelberg,PDS000211943.33,2008,before_2016,USA,chicken breast
PDT000111302.2,Kentucky,PDS000260145.21,2008,before_2016,USA,chicken breast
PDT000111303.4,Saintpaul,PDS000004383.112,2008,before_2016,USA,ground turkey
PDT000111307.3,Heidelberg,PDS000106159.105,2008,before_2016,USA,ground turkey
PDT000111308.2,Enteritidis,PDS000030237.1756,2008,before_2016,USA,chicken breast
PDT000111309.2,Derby,PDS000004136.77,2008,before_2016,USA,chicken breast
PDT000111310.2,Heidelberg,PDS000211943.33,2008,before_2016,USA,chicken breast
PDT000111311.2,Typhimurium var. 5-,PDS000272319.1,2008,before_2016,USA,chicken breast
PDT000111312.2,Litchfield,PDS000092223.13,2008,before_2016,USA,chicken breast
PDT000111313.2,Typhimurium var. 5-,PDS000272319.1,2008,before_2016,USA,chicken breast
PDT000111314.2,Enteritidis,PDS000030237.1756,2008,before_2016,USA,ground turkey
PDT000111315.2,Enteritidis,PDS000030237.1756,2008,before_2016,USA,chicken breast
PDT000111316.2,Typhimurium var. 5-,PDS000272319.1,2008,before_2016,USA,chicken breast
PDT000111398.2,Montevideo,PDS000027237.426,2016,from_2016,USA,comminuted chicken
PDT000111438.2,Kentucky,PDS000027273.3,2009,before_2016,USA,chicken breast
PDT000111439.2,Albany,PDS000032516.187,2009,before_2016,USA,ground turkey
PDT000111440.2,Newport,PDS000004267.11,2009,before_2016,USA,ground turkey
PDT000111441.2,Typhimurium var. 5-,PDS000272319.1,2009,before_2016,USA,chicken breast
PDT000111442.3,Kentucky,PDS000029537.7,2009,before_2016,USA,chicken breast
PDT000111443.2,Braenderup,PDS000076604.1183,2009,before_2016,USA,chicken breast
PDT000111444.2,Typhimurium var. 5-,PDS000032661.424,2009,before_2016,USA,chicken breast
PDT000111445.2,Senftenberg,PDS000266616.2,2009,before_2016,USA,ground turkey
PDT000111446.3,Senftenberg,PDS000002489.96,2009,before_2016,USA,ground turkey
PDT000111447.2,Saintpaul,PDS000004383.112,2009,before_2016,USA,ground turkey
PDT000111449.3,Senftenberg,PDS000031936.30,2006,before_2016,USA,ground turkey
PDT000111652.2,Mbandaka,PDS000030650.2,2008,before_2016,USA,chicken breast
PDT000111653.2,Bareilly,PDS000030649.4,2008,before_2016,USA,chicken breast
PDT000111654.2,Bareilly,PDS000030649.4,2008,before_2016,USA,chicken breast
PDT000111655.2,Mbandaka,PDS000030650.2,2008,before_2016,USA,chicken breast
PDT000111656.3,Senftenberg,PDS000266978.2,2008,before_2016,USA,chicken breast
PDT000111668.2,Enteritidis,PDS000030237.1756,2016,from_2016,USA,comminuted chicken
PDT000111669.2,Enteritidis,PDS000030237.1756,2016,from_2016,USA,comminuted chicken
PDT000111670.2,Enteritidis,PDS000030237.1756,2016,from_2016,USA,comminuted chicken
PDT000111671.2,Enteritidis,PDS000030237.1756,2016,from_2016,USA,comminuted chicken
PDT000111672.2,Enteritidis,PDS000030237.1756,2016,from_2016,USA,comminuted chicken
PDT000111673.2,Enteritidis,PDS000030237.1756,2016,from_2016,USA,comminuted chicken
PDT000111674.2,Enteritidis,PDS000030237.1756,2016,from_2016,USA,comminuted chicken
PDT000111675.2,Enteritidis,PDS000030237.1756,2016,from_2016,USA,comminuted chicken
PDT000111676.2,Enteritidis,PDS000030237.1756,2016,from_2016,USA,comminuted chicken
PDT000111677.2,Enteritidis,PDS000030237.1756,2016,from_2016,USA,comminuted chicken
PDT000111678.2,Enteritidis,PDS000030237.1756,2016,from_2016,USA,comminuted chicken
PDT000111679.2,Enteritidis,PDS000030237.1756,2016,from_2016,USA,comminuted chicken
PDT000111680.2,Enteritidis,PDS000030237.1756,2016,from_2016,USA,comminuted chicken
PDT000111681.2,Enteritidis,PDS000030237.1756,2016,from_2016,USA,comminuted chicken
PDT000111682.2,Enteritidis,PDS000030237.1756,2016,from_2016,USA,comminuted chicken
PDT000112641.2,Senftenberg,PDS000266978.2,2008,before_2016,USA,chicken breast
PDT000112642.2,Senftenberg,PDS000030650.2,2008,before_2016,USA,chicken breast
PDT000112643.2,Senftenberg,PDS000266978.2,2008,before_2016,USA,ground turkey
PDT000112644.2,Uganda,PDS000001852.1112,2008,before_2016,USA,ground turkey
PDT000112645.2,Norwich,PDS000005740.191,2008,before_2016,USA,ground turkey
PDT000112646.2,Uganda,PDS000001852.1112,2008,before_2016,USA,ground turkey
PDT000112647.2,Norwich,PDS000005740.191,2008,before_2016,USA,ground turkey
PDT000112648.2,Senftenberg,PDS000266978.2,2008,before_2016,USA,ground turkey
PDT000112649.2,Norwich,PDS000005740.191,2008,before_2016,USA,ground turkey
PDT000112650.2,Senftenberg,PDS000266978.2,2008,before_2016,USA,ground turkey
PDT000112651.2,Senftenberg,PDS000005739.233,2008,before_2016,USA,ground turkey
PDT000112656.3,Mbandaka,PDS000233288.49,2009,before_2016,USA,chicken breast
PDT000112698.2,Typhimurium var. 5-,PDS000272319.1,2010,before_2016,USA,chicken breast
PDT000112699.4,"18:z4,z23:-",PDS000001234.65,2010,before_2016,USA,ground turkey
PDT000112700.2,Heidelberg,PDS000106159.105,2010,before_2016,USA,chicken breast
PDT000112701.2,Heidelberg,PDS000211943.33,2010,before_2016,USA,chicken breast
PDT000112702.4,"18:z4,z23:-",PDS000001234.65,2010,before_2016,USA,ground turkey
PDT000112703.4,"18:z4,z23:-",PDS000001234.65,2010,before_2016,USA,ground turkey
PDT000112704.2,Agona,PDS000214890.285,2010,before_2016,USA,ground turkey
PDT000112705.4,"18:z4,z23:-",PDS000001234.65,2010,before_2016,USA,ground turkey
PDT000112706.4,Saintpaul,PDS000004383.112,2010,before_2016,USA,ground turkey
PDT000112707.4,"6,7:k:-",PDS000032705.1749,2010,before_2016,USA,chicken breast
PDT000112708.3,Kentucky,PDS000031695.7,2006,before_2016,USA,chicken breast
PDT000112709.3,Kentucky,PDS000260145.21,2006,before_2016,USA,chicken breast
PDT000112711.3,Enteritidis,PDS000032668.1889,2006,before_2016,USA,chicken breast
PDT000112760.2,Typhimurium var. 5-,PDS000272319.1,2009,before_2016,USA,chicken breast
PDT000112761.3,Kentucky,PDS000032528.3,2009,before_2016,USA,chicken breast
PDT000112762.2,Typhimurium var. 5-,PDS000272319.1,2009,before_2016,USA,chicken breast
PDT000112763.2,Typhimurium var. 5-,PDS000272319.1,2009,before_2016,USA,chicken breast
PDT000112764.2,Typhimurium var. 5-,PDS000272319.1,2009,before_2016,USA,chicken breast
PDT000112765.2,Hadar,PDS000158107.507,2009,before_2016,USA,ground turkey
PDT000112766.2,Typhimurium var. 5-,PDS000272319.1,2009,before_2016,USA,chicken breast
PDT000112767.2,Typhimurium var. 5-,PDS000180814.35,2009,before_2016,USA,chicken breast
PDT000112768.2,Typhimurium var. 5-,PDS000272319.1,2009,before_2016,USA,chicken breast
PDT000112769.2,Typhimurium var. 5-,PDS000272319.1,2009,before_2016,USA,chicken breast
PDT000112801.2,Hadar,PDS000158106.134,2008,before_2016,USA,ground turkey
PDT000112802.2,Enteritidis,PDS000030237.1756,2009,before_2016,USA,chicken breast
PDT000112803.2,Heidelberg,PDS000211943.33,2009,before_2016,USA,chicken breast
PDT000112804.3,Enteritidis,PDS000030237.1756,2009,before_2016,USA,chicken breast
PDT000112805.4,Saintpaul,PDS000004383.112,2009,before_2016,USA,ground turkey
PDT000112807.2,Enteritidis,PDS000030237.1756,2009,before_2016,USA,chicken breast
PDT000112808.2,Hadar,PDS000158106.134,2009,before_2016,USA,ground turkey
PDT000112809.4,Saintpaul,PDS000004383.112,2009,before_2016,USA,ground turkey
PDT000112810.4,Saintpaul,PDS000004383.112,2009,before_2016,USA,ground turkey
PDT000112811.2,"4,[5],12:r:-",PDS000106159.105,2009,before_2016,USA,ground turkey
PDT000112812.4,Saintpaul,PDS000004383.112,2009,before_2016,USA,ground turkey
PDT000112813.4,Saintpaul,PDS000004383.112,2009,before_2016,USA,ground turkey
PDT000112814.2,"4,[5],12:r:-",PDS000106159.105,2009,before_2016,USA,ground turkey
PDT000112815.2,"4,[5],12:r:-",PDS000106159.105,2009,before_2016,USA,ground turkey
PDT000112816.3,Enteritidis,PDS000246039.27,2009,before_2016,USA,chicken breast
PDT000112948.2,Saintpaul,PDS000004383.112,2009,before_2016,USA,ground turkey
PDT000113011.2,Saintpaul,PDS000004383.112,2009,before_2016,USA,ground turkey
PDT000113012.2,Heidelberg,PDS000030642.2,2009,before_2016,USA,ground turkey
PDT000113013.2,Enteritidis,PDS000217831.57,2009,before_2016,USA,chicken breast
PDT000113215.2,Typhimurium var. 5-,PDS000272319.1,2009,before_2016,USA,chicken breast
PDT000113216.2,Typhimurium var. 5-,PDS000272319.1,2009,before_2016,USA,chicken breast
PDT000113217.2,Typhimurium var. 5-,PDS000272319.1,2009,before_2016,USA,chicken breast
PDT000113584.2,Typhimurium var. 5-,PDS000272319.1,2009,before_2016,USA,chicken breast
PDT000113636.2,Kentucky,PDS000260145.21,2010,before_2016,USA,chicken breast
PDT000113637.2,Heidelberg,PDS000106159.105,2010,before_2016,USA,chicken breast
PDT000113638.2,Heidelberg,PDS000211943.33,2010,before_2016,USA,chicken breast
PDT000113639.3,Brandenburg,PDS000026782.249,2010,before_2016,USA,ground turkey
PDT000113712.2,Kentucky,PDS000112666.285,2010,before_2016,USA,chicken breast
PDT000113721.2,Enteritidis,PDS000032668.1889,2008,before_2016,USA,ground turkey
PDT000113722.3,Enteritidis,PDS000030237.1756,2008,before_2016,USA,chicken breast
PDT000113723.3,Heidelberg,PDS000211943.33,2008,before_2016,USA,chicken breast
PDT000113724.3,Heidelberg,PDS000106159.105,2008,before_2016,USA,chicken breast
PDT000113725.2,Hadar,PDS000158106.134,2008,before_2016,USA,ground turkey
PDT000113726.5,Heidelberg,PDS000106159.105,2010,before_2016,USA,ground turkey
PDT000113727.2,Alachua,PDS000030903.20,2010,before_2016,USA,ground turkey
PDT000113728.2,Alachua,PDS000030903.20,2010,before_2016,USA,ground turkey
PDT000113729.2,Anatum,PDS000026575.381,2010,before_2016,USA,chicken breast
PDT000113731.2,Kentucky,PDS000032532.55,2010,before_2016,USA,chicken breast
PDT000113732.2,Typhimurium var. 5-,PDS000272319.1,2010,before_2016,USA,chicken breast
PDT000113733.4,Saintpaul,PDS000004383.112,2010,before_2016,USA,ground turkey
PDT000113734.2,Heidelberg,PDS000106159.105,2010,before_2016,USA,ground turkey
PDT000113735.4,Saintpaul,PDS000004383.112,2010,before_2016,USA,ground turkey
PDT000113736.4,Saintpaul,PDS000004383.112,2010,before_2016,USA,ground turkey
PDT000113740.2,Hadar,PDS000158106.134,2008,before_2016,USA,ground turkey
PDT000113741.2,Hadar,PDS000158106.134,2008,before_2016,USA,ground turkey
PDT000113743.2,Hadar,PDS000158106.134,2008,before_2016,USA,chicken breast
PDT000113744.2,Agona,PDS000214890.285,2008,before_2016,USA,chicken breast
PDT000113745.2,Heidelberg,PDS000106159.105,2008,before_2016,USA,chicken breast
PDT000113746.3,Heidelberg,PDS000211943.33,2008,before_2016,USA,chicken breast
PDT000113747.2,Infantis,PDS000003971.88,2008,before_2016,USA,chicken breast
PDT000113748.2,Kentucky,PDS000268659.1,2008,before_2016,USA,chicken breast
PDT000113749.2,Heidelberg,PDS000078903.2,2008,before_2016,USA,chicken breast
PDT000113750.4,Saintpaul,PDS000004383.112,2008,before_2016,USA,ground turkey
PDT000113751.2,Reading,PDS000028886.33,2008,before_2016,USA,ground turkey
PDT000113753.2,Heidelberg,PDS000211943.33,2008,before_2016,USA,chicken breast
PDT000113754.2,"18:z4,z23:-",PDS000001234.65,2008,before_2016,USA,ground turkey
PDT000113755.2,Heidelberg,PDS000106159.105,2008,before_2016,USA,ground turkey
PDT000113780.3,Enteritidis,PDS000032688.11,2005,before_2016,USA,chicken breast
PDT000113781.2,Hadar,PDS000158107.507,2005,before_2016,USA,ground turkey
PDT000113782.3,Heidelberg,PDS000106159.105,2005,before_2016,USA,ground turkey
PDT000113783.3,Heidelberg,PDS000211943.33,2005,before_2016,USA,chicken breast
PDT000113784.3,Heidelberg,PDS000029759.23,2005,before_2016,USA,ground turkey
PDT000113785.3,Heidelberg,PDS000106159.105,2005,before_2016,USA,ground turkey
PDT000113786.3,Heidelberg,PDS000106159.105,2005,before_2016,USA,ground turkey
PDT000113787.3,Montevideo,PDS000027859.12,2005,before_2016,USA,ground turkey
PDT000114347.2,Berta,PDS000026549.1050,2010,before_2016,USA,ground turkey
PDT000114348.2,Berta,PDS000026549.1050,2010,before_2016,USA,ground turkey
PDT000114349.2,Heidelberg,PDS000211943.33,2010,before_2016,USA,chicken breast
PDT000114350.3,Kentucky,PDS000217831.57,2010,before_2016,USA,chicken breast
PDT000114351.2,Hadar,PDS000158107.507,2010,before_2016,USA,ground turkey
PDT000114352.2,Senftenberg,PDS000002489.96,2010,before_2016,USA,ground turkey
PDT000114353.2,Saintpaul,PDS000004383.112,2010,before_2016,USA,ground turkey
PDT000114354.3,Schwarzengrund,PDS000004036.160,2010,before_2016,USA,ground turkey
PDT000114424.2,Newport,PDS000004272.26,2009,before_2016,USA,ground turkey
PDT000114425.2,"4,12:d:-",PDS000001682.46,2009,before_2016,USA,ground turkey
PDT000114426.3,Kentucky,PDS000217831.57,2009,before_2016,USA,chicken breast
PDT000114427.2,Typhimurium var. 5-,PDS000272319.1,2009,before_2016,USA,chicken breast
PDT000114428.2,Senftenberg,PDS000031936.30,2009,before_2016,USA,ground turkey
PDT000114429.2,Kentucky,PDS000217831.57,2009,before_2016,USA,chicken breast
PDT000114430.2,Montevideo,PDS000027859.12,2009,before_2016,USA,ground turkey
PDT000114431.2,Montevideo,PDS000027859.12,2009,before_2016,USA,ground turkey
PDT000114504.3,Heidelberg,PDS000106159.105,2005,before_2016,USA,ground turkey
PDT000114505.2,Panama,PDS000030763.1,2005,before_2016,USA,ground turkey
PDT000114506.2,Saintpaul,PDS000026782.249,2005,before_2016,USA,ground turkey
PDT000114507.3,Saintpaul,PDS000004383.112,2005,before_2016,USA,ground turkey
PDT000114508.3,Schwarzengrund,PDS000031691.8,2005,before_2016,USA,ground turkey
PDT000114509.3,Schwarzengrund,PDS000031691.8,2005,before_2016,USA,ground turkey
PDT000114631.2,Senftenberg,PDS000266978.2,2008,before_2016,USA,chicken breast
PDT000115373.3,Enteritidis,PDS000032668.1889,2008,before_2016,USA,chicken breast
PDT000115374.3,Heidelberg,PDS000106159.105,2008,before_2016,USA,ground turkey
PDT000115375.2,Heidelberg,PDS000106159.105,2008,before_2016,USA,ground turkey
PDT000115376.2,Hadar,PDS000158106.134,2008,before_2016,USA,ground turkey
PDT000115377.2,Heidelberg,PDS000029759.23,2008,before_2016,USA,ground turkey
PDT000115378.2,Heidelberg,PDS000106159.105,2008,before_2016,USA,ground turkey
PDT000115379.3,Heidelberg,PDS000106159.105,2008,before_2016,USA,ground turkey
PDT000115380.2,Heidelberg,PDS000106159.105,2008,before_2016,USA,ground turkey
PDT000115381.2,Heidelberg,PDS000106159.105,2008,before_2016,USA,ground turkey
PDT000115382.2,"18:z4,z23:-",PDS000001234.65,2008,before_2016,USA,ground turkey
PDT000115383.2,Hadar,PDS000158106.134,2008,before_2016,USA,ground turkey
PDT000115384.2,Hadar,PDS000158106.134,2008,before_2016,USA,ground turkey
PDT000115385.2,"18:z4,z23:-",PDS000001234.65,2008,before_2016,USA,ground turkey
PDT000115386.2,Heidelberg,PDS000106159.105,2008,before_2016,USA,ground turkey
PDT000115387.2,"18:z4,z23:-",PDS000001234.65,2008,before_2016,USA,ground turkey
PDT000115388.2,"18:z4,z23:-",PDS000001234.65,2008,before_2016,USA,ground turkey
PDT000115389.2,Typhimurium var. 5-,PDS000013845.603,2008,before_2016,USA,ground turkey
PDT000115390.2,Agona,PDS000031481.114,2008,before_2016,USA,ground turkey
PDT000115391.4,Saintpaul,PDS000004383.112,2008,before_2016,USA,ground turkey
PDT000115392.4,Saintpaul,PDS000004383.112,2008,before_2016,USA,ground turkey
PDT000115393.2,Senftenberg,PDS000032014.30,2008,before_2016,USA,chicken breast
PDT000115394.2,Reading,PDS000247378.2,2008,before_2016,USA,ground turkey
PDT000115395.2,"18:z4,z23:-",PDS000001234.65,2008,before_2016,USA,ground turkey
PDT000115396.2,"18:z4,z23:-",PDS000001234.65,2008,before_2016,USA,ground turkey
PDT000115398.3,Derby,PDS000004136.77,2008,before_2016,USA,ground turkey
PDT000115399.2,Kentucky,PDS000260145.21,2008,before_2016,USA,chicken breast
PDT000115400.4,Saintpaul,PDS000004383.112,2008,before_2016,USA,ground turkey
PDT000115402.2,Hadar,PDS000158106.134,2008,before_2016,USA,ground turkey
PDT000115403.3,Infantis,PDS000032407.2,2008,before_2016,USA,chicken breast
PDT000115404.2,"18:z4,z23:-",PDS000001234.65,2008,before_2016,USA,ground turkey
PDT000119779.2,Heidelberg,PDS000106159.105,2009,before_2016,USA,ground turkey
PDT000119813.3,Kentucky,PDS000272319.1,2009,before_2016,USA,chicken breast
PDT000119815.2,Typhimurium var. 5-,PDS000272319.1,2009,before_2016,USA,chicken breast
PDT000119816.2,Typhimurium var. 5-,PDS000272319.1,2009,before_2016,USA,chicken breast
PDT000119817.2,"18:z4,z23:-",PDS000001234.65,2009,before_2016,USA,ground turkey
PDT000119818.2,Saintpaul,PDS000004385.49,2009,before_2016,USA,ground turkey
PDT000119819.2,Typhimurium var. 5-,PDS000272319.1,2009,before_2016,USA,chicken breast
PDT000119820.4,Saintpaul,PDS000004383.112,2009,before_2016,USA,ground turkey
PDT000119821.2,Typhimurium var. 5-,PDS000272319.1,2009,before_2016,USA,chicken breast
PDT000119822.2,"18:z4,z23:-",PDS000001234.65,2009,before_2016,USA,ground turkey
PDT000119823.2,"18:z4,z23:-",PDS000001234.65,2009,before_2016,USA,ground turkey
PDT000119825.2,Typhimurium var. 5-,PDS000272319.1,2009,before_2016,USA,chicken breast
PDT000119826.2,"4,12:d:-",PDS000001682.46,2009,before_2016,USA,ground turkey
PDT000119827.2,Heidelberg,PDS000211943.33,2009,before_2016,USA,chicken breast
PDT000120758.4,Saintpaul,PDS000004383.112,2008,before_2016,USA,ground turkey
PDT000120759.2,Heidelberg,PDS000106159.105,2008,before_2016,USA,ground turkey
PDT000120760.2,Typhimurium var. 5-,PDS000272319.1,2008,before_2016,USA,chicken breast
PDT000120761.2,Typhimurium var. 5-,PDS000272319.1,2008,before_2016,USA,chicken breast
PDT000120762.2,Hadar,PDS000158106.134,2008,before_2016,USA,ground turkey
PDT000120763.2,Enteritidis,PDS000030237.1756,2008,before_2016,USA,chicken breast
PDT000120764.2,Typhimurium var. 5-,PDS000272319.1,2008,before_2016,USA,chicken breast
PDT000120765.2,Typhimurium var. 5-,PDS000272319.1,2008,before_2016,USA,chicken breast
PDT000120766.2,Typhimurium var. 5-,PDS000272319.1,2008,before_2016,USA,chicken breast
PDT000120767.3,Enteritidis,PDS000030237.1756,2008,before_2016,USA,chicken breast
PDT000120768.2,Heidelberg,PDS000106159.105,2008,before_2016,USA,ground turkey
PDT000120771.2,Enteritidis,PDS000030237.1756,2008,before_2016,USA,chicken breast
PDT000120772.2,Kentucky,PDS000029459.135,2008,before_2016,USA,chicken breast
PDT000120773.3,Typhimurium,PDS000272308.1,2008,before_2016,USA,chicken breast
PDT000120776.2,Hadar,PDS000158107.507,2008,before_2016,USA,ground turkey
PDT000120777.2,Hadar,PDS000158107.507,2008,before_2016,USA,ground turkey
PDT000120778.2,Hadar,PDS000158107.507,2008,before_2016,USA,ground turkey
PDT000120779.2,Heidelberg,PDS000106159.105,2008,before_2016,USA,ground turkey
PDT000120780.2,Schwarzengrund,PDS000027503.484,2008,before_2016,USA,ground turkey
PDT000120781.2,Hadar,PDS000158106.134,2008,before_2016,USA,ground turkey
PDT000120782.2,Hadar,PDS000158106.134,2008,before_2016,USA,ground turkey
PDT000120783.2,Heidelberg,PDS000106159.105,2008,before_2016,USA,ground turkey
PDT000120784.2,Hadar,PDS000158106.134,2008,before_2016,USA,ground turkey
PDT000120785.2,Hadar,PDS000158106.134,2008,before_2016,USA,ground turkey
PDT000120786.4,Saintpaul,PDS000004383.112,2008,before_2016,USA,ground turkey
PDT000120787.2,Hadar,PDS000158107.507,2008,before_2016,USA,ground turkey
PDT000120788.4,Saintpaul,PDS000004383.112,2008,before_2016,USA,ground turkey
PDT000120789.4,Saintpaul,PDS000004383.112,2008,before_2016,USA,ground turkey
PDT000121062.4,Muenster,PDS000026704.31,2010,before_2016,USA,ground turkey
PDT000121063.2,Enteritidis,PDS000030237.1756,2010,before_2016,USA,chicken breast
PDT000121064.3,Heidelberg,PDS000106159.105,2010,before_2016,USA,ground turkey
PDT000121065.3,Enteritidis,PDS000030237.1756,2010,before_2016,USA,chicken breast
PDT000121066.2,Hadar,PDS000158107.507,2010,before_2016,USA,ground turkey
PDT000121067.3,Typhimurium var. 5-,PDS000030628.1,2010,before_2016,USA,chicken breast
PDT000121068.3,Typhimurium var. 5-,PDS000030628.1,2010,before_2016,USA,chicken breast
PDT000121069.2,Hadar,PDS000158107.507,2010,before_2016,USA,ground turkey
PDT000121072.2,Agona,PDS000028904.114,2010,before_2016,USA,ground turkey
PDT000121073.2,Heidelberg,PDS000211943.33,2010,before_2016,USA,chicken breast
PDT000121074.3,"18:z4,z23:-",PDS000001234.65,2010,before_2016,USA,chicken breast
PDT000121075.3,"18:z4,z23:-",PDS000001234.65,2010,before_2016,USA,ground turkey
PDT000121076.3,Enteritidis,PDS000246039.27,2010,before_2016,USA,chicken breast
PDT000121127.2,Kentucky,PDS000272606.2,2015,before_2016,USA,Chicken Thighs
PDT000121128.2,Enteritidis,PDS000030237.1756,2015,before_2016,USA,Chicken Thighs
PDT000121129.2,Enteritidis,PDS000030237.1756,2015,before_2016,USA,Chicken Thighs
PDT000121130.2,Enteritidis,PDS000030237.1756,2015,before_2016,USA,Chicken Thighs
PDT000121131.2,Heidelberg,PDS000211943.33,2015,before_2016,USA,Chicken Legs
PDT000121132.2,Heidelberg,PDS000211943.33,2015,before_2016,USA,Chicken Thighs
PDT000121133.2,Enteritidis,PDS000030237.1756,2015,before_2016,USA,chicken breast
PDT000121134.2,Kentucky,PDS000272606.2,2015,before_2016,USA,Chicken Wings
PDT000121135.2,Reading,PDS000001887.891,2015,before_2016,USA,ground turkey
PDT000121136.2,Enteritidis,PDS000030237.1756,2015,before_2016,USA,chicken breast
PDT000121137.2,Enteritidis,PDS000030237.1756,2015,before_2016,USA,chicken breast
PDT000121138.2,"4,[5],12:i:-",PDS000273036.3,2015,before_2016,USA,ground turkey
PDT000121139.2,Saintpaul,PDS000029303.72,2015,before_2016,USA,ground turkey
PDT000121141.2,Livingstone,PDS000030128.4,2015,before_2016,USA,chicken breast
PDT000121142.2,Kentucky,PDS000112666.285,2015,before_2016,USA,chicken breast
PDT000121143.3,Reading,PDS000001887.891,2015,before_2016,USA,ground turkey
PDT000121144.2,Schwarzengrund,PDS000004036.160,2015,before_2016,USA,ground turkey
PDT000121147.2,Kentucky,PDS000272606.2,2015,before_2016,USA,chicken breast
PDT000121148.2,Reading,PDS000001887.891,2015,before_2016,USA,ground turkey
PDT000121149.4,Heidelberg,PDS000106159.105,2015,before_2016,USA,ground turkey
PDT000121150.2,Muenchen,PDS000198470.177,2015,before_2016,USA,ground turkey
PDT000121151.2,Reading,PDS000001887.891,2015,before_2016,USA,ground turkey
PDT000121152.2,Muenchen,PDS000198470.177,2015,before_2016,USA,ground turkey
PDT000121154.2,Blockley,PDS000157219.165,2015,before_2016,USA,Chicken Wings
PDT000121155.2,Enteritidis,PDS000004720.200,2015,before_2016,USA,Chicken Thighs
PDT000121156.2,Newport,PDS000127718.651,2015,before_2016,USA,chicken breast
PDT000121157.2,Newport,PDS000127718.651,2015,before_2016,USA,chicken breast
PDT000121158.2,Kentucky,PDS000029426.101,2015,before_2016,USA,Chicken Leg
PDT000121159.2,Heidelberg,PDS000029725.224,2015,before_2016,USA,chicken breast
PDT000121160.2,Typhimurium var. 5-,PDS000272319.1,2015,before_2016,USA,chicken breast
PDT000121161.2,Johannesburg,PDS000218276.68,2015,before_2016,USA,Chicken Leg
PDT000121162.2,Schwarzengrund,PDS000099826.29,2015,before_2016,USA,ground turkey
PDT000121163.2,Reading,PDS000001887.891,2015,before_2016,USA,ground turkey
PDT000121164.2,Reading,PDS000001887.891,2015,before_2016,USA,ground turkey
PDT000121167.2,Heidelberg,PDS000211943.33,2015,before_2016,USA,chicken breast
PDT000121168.2,Kentucky,PDS000029525.26,2015,before_2016,USA,chicken breast
PDT000121169.2,Kentucky,PDS000030380.1,2015,before_2016,USA,ground turkey
PDT000121170.2,Kentucky,PDS000030380.1,2015,before_2016,USA,ground turkey
PDT000121171.2,Kentucky,PDS000030380.1,2015,before_2016,USA,ground turkey
PDT000121172.2,Braenderup,PDS000029430.13,2015,before_2016,USA,chicken breast
PDT000121173.2,Kentucky,PDS000272606.2,2015,before_2016,USA,chicken breast
PDT000121174.2,Saintpaul,PDS000029303.72,2015,before_2016,USA,ground turkey
PDT000121175.2,Kentucky,PDS000032526.25,2015,before_2016,USA,chicken breast
PDT000121176.2,Enteritidis,PDS000083226.1311,2015,before_2016,USA,Chicken Thighs
PDT000121177.2,Hadar,PDS000158107.507,2015,before_2016,USA,ground turkey
PDT000121180.2,Albany,PDS000032516.187,2015,before_2016,USA,ground turkey
PDT000121181.2,Reading,PDS000001887.891,2015,before_2016,USA,ground turkey
PDT000121182.2,Senftenberg,PDS000032003.8,2015,before_2016,USA,ground turkey
PDT000121183.2,Kentucky,PDS000217831.57,2015,before_2016,USA,chicken breast
PDT000121184.2,Muenchen,PDS000198470.177,2015,before_2016,USA,ground turkey
PDT000121185.2,Kentucky,PDS000217831.57,2015,before_2016,USA,chicken breast
PDT000121186.2,Rissen,PDS000031137.142,2015,before_2016,USA,ground turkey
PDT000121187.2,Enteritidis,PDS000030237.1756,2015,before_2016,USA,chicken breast
PDT000121188.2,Enteritidis,PDS000030237.1756,2015,before_2016,USA,chicken breast
PDT000121189.2,Muenchen,PDS000198470.177,2015,before_2016,USA,ground turkey
PDT000121190.2,"4,12:i:-",PDS000253288.128,2015,before_2016,USA,ground turkey
PDT000121191.2,"4,12:i:-",PDS000253288.128,2015,before_2016,USA,ground turkey
PDT000121192.2,Enteritidis,PDS000030237.1756,2015,before_2016,USA,chicken breast
PDT000121193.2,Reading,PDS000001887.891,2015,before_2016,USA,ground turkey
PDT000121194.2,Reading,PDS000001887.891,2015,before_2016,USA,ground turkey
PDT000121195.2,Reading,PDS000001887.891,2015,before_2016,USA,ground turkey
PDT000121196.2,Reading,PDS000001887.891,2015,before_2016,USA,ground turkey
PDT000121197.2,Muenchen,PDS000198470.177,2015,before_2016,USA,ground turkey
PDT000121198.2,Saintpaul,PDS000029303.72,2015,before_2016,USA,ground turkey
PDT000121199.2,Enteritidis,PDS000030237.1756,2015,before_2016,USA,chicken breast
PDT000121200.2,Livingstone,PDS000030128.4,2015,before_2016,USA,chicken breast
PDT000121201.2,Kentucky,PDS000112666.285,2015,before_2016,USA,chicken breast
PDT000121202.2,Kentucky,PDS000272606.2,2015,before_2016,USA,chicken breast
PDT000121205.2,Hadar,PDS000158106.134,2015,before_2016,USA,ground turkey
PDT000121207.2,Reading,PDS000001887.891,2015,before_2016,USA,ground turkey
PDT000121208.2,Reading,PDS000001887.891,2015,before_2016,USA,ground turkey
PDT000121209.2,Alachua,PDS000031922.25,2015,before_2016,USA,chicken breast
PDT000121210.2,Heidelberg,PDS000211943.33,2015,before_2016,USA,chicken breast
PDT000121211.2,Kentucky,PDS000272606.2,2015,before_2016,USA,chicken breast
PDT000121212.2,Kentucky,PDS000272606.2,2015,before_2016,USA,chicken breast
PDT000121213.2,Kentucky,PDS000029229.1,2015,before_2016,USA,chicken breast
PDT000121214.2,Kentucky,PDS000272606.2,2015,before_2016,USA,chicken breast
PDT000121215.2,Kentucky,PDS000272606.2,2015,before_2016,USA,chicken breast
PDT000121216.2,Kentucky,PDS000029525.26,2015,before_2016,USA,chicken breast
PDT000121217.2,Enteritidis,PDS000030237.1756,2015,before_2016,USA,chicken breast
PDT000121219.2,Kentucky,PDS000004066.82,2015,before_2016,USA,chicken breast
PDT000121220.2,Enteritidis,PDS000030237.1756,2015,before_2016,USA,chicken breast
PDT000121221.2,Muenchen,PDS000198470.177,2015,before_2016,USA,chicken breast
PDT000121222.2,Muenchen,PDS000198470.177,2015,before_2016,USA,ground turkey
PDT000121223.2,Reading,PDS000001887.891,2015,before_2016,USA,ground turkey
PDT000121224.2,Saintpaul,PDS000029303.72,2015,before_2016,USA,ground turkey
PDT000121225.2,Saintpaul,PDS000029303.72,2015,before_2016,USA,chicken breast
PDT000121226.2,Saintpaul,PDS000029303.72,2015,before_2016,USA,chicken breast
PDT000121227.2,Saintpaul,PDS000029303.72,2015,before_2016,USA,chicken breast
PDT000121228.2,Blockley,PDS000116145.1,2015,before_2016,USA,chicken breast
PDT000121229.2,Kentucky,PDS000029459.135,2015,before_2016,USA,chicken breast
PDT000121230.2,Saintpaul,PDS000029303.72,2015,before_2016,USA,ground turkey
PDT000121231.2,Hadar,PDS000158106.134,2015,before_2016,USA,ground turkey
PDT000121232.2,Muenchen,PDS000198470.177,2015,before_2016,USA,ground turkey
PDT000121233.2,Heidelberg,PDS000028162.7,2015,before_2016,USA,ground turkey
PDT000121234.2,"4,12:i:-",PDS000253288.128,2015,before_2016,USA,chicken breast
PDT000121235.2,Reading,PDS000001887.891,2015,before_2016,USA,ground turkey
PDT000121236.2,Schwarzengrund,PDS000004036.160,2015,before_2016,USA,ground turkey
PDT000121238.2,Typhimurium var. 5-,PDS000272319.1,2015,before_2016,USA,chicken breast
PDT000121245.2,Reading,PDS000001887.891,2014,before_2016,USA,Young Turkey
PDT000121247.2,Saintpaul,PDS000029303.72,2014,before_2016,USA,Young Turkey
PDT000121250.2,Kentucky,PDS000260145.21,2014,before_2016,USA,Young Chicken
PDT000121259.2,Typhimurium,PDS000272319.1,2014,before_2016,USA,Young Chicken
PDT000121261.2,Typhimurium,PDS000272319.1,2014,before_2016,USA,Young Chicken
PDT000121264.2,Typhimurium,PDS000272319.1,2014,before_2016,USA,Young Chicken
PDT000121267.2,Anatum,PDS000028226.224,2014,before_2016,USA,Young Turkey
PDT000121270.2,Typhimurium,PDS000272319.1,2014,before_2016,USA,Young Chicken
PDT000121280.2,Kentucky,PDS000217831.57,2014,before_2016,USA,Young Chicken
PDT000121281.2,Schwarzengrund,PDS000002218.1068,2014,before_2016,USA,Young Chicken
PDT000121282.2,Hadar,PDS000158106.134,2014,before_2016,USA,Young Turkey
PDT000121283.2,Typhimurium,PDS000272319.1,2014,before_2016,USA,Young Chicken
PDT000121305.2,Typhimurium,PDS000272319.1,2014,before_2016,USA,Young Chicken
PDT000121308.2,Idikan,PDS000029639.5,2014,before_2016,USA,Young Chicken
PDT000121314.3,Reading,PDS000001887.891,2014,before_2016,USA,Young Turkey
PDT000121319.2,Typhimurium,PDS000272319.1,2014,before_2016,USA,Young Chicken
PDT000121325.2,Kentucky,PDS000029537.7,2014,before_2016,USA,Young Chicken
PDT000121326.2,Kentucky,PDS000029437.273,2014,before_2016,USA,Young Chicken
PDT000121327.2,Reading,PDS000001887.891,2014,before_2016,USA,Young Turkey
PDT000121328.2,Anatum,PDS000028281.603,2014,before_2016,USA,Young Turkey
PDT000121334.2,Typhimurium,PDS000026658.130,2014,before_2016,USA,Young Chicken
PDT000121340.2,Hadar,PDS000158106.134,2014,before_2016,USA,Young Turkey
PDT000121344.2,Kentucky,PDS000260145.21,2014,before_2016,USA,Young Chicken
PDT000121351.2,Kentucky,PDS000217831.57,2014,before_2016,USA,Young Chicken
PDT000121355.2,Kentucky,PDS000217831.57,2014,before_2016,USA,Young Chicken
PDT000121356.2,Senftenberg,PDS000158165.18,2014,before_2016,USA,Young Turkey
PDT000121358.2,Typhimurium,PDS000272319.1,2014,before_2016,USA,Young Chicken
PDT000121359.2,Saintpaul,PDS000029303.72,2014,before_2016,USA,Young Turkey
PDT000121361.2,Schwarzengrund,PDS000002218.1068,2014,before_2016,USA,Young Chicken
PDT000121362.2,Hadar,PDS000158107.507,2014,before_2016,USA,Young Chicken
PDT000121364.2,Typhimurium,PDS000026712.72,2014,before_2016,USA,Young Chicken
PDT000121385.2,Typhimurium,PDS000029726.9,2014,before_2016,USA,Young Chicken
PDT000121391.2,Typhimurium,PDS000180814.35,2014,before_2016,USA,Young Chicken
PDT000121392.2,Typhimurium,PDS000272319.1,2014,before_2016,USA,Young Chicken
PDT000121397.2,Kentucky,PDS000029414.302,2014,before_2016,USA,Young Chicken
PDT000121398.2,Schwarzengrund,PDS000002218.1068,2014,before_2016,USA,Young Chicken
PDT000121401.2,Heidelberg,PDS000211943.33,2014,before_2016,USA,Young Turkey
PDT000121402.2,Hadar,PDS000158107.507,2014,before_2016,USA,Young Turkey
PDT000121403.2,Kentucky,PDS000029437.273,2014,before_2016,USA,Young Chicken
PDT000121410.2,Anatum,PDS000028226.224,2014,before_2016,USA,Young Turkey
PDT000121411.2,Schwarzengrund,PDS000004036.160,2014,before_2016,USA,Young Turkey
PDT000121412.2,Kentucky,PDS000029437.273,2014,before_2016,USA,Young Chicken
PDT000121418.2,Typhimurium,PDS000026714.7,2014,before_2016,USA,Young Chicken
PDT000121420.2,Kentucky,PDS000260145.21,2014,before_2016,USA,Young Chicken
PDT000121428.2,Typhimurium,PDS000201938.160,2014,before_2016,USA,Young Chicken
PDT000121431.2,Kentucky,PDS000029426.101,2014,before_2016,USA,Young Chicken
PDT000121433.2,Saintpaul,PDS000029303.72,2014,before_2016,USA,Young Turkey
PDT000121438.2,Typhimurium,PDS000272319.1,2014,before_2016,USA,Young Chicken
PDT000121449.2,Berta,PDS000026549.1050,2014,before_2016,USA,Young Turkey
PDT000121455.2,Kentucky,PDS000029492.90,2014,before_2016,USA,Young Chicken
PDT000121458.2,Hadar,PDS000158106.134,2014,before_2016,USA,Young Turkey
PDT000121462.2,Typhimurium,PDS000272319.1,2014,before_2016,USA,Young Chicken
PDT000121467.2,Albany,PDS000032516.187,2014,before_2016,USA,Young Turkey
PDT000121471.2,Schwarzengrund,PDS000027525.135,2014,before_2016,USA,Young Chicken
PDT000121478.2,Kentucky,PDS000029448.447,2014,before_2016,USA,Young Chicken
PDT000121483.2,Schwarzengrund,PDS000027514.524,2014,before_2016,USA,Young Turkey
PDT000121486.2,Typhimurium,PDS000250379.1,2014,before_2016,USA,Young Chicken
PDT000121489.2,Typhimurium,PDS000272319.1,2014,before_2016,USA,Young Chicken
PDT000121496.2,Typhimurium,PDS000081815.149,2014,before_2016,USA,Young Chicken
PDT000121498.2,Heidelberg,PDS000211943.33,2014,before_2016,USA,Young Turkey
PDT000121501.2,Typhimurium,PDS000272319.1,2014,before_2016,USA,Young Chicken
PDT000121502.2,Kentucky,PDS000217831.57,2014,before_2016,USA,Young Chicken
PDT000121505.2,Schwarzengrund,PDS000002218.1068,2014,before_2016,USA,Young Chicken
PDT000121509.2,Typhimurium,PDS000030156.8,2014,before_2016,USA,Young Turkey
PDT000121514.2,Heidelberg,PDS000106159.105,2014,before_2016,USA,Young Turkey
PDT000121516.2,Kentucky,PDS000032568.40,2014,before_2016,USA,Young Turkey
PDT000121527.2,Typhimurium,PDS000026712.72,2014,before_2016,USA,Young Turkey
PDT000121531.2,Typhimurium,PDS000081815.149,2014,before_2016,USA,Young Chicken
PDT000121533.2,Hadar,PDS000158106.134,2014,before_2016,USA,Young Turkey
PDT000121537.2,Kentucky,PDS000004066.82,2014,before_2016,USA,Young Chicken
PDT000121540.2,Hadar,PDS000158106.134,2014,before_2016,USA,Young Turkey
PDT000121543.2,Senftenberg,PDS000002489.96,2014,before_2016,USA,Young Turkey
PDT000121545.2,Kentucky,PDS000260145.21,2014,before_2016,USA,Young Chicken
PDT000121550.2,Schwarzengrund,PDS000002218.1068,2014,before_2016,USA,Young Chicken
PDT000121552.2,Typhimurium,PDS000081815.149,2014,before_2016,USA,Young Chicken
PDT000121562.2,Hadar,PDS000158106.134,2014,before_2016,USA,Young Turkey
PDT000121564.2,Kentucky,PDS000030366.9,2014,before_2016,USA,Young Chicken
PDT000121567.2,Schwarzengrund,PDS000002218.1068,2014,before_2016,USA,Young Chicken
PDT000121569.2,Typhimurium,PDS000272319.1,2014,before_2016,USA,Young Chicken
PDT000121748.2,Typhimurium var. 5-,PDS000272319.1,2009,before_2016,USA,chicken breast
PDT000121749.2,Heidelberg,PDS000211943.33,2009,before_2016,USA,chicken breast
PDT000121750.2,Typhimurium var. 5-,PDS000180814.35,2009,before_2016,USA,chicken breast
PDT000121751.2,Typhimurium var. 5-,PDS000272319.1,2009,before_2016,USA,chicken breast
PDT000121752.2,Kentucky,PDS000004066.82,2009,before_2016,USA,chicken breast
PDT000121753.2,"18:z4,z23:-",PDS000001234.65,2009,before_2016,USA,ground turkey
PDT000121754.3,Enteritidis,PDS000030237.1756,2009,before_2016,USA,chicken breast
PDT000121755.3,Schwarzengrund,PDS000027503.484,2009,before_2016,USA,ground turkey
PDT000121756.2,Typhimurium var. 5-,PDS000272319.1,2009,before_2016,USA,chicken breast
PDT000121757.3,Enteritidis,PDS000030237.1756,2009,before_2016,USA,chicken breast
PDT000121758.2,Heidelberg,PDS000211943.33,2009,before_2016,USA,chicken breast
PDT000121759.2,Derby,PDS000004136.77,2009,before_2016,USA,ground turkey
PDT000121772.2,Heidelberg,PDS000106159.105,2010,before_2016,USA,ground turkey
PDT000121773.2,Heidelberg,PDS000211943.33,2010,before_2016,USA,chicken breast
PDT000121774.2,Hadar,PDS000158107.507,2010,before_2016,USA,ground turkey
PDT000121775.2,Hadar,PDS000158107.507,2010,before_2016,USA,ground turkey
PDT000121776.2,Kentucky,PDS000260145.21,2010,before_2016,USA,chicken breast
PDT000121777.4,Saintpaul,PDS000004383.112,2010,before_2016,USA,ground turkey
PDT000121778.2,Typhimurium var. 5-,PDS000272319.1,2010,before_2016,USA,chicken breast
PDT000121779.4,Saintpaul,PDS000004383.112,2010,before_2016,USA,ground turkey
PDT000121780.4,Saintpaul,PDS000004383.112,2010,before_2016,USA,ground turkey
PDT000121781.2,Hadar,PDS000158107.507,2010,before_2016,USA,ground turkey
PDT000122235.2,Infantis,PDS000265741.69,2016,from_2016,USA,comminuted chicken
PDT000123135.3,Heidelberg,PDS000106159.105,2008,before_2016,USA,ground turkey
PDT000123136.2,Infantis,PDS000032407.2,2008,before_2016,USA,chicken breast
PDT000123137.2,Heidelberg,PDS000211943.33,2008,before_2016,USA,chicken breast
PDT000123138.2,Typhimurium var. 5-,PDS000180814.35,2008,before_2016,USA,chicken breast
PDT000123139.3,Agona,PDS000214890.285,2010,before_2016,USA,ground turkey
PDT000123140.4,Saintpaul,PDS000004383.112,2010,before_2016,USA,ground turkey
PDT000123141.2,Typhimurium var. 5-,PDS000027365.1,2010,before_2016,USA,chicken breast
PDT000123142.2,Enteritidis,PDS000030237.1756,2010,before_2016,USA,chicken breast
PDT000123143.2,Typhimurium var. 5-,PDS000272319.1,2010,before_2016,USA,chicken breast
PDT000123144.4,Saintpaul,PDS000004383.112,2008,before_2016,USA,ground turkey
PDT000123151.3,Newport,PDS000240167.4,2010,before_2016,USA,ground turkey
PDT000123152.2,Kentucky,PDS000260145.21,2010,before_2016,USA,chicken breast
PDT000123153.2,Albany,PDS000032516.187,2010,before_2016,USA,ground turkey
PDT000123159.2,Anatum,PDS000002394.26,2008,before_2016,USA,ground turkey
PDT000123160.2,Saintpaul,PDS000004385.49,2008,before_2016,USA,ground turkey
PDT000123161.2,Enteritidis,PDS000030237.1756,2008,before_2016,USA,chicken breast
PDT000123162.2,Hadar,PDS000158106.134,2010,before_2016,USA,chicken breast
PDT000123163.2,Derby,PDS000004136.77,2010,before_2016,USA,ground turkey
PDT000123164.2,Typhimurium var. 5-,PDS000272319.1,2010,before_2016,USA,chicken breast
PDT000123165.2,Saintpaul,PDS000272319.1,2010,before_2016,USA,ground turkey
PDT000123170.4,Saintpaul,PDS000004383.112,2009,before_2016,USA,ground turkey
PDT000123174.2,Typhimurium var. 5-,PDS000030640.1,2009,before_2016,USA,chicken breast
PDT000123175.4,Saintpaul,PDS000004383.112,2009,before_2016,USA,ground turkey
PDT000123221.2,Hadar,PDS000158106.134,2008,before_2016,USA,ground turkey
PDT000123222.2,Kentucky,PDS000029459.135,2008,before_2016,USA,chicken breast
PDT000123223.2,Typhimurium var. 5-,PDS000272319.1,2008,before_2016,USA,chicken breast
PDT000123224.2,Hadar,PDS000158106.134,2008,before_2016,USA,ground turkey
PDT000123225.2,Heidelberg,PDS000106159.105,2008,before_2016,USA,ground turkey
PDT000123226.2,Saintpaul,PDS000004385.49,2008,before_2016,USA,ground turkey
PDT000123227.2,Enteritidis,PDS000030237.1756,2008,before_2016,USA,chicken breast
PDT000123228.2,Berta,PDS000026549.1050,2008,before_2016,USA,ground turkey
PDT000123232.2,Enteritidis,PDS000030237.1756,2010,before_2016,USA,chicken breast
PDT000123233.2,Enteritidis,PDS000030237.1756,2010,before_2016,USA,chicken breast
PDT000123234.2,Enteritidis,PDS000030237.1756,2010,before_2016,USA,chicken breast
PDT000123236.2,Heidelberg,PDS000211943.33,2010,before_2016,USA,chicken breast
PDT000123237.2,Hadar,PDS000158107.507,2010,before_2016,USA,ground turkey
PDT000123238.2,"18:z4,z23:-",PDS000001234.65,2010,before_2016,USA,ground turkey
PDT000123239.2,Saintpaul,PDS000004383.112,2010,before_2016,USA,ground turkey
PDT000123240.4,Saintpaul,PDS000004383.112,2010,before_2016,USA,ground turkey
PDT000123241.2,Typhimurium var. 5-,PDS000272319.1,2010,before_2016,USA,chicken breast
PDT000123242.2,Typhimurium var. 5-,PDS000272319.1,2010,before_2016,USA,chicken breast
PDT000123243.2,"4,[5],12:r:-",PDS000004385.49,2010,before_2016,USA,ground turkey
PDT000123244.2,Typhimurium var. 5-,PDS000214890.285,2010,before_2016,USA,chicken breast
PDT000123490.2,Senftenberg,PDS000158165.18,2016,from_2016,USA,raw intact chicken
PDT000123494.2,Montevideo,PDS000027237.426,2016,from_2016,USA,comminuted chicken
PDT000123495.2,Montevideo,PDS000027237.426,2016,from_2016,USA,comminuted chicken
PDT000123514.2,Typhimurium var. 5-,PDS000272319.1,2008,before_2016,USA,chicken breast
PDT000123515.2,Typhimurium var. 5-,PDS000272319.1,2008,before_2016,USA,chicken breast
PDT000123516.2,Typhimurium var. 5-,PDS000272319.1,2008,before_2016,USA,chicken breast
PDT000123517.2,Hadar,PDS000158107.507,2008,before_2016,USA,ground turkey
PDT000123518.2,Saintpaul,PDS000004385.49,2008,before_2016,USA,ground turkey
PDT000123519.2,Hadar,PDS000158106.134,2008,before_2016,USA,ground turkey
PDT000123522.2,Hadar,PDS000158106.134,2008,before_2016,USA,ground turkey
PDT000123523.2,Kentucky,PDS000030645.1,2008,before_2016,USA,chicken breast
PDT000123524.2,Kentucky,PDS000030645.1,2008,before_2016,USA,chicken breast
PDT000123525.2,Hadar,PDS000158106.134,2008,before_2016,USA,ground turkey
PDT000123526.2,Montevideo,PDS000027859.12,2008,before_2016,USA,ground turkey
PDT000123527.4,Saintpaul,PDS000004383.112,2008,before_2016,USA,ground turkey
PDT000123528.3,Heidelberg,PDS000106159.105,2008,before_2016,USA,ground turkey
PDT000123529.2,Heidelberg,PDS000106159.105,2008,before_2016,USA,ground turkey
PDT000125250.2,"4,[5],12:i:-",PDS000253288.128,2016,from_2016,USA,comminuted chicken
PDT000125252.2,"4,[5],12:i:-",PDS000253285.29,2016,from_2016,USA,raw intact chicken
PDT000125256.2,"4,[5],12:i:-",PDS000028934.4,2016,from_2016,USA,raw intact chicken
PDT000125260.3,Enteritidis,PDS000030237.1756,2016,from_2016,USA,comminuted chicken
PDT000125261.3,Infantis,PDS000265741.69,2016,from_2016,USA,comminuted chicken
PDT000125264.3,Infantis,PDS000265741.69,2016,from_2016,USA,comminuted chicken
PDT000125265.3,Enteritidis,PDS000030237.1756,2016,from_2016,USA,comminuted chicken
PDT000125266.3,Enteritidis,PDS000030237.1756,2016,from_2016,USA,comminuted chicken
PDT000125272.3,Heidelberg,PDS000211943.33,2016,from_2016,USA,raw intact chicken
PDT000125277.3,Enteritidis,PDS000030237.1756,2016,from_2016,USA,comminuted chicken
PDT000125718.2,Ohio,PDS000003841.4,2008,before_2016,USA,chicken breast
PDT000125719.2,Heidelberg,PDS000211943.33,2008,before_2016,USA,chicken breast
PDT000125720.2,Enteritidis,PDS000030237.1756,2008,before_2016,USA,chicken breast
PDT000125721.2,Heidelberg,PDS000211943.33,2008,before_2016,USA,chicken breast
PDT000125722.2,Hadar,PDS000158106.134,2008,before_2016,USA,ground turkey
PDT000125723.4,Saintpaul,PDS000004383.112,2008,before_2016,USA,ground turkey
PDT000125724.2,Senftenberg,PDS000031936.30,2008,before_2016,USA,ground turkey
PDT000125727.2,Kentucky,PDS000004096.15,2008,before_2016,USA,chicken breast
PDT000125728.2,Montevideo,PDS000027237.426,2008,before_2016,USA,chicken breast
PDT000125729.2,Heidelberg,PDS000211943.33,2008,before_2016,USA,chicken breast
PDT000126486.2,Muenchen,PDS000198470.177,2008,before_2016,USA,ground turkey
PDT000126487.2,Heidelberg,PDS000211943.33,2008,before_2016,USA,chicken breast
PDT000126489.2,Hadar,PDS000158106.134,2008,before_2016,USA,ground turkey
PDT000126491.2,"18:z4,z23:-",PDS000001234.65,2008,before_2016,USA,ground turkey
PDT000126492.2,"18:z4,z23:-",PDS000001234.65,2008,before_2016,USA,ground turkey
PDT000126493.2,Hadar,PDS000158106.134,2008,before_2016,USA,ground turkey
PDT000126494.2,Hadar,PDS000158106.134,2008,before_2016,USA,ground turkey
PDT000126495.2,Hadar,PDS000158106.134,2008,before_2016,USA,ground turkey
PDT000126496.6,Infantis,PDS000108885.200,2008,before_2016,USA,chicken breast
PDT000126497.2,Hadar,PDS000158106.134,2008,before_2016,USA,ground turkey
PDT000126498.6,Heidelberg,PDS000106159.105,2008,before_2016,USA,ground turkey
PDT000127566.2,Typhimurium var. 5-,PDS000272319.1,2009,before_2016,USA,chicken breast
PDT000127567.2,Typhimurium var. 5-,PDS000272319.1,2009,before_2016,USA,chicken breast
PDT000127716.3,Infantis,PDS000265741.69,2016,from_2016,USA,comminuted chicken
PDT000127747.6,Infantis,PDS000265741.69,2016,from_2016,USA,comminuted chicken
PDT000128777.2,"4,[5],12:i:-",PDS000253288.128,2016,from_2016,USA,raw intact chicken
PDT000129428.2,Braenderup,PDS000032739.276,2010,before_2016,USA,chicken breast
PDT000129429.2,Typhimurium var. 5-,PDS000272319.1,2010,before_2016,USA,chicken breast
PDT000129430.2,"4,[5],12:r:-",PDS000106159.105,2010,before_2016,USA,ground turkey
PDT000129431.2,"4,[5],12:r:-",PDS000106159.105,2010,before_2016,USA,ground turkey
PDT000129927.2,Brandenburg,PDS000026782.249,2010,before_2016,USA,ground turkey
PDT000129928.2,Kentucky,PDS000032532.55,2010,before_2016,USA,chicken breast
PDT000129929.2,Enteritidis,PDS000032668.1889,2010,before_2016,USA,chicken breast
PDT000129930.4,Saintpaul,PDS000004383.112,2010,before_2016,USA,ground turkey
PDT000129931.2,Senftenberg,PDS000266616.2,2010,before_2016,USA,ground turkey
PDT000129933.2,Typhimurium var. 5-,PDS000272319.1,2010,before_2016,USA,chicken breast
PDT000129934.2,Senftenberg,PDS000032047.11,2010,before_2016,USA,chicken breast
PDT000129935.2,Enteritidis,PDS000030237.1756,2010,before_2016,USA,chicken breast
PDT000129936.2,Berta,PDS000026549.1050,2010,before_2016,USA,ground turkey
PDT000129951.2,Agona,PDS000214890.285,2010,before_2016,USA,ground turkey
PDT000130379.2,Heidelberg,PDS000106159.105,2010,before_2016,USA,ground turkey
PDT000130380.2,Typhimurium var. 5-,PDS000272319.1,2010,before_2016,USA,ground turkey
PDT000130381.2,Senftenberg,PDS000002489.96,2010,before_2016,USA,ground turkey
PDT000130384.2,Typhimurium var. 5-,PDS000272319.1,2010,before_2016,USA,chicken breast
PDT000130385.3,Enteritidis,PDS000030237.1756,2010,before_2016,USA,chicken breast
PDT000130386.2,Typhimurium var. 5-,PDS000272319.1,2010,before_2016,USA,chicken breast
PDT000130387.2,Enteritidis,PDS000030237.1756,2010,before_2016,USA,chicken breast
PDT000130388.2,Berta,PDS000026549.1050,2010,before_2016,USA,ground turkey
PDT000130389.2,Hadar,PDS000158106.134,2010,before_2016,USA,ground turkey
PDT000130392.2,Enteritidis,PDS000030237.1756,2010,before_2016,USA,chicken breast
PDT000130393.2,Haardt,PDS000157223.1,2010,before_2016,USA,chicken breast
PDT000130394.2,Heidelberg,PDS000211943.33,2010,before_2016,USA,chicken breast
PDT000130395.2,Schwarzengrund,PDS000004036.160,2010,before_2016,USA,ground turkey
PDT000130396.2,Heidelberg,PDS000106159.105,2010,before_2016,USA,ground turkey
PDT000130397.2,Heidelberg,PDS000106159.105,2010,before_2016,USA,ground turkey
PDT000130398.2,Kentucky,PDS000004066.82,2010,before_2016,USA,chicken breast
PDT000130399.4,Saintpaul,PDS000004383.112,2010,before_2016,USA,ground turkey
PDT000130519.2,Infantis,PDS000265741.69,2016,from_2016,USA,raw intact chicken
PDT000130520.2,Infantis,PDS000265741.69,2016,from_2016,USA,comminuted chicken
PDT000130521.2,Thompson,PDS000032705.1749,2016,from_2016,USA,raw intact chicken
PDT000131167.2,Enteritidis,PDS000030237.1756,2010,before_2016,USA,chicken breast
PDT000131168.2,Hadar,PDS000158107.507,2010,before_2016,USA,ground turkey
PDT000131741.2,Heidelberg,PDS000106160.6,2016,from_2016,USA,RTE Product-Turkey Meatloaf
PDT000133194.2,Agona,PDS000214890.285,2010,before_2016,USA,ground turkey
PDT000133195.2,Albany,PDS000032516.187,2010,before_2016,USA,ground turkey
PDT000133196.2,Enteritidis,PDS000030237.1756,2010,before_2016,USA,chicken breast
PDT000133411.2,Infantis,PDS000265741.69,2016,from_2016,USA,comminuted chicken
PDT000133412.2,"4,[5],12:i:-",PDS000253288.128,2016,from_2016,USA,comminuted chicken
PDT000134005.2,Newport,PDS000004267.11,2009,before_2016,USA,ground turkey
PDT000134327.3,Heidelberg,PDS000211943.33,2006,before_2016,USA,chicken breast
PDT000134328.3,Kentucky,PDS000260145.21,2006,before_2016,USA,chicken breast
PDT000134329.3,Heidelberg,PDS000106159.105,2006,before_2016,USA,ground turkey
PDT000134330.3,Kentucky,PDS000260145.21,2006,before_2016,USA,chicken breast
PDT000134331.3,Heidelberg,PDS000211943.33,2006,before_2016,USA,ground turkey
PDT000134332.3,Heidelberg,PDS000211943.33,2006,before_2016,USA,ground turkey
PDT000134333.2,Hadar,PDS000114063.1,2006,before_2016,USA,ground turkey
PDT000134334.3,Kentucky,PDS000260145.21,2006,before_2016,USA,chicken breast
PDT000134335.3,Kentucky,PDS000260145.21,2006,before_2016,USA,chicken breast
PDT000134336.3,Kentucky,PDS000260145.21,2006,before_2016,USA,chicken breast
PDT000134346.3,Heidelberg,PDS000106159.105,2006,before_2016,USA,ground turkey
PDT000134797.2,Agona,PDS000028948.87,2012,before_2016,USA,ground turkey
PDT000134798.2,Typhimurium,PDS000013845.603,2012,before_2016,USA,chicken breast
PDT000134801.2,Enteritidis,PDS000030237.1756,2012,before_2016,USA,chicken breast
PDT000134803.2,Typhimurium,PDS000013845.603,2012,before_2016,USA,chicken breast
PDT000134804.2,Typhimurium,PDS000013845.603,2012,before_2016,USA,chicken breast
PDT000134805.2,Typhimurium,PDS000013845.603,2012,before_2016,USA,Chicken Wing
PDT000134806.2,Enteritidis,PDS000030237.1756,2012,before_2016,USA,chicken breast
PDT000134807.2,Typhimurium,PDS000013845.603,2012,before_2016,USA,ground turkey
PDT000134808.2,Typhimurium,PDS000013845.603,2012,before_2016,USA,ground turkey
PDT000134809.2,Typhimurium var. 5-,PDS000029417.46,2012,before_2016,USA,chicken breast
PDT000134810.2,Kentucky,PDS000029426.101,2012,before_2016,USA,chicken breast
PDT000134811.2,Kentucky,PDS000029426.101,2012,before_2016,USA,chicken breast
PDT000134812.2,Kentucky,PDS000030257.1,2012,before_2016,USA,chicken breast
PDT000134813.2,Kentucky,PDS000217831.57,2012,before_2016,USA,chicken breast
PDT000134814.2,Thompson,PDS000032705.1749,2012,before_2016,USA,chicken breast
PDT000134815.2,Infantis,PDS000032400.106,2012,before_2016,USA,chicken breast
PDT000134816.2,Saintpaul,PDS000004385.49,2012,before_2016,USA,ground turkey
PDT000134817.2,Typhimurium var. 5-,PDS000272319.1,2012,before_2016,USA,chicken breast
PDT000134818.2,Typhimurium var. 5-,PDS000030640.1,2012,before_2016,USA,chicken breast
PDT000134819.2,Typhimurium var. 5-,PDS000180814.35,2012,before_2016,USA,chicken breast
PDT000134820.2,Typhimurium var. 5-,PDS000180814.35,2012,before_2016,USA,chicken breast
PDT000134821.2,Typhimurium var. 5-,PDS000180814.35,2012,before_2016,USA,chicken breast
PDT000134822.4,Saintpaul,PDS000004383.112,2012,before_2016,USA,ground turkey
PDT000134823.2,Saintpaul,PDS000004383.112,2012,before_2016,USA,ground turkey
PDT000134824.2,Typhimurium var. 5-,PDS000272319.1,2012,before_2016,USA,chicken breast
PDT000134825.2,Kentucky,PDS000029426.101,2012,before_2016,USA,chicken breast
PDT000134826.2,Kentucky,PDS000029426.101,2012,before_2016,USA,chicken breast
PDT000134827.2,Typhimurium var. 5-,PDS000272319.1,2012,before_2016,USA,chicken breast
PDT000134828.2,Typhimurium var. 5-,PDS000272319.1,2012,before_2016,USA,chicken breast
PDT000134830.2,"18:z4,z23:-",PDS000211943.33,2012,before_2016,USA,ground turkey
PDT000134831.2,Heidelberg,PDS000272319.1,2012,before_2016,USA,chicken breast
PDT000134832.2,Typhimurium var. 5-,PDS000030237.1756,2012,before_2016,USA,chicken breast
PDT000134833.2,Enteritidis,PDS000211943.33,2012,before_2016,USA,chicken breast
PDT000134834.2,Heidelberg,PDS000001234.65,2012,before_2016,USA,chicken breast
PDT000134835.2,"18:z4,z23:-",PDS000001234.65,2012,before_2016,USA,ground turkey
PDT000134836.2,"18:z4,z23:-",PDS000030237.1756,2012,before_2016,USA,ground turkey
PDT000134837.2,Enteritidis,PDS000004383.112,2012,before_2016,USA,chicken breast
PDT000134838.2,Saintpaul,PDS000030237.1756,2012,before_2016,USA,ground turkey
PDT000134839.2,Enteritidis,PDS000032371.2,2012,before_2016,USA,Chicken Wing
PDT000134840.2,Kentucky,PDS000211943.33,2012,before_2016,USA,chicken breast
PDT000134841.2,Heidelberg,PDS000032395.694,2012,before_2016,USA,chicken breast
PDT000134842.2,Kentucky,PDS000029426.101,2012,before_2016,USA,chicken breast
PDT000134843.2,Kentucky,PDS000029426.101,2012,before_2016,USA,chicken breast
PDT000134844.2,Typhimurium var. 5-,PDS000272319.1,2012,before_2016,USA,chicken breast
PDT000134845.2,Typhimurium var. 5-,PDS000272319.1,2012,before_2016,USA,chicken breast
PDT000134846.2,Typhimurium var. 5-,PDS000272319.1,2012,before_2016,USA,chicken breast
PDT000134847.2,Typhimurium var. 5-,PDS000272319.1,2012,before_2016,USA,chicken breast
PDT000134848.2,Saintpaul,PDS000004383.112,2012,before_2016,USA,ground turkey
PDT000134849.2,Thompson,PDS000032705.1749,2012,before_2016,USA,chicken breast
PDT000134850.2,Enteritidis,PDS000083226.1311,2012,before_2016,USA,chicken breast
PDT000134851.2,Kentucky,PDS000260145.21,2012,before_2016,USA,chicken breast
PDT000134852.2,"18:z4,z23:-",PDS000001234.65,2012,before_2016,USA,ground turkey
PDT000134853.2,Enteritidis,PDS000030237.1756,2012,before_2016,USA,chicken breast
PDT000134854.2,Thompson,PDS000032705.1749,2012,before_2016,USA,chicken breast
PDT000134855.2,Kentucky,PDS000260145.21,2012,before_2016,USA,chicken breast
PDT000134856.2,"18:z4,z23:-",PDS000001234.65,2012,before_2016,USA,ground turkey
PDT000134857.2,Typhimurium var. 5-,PDS000180814.35,2012,before_2016,USA,chicken breast
PDT000134858.2,Hadar,PDS000158107.507,2012,before_2016,USA,ground turkey
PDT000134859.2,Typhimurium,PDS000029588.1,2012,before_2016,USA,chicken breast
PDT000134860.2,Hadar,PDS000158107.507,2012,before_2016,USA,ground turkey
PDT000134861.2,Typhimurium var. 5-,PDS000002606.17,2012,before_2016,USA,chicken breast
PDT000134862.2,Enteritidis,PDS000030237.1756,2012,before_2016,USA,chicken breast
PDT000134863.2,Anatum,PDS000004217.20,2012,before_2016,USA,ground turkey
PDT000134864.2,Kentucky,PDS000029426.101,2012,before_2016,USA,chicken breast
PDT000134865.2,Typhimurium,PDS000180814.35,2012,before_2016,USA,chicken breast
PDT000134866.2,Senftenberg,PDS000032047.11,2012,before_2016,USA,chicken breast
PDT000134867.2,Kentucky,PDS000029426.101,2012,before_2016,USA,chicken breast
PDT000134868.2,Typhimurium,PDS000272319.1,2012,before_2016,USA,chicken breast
PDT000134869.2,Kentucky,PDS000217831.57,2012,before_2016,USA,chicken breast
PDT000134870.2,Kentucky,PDS000260145.21,2012,before_2016,USA,chicken breast
PDT000134871.2,Thompson,PDS000032705.1749,2012,before_2016,USA,Chicken Wing
PDT000134872.2,Kentucky,PDS000260145.21,2012,before_2016,USA,chicken breast
PDT000134873.2,Kentucky,PDS000211943.33,2012,before_2016,USA,chicken breast
PDT000134874.2,Heidelberg,PDS000211943.33,2012,before_2016,USA,chicken breast
PDT000134875.2,"18:z4,z23:-",PDS000001234.65,2012,before_2016,USA,ground turkey
PDT000134876.2,Enteritidis,PDS000246039.27,2012,before_2016,USA,Chicken Wing
PDT000134877.2,Kentucky,PDS000260145.21,2012,before_2016,USA,Chicken Wing
PDT000134878.2,Thompson,PDS000032705.1749,2012,before_2016,USA,Chicken Wing
PDT000134879.2,Thompson,PDS000032705.1749,2012,before_2016,USA,Chicken Wing
PDT000134880.2,Enteritidis,PDS000030237.1756,2012,before_2016,USA,chicken breast
PDT000134881.2,Kentucky,PDS000030757.1,2012,before_2016,USA,chicken breast
PDT000134882.2,Enteritidis,PDS000246039.27,2012,before_2016,USA,chicken breast
PDT000134883.2,Enteritidis,PDS000005699.52,2012,before_2016,USA,chicken breast
PDT000134884.2,Typhimurium var. 5-,PDS000272319.1,2012,before_2016,USA,chicken breast
PDT000134885.2,Typhimurium var. 5-,PDS000272319.1,2012,before_2016,USA,chicken breast
PDT000134887.2,Enteritidis,PDS000030237.1756,2012,before_2016,USA,chicken breast
PDT000134888.2,Enteritidis,PDS000030237.1756,2012,before_2016,USA,chicken breast
PDT000134889.2,Typhimurium,PDS000180814.35,2012,before_2016,USA,chicken breast
PDT000134890.2,Typhimurium var. 5-,PDS000272319.1,2012,before_2016,USA,chicken breast
PDT000134891.2,Enteritidis,PDS000030237.1756,2012,before_2016,USA,chicken breast
PDT000134892.2,Typhimurium var. 5-,PDS000272319.1,2012,before_2016,USA,chicken breast
PDT000134893.2,Kentucky,PDS000029426.101,2012,before_2016,USA,chicken breast
PDT000134894.2,Kentucky,PDS000029426.101,2012,before_2016,USA,chicken breast
PDT000134895.2,Enteritidis,PDS000030237.1756,2012,before_2016,USA,chicken breast
PDT000134896.2,"4,12:i:-",PDS000253288.128,2012,before_2016,USA,chicken breast
PDT000134897.2,"4,12:i:-",PDS000253288.128,2012,before_2016,USA,chicken breast
PDT000134898.2,Kentucky,PDS000260145.21,2012,before_2016,USA,chicken breast
PDT000134899.2,"18:z4,z23:-",PDS000001234.65,2012,before_2016,USA,ground turkey
PDT000134900.2,Heidelberg,PDS000211943.33,2012,before_2016,USA,chicken breast
PDT000134901.2,"18:z4,z23:-",PDS000001234.65,2012,before_2016,USA,ground turkey
PDT000134902.2,Kentucky,PDS000029426.101,2012,before_2016,USA,chicken breast
PDT000134903.2,Heidelberg,PDS000211943.33,2012,before_2016,USA,chicken breast
PDT000134904.2,Typhimurium var. 5-,PDS000272319.1,2012,before_2016,USA,chicken breast
PDT000134905.2,Typhimurium var. 5-,PDS000180814.35,2012,before_2016,USA,chicken breast
PDT000134906.2,Typhimurium var. 5-,PDS000272319.1,2012,before_2016,USA,chicken breast
PDT000134908.2,Typhimurium var. 5-,PDS000180814.35,2012,before_2016,USA,chicken breast
PDT000134909.2,Enteritidis,PDS000030237.1756,2012,before_2016,USA,chicken breast
PDT000134910.2,Heidelberg,PDS000106159.105,2012,before_2016,USA,ground turkey
PDT000134911.2,Heidelberg,PDS000106159.105,2012,before_2016,USA,ground turkey
PDT000134912.2,Reading,PDS000001887.891,2012,before_2016,USA,ground turkey
PDT000134913.2,Typhimurium var. 5-,PDS000180814.35,2012,before_2016,USA,chicken breast
PDT000134914.2,Typhimurium var. 5-,PDS000272319.1,2012,before_2016,USA,Chicken Wing
PDT000134915.4,Schwarzengrund,PDS000004040.87,2012,before_2016,USA,ground turkey
PDT000134917.2,Typhimurium var. 5-,PDS000272319.1,2012,before_2016,USA,chicken breast
PDT000134919.2,Kentucky,PDS000032526.25,2012,before_2016,USA,chicken breast
PDT000134920.2,Heidelberg,PDS000211943.33,2012,before_2016,USA,chicken breast
PDT000134921.2,Typhimurium var. 5-,PDS000030551.1,2012,before_2016,USA,chicken breast
PDT000134922.2,Kentucky,PDS000260145.21,2012,before_2016,USA,chicken breast
PDT000134923.2,Typhimurium var. 5-,PDS000272319.1,2012,before_2016,USA,chicken breast
PDT000134924.2,Typhimurium var. 5-,PDS000272319.1,2012,before_2016,USA,chicken breast
PDT000134925.2,Reading,PDS000001887.891,2012,before_2016,USA,ground turkey
PDT000134926.2,Hadar,PDS000158107.507,2012,before_2016,USA,ground turkey
PDT000134928.2,Typhimurium var. 5-,PDS000272308.1,2012,before_2016,USA,chicken breast
PDT000134929.2,Typhimurium var. 5-,PDS000272319.1,2012,before_2016,USA,chicken breast
PDT000134930.2,Montevideo,PDS000027237.426,2012,before_2016,USA,chicken breast
PDT000134931.2,Kentucky,PDS000029492.90,2012,before_2016,USA,chicken breast
PDT000134932.2,"4,12:i:-",PDS000180814.35,2012,before_2016,USA,chicken breast
PDT000134933.2,Heidelberg,PDS000211943.33,2012,before_2016,USA,chicken breast
PDT000134934.2,Kentucky,PDS000260145.21,2012,before_2016,USA,chicken breast
PDT000134935.2,Typhimurium var. 5-,PDS000272319.1,2012,before_2016,USA,chicken breast
PDT000134936.2,Typhimurium var. 5-,PDS000272319.1,2012,before_2016,USA,chicken breast
PDT000134939.2,Typhimurium,PDS000272319.1,2012,before_2016,USA,chicken breast
PDT000134940.2,Kentucky,PDS000029426.101,2012,before_2016,USA,chicken breast
PDT000134942.2,Kentucky,PDS000029426.101,2012,before_2016,USA,chicken breast
PDT000134943.2,Typhimurium,PDS000272319.1,2012,before_2016,USA,chicken breast
PDT000134944.2,Typhimurium var. 5-,PDS000180814.35,2012,before_2016,USA,chicken breast
PDT000134945.4,Saintpaul,PDS000004383.112,2012,before_2016,USA,ground turkey
PDT000134946.2,Hadar,PDS000158107.507,2012,before_2016,USA,ground turkey
PDT000134947.2,Enteritidis,PDS000030237.1756,2012,before_2016,USA,chicken breast
PDT000134948.2,Enteritidis,PDS000030237.1756,2012,before_2016,USA,ground turkey
PDT000134950.2,Heidelberg,PDS000211943.33,2012,before_2016,USA,chicken breast
PDT000134951.2,Enteritidis,PDS000030237.1756,2012,before_2016,USA,chicken breast
PDT000134952.2,Kentucky,PDS000260145.21,2012,before_2016,USA,chicken breast
PDT000134953.2,Typhimurium,PDS000032791.7,2012,before_2016,USA,chicken breast
PDT000134954.2,Typhimurium,PDS000032791.7,2012,before_2016,USA,chicken breast
PDT000134955.2,Kentucky,PDS000260145.21,2012,before_2016,USA,chicken breast
PDT000134956.2,"18:z4,z23:-",PDS000030237.1756,2012,before_2016,USA,ground turkey
PDT000134957.2,Enteritidis,PDS000030237.1756,2012,before_2016,USA,chicken breast
PDT000134958.2,Typhimurium var. 5-,PDS000180814.35,2012,before_2016,USA,chicken breast
PDT000134959.2,Enteritidis,PDS000030237.1756,2012,before_2016,USA,chicken breast
PDT000134960.2,Typhimurium var. 5-,PDS000272319.1,2012,before_2016,USA,chicken breast
PDT000134961.2,Kentucky,PDS000029426.101,2012,before_2016,USA,chicken breast
PDT000134962.2,Typhimurium var. 5-,PDS000272319.1,2012,before_2016,USA,chicken breast
PDT000134963.2,Kentucky,PDS000029426.101,2012,before_2016,USA,chicken breast
PDT000134964.2,Kentucky,PDS000029426.101,2012,before_2016,USA,chicken breast
PDT000134965.2,Typhimurium var. 5-,PDS000272319.1,2012,before_2016,USA,chicken breast
PDT000134966.2,Agona,PDS000214890.285,2012,before_2016,USA,ground turkey
PDT000134967.2,Typhimurium var. 5-,PDS000272319.1,2012,before_2016,USA,chicken breast
PDT000134968.2,Typhimurium var. 5-,PDS000272319.1,2012,before_2016,USA,chicken breast
PDT000134969.2,Typhimurium var. 5-,PDS000272319.1,2012,before_2016,USA,chicken breast
PDT000134970.2,Typhimurium var. 5-,PDS000272319.1,2012,before_2016,USA,chicken breast
PDT000134971.2,Typhimurium var. 5-,PDS000272319.1,2012,before_2016,USA,chicken breast
PDT000134972.2,Typhimurium var. 5-,PDS000272319.1,2012,before_2016,USA,chicken breast
PDT000134973.2,Typhimurium var. 5-,PDS000272319.1,2012,before_2016,USA,chicken breast
PDT000134974.2,Heidelberg,PDS000106159.105,2012,before_2016,USA,ground turkey
PDT000134975.2,Typhimurium var. 5-,PDS000272319.1,2012,before_2016,USA,chicken breast
PDT000134976.2,Heidelberg,PDS000211943.33,2012,before_2016,USA,chicken breast
PDT000134977.2,Schwarzengrund,PDS000004036.160,2012,before_2016,USA,ground turkey
PDT000134978.2,Berta,PDS000026549.1050,2012,before_2016,USA,ground turkey
PDT000134979.2,Berta,PDS000026549.1050,2012,before_2016,USA,ground turkey
PDT000134980.2,Infantis,PDS000032456.156,2012,before_2016,USA,chicken breast
PDT000134981.4,Saintpaul,PDS000004383.112,2012,before_2016,USA,ground turkey
PDT000134982.2,Typhimurium var. 5-,PDS000026787.2,2012,before_2016,USA,chicken breast
PDT000134983.2,Muenchen,PDS000198470.177,2012,before_2016,USA,ground turkey
PDT000134984.4,Saintpaul,PDS000004383.112,2012,before_2016,USA,ground turkey
PDT000134985.2,Montevideo,PDS000027237.426,2012,before_2016,USA,chicken breast
PDT000134986.2,Montevideo,PDS000027237.426,2012,before_2016,USA,chicken breast
PDT000134988.2,Thompson,PDS000032705.1749,2012,before_2016,USA,chicken breast
PDT000134989.2,"18:z4,z23:-",PDS000001234.65,2012,before_2016,USA,ground turkey
PDT000134990.2,"18:z4,z23:-",PDS000001234.65,2012,before_2016,USA,ground turkey
PDT000134991.2,"18:z4,z23:-",PDS000001234.65,2012,before_2016,USA,ground turkey
PDT000134993.2,Thompson,PDS000032705.1749,2012,before_2016,USA,chicken breast
PDT000134994.2,Kentucky,PDS000260145.21,2012,before_2016,USA,chicken breast
PDT000134995.2,Enteritidis,PDS000032668.1889,2012,before_2016,USA,chicken breast
PDT000134996.2,"18:z4,z23:-",PDS000001234.65,2012,before_2016,USA,ground turkey
PDT000134997.2,Kentucky,PDS000029503.1,2012,before_2016,USA,chicken breast
PDT000134998.2,Gaminara,PDS000026615.38,2012,before_2016,USA,chicken breast
PDT000134999.2,Kentucky,PDS000029503.1,2012,before_2016,USA,chicken breast
PDT000135000.2,Gaminara,PDS000026615.38,2012,before_2016,USA,ground turkey
PDT000135001.2,Typhimurium var. 5-,PDS000272319.1,2012,before_2016,USA,chicken breast
PDT000135002.2,Enteritidis,PDS000030237.1756,2012,before_2016,USA,chicken breast
PDT000135003.2,"4,12:d:-",PDS000001682.46,2012,before_2016,USA,ground turkey
PDT000135005.2,Kentucky,PDS000029426.101,2012,before_2016,USA,chicken breast
PDT000135006.2,Typhimurium var. 5-,PDS000030628.1,2012,before_2016,USA,chicken breast
PDT000135007.2,Typhimurium,PDS000273036.3,2012,before_2016,USA,ground turkey
PDT000135008.2,Kentucky,PDS000029426.101,2012,before_2016,USA,chicken breast
PDT000135009.2,Kentucky,PDS000030257.1,2012,before_2016,USA,chicken breast
PDT000135010.2,Enteritidis,PDS000083226.1311,2012,before_2016,USA,chicken breast
PDT000135011.2,Enteritidis,PDS000083226.1311,2012,before_2016,USA,chicken breast
PDT000135012.4,Saintpaul,PDS000004383.112,2012,before_2016,USA,ground turkey
PDT000135013.2,Agona,PDS000214890.285,2012,before_2016,USA,ground turkey
PDT000135014.2,Kentucky,PDS000029426.101,2012,before_2016,USA,chicken breast
PDT000135015.2,Typhimurium var. 5-,PDS000272319.1,2012,before_2016,USA,chicken breast
PDT000135016.2,Kentucky,PDS000029426.101,2012,before_2016,USA,chicken breast
PDT000135017.2,Typhimurium var. 5-,PDS000272319.1,2012,before_2016,USA,chicken breast
PDT000135018.2,Typhimurium var. 5-,PDS000272308.1,2012,before_2016,USA,chicken breast
PDT000135019.2,Typhimurium var. 5-,PDS000272319.1,2012,before_2016,USA,chicken breast
PDT000135021.2,Enteritidis,PDS000030237.1756,2012,before_2016,USA,chicken breast
PDT000135022.2,"18:z4,z23:-",PDS000001234.65,2012,before_2016,USA,ground turkey
PDT000135023.2,Kentucky,PDS000029426.101,2012,before_2016,USA,chicken breast
PDT000135024.2,Kentucky,PDS000029426.101,2012,before_2016,USA,chicken breast
PDT000135025.2,Kentucky,PDS000029426.101,2012,before_2016,USA,chicken breast
PDT000135026.2,Typhimurium var. 5-,PDS000272319.1,2012,before_2016,USA,chicken breast
PDT000135027.2,Kentucky,PDS000260145.21,2012,before_2016,USA,chicken breast
PDT000135028.2,Kentucky,PDS000260145.21,2012,before_2016,USA,chicken breast
PDT000135029.2,Typhimurium var. 5-,PDS000272319.1,2012,before_2016,USA,chicken breast
PDT000135030.2,Typhimurium var. 5-,PDS000272319.1,2012,before_2016,USA,chicken breast
PDT000135031.2,Schwarzengrund,PDS000032316.11,2012,before_2016,USA,ground turkey
PDT000135032.2,Typhimurium var. 5-,PDS000272319.1,2012,before_2016,USA,chicken breast
PDT000135033.2,Kentucky,PDS000029492.90,2012,before_2016,USA,chicken breast
PDT000135034.2,Heidelberg,PDS000211943.33,2012,before_2016,USA,chicken breast
PDT000135035.2,Heidelberg,PDS000211943.33,2012,before_2016,USA,chicken breast
PDT000135036.2,Heidelberg,PDS000032705.1749,2012,before_2016,USA,chicken breast
PDT000135037.2,Infantis,PDS000027077.594,2012,before_2016,USA,ground turkey
PDT000135039.2,Kentucky,PDS000260145.21,2012,before_2016,USA,chicken breast
PDT000135040.2,Heidelberg,PDS000211943.33,2012,before_2016,USA,chicken breast
PDT000135042.2,Heidelberg,PDS000029725.224,2012,before_2016,USA,chicken breast
PDT000135043.2,Enteritidis,PDS000030237.1756,2012,before_2016,USA,chicken breast
PDT000135044.2,Albany,PDS000032516.187,2012,before_2016,USA,ground turkey
PDT000135045.2,Kentucky,PDS000030258.1,2012,before_2016,USA,chicken breast
PDT000135046.2,Kentucky,PDS000030258.1,2012,before_2016,USA,chicken breast
PDT000135047.2,Typhimurium var. 5-,PDS000272319.1,2012,before_2016,USA,chicken breast
PDT000135048.2,Thompson,PDS000032705.1749,2012,before_2016,USA,chicken breast
PDT000135049.2,Thompson,PDS000032705.1749,2012,before_2016,USA,chicken breast
PDT000135050.2,Agona,PDS000214890.285,2012,before_2016,USA,ground turkey
PDT000135051.2,"18:z4,z23:-",PDS000001234.65,2012,before_2016,USA,ground turkey
PDT000135052.2,Mbandaka,PDS000233288.49,2012,before_2016,USA,chicken breast
PDT000135053.2,Montevideo,PDS000027237.426,2012,before_2016,USA,chicken breast
PDT000135054.2,Thompson,PDS000032705.1749,2012,before_2016,USA,chicken breast
PDT000135055.2,Newport,PDS000111128.5,2012,before_2016,USA,chicken breast
PDT000135056.2,Agona,PDS000214890.285,2012,before_2016,USA,ground turkey
PDT000135057.2,Infantis,PDS000003971.88,2012,before_2016,USA,ground turkey
PDT000135058.2,Typhimurium var. 5-,PDS000272319.1,2012,before_2016,USA,chicken breast
PDT000135059.2,Enteritidis,PDS000083226.1311,2012,before_2016,USA,chicken breast
PDT000135060.2,Heidelberg,PDS000106159.105,2012,before_2016,USA,ground turkey
PDT000135061.2,Typhimurium var. 5-,PDS000180814.35,2012,before_2016,USA,chicken breast
PDT000135062.2,Typhimurium var. 5-,PDS000180814.35,2012,before_2016,USA,chicken breast
PDT000135063.2,Typhimurium var. 5-,PDS000272319.1,2012,before_2016,USA,chicken breast
PDT000135064.2,Hadar,PDS000158107.507,2012,before_2016,USA,ground turkey
PDT000135065.2,Heidelberg,PDS000211943.33,2011,before_2016,USA,chicken breast
PDT000135066.2,"18:z4,z23:-",PDS000001234.65,2011,before_2016,USA,ground turkey
PDT000135067.2,Kentucky,PDS000027286.1,2011,before_2016,USA,chicken breast
PDT000135068.2,Heidelberg,PDS000211943.33,2011,before_2016,USA,chicken breast
PDT000135069.2,Infantis,PDS000027076.971,2011,before_2016,USA,chicken breast
PDT000135070.2,Thompson,PDS000032705.1749,2011,before_2016,USA,chicken breast
PDT000135071.2,"18:z4,z23:-",PDS000001234.65,2011,before_2016,USA,ground turkey
PDT000135072.2,Schwarzengrund,PDS000004036.160,2011,before_2016,USA,ground turkey
PDT000135073.2,Muenster,PDS000026726.1,2011,before_2016,USA,ground turkey
PDT000135074.2,Heidelberg,PDS000106159.105,2011,before_2016,USA,ground turkey
PDT000135075.2,Typhimurium var. 5-,PDS000272319.1,2011,before_2016,USA,chicken breast
PDT000135076.2,Typhimurium var. 5-,PDS000272319.1,2011,before_2016,USA,chicken breast
PDT000135078.2,Typhimurium var. 5-,PDS000272319.1,2011,before_2016,USA,chicken breast
PDT000135079.2,Typhimurium var. 5-,PDS000272319.1,2011,before_2016,USA,chicken breast
PDT000135080.2,Agona,PDS000214890.285,2011,before_2016,USA,ground turkey
PDT000135081.2,Typhimurium var. 5-,PDS000180814.35,2011,before_2016,USA,chicken breast
PDT000135082.2,Kentucky,PDS000260145.21,2011,before_2016,USA,chicken breast
PDT000135083.2,Mbandaka,PDS000233288.49,2011,before_2016,USA,chicken breast
PDT000135084.2,Hadar,PDS000158107.507,2011,before_2016,USA,chicken breast
PDT000135085.2,Enteritidis,PDS000030237.1756,2011,before_2016,USA,chicken breast
PDT000135086.2,Heidelberg,PDS000211943.33,2011,before_2016,USA,chicken breast
PDT000135087.2,Typhimurium var. 5-,PDS000272319.1,2011,before_2016,USA,chicken breast
PDT000135088.2,Typhimurium var. 5-,PDS000272319.1,2011,before_2016,USA,chicken breast
PDT000135089.2,Typhimurium var. 5-,PDS000272319.1,2011,before_2016,USA,chicken breast
PDT000135090.2,Typhimurium var. 5-,PDS000272319.1,2011,before_2016,USA,chicken breast
PDT000135091.2,Agona,PDS000032131.2,2011,before_2016,USA,ground turkey
PDT000135092.2,Hadar,PDS000158106.134,2011,before_2016,USA,ground turkey
PDT000135093.2,Kentucky,PDS000004066.82,2011,before_2016,USA,chicken breast
PDT000135094.2,Typhimurium,PDS000026825.612,2011,before_2016,USA,ground turkey
PDT000135095.4,Saintpaul,PDS000004383.112,2011,before_2016,USA,ground turkey
PDT000135096.2,Heidelberg,PDS000106159.105,2011,before_2016,USA,ground turkey
PDT000135097.2,Typhimurium var. 5-,PDS000272319.1,2011,before_2016,USA,chicken breast
PDT000135098.2,Typhimurium,PDS000272319.1,2011,before_2016,USA,chicken breast
PDT000135099.2,Typhimurium,PDS000272319.1,2011,before_2016,USA,chicken breast
PDT000135100.2,Typhimurium var. 5-,PDS000272319.1,2011,before_2016,USA,chicken breast
PDT000135101.2,"18:z4,z23:-",PDS000001234.65,2011,before_2016,USA,ground turkey
PDT000135102.4,Heidelberg,PDS000106159.105,2011,before_2016,USA,ground turkey
PDT000135103.2,Hadar,PDS000158107.507,2011,before_2016,USA,ground turkey
PDT000135104.2,Senftenberg,PDS000266978.2,2011,before_2016,USA,ground turkey
PDT000135105.2,Montevideo,PDS000030905.12,2011,before_2016,USA,chicken breast
PDT000135108.2,Enteritidis,PDS000030237.1756,2011,before_2016,USA,chicken breast
PDT000135109.2,Kentucky,PDS000001234.65,2011,before_2016,USA,chicken breast
PDT000135111.2,Kentucky,PDS000260145.21,2011,before_2016,USA,chicken breast
PDT000135112.2,Enteritidis,PDS000030237.1756,2011,before_2016,USA,chicken breast
PDT000135113.2,Schwarzengrund,PDS000004036.160,2011,before_2016,USA,ground turkey
PDT000135114.2,Heidelberg,PDS000106159.105,2011,before_2016,USA,ground turkey
PDT000135115.2,Kentucky,PDS000029437.273,2011,before_2016,USA,chicken breast
PDT000135116.2,Kentucky,PDS000260145.21,2011,before_2016,USA,chicken breast
PDT000135117.2,Heidelberg,PDS000106159.105,2011,before_2016,USA,ground turkey
PDT000135118.2,Heidelberg,PDS000106159.105,2011,before_2016,USA,ground turkey
PDT000135119.2,Schwarzengrund,PDS000004036.160,2011,before_2016,USA,ground turkey
PDT000135120.2,Typhimurium var. 5-,PDS000272319.1,2011,before_2016,USA,chicken breast
PDT000135121.2,Typhimurium var. 5-,PDS000272319.1,2011,before_2016,USA,chicken breast
PDT000135122.2,Typhimurium var. 5-,PDS000272319.1,2011,before_2016,USA,chicken breast
PDT000135123.2,Typhimurium,PDS000027362.1,2011,before_2016,USA,chicken breast
PDT000135124.2,Enteritidis,PDS000083226.1311,2011,before_2016,USA,chicken breast
PDT000135125.2,Typhimurium var. 5-,PDS000272319.1,2011,before_2016,USA,chicken breast
PDT000135126.2,Typhimurium var. 5-,PDS000026719.1,2011,before_2016,USA,chicken breast
PDT000135127.2,Typhimurium,PDS000272319.1,2011,before_2016,USA,chicken breast
PDT000135128.4,Saintpaul,PDS000004383.112,2011,before_2016,USA,ground turkey
PDT000135129.4,Saintpaul,PDS000004383.112,2011,before_2016,USA,ground turkey
PDT000135130.4,Saintpaul,PDS000004383.112,2011,before_2016,USA,ground turkey
PDT000135131.2,Hadar,PDS000158107.507,2011,before_2016,USA,ground turkey
PDT000135132.2,Hadar,PDS000158106.134,2011,before_2016,USA,ground turkey
PDT000135133.2,Typhimurium var. 5-,PDS000272319.1,2011,before_2016,USA,chicken breast
PDT000135134.2,Hadar,PDS000028426.1,2011,before_2016,USA,ground turkey
PDT000135135.2,Schwarzengrund,PDS000027537.79,2011,before_2016,USA,ground turkey
PDT000135136.2,Kentucky,PDS000032526.25,2011,before_2016,USA,chicken breast
PDT000135137.2,Kentucky,PDS000004066.82,2011,before_2016,USA,chicken breast
PDT000135138.2,Kentucky,PDS000032526.25,2011,before_2016,USA,chicken breast
PDT000135140.2,Schwarzengrund,PDS000027537.79,2011,before_2016,USA,ground turkey
PDT000135141.2,Alachua,PDS000030903.20,2011,before_2016,USA,ground turkey
PDT000135142.2,"18:z4,z23:-",PDS000001234.65,2011,before_2016,USA,ground turkey
PDT000135143.2,"18:z4,z23:-",PDS000001234.65,2011,before_2016,USA,ground turkey
PDT000135144.2,Typhimurium var. 5-,PDS000272319.1,2011,before_2016,USA,chicken breast
PDT000135145.2,Hadar,PDS000158106.134,2011,before_2016,USA,ground turkey
PDT000135146.2,Enteritidis,PDS000030237.1756,2011,before_2016,USA,chicken breast
PDT000135147.2,Berta,PDS000026549.1050,2011,before_2016,USA,ground turkey
PDT000135149.2,Typhimurium,PDS000272319.1,2011,before_2016,USA,chicken breast
PDT000135150.2,Typhimurium var. 5-,PDS000026724.1,2011,before_2016,USA,chicken breast
PDT000135151.2,Mbandaka,PDS000206467.29,2011,before_2016,USA,chicken breast
PDT000135152.2,Berta,PDS000026549.1050,2011,before_2016,USA,ground turkey
PDT000135153.2,Enteritidis,PDS000030237.1756,2011,before_2016,USA,chicken breast
PDT000135154.4,Saintpaul,PDS000004383.112,2011,before_2016,USA,ground turkey
PDT000135155.2,Orion,PDS000003471.26,2011,before_2016,USA,ground turkey
PDT000135156.2,Heidelberg,PDS000211943.33,2011,before_2016,USA,chicken breast
PDT000135157.2,Heidelberg,PDS000106159.105,2011,before_2016,USA,ground turkey
PDT000135158.2,Kentucky,PDS000112666.285,2011,before_2016,USA,chicken breast
PDT000135159.2,Hadar,PDS000158106.134,2011,before_2016,USA,ground turkey
PDT000135160.2,Hadar,PDS000158106.134,2011,before_2016,USA,ground turkey
PDT000135161.2,Hadar,PDS000158107.507,2011,before_2016,USA,ground turkey
PDT000135162.4,Saintpaul,PDS000004383.112,2011,before_2016,USA,ground turkey
PDT000135163.2,Heidelberg,PDS000211943.33,2011,before_2016,USA,chicken breast
PDT000135164.4,Saintpaul,PDS000004383.112,2011,before_2016,USA,ground turkey
PDT000135167.2,Hadar,PDS000158107.507,2011,before_2016,USA,ground turkey
PDT000135168.2,Typhimurium var. 5-,PDS000180814.35,2011,before_2016,USA,chicken breast
PDT000135169.4,Saintpaul,PDS000004383.112,2011,before_2016,USA,ground turkey
PDT000135170.2,Enteritidis,PDS000030731.11,2011,before_2016,USA,chicken breast
PDT000135171.2,Tennessee,PDS000030654.1,2011,before_2016,USA,ground turkey
PDT000135172.2,Tennessee,PDS000030654.1,2011,before_2016,USA,ground turkey
PDT000135173.2,Heidelberg,PDS000106159.105,2011,before_2016,USA,ground turkey
PDT000135174.2,Heidelberg,PDS000106159.105,2011,before_2016,USA,ground turkey
PDT000135175.2,Hadar,PDS000158107.507,2011,before_2016,USA,ground turkey
PDT000135176.2,Saintpaul,PDS000004385.49,2011,before_2016,USA,ground turkey
PDT000135177.2,Saintpaul,PDS000004385.49,2011,before_2016,USA,ground turkey
PDT000135178.2,Saintpaul,PDS000004383.112,2011,before_2016,USA,ground turkey
PDT000135179.2,Agona,PDS000214890.285,2011,before_2016,USA,ground turkey
PDT000135180.2,Agona,PDS000214890.285,2011,before_2016,USA,ground turkey
PDT000135181.4,Saintpaul,PDS000004383.112,2011,before_2016,USA,ground turkey
PDT000135182.4,Saintpaul,PDS000004383.112,2011,before_2016,USA,ground turkey
PDT000135183.2,Agona,PDS000214890.285,2011,before_2016,USA,ground turkey
PDT000135184.2,Hadar,PDS000158107.507,2011,before_2016,USA,ground turkey
PDT000135185.2,Enteritidis,PDS000083226.1311,2011,before_2016,USA,chicken breast
PDT000135186.2,Enteritidis,PDS000030237.1756,2011,before_2016,USA,chicken breast
PDT000135187.2,Heidelberg,PDS000106159.105,2011,before_2016,USA,ground turkey
PDT000135188.2,Heidelberg,PDS000106159.105,2011,before_2016,USA,ground turkey
PDT000135189.2,Schwarzengrund,PDS000004036.160,2011,before_2016,USA,ground turkey
PDT000135190.2,Typhimurium var. 5-,PDS000253288.128,2011,before_2016,USA,chicken breast
PDT000135191.2,Heidelberg,PDS000106159.105,2011,before_2016,USA,ground turkey
PDT000135192.2,Muenchen,PDS000198470.177,2011,before_2016,USA,ground turkey
PDT000135194.2,Reading,PDS000001887.891,2011,before_2016,USA,ground turkey
PDT000135195.2,Heidelberg,PDS000004430.6,2011,before_2016,USA,ground turkey
PDT000135196.2,Muenchen,PDS000198470.177,2011,before_2016,USA,ground turkey
PDT000135197.2,Enteritidis,PDS000032668.1889,2011,before_2016,USA,chicken breast
PDT000135198.2,Typhimurium var. 5-,PDS000272319.1,2011,before_2016,USA,chicken breast
PDT000135199.2,Typhimurium var. 5-,PDS000272319.1,2011,before_2016,USA,chicken breast
PDT000135200.2,Saintpaul,PDS000004385.49,2011,before_2016,USA,ground turkey
PDT000135204.2,Kentucky,PDS000030237.1756,2011,before_2016,USA,chicken breast
PDT000135205.2,Enteritidis,PDS000260145.21,2011,before_2016,USA,chicken breast
PDT000135206.2,Infantis,PDS000085033.881,2011,before_2016,USA,chicken breast
PDT000135207.2,Kentucky,PDS000260145.21,2011,before_2016,USA,Chicken Wings
PDT000135208.2,Kentucky,PDS000260145.21,2011,before_2016,USA,Chicken Wings
PDT000135209.2,Enteritidis,PDS000030237.1756,2011,before_2016,USA,Chicken Wings
PDT000135210.2,"4,12:d:-",PDS000001682.46,2011,before_2016,USA,ground turkey
PDT000135211.2,Kentucky,PDS000260145.21,2011,before_2016,USA,Chicken Wings
PDT000135212.2,Kentucky,PDS000260145.21,2011,before_2016,USA,Chicken Wings
PDT000135213.2,Kentucky,PDS000260145.21,2011,before_2016,USA,Chicken Wings
PDT000135214.2,"18:z4,z23:-",PDS000001234.65,2011,before_2016,USA,ground turkey
PDT000135215.2,Typhimurium var. 5-,PDS000272319.1,2011,before_2016,USA,chicken breast
PDT000135217.2,Typhimurium,PDS000272319.1,2011,before_2016,USA,chicken breast
PDT000135218.2,Typhimurium,PDS000030237.1756,2011,before_2016,USA,chicken breast
PDT000135219.2,Enteritidis,PDS000030237.1756,2011,before_2016,USA,chicken breast
PDT000135221.2,Typhimurium var. 5-,PDS000272319.1,2011,before_2016,USA,chicken breast
PDT000135222.2,Typhimurium var. 5-,PDS000272319.1,2011,before_2016,USA,chicken breast
PDT000135223.2,Kentucky,PDS000030260.1,2011,before_2016,USA,chicken breast
PDT000135224.2,Typhimurium var. 5-,PDS000272319.1,2011,before_2016,USA,chicken breast
PDT000135225.2,Typhimurium var. 5-,PDS000272319.1,2011,before_2016,USA,chicken breast
PDT000135226.2,Typhimurium var. 5-,PDS000272319.1,2011,before_2016,USA,chicken breast
PDT000135228.2,Enteritidis,PDS000030237.1756,2011,before_2016,USA,chicken breast
PDT000135229.2,Kentucky,PDS000260145.21,2011,before_2016,USA,chicken breast
PDT000135233.2,Heidelberg,PDS000106159.105,2011,before_2016,USA,ground turkey
PDT000135234.2,Kentucky,PDS000217831.57,2011,before_2016,USA,chicken breast
PDT000135235.2,Enteritidis,PDS000030237.1756,2011,before_2016,USA,chicken breast
PDT000135236.2,Kentucky,PDS000217831.57,2011,before_2016,USA,ground turkey
PDT000135238.2,Typhimurium var. 5-,PDS000180814.35,2011,before_2016,USA,chicken breast
PDT000135239.2,Hadar,PDS000158107.507,2011,before_2016,USA,ground turkey
PDT000135240.2,Hadar,PDS000158107.507,2011,before_2016,USA,ground turkey
PDT000135241.2,"18:z4,z23:-",PDS000001234.65,2011,before_2016,USA,ground turkey
PDT000135242.2,"18:z4,z23:-",PDS000001234.65,2011,before_2016,USA,ground turkey
PDT000135245.2,Enteritidis,PDS000030237.1756,2011,before_2016,USA,chicken breast
PDT000135246.2,Kentucky,PDS000004066.82,2011,before_2016,USA,chicken breast
PDT000135247.2,Heidelberg,PDS000004430.6,2011,before_2016,USA,ground turkey
PDT000135248.2,Typhimurium,PDS000253288.128,2011,before_2016,USA,Chicken Wings
PDT000135249.2,Braenderup,PDS000032735.1192,2011,before_2016,USA,chicken breast
PDT000135250.2,Typhimurium,PDS000253288.128,2011,before_2016,USA,chicken breast
PDT000135251.2,Infantis,PDS000027076.971,2011,before_2016,USA,chicken breast
PDT000135252.2,Heidelberg,PDS000106159.105,2011,before_2016,USA,ground turkey
PDT000135253.2,Saintpaul,PDS000217831.57,2011,before_2016,USA,ground turkey
PDT000135254.4,Kentucky,PDS000004383.112,2011,before_2016,USA,chicken breast
PDT000135255.2,Kentucky,PDS000260145.21,2011,before_2016,USA,Chicken Wings
PDT000135256.2,Kentucky,PDS000260145.21,2011,before_2016,USA,Chicken Wings
PDT000135257.2,"18:z4,z23:-",PDS000001234.65,2011,before_2016,USA,ground turkey
PDT000135258.2,Senftenberg,PDS000031936.30,2011,before_2016,USA,ground turkey
PDT000135259.2,Kentucky,PDS000260145.21,2011,before_2016,USA,chicken breast
PDT000135260.2,Kentucky,PDS000268663.3,2011,before_2016,USA,chicken breast
PDT000135261.2,Kentucky,PDS000260145.21,2011,before_2016,USA,chicken breast
PDT000135262.2,Kentucky,PDS000217831.57,2011,before_2016,USA,chicken breast
PDT000135263.2,Kentucky,PDS000260145.21,2011,before_2016,USA,chicken breast
PDT000135264.2,Agona,PDS000214890.285,2011,before_2016,USA,chicken breast
PDT000135265.2,Kentucky,PDS000268663.3,2011,before_2016,USA,chicken breast
PDT000135266.2,Heidelberg,PDS000106159.105,2011,before_2016,USA,ground turkey
PDT000135267.2,Thompson,PDS000032705.1749,2011,before_2016,USA,ground turkey
PDT000135274.2,Hadar,PDS000158107.507,2011,before_2016,USA,ground turkey
PDT000135277.2,Typhimurium,PDS000272308.1,2011,before_2016,USA,chicken breast
PDT000135278.2,Kentucky,PDS000032526.25,2011,before_2016,USA,chicken breast
PDT000135279.2,Kentucky,PDS000268663.3,2011,before_2016,USA,chicken breast
PDT000135280.2,Typhimurium,PDS000272319.1,2011,before_2016,USA,chicken breast
PDT000135281.2,Typhimurium var. 5-,PDS000272319.1,2011,before_2016,USA,chicken breast
PDT000135282.2,Kentucky,PDS000260145.21,2011,before_2016,USA,chicken breast
PDT000135283.2,Heidelberg,PDS000211943.33,2011,before_2016,USA,chicken breast
PDT000135284.2,Kentucky,PDS000030261.1,2011,before_2016,USA,chicken breast
PDT000135285.2,"18:z4,z23:-",PDS000001234.65,2011,before_2016,USA,ground turkey
PDT000135286.2,Enteritidis,PDS000030237.1756,2011,before_2016,USA,chicken breast
PDT000135288.2,Enteritidis,PDS000030237.1756,2011,before_2016,USA,chicken breast
PDT000135289.2,Kentucky,PDS000217831.57,2011,before_2016,USA,chicken breast
PDT000135290.4,Saintpaul,PDS000004383.112,2011,before_2016,USA,ground turkey
PDT000135291.2,Typhimurium,PDS000013845.603,2011,before_2016,USA,ground turkey
PDT000135294.2,Saintpaul,PDS000004385.49,2011,before_2016,USA,ground turkey
PDT000135295.2,Derby,PDS000004136.77,2011,before_2016,USA,ground turkey
PDT000135296.2,Kentucky,PDS000004066.82,2011,before_2016,USA,chicken breast
PDT000135297.2,Infantis,PDS000032407.2,2011,before_2016,USA,chicken breast
PDT000135298.2,Kentucky,PDS000260145.21,2011,before_2016,USA,chicken breast
PDT000135299.2,Brandenburg,PDS000026782.249,2011,before_2016,USA,ground turkey
PDT000135300.2,Heidelberg,PDS000211943.33,2011,before_2016,USA,chicken breast
PDT000135301.4,Saintpaul,PDS000004383.112,2011,before_2016,USA,ground turkey
PDT000135302.4,Saintpaul,PDS000004383.112,2011,before_2016,USA,ground turkey
PDT000135303.2,Heidelberg,PDS000106159.105,2011,before_2016,USA,ground turkey
PDT000135304.2,Schwarzengrund,PDS000004036.160,2011,before_2016,USA,ground turkey
PDT000135305.2,"18:z4,z23:-",PDS000001234.65,2011,before_2016,USA,ground turkey
PDT000135306.4,Saintpaul,PDS000004383.112,2011,before_2016,USA,ground turkey
PDT000135307.2,Schwarzengrund,PDS000004036.160,2011,before_2016,USA,ground turkey
PDT000135308.4,Saintpaul,PDS000004383.112,2011,before_2016,USA,ground turkey
PDT000135309.2,Albany,PDS000032516.187,2011,before_2016,USA,ground turkey
PDT000135310.2,Saintpaul,PDS000032516.187,2011,before_2016,USA,ground turkey
PDT000135311.2,Hadar,PDS000158106.134,2011,before_2016,USA,ground turkey
PDT000135312.2,Hadar,PDS000158106.134,2011,before_2016,USA,ground turkey
PDT000135313.4,Saintpaul,PDS000004383.112,2011,before_2016,USA,ground turkey
PDT000135314.2,Hadar,PDS000158107.507,2011,before_2016,USA,ground turkey
PDT000135315.2,Hadar,PDS000158107.507,2011,before_2016,USA,ground turkey
PDT000135318.2,Typhimurium,PDS000180814.35,2011,before_2016,USA,chicken breast
PDT000135319.2,Typhimurium,PDS000272319.1,2011,before_2016,USA,chicken breast
PDT000135320.2,Typhimurium,PDS000272319.1,2011,before_2016,USA,chicken breast
PDT000135321.2,Typhimurium var. 5-,PDS000032378.1,2011,before_2016,USA,chicken breast
PDT000135322.2,Typhimurium var. 5-,PDS000272319.1,2011,before_2016,USA,ground turkey
PDT000135323.2,Typhimurium,PDS000272319.1,2011,before_2016,USA,chicken breast
PDT000135324.2,Typhimurium var. 5-,PDS000272319.1,2011,before_2016,USA,chicken breast
PDT000135325.2,Schwarzengrund,PDS000030760.2,2011,before_2016,USA,ground turkey
PDT000135326.2,Typhimurium,PDS000272319.1,2011,before_2016,USA,chicken breast
PDT000135327.2,Muenchen,PDS000198470.177,2011,before_2016,USA,ground turkey
PDT000135328.2,Typhimurium var. 5-,PDS000272319.1,2011,before_2016,USA,chicken breast
PDT000135329.2,Enteritidis,PDS000030237.1756,2011,before_2016,USA,chicken breast
PDT000135330.2,Typhimurium,PDS000253288.128,2011,before_2016,USA,chicken breast
PDT000135331.2,Typhimurium,PDS000013824.266,2011,before_2016,USA,chicken breast
PDT000136383.2,"4,[5],12:i:-",PDS000273036.3,2016,from_2016,USA,Comminuted Turkey
PDT000136386.2,Infantis,PDS000027076.971,2016,from_2016,USA,comminuted chicken
PDT000136388.2,"4,[5],12:i:-",PDS000253288.128,2016,from_2016,USA,comminuted chicken
PDT000136429.2,Infantis,PDS000003971.88,2016,from_2016,USA,raw intact chicken
PDT000137142.3,Enteritidis,PDS000030237.1756,2007,before_2016,USA,chicken breast
PDT000137143.5,Heidelberg,PDS000106159.105,2007,before_2016,USA,ground turkey
PDT000137144.2,Hadar,PDS000114063.1,2007,before_2016,USA,ground turkey
PDT000137145.2,Minnesota,PDS000001973.8,2007,before_2016,USA,ground turkey
PDT000137146.3,Saintpaul,PDS000004383.112,2007,before_2016,USA,ground turkey
PDT000137295.2,Infantis,PDS000265741.69,2016,from_2016,USA,comminuted chicken
PDT000137296.2,Infantis,PDS000265741.69,2016,from_2016,USA,raw intact chicken
PDT000138058.2,Infantis,PDS000265741.69,2016,from_2016,USA,comminuted chicken
PDT000138072.2,Infantis,PDS000265741.69,2016,from_2016,USA,raw intact chicken
PDT000138075.2,Braenderup,PDS000076604.1183,2016,from_2016,USA,comminuted chicken
PDT000138868.2,Enteritidis,PDS000030237.1756,2016,from_2016,USA,comminuted chicken
PDT000138872.2,Kentucky,PDS000260145.21,2016,from_2016,USA,raw intact chicken
PDT000138873.2,Kentucky,PDS000029426.101,2016,from_2016,USA,raw intact chicken
PDT000138879.2,Typhimurium,PDS000272319.1,2016,from_2016,USA,raw intact chicken
PDT000138882.2,Typhimurium,PDS000081815.149,2016,from_2016,USA,comminuted chicken
PDT000140203.2,Typhimurium var. 5-,PDS000180814.35,2009,before_2016,USA,chicken breast
PDT000140204.2,"4,12:i:-",PDS000272319.1,2009,before_2016,USA,chicken breast
PDT000140205.2,Typhimurium var. 5-,PDS000272319.1,2009,before_2016,USA,chicken breast
PDT000141047.2,Braenderup,PDS000076604.1183,2016,from_2016,USA,comminuted chicken
PDT000141048.2,Infantis,PDS000265741.69,2016,from_2016,USA,comminuted chicken
PDT000142875.2,"4,[5],12:i:-",PDS000253285.29,2016,from_2016,USA,raw intact chicken
PDT000142876.2,Infantis,PDS000265741.69,2016,from_2016,USA,comminuted chicken
PDT000143615.2,Enteritidis,PDS000030237.1756,2009,before_2016,USA,chicken breast
PDT000148660.3,Montevideo,PDS000027859.12,2006,before_2016,USA,ground turkey
PDT000151163.2,Heidelberg,PDS000078903.2,2016,from_2016,USA,chicken breast
PDT000151164.2,Heidelberg,PDS000078903.2,2016,from_2016,USA,chicken breast
PDT000176391.1,Infantis,PDS000265741.69,2014,before_2016,USA,chicken breast
PDT000178510.1,Heidelberg,PDS000211943.33,2011,before_2016,USA,chicken breast
PDT000178513.1,Heidelberg,PDS000211943.33,2011,before_2016,USA,chicken breast
PDT000178516.1,Heidelberg,PDS000211943.33,2012,before_2016,USA,chicken breast
PDT000178522.1,Heidelberg,PDS000211943.33,2012,before_2016,USA,chicken breast
PDT000269037.2,Typhimurium var. 5-,PDS000272319.1,2016,from_2016,USA,ground turkey
PDT000269038.2,Reading,PDS000001887.891,2016,from_2016,USA,ground turkey
PDT000269039.2,Rissen,PDS000031137.142,2016,from_2016,USA,ground turkey
PDT000269040.2,Typhimurium var. 5-,PDS000272319.1,2016,from_2016,USA,Chicken Legs
PDT000269041.2,Reading,PDS000001887.891,2016,from_2016,USA,ground turkey
PDT000269042.2,Typhimurium var. 5-,PDS000180814.35,2016,from_2016,USA,chicken breast
PDT000269044.2,Typhimurium var. 5-,PDS000028934.4,2016,from_2016,USA,ground turkey
PDT000269045.2,Typhimurium var. 5-,PDS000026716.8,2016,from_2016,USA,chicken breast
PDT000269046.2,Enteritidis,PDS000030237.1756,2016,from_2016,USA,chicken breast
PDT000269047.2,Typhimurium var. 5-,PDS000272319.1,2016,from_2016,USA,Chicken Wings
PDT000269048.2,Reading,PDS000001887.891,2016,from_2016,USA,ground turkey
PDT000269049.2,Kentucky,PDS000260145.21,2016,from_2016,USA,Chicken Wings
PDT000269050.2,Kentucky,PDS000077701.1,2016,from_2016,USA,chicken breast
PDT000269051.2,Typhimurium var. 5-,PDS000272319.1,2016,from_2016,USA,ground turkey
PDT000269053.2,Typhimurium var. 5-,PDS000272319.1,2016,from_2016,USA,chicken breast
PDT000269054.2,"4,[5],12:i:-",PDS000273036.3,2016,from_2016,USA,ground turkey
PDT000269056.2,Infantis,PDS000032396.241,2016,from_2016,USA,Chicken Wings
PDT000269057.2,Kentucky,PDS000272606.2,2016,from_2016,USA,chicken breast
PDT000269058.2,Berta,PDS000026549.1050,2016,from_2016,USA,ground turkey
PDT000269059.2,Kentucky,PDS000112666.285,2016,from_2016,USA,chicken breast
PDT000269060.2,Schwarzengrund,PDS000004036.160,2016,from_2016,USA,ground turkey
PDT000269062.2,Enteritidis,PDS000083226.1311,2016,from_2016,USA,chicken breast
PDT000269064.2,Kentucky,PDS000260145.21,2016,from_2016,USA,chicken breast
PDT000269065.2,Enteritidis,PDS000032668.1889,2016,from_2016,USA,Chicken Legs
PDT000269066.2,Kentucky,PDS000272606.2,2016,from_2016,USA,chicken breast
PDT000269069.2,Enteritidis,PDS000030237.1756,2016,from_2016,USA,Chicken Legs
PDT000269070.2,Enteritidis,PDS000030237.1756,2016,from_2016,USA,chicken breast
PDT000269071.2,Enteritidis,PDS000030237.1756,2016,from_2016,USA,Chicken Thighs
PDT000269073.2,Enteritidis,PDS000030237.1756,2016,from_2016,USA,Chicken Thighs
PDT000269074.2,Reading,PDS000001887.891,2016,from_2016,USA,ground turkey
PDT000269075.2,Enteritidis,PDS000032668.1889,2016,from_2016,USA,Chicken Thighs
PDT000269076.2,Kentucky,PDS000272606.2,2016,from_2016,USA,chicken breast
PDT000269077.2,Infantis,PDS000027076.971,2016,from_2016,USA,Chicken Legs
PDT000269078.2,Albert,PDS000042380.4,2016,from_2016,USA,ground turkey
PDT000269079.2,Enteritidis,PDS000030237.1756,2016,from_2016,USA,Chicken Thighs
PDT000269080.2,Typhimurium var. 5-,PDS000272319.1,2016,from_2016,USA,Chicken Thighs
PDT000269081.2,Enteritidis,PDS000030237.1756,2016,from_2016,USA,ground turkey
PDT000269082.2,Enteritidis,PDS000030237.1756,2016,from_2016,USA,Chicken Thighs
PDT000269083.2,Enteritidis,PDS000030237.1756,2016,from_2016,USA,Chicken Legs
PDT000269084.2,Typhimurium var. 5-,PDS000272319.1,2016,from_2016,USA,Chicken Legs
PDT000269085.2,Typhimurium var. 5-,PDS000032335.1,2016,from_2016,USA,Chicken Thighs
PDT000269086.2,Schwarzengrund,PDS000027514.524,2016,from_2016,USA,ground turkey
PDT000269087.2,Typhimurium var. 5-,PDS000272319.1,2016,from_2016,USA,Chicken Legs
PDT000269088.2,Enteritidis,PDS000030237.1756,2016,from_2016,USA,Chicken Legs
PDT000269091.2,Typhimurium var. 5-,PDS000272319.1,2016,from_2016,USA,chicken breast
PDT000269092.2,Enteritidis,PDS000030237.1756,2016,from_2016,USA,chicken breast
PDT000269093.2,Rissen,PDS000031137.142,2016,from_2016,USA,ground turkey
PDT000269094.2,Enteritidis,PDS000030237.1756,2016,from_2016,USA,Chicken Wings
PDT000269096.2,Typhimurium,PDS000026812.415,2016,from_2016,USA,chicken breast
PDT000269097.2,Reading,PDS000001887.891,2016,from_2016,USA,ground turkey
PDT000269098.2,Hadar,PDS000158107.507,2016,from_2016,USA,ground turkey
PDT000269099.2,Muenchen,PDS000198470.177,2016,from_2016,USA,ground turkey
PDT000269100.4,Heidelberg,PDS000106159.105,2016,from_2016,USA,ground turkey
PDT000269102.2,Kentucky,PDS000272606.2,2016,from_2016,USA,Chicken Thighs
PDT000269103.2,Kentucky,PDS000029437.273,2016,from_2016,USA,chicken breast
PDT000269104.2,Kentucky,PDS000272606.2,2016,from_2016,USA,chicken breast
PDT000269105.2,Kentucky,PDS000260145.21,2016,from_2016,USA,chicken breast
PDT000269106.2,Kentucky,PDS000272606.2,2016,from_2016,USA,Chicken Wings
PDT000269107.2,Heidelberg,PDS000211943.33,2016,from_2016,USA,Chicken Legs
PDT000269108.2,Kentucky,PDS000272606.2,2016,from_2016,USA,chicken breast
PDT000269109.2,Typhimurium var. 5-,PDS000272319.1,2016,from_2016,USA,chicken breast
PDT000269110.2,"4,[5],12:i:-",PDS000253288.128,2016,from_2016,USA,ground turkey
PDT000269111.2,"4,[5],12:i:-",PDS000253288.128,2016,from_2016,USA,ground turkey
PDT000269112.2,Enteritidis,PDS000032668.1889,2016,from_2016,USA,Chicken Wings
PDT000269113.2,Kentucky,PDS000268663.3,2016,from_2016,USA,Chicken Wings
PDT000269114.2,Enteritidis,PDS000030237.1756,2016,from_2016,USA,chicken breast
PDT000269115.2,Enteritidis,PDS000030237.1756,2016,from_2016,USA,chicken breast
PDT000269116.2,Braenderup,PDS000076604.1183,2016,from_2016,USA,chicken breast
PDT000269117.4,Heidelberg,PDS000106159.105,2016,from_2016,USA,ground turkey
PDT000269118.2,Reading,PDS000001887.891,2016,from_2016,USA,ground turkey
PDT000269119.2,Kentucky,PDS000260145.21,2016,from_2016,USA,chicken breast
PDT000269120.2,Kentucky,PDS000272606.2,2016,from_2016,USA,Chicken Legs
PDT000269121.2,Enteritidis,PDS000032668.1889,2016,from_2016,USA,Chicken Legs
PDT000269123.2,Heidelberg,PDS000106159.105,2016,from_2016,USA,ground turkey
PDT000269124.2,Enteritidis,PDS000030237.1756,2016,from_2016,USA,chicken breast
PDT000269125.2,Typhimurium var. 5-,PDS000026712.72,2016,from_2016,USA,ground turkey
PDT000269126.2,Kentucky,PDS000272606.2,2016,from_2016,USA,Chicken Legs
PDT000269127.2,Kentucky,PDS000028777.1,2016,from_2016,USA,chicken breast
PDT000269128.2,"4,[5],12:i:-",PDS000253288.128,2016,from_2016,USA,ground turkey
PDT000269129.2,Hadar,PDS000158107.507,2016,from_2016,USA,ground turkey
PDT000269130.2,Infantis,PDS000265741.69,2016,from_2016,USA,chicken breast
PDT000269131.2,Typhimurium var. 5-,PDS000180814.35,2016,from_2016,USA,Chicken Thighs
PDT000269132.2,Schwarzengrund,PDS000004036.160,2016,from_2016,USA,ground turkey
PDT000269133.2,"4,[5],12:i:-",PDS000253288.128,2016,from_2016,USA,chicken breast
PDT000269134.2,Agona,PDS000214890.285,2016,from_2016,USA,ground turkey
PDT000269135.2,Enteritidis,PDS000030237.1756,2016,from_2016,USA,chicken breast
PDT000269136.2,Typhimurium var. 5-,PDS000081815.149,2016,from_2016,USA,ground turkey
PDT000269137.2,Senftenberg,PDS000031981.15,2016,from_2016,USA,ground turkey
PDT000269138.2,Muenchen,PDS000198470.177,2016,from_2016,USA,ground turkey
PDT000269139.2,Typhimurium var. 5-,PDS000272319.1,2016,from_2016,USA,Chicken Thighs
PDT000269140.2,Kentucky,PDS000217831.57,2016,from_2016,USA,chicken breast
PDT000269141.2,Kentucky,PDS000032518.77,2016,from_2016,USA,chicken breast
PDT000269143.2,Kentucky,PDS000032518.77,2016,from_2016,USA,Chicken Thighs
PDT000269144.2,Kentucky,PDS000272606.2,2016,from_2016,USA,Chicken Wings
PDT000269145.2,Heidelberg,PDS000211943.33,2016,from_2016,USA,chicken breast
PDT000269146.2,Montevideo,PDS000027237.426,2016,from_2016,USA,chicken breast
PDT000269147.2,Heidelberg,PDS000211943.33,2016,from_2016,USA,chicken breast
PDT000269148.2,Kentucky,PDS000004066.82,2016,from_2016,USA,chicken breast
PDT000269151.2,Reading,PDS000001887.891,2016,from_2016,USA,ground turkey
PDT000269152.2,"4,12:i:-",PDS000273036.3,2016,from_2016,USA,ground turkey
PDT000269153.2,Reading,PDS000001887.891,2016,from_2016,USA,ground turkey
PDT000269154.2,Reading,PDS000001887.891,2016,from_2016,USA,ground turkey
PDT000269155.2,Heidelberg,PDS000106160.6,2016,from_2016,USA,ground turkey
PDT000269156.2,Hadar,PDS000158107.507,2016,from_2016,USA,ground turkey
PDT000269157.2,Enteritidis,PDS000083226.1311,2016,from_2016,USA,chicken breast
PDT000269158.2,Infantis,PDS000265741.69,2016,from_2016,USA,chicken breast
PDT000269159.2,Schwarzengrund,PDS000099826.29,2016,from_2016,USA,ground turkey
PDT000269161.2,Muenchen,PDS000198470.177,2016,from_2016,USA,ground turkey
PDT000269162.2,Kentucky,PDS000268663.3,2016,from_2016,USA,chicken breast
PDT000269163.2,"4,12:d:-",PDS000001682.46,2016,from_2016,USA,ground turkey
PDT000269164.2,Typhimurium var. 5-,PDS000180814.35,2016,from_2016,USA,Chicken Thighs
PDT000269165.2,Reading,PDS000001887.891,2016,from_2016,USA,ground turkey
PDT000269166.2,Berta,PDS000026549.1050,2016,from_2016,USA,ground turkey
PDT000269167.2,Kentucky,PDS000260145.21,2016,from_2016,USA,Chicken Wings
PDT000269168.2,Hadar,PDS000158107.507,2016,from_2016,USA,ground turkey
PDT000269170.2,Tallahassee,PDS000051743.5,2016,from_2016,USA,chicken breast
PDT000269172.2,Schwarzengrund,PDS000027514.524,2016,from_2016,USA,ground turkey
PDT000269174.2,Johannesburg,PDS000032387.583,2016,from_2016,USA,Chicken Wings
PDT000269175.2,Heidelberg,PDS000211943.33,2016,from_2016,USA,chicken breast
PDT000269176.2,Schwarzengrund,PDS000002218.1068,2016,from_2016,USA,chicken breast
PDT000269177.2,Kentucky,PDS000030237.1756,2016,from_2016,USA,chicken breast
PDT000269178.2,Reading,PDS000001887.891,2016,from_2016,USA,ground turkey
PDT000269179.2,Typhimurium var. 5-,PDS000180814.35,2016,from_2016,USA,Chicken Legs
PDT000269180.2,Muenchen,PDS000198470.177,2016,from_2016,USA,ground turkey
PDT000269181.2,Enteritidis,PDS000032668.1889,2016,from_2016,USA,Chicken Thighs
PDT000269182.2,Enteritidis,PDS000030237.1756,2016,from_2016,USA,Chicken Thighs
PDT000269183.2,Muenchen,PDS000198470.177,2016,from_2016,USA,ground turkey
PDT000269186.2,Kentucky,PDS000272606.2,2016,from_2016,USA,Chicken Wings
PDT000269187.2,"4,12:d:-",PDS000001682.46,2016,from_2016,USA,ground turkey
PDT000269188.2,Typhimurium var. 5-,PDS000180814.35,2016,from_2016,USA,chicken breast
PDT000269189.2,Schwarzengrund,PDS000002218.1068,2016,from_2016,USA,chicken breast
PDT000269190.2,Typhimurium var. 5-,PDS000180814.35,2016,from_2016,USA,chicken breast
PDT000269192.2,Enteritidis,PDS000030237.1756,2016,from_2016,USA,chicken breast
PDT000269193.2,Enteritidis,PDS000030237.1756,2016,from_2016,USA,Chicken Legs
PDT000269194.2,Enteritidis,PDS000030237.1756,2016,from_2016,USA,Chicken Legs
PDT000269195.2,Kentucky,PDS000004066.82,2016,from_2016,USA,chicken breast
PDT000269196.2,Typhimurium var. 5-,PDS000272319.1,2016,from_2016,USA,chicken breast
PDT000269199.2,Reading,PDS000001887.891,2016,from_2016,USA,ground turkey
PDT000269200.2,Reading,PDS000001887.891,2016,from_2016,USA,ground turkey
PDT000269201.2,Enteritidis,PDS000030237.1756,2016,from_2016,USA,Chicken Legs
PDT000269202.2,Enteritidis,PDS000030237.1756,2016,from_2016,USA,Chicken Wings
PDT000269203.2,Rissen,PDS000031137.142,2016,from_2016,USA,ground turkey
PDT000269204.2,"4,12:d:-",PDS000001682.46,2016,from_2016,USA,ground turkey
PDT000269206.2,Hadar,PDS000158107.507,2016,from_2016,USA,ground turkey
PDT000269207.2,Kentucky,PDS000217831.57,2016,from_2016,USA,chicken breast
PDT000269208.2,Braenderup,PDS000032739.276,2016,from_2016,USA,chicken breast
PDT000269209.2,Enteritidis,PDS000083226.1311,2016,from_2016,USA,Chicken Wings
PDT000269210.2,Infantis,PDS000027076.971,2016,from_2016,USA,Chicken Legs
PDT000269211.2,Schwarzengrund,PDS000032125.4,2016,from_2016,USA,ground turkey
PDT000269212.2,Kentucky,PDS000217831.57,2016,from_2016,USA,chicken breast
PDT000269213.2,Heidelberg,PDS000211943.33,2016,from_2016,USA,Chicken Wings
PDT000269214.2,Kentucky,PDS000260145.21,2016,from_2016,USA,chicken breast
PDT000269215.2,Reading,PDS000001887.891,2016,from_2016,USA,ground turkey
PDT000269216.2,Reading,PDS000001887.891,2016,from_2016,USA,ground turkey
PDT000269217.2,Kentucky,PDS000272606.2,2016,from_2016,USA,Chicken Thighs
PDT000269218.2,Heidelberg,PDS000106160.6,2016,from_2016,USA,ground turkey
PDT000269219.2,Heidelberg,PDS000211943.33,2016,from_2016,USA,chicken breast
PDT000269220.2,Senftenberg,PDS000266967.8,2016,from_2016,USA,chicken breast
PDT000269221.2,Montevideo,PDS000027237.426,2016,from_2016,USA,ground turkey
PDT000269222.2,Agona,PDS000028904.114,2016,from_2016,USA,ground turkey
PDT000269223.2,Agona,PDS000028904.114,2016,from_2016,USA,ground turkey
PDT000269224.2,Typhimurium var. 5-,PDS000081914.324,2016,from_2016,USA,Chicken Wings
PDT000269225.2,Enteritidis,PDS000030237.1756,2016,from_2016,USA,chicken breast
PDT000269226.2,Typhimurium var. 5-,PDS000272319.1,2016,from_2016,USA,ground turkey
PDT000269227.2,Mbandaka,PDS000233288.49,2016,from_2016,USA,Chicken Wings
PDT000269228.2,"9,46:nonmotile",PDS000032682.63,2016,from_2016,USA,Chicken Thighs
PDT000269229.2,Enteritidis,PDS000030237.1756,2016,from_2016,USA,Chicken Wings
PDT000269230.2,Enteritidis,PDS000030237.1756,2016,from_2016,USA,Chicken Wings
PDT000269231.4,Heidelberg,PDS000106159.105,2016,from_2016,USA,ground turkey
PDT000269232.2,Albany,PDS000032516.187,2016,from_2016,USA,ground turkey
PDT000269233.2,Kentucky,PDS000272606.2,2016,from_2016,USA,chicken breast
PDT000269234.2,Reading,PDS000001887.891,2016,from_2016,USA,ground turkey
PDT000269235.2,Senftenberg,PDS000030320.57,2016,from_2016,USA,ground turkey
PDT000269236.2,Hadar,PDS000158107.507,2016,from_2016,USA,ground turkey
PDT000269237.2,Kentucky,PDS000217831.57,2016,from_2016,USA,chicken breast
PDT000269238.2,Kentucky,PDS000029437.273,2016,from_2016,USA,Chicken Thighs
PDT000269239.2,Newport,PDS000027823.186,2016,from_2016,USA,ground turkey
PDT000269240.2,Senftenberg,PDS000030320.57,2016,from_2016,USA,ground turkey
PDT000269241.2,Enteritidis,PDS000030237.1756,2016,from_2016,USA,Chicken Legs
PDT000269243.2,Gaminara,PDS000001989.23,2016,from_2016,USA,Chicken Thighs
PDT000269244.2,Reading,PDS000001887.891,2016,from_2016,USA,ground turkey
PDT000269245.4,Heidelberg,PDS000106159.105,2016,from_2016,USA,ground turkey
PDT000269246.2,Schwarzengrund,PDS000004036.160,2016,from_2016,USA,ground turkey
PDT000269247.2,Kentucky,PDS000029437.273,2016,from_2016,USA,Chicken Wings
PDT000269248.2,Enteritidis,PDS000030237.1756,2016,from_2016,USA,Chicken Legs
PDT000269249.2,Typhimurium var. 5-,PDS000272319.1,2016,from_2016,USA,chicken breast
PDT000269250.2,Infantis,PDS000032397.289,2016,from_2016,USA,Chicken Wings
PDT000269251.2,Kentucky,PDS000272606.2,2016,from_2016,USA,Chicken Legs
PDT000269252.4,Heidelberg,PDS000106159.105,2016,from_2016,USA,ground turkey
PDT000269253.2,Kentucky,PDS000272606.2,2016,from_2016,USA,Chicken Wings
PDT000269254.2,Mbandaka,PDS000026962.47,2016,from_2016,USA,chicken breast
PDT000269255.2,Typhimurium var. 5-,PDS000272319.1,2016,from_2016,USA,chicken breast
PDT000269256.2,Typhimurium var. 5-,PDS000027049.484,2016,from_2016,USA,ground turkey
PDT000269257.2,"4,[5],12:i:-",PDS000268664.21,2016,from_2016,USA,ground turkey
PDT000269258.2,Braenderup,PDS000030729.7,2016,from_2016,USA,Chicken Legs
PDT000269259.2,Anatum,PDS000028226.224,2016,from_2016,USA,ground turkey
PDT000269260.2,Enteritidis,PDS000032668.1889,2016,from_2016,USA,Chicken Legs
PDT000269261.2,Typhimurium var. 5-,PDS000272319.1,2016,from_2016,USA,Chicken Thighs
PDT000269262.2,"4,[5],12:i:-",PDS000273036.3,2016,from_2016,USA,ground turkey
PDT000269263.2,Heidelberg,PDS000028162.7,2016,from_2016,USA,ground turkey
PDT000269264.2,"13,23:g,z51:-",PDS000029716.2,2016,from_2016,USA,chicken breast
PDT000269265.2,Thompson,PDS000032705.1749,2016,from_2016,USA,ground turkey
PDT000269266.2,Thompson,PDS000032705.1749,2016,from_2016,USA,ground turkey
PDT000269267.2,Kentucky,PDS000272606.2,2016,from_2016,USA,Chicken Wings
PDT000269268.2,Kentucky,PDS000272606.2,2016,from_2016,USA,chicken breast
PDT000269269.2,Blockley,PDS000003754.350,2016,from_2016,USA,chicken breast
PDT000269270.2,Senftenberg,PDS000002489.96,2016,from_2016,USA,ground turkey
PDT000269271.2,Heidelberg,PDS000028162.7,2016,from_2016,USA,ground turkey
PDT000269272.2,Heidelberg,PDS000106159.105,2016,from_2016,USA,ground turkey
PDT000269273.2,Reading,PDS000001887.891,2016,from_2016,USA,ground turkey
PDT000269274.2,Reading,PDS000001887.891,2016,from_2016,USA,ground turkey
PDT000269275.2,Kentucky,PDS000029414.302,2016,from_2016,USA,Chicken Legs
PDT000269276.2,Kentucky,PDS000272606.2,2016,from_2016,USA,Chicken Wings
PDT000269278.2,Reading,PDS000001887.891,2016,from_2016,USA,ground turkey
PDT000269279.2,"13,23:g,z51:-",PDS000029716.2,2016,from_2016,USA,chicken breast
PDT000269280.2,Muenchen,PDS000198470.177,2016,from_2016,USA,ground turkey
PDT000269281.2,Enteritidis,PDS000030237.1756,2016,from_2016,USA,Chicken Legs
PDT000269283.2,Enteritidis,PDS000030237.1756,2016,from_2016,USA,Chicken Wings
PDT000269284.2,Typhimurium var. 5-,PDS000272319.1,2016,from_2016,USA,chicken breast
PDT000269285.2,Muenchen,PDS000198470.177,2016,from_2016,USA,ground turkey
PDT000269286.2,Kentucky,PDS000272606.2,2016,from_2016,USA,chicken breast
PDT000269287.2,Muenchen,PDS000198470.177,2016,from_2016,USA,ground turkey
PDT000269289.2,Typhimurium var. 5-,PDS000272319.1,2016,from_2016,USA,Chicken Wings
PDT000269290.2,Infantis,PDS000032456.156,2016,from_2016,USA,chicken breast
PDT000269292.4,Heidelberg,PDS000106159.105,2016,from_2016,USA,ground turkey
PDT000269293.2,Muenchen,PDS000198470.177,2016,from_2016,USA,ground turkey
PDT000269294.2,Muenchen,PDS000198470.177,2016,from_2016,USA,ground turkey
PDT000269295.2,Schwarzengrund,PDS000027503.484,2016,from_2016,USA,ground turkey
PDT000269296.2,Reading,PDS000001887.891,2016,from_2016,USA,ground turkey
PDT000269297.2,Reading,PDS000001887.891,2016,from_2016,USA,ground turkey
PDT000269298.2,Typhimurium var. 5-,PDS000272319.1,2016,from_2016,USA,chicken breast
PDT000269299.2,Reading,PDS000001887.891,2016,from_2016,USA,ground turkey
PDT000269300.2,Enteritidis,PDS000029303.72,2016,from_2016,USA,chicken breast
PDT000269301.2,Kentucky,PDS000217831.57,2016,from_2016,USA,chicken breast
PDT000269302.2,Muenchen,PDS000198470.177,2016,from_2016,USA,ground turkey
PDT000269303.2,Schwarzengrund,PDS000027514.524,2016,from_2016,USA,ground turkey
PDT000269304.2,Enteritidis,PDS000030237.1756,2016,from_2016,USA,chicken breast
PDT000269305.2,Kentucky,PDS000028240.1,2016,from_2016,USA,Chicken Wings
PDT000269306.2,Enteritidis,PDS000032668.1889,2016,from_2016,USA,Chicken Thighs
PDT000269307.2,Kentucky,PDS000004848.8,2016,from_2016,USA,chicken breast
PDT000269308.2,Enteritidis,PDS000030237.1756,2016,from_2016,USA,chicken breast
PDT000269309.2,Litchfield,PDS000032550.85,2016,from_2016,USA,Chicken Legs
PDT000269310.2,Braenderup,PDS000076604.1183,2016,from_2016,USA,chicken breast
PDT000269312.2,"4,[5],12:i:-",PDS000268664.21,2016,from_2016,USA,ground turkey
PDT000269313.2,Hadar,PDS000158107.507,2016,from_2016,USA,ground turkey
PDT000269314.2,Kentucky,PDS000004095.510,2016,from_2016,USA,Chicken Thighs
PDT000269315.2,Reading,PDS000001887.891,2016,from_2016,USA,ground turkey
PDT000269316.2,Kentucky,PDS000260145.21,2016,from_2016,USA,Chicken Thighs
PDT000269317.2,Enteritidis,PDS000030237.1756,2016,from_2016,USA,Chicken Legs
PDT000269318.2,Hadar,PDS000158107.507,2016,from_2016,USA,ground turkey
PDT000269319.2,Kentucky,PDS000217831.57,2016,from_2016,USA,chicken breast
PDT000269320.2,Kentucky,PDS000217831.57,2016,from_2016,USA,chicken breast
PDT000269321.2,Reading,PDS000001887.891,2016,from_2016,USA,ground turkey
PDT000269322.2,Muenchen,PDS000198470.177,2016,from_2016,USA,ground turkey
PDT000269323.2,Thompson,PDS000032705.1749,2016,from_2016,USA,Chicken Thighs
PDT000269324.2,Thompson,PDS000032705.1749,2016,from_2016,USA,Chicken Wings
PDT000269325.2,Heidelberg,PDS000211943.33,2016,from_2016,USA,Chicken Thighs
PDT000269326.2,Heidelberg,PDS000211943.33,2016,from_2016,USA,chicken breast
PDT000269327.2,Heidelberg,PDS000211943.33,2016,from_2016,USA,Chicken Wings
PDT000269328.2,Kentucky,PDS000265331.1,2016,from_2016,USA,chicken breast
PDT000269330.2,Typhimurium var. 5-,PDS000081815.149,2016,from_2016,USA,chicken breast
PDT000269331.2,Kentucky,PDS000260145.21,2016,from_2016,USA,chicken breast
PDT000269332.2,Heidelberg,PDS000211943.33,2016,from_2016,USA,Chicken Legs
PDT000269333.2,Kentucky,PDS000260145.21,2016,from_2016,USA,Chicken Wings
PDT000269334.2,"4,[5],12:i:-",PDS000253288.128,2016,from_2016,USA,Chicken Thighs
PDT000269335.2,Enteritidis,PDS000030237.1756,2016,from_2016,USA,chicken breast
PDT000269336.2,Enteritidis,PDS000030237.1756,2016,from_2016,USA,chicken breast
PDT000269337.2,Enteritidis,PDS000030237.1756,2016,from_2016,USA,Chicken Thighs
PDT000269338.2,Kiambu,PDS000028160.5,2016,from_2016,USA,ground turkey
PDT000269339.2,Kentucky,PDS000046285.23,2016,from_2016,USA,chicken breast
PDT000269341.2,Reading,PDS000001887.891,2016,from_2016,USA,ground turkey
PDT000269342.2,Enteritidis,PDS000030237.1756,2016,from_2016,USA,chicken breast
PDT000269343.2,Johannesburg,PDS000029365.39,2016,from_2016,USA,chicken breast
PDT000269344.2,Typhimurium var. 5-,PDS000026712.72,2016,from_2016,USA,chicken breast
PDT000269345.2,Kentucky,PDS000004095.510,2016,from_2016,USA,Chicken Legs
PDT000269346.2,Reading,PDS000001887.891,2016,from_2016,USA,ground turkey
PDT000269347.4,Albany,PDS000032516.187,2016,from_2016,USA,ground turkey
PDT000269348.2,Montevideo,PDS000027237.426,2016,from_2016,USA,Chicken Legs
PDT000269349.2,Manhattan,PDS000004161.71,2016,from_2016,USA,Chicken Wings
PDT000269350.2,"4,12:i:-",PDS000253288.128,2016,from_2016,USA,Chicken Legs
PDT000269351.2,Enteritidis,PDS000028281.603,2016,from_2016,USA,Chicken Wings
PDT000269352.2,Kentucky,PDS000272606.2,2016,from_2016,USA,Chicken Thighs
PDT000269354.2,Kentucky,PDS000272606.2,2016,from_2016,USA,chicken breast
PDT000269356.2,Kentucky,PDS000029426.101,2016,from_2016,USA,chicken breast
PDT000269358.2,Kentucky,PDS000004848.8,2016,from_2016,USA,chicken breast
PDT000269359.2,Heidelberg,PDS000028162.7,2016,from_2016,USA,ground turkey
PDT000269361.2,Enteritidis,PDS000032668.1889,2016,from_2016,USA,chicken breast
PDT000269362.2,Enteritidis,PDS000032668.1889,2016,from_2016,USA,Chicken Wings
PDT000269363.2,Muenchen,PDS000198470.177,2016,from_2016,USA,ground turkey
PDT000269364.2,Enteritidis,PDS000032668.1889,2016,from_2016,USA,chicken breast
PDT000269365.2,Enteritidis,PDS000032668.1889,2016,from_2016,USA,chicken breast
PDT000269366.2,Enteritidis,PDS000030237.1756,2016,from_2016,USA,Chicken Thighs
PDT000269367.2,"4,[5],12:i:-",PDS000253288.128,2016,from_2016,USA,Chicken Thighs
PDT000269368.2,Senftenberg,PDS000030320.57,2016,from_2016,USA,ground turkey
PDT000269369.2,Enteritidis,PDS000032669.447,2016,from_2016,USA,Chicken Thighs
PDT000269372.2,Agona,PDS000214890.285,2016,from_2016,USA,ground turkey
PDT000269373.2,Agona,PDS000214890.285,2016,from_2016,USA,ground turkey
PDT000269374.2,Saintpaul,PDS000029303.72,2016,from_2016,USA,ground turkey
PDT000269375.2,Enteritidis,PDS000032669.447,2016,from_2016,USA,chicken breast
PDT000269376.2,Schwarzengrund,PDS000030693.22,2016,from_2016,USA,ground turkey
PDT000269377.2,Typhimurium var. 5-,PDS000272319.1,2016,from_2016,USA,Chicken Wings
PDT000269378.2,Heidelberg,PDS000106159.105,2016,from_2016,USA,ground turkey
PDT000269379.2,Reading,PDS000001887.891,2016,from_2016,USA,ground turkey
PDT000269380.2,Senftenberg,PDS000266616.2,2016,from_2016,USA,ground turkey
PDT000269381.2,Rissen,PDS000031137.142,2016,from_2016,USA,ground turkey
PDT000269383.2,Kentucky,PDS000272606.2,2016,from_2016,USA,Chicken Thighs
PDT000269384.2,Senftenberg,PDS000030320.57,2016,from_2016,USA,ground turkey
PDT000269385.2,Kentucky,PDS000004066.82,2016,from_2016,USA,chicken breast
PDT000269386.2,Kentucky,PDS000004066.82,2016,from_2016,USA,chicken breast
PDT000269387.2,Heidelberg,PDS000028162.7,2016,from_2016,USA,ground turkey
PDT000269388.2,Heidelberg,PDS000028162.7,2016,from_2016,USA,ground turkey
PDT000269389.2,Reading,PDS000001887.891,2016,from_2016,USA,ground turkey
PDT000269390.2,Reading,PDS000001887.891,2016,from_2016,USA,ground turkey
PDT000269391.4,Heidelberg,PDS000106159.105,2016,from_2016,USA,ground turkey
PDT000269392.4,Heidelberg,PDS000106159.105,2016,from_2016,USA,ground turkey
PDT000269393.2,Enteritidis,PDS000030237.1756,2016,from_2016,USA,chicken breast
PDT000269396.2,Enteritidis,PDS000030237.1756,2016,from_2016,USA,chicken breast
PDT000269397.2,Kentucky,PDS000004095.510,2016,from_2016,USA,chicken breast
PDT000269398.2,Berta,PDS000026549.1050,2016,from_2016,USA,chicken breast
PDT000269400.2,Schwarzengrund,PDS000032125.4,2016,from_2016,USA,ground turkey
PDT000269401.2,Thompson,PDS000032705.1749,2016,from_2016,USA,Chicken Legs
PDT000269402.2,Thompson,PDS000032705.1749,2016,from_2016,USA,ground turkey
PDT000269403.2,Hadar,PDS000158107.507,2016,from_2016,USA,ground turkey
PDT000269404.2,Kentucky,PDS000272606.2,2016,from_2016,USA,chicken breast
PDT000269405.2,Berta,PDS000026549.1050,2016,from_2016,USA,ground turkey
PDT000269408.2,Enteritidis,PDS000030237.1756,2016,from_2016,USA,Chicken Legs
PDT000269409.2,Kentucky,PDS000029414.302,2016,from_2016,USA,Chicken Wings
PDT000269410.4,Heidelberg,PDS000106159.105,2016,from_2016,USA,ground turkey
PDT000269411.2,Reading,PDS000001887.891,2016,from_2016,USA,ground turkey
PDT000269412.2,Infantis,PDS000198470.177,2016,from_2016,USA,chicken breast
PDT000269414.2,Typhimurium var. 5-,PDS000026720.161,2016,from_2016,USA,Chicken Wings
PDT000269415.2,Hadar,PDS000114063.1,2016,from_2016,USA,ground turkey
PDT000269416.2,Kentucky,PDS000260145.21,2016,from_2016,USA,Chicken Wings
PDT000269417.2,Reading,PDS000001887.891,2016,from_2016,USA,ground turkey
PDT000269418.2,Reading,PDS000001887.891,2016,from_2016,USA,ground turkey
PDT000269420.2,Kentucky,PDS000260145.21,2016,from_2016,USA,chicken breast
PDT000269421.2,Kentucky,PDS000032518.77,2016,from_2016,USA,Chicken Wings
PDT000269422.2,Kentucky,PDS000032518.77,2016,from_2016,USA,Chicken (Whole - cut in lab)
PDT000269423.2,Mbandaka,PDS000254691.15,2016,from_2016,USA,Chicken Thighs
PDT000269424.2,Saintpaul,PDS000030237.1756,2016,from_2016,USA,ground turkey
PDT000269425.2,Kentucky,PDS000029426.101,2016,from_2016,USA,Chicken (Whole - cut in lab)
PDT000269426.2,Kentucky,PDS000029426.101,2016,from_2016,USA,chicken breast
PDT000269427.2,Kentucky,PDS000032518.77,2016,from_2016,USA,Chicken (Whole - cut in lab)
PDT000269428.2,Enteritidis,PDS000032668.1889,2016,from_2016,USA,chicken breast
PDT000269429.2,Kentucky,PDS000004066.82,2016,from_2016,USA,Chicken Legs
PDT000269430.2,Schwarzengrund,PDS000004036.160,2016,from_2016,USA,ground turkey
PDT000269431.2,Braenderup,PDS000076604.1183,2016,from_2016,USA,Chicken Thighs
PDT000269432.2,"4,[5],12:i:-",PDS000253288.128,2016,from_2016,USA,ground turkey
PDT000269433.2,"4,[5],12:i:-",PDS000253288.128,2016,from_2016,USA,ground turkey
PDT000269434.2,Agona,PDS000214890.285,2016,from_2016,USA,ground turkey
PDT000269436.2,Heidelberg,PDS000211943.33,2016,from_2016,USA,Chicken Legs
PDT000269437.4,Heidelberg,PDS000106159.105,2016,from_2016,USA,ground turkey
PDT000269439.2,Kentucky,PDS000032518.77,2016,from_2016,USA,chicken breast
PDT000269440.2,Infantis,PDS000012025.4,2016,from_2016,USA,Chicken Wings
PDT000269441.2,Hadar,PDS000158107.507,2016,from_2016,USA,ground turkey
PDT000269442.4,Heidelberg,PDS000106159.105,2016,from_2016,USA,ground turkey
PDT000269443.2,Reading,PDS000001887.891,2016,from_2016,USA,ground turkey
PDT000269445.2,Typhimurium,PDS000013874.535,2016,from_2016,USA,ground turkey
PDT000269446.2,Mbandaka,PDS000028157.4,2016,from_2016,USA,Chicken Thighs
PDT000269447.2,Enteritidis,PDS000030237.1756,2016,from_2016,USA,Chicken Thighs
PDT000269448.2,Typhimurium var. 5-,PDS000026720.161,2016,from_2016,USA,chicken breast
PDT000269450.2,Kentucky,PDS000217831.57,2016,from_2016,USA,chicken breast
PDT000269451.2,Typhimurium var. 5-,PDS000028161.1,2016,from_2016,USA,Chicken Wings
PDT000269452.2,Kentucky,PDS000260145.21,2016,from_2016,USA,chicken breast
PDT000269453.2,Typhimurium var. 5-,PDS000028161.1,2016,from_2016,USA,chicken breast
PDT000269455.2,Muenchen,PDS000198470.177,2016,from_2016,USA,ground turkey
PDT000269456.2,Kentucky,PDS000217831.57,2016,from_2016,USA,chicken breast
PDT000269457.2,Typhimurium var. 5-,PDS000081914.324,2016,from_2016,USA,chicken breast
PDT000287658.2,Reading,PDS000001887.891,2017,from_2016,USA,ground turkey
PDT000287659.2,Reading,PDS000001887.891,2017,from_2016,USA,ground turkey
PDT000287660.2,Reading,PDS000001887.891,2017,from_2016,USA,ground turkey
PDT000287661.2,Reading,PDS000001887.891,2017,from_2016,USA,ground turkey
PDT000293247.2,Reading,PDS000001887.891,2017,from_2016,USA,ground turkey
PDT000359382.1,Enteritidis,PDS000030237.1756,2017,from_2016,USA,Chicken thighs
PDT000359383.1,Kentucky,PDS000212473.30,2017,from_2016,USA,chicken breast
PDT000359384.1,Enteritidis,PDS000083226.1311,2017,from_2016,USA,Chicken thighs
PDT000359385.1,Livingstone,PDS000030128.4,2017,from_2016,USA,chicken breast
PDT000359386.1,Heidelberg,PDS000106160.6,2017,from_2016,USA,ground turkey
PDT000359387.1,Heidelberg,PDS000106160.6,2017,from_2016,USA,ground turkey
PDT000359388.1,Newport,PDS000002493.35,2017,from_2016,USA,ground turkey
PDT000359389.1,Enteritidis,PDS000083226.1311,2017,from_2016,USA,chicken breast
PDT000359390.1,Kentucky,PDS000029437.273,2017,from_2016,USA,Chicken legs
PDT000359392.1,Litchfield,PDS000032550.85,2017,from_2016,USA,Turkey Patties
PDT000359393.1,Kentucky,PDS000004095.510,2017,from_2016,USA,chicken breast
PDT000359394.1,Montevideo,PDS000028048.433,2017,from_2016,USA,ground turkey
PDT000359395.1,Hadar,PDS000158107.507,2017,from_2016,USA,ground turkey
PDT000359396.1,Infantis,PDS000265741.69,2017,from_2016,USA,Chicken thighs
PDT000359397.1,Kentucky,PDS000029414.302,2017,from_2016,USA,Chicken Breasts
PDT000359398.1,Kentucky,PDS000029414.302,2017,from_2016,USA,Chicken Breasts
PDT000359399.1,Heidelberg,PDS000028162.7,2017,from_2016,USA,ground turkey
PDT000359400.1,Enteritidis,PDS000030237.1756,2017,from_2016,USA,Chicken Breasts
PDT000359401.1,Kentucky,PDS000260145.21,2017,from_2016,USA,Chicken thighs
PDT000359402.1,Kentucky,PDS000029414.302,2017,from_2016,USA,Chicken Breasts
PDT000359404.1,Hadar,PDS000158107.507,2017,from_2016,USA,ground turkey
PDT000359405.3,Kentucky,PDS000217831.57,2017,from_2016,USA,Chicken breasts
PDT000359406.1,Kentucky,PDS000004095.510,2017,from_2016,USA,chicken breast
PDT000359407.1,Uganda,PDS000001852.1112,2017,from_2016,USA,ground turkey
PDT000359408.1,Schwarzengrund,PDS000027537.79,2017,from_2016,USA,ground turkey
PDT000359410.1,Enteritidis,PDS000030237.1756,2017,from_2016,USA,chicken breast
PDT000359411.1,Thompson,PDS000032705.1749,2017,from_2016,USA,ground turkey
PDT000359412.1,Kentucky,PDS000272606.2,2017,from_2016,USA,chicken breast
PDT000359413.1,Kentucky,PDS000217831.57,2017,from_2016,USA,Chicken Thighs
PDT000359414.1,Kentucky,PDS000272606.2,2017,from_2016,USA,chicken breast
PDT000359415.1,Enteritidis,PDS000030237.1756,2017,from_2016,USA,chicken breast
PDT000359416.1,Kentucky,PDS000272606.2,2017,from_2016,USA,Chicken wings
PDT000359417.1,Kentucky,PDS000265331.1,2017,from_2016,USA,Chicken thighs
PDT000359418.1,Enteritidis,PDS000030237.1756,2017,from_2016,USA,Chicken thighs
PDT000359419.1,Kentucky,PDS000029437.273,2017,from_2016,USA,Chicken wings
PDT000359420.1,Kentucky,PDS000217831.57,2017,from_2016,USA,Chicken Breasts
PDT000359421.1,Infantis,PDS000265741.69,2017,from_2016,USA,ground turkey
PDT000359422.3,Litchfield,PDS000032550.85,2017,from_2016,USA,ground turkey
PDT000359423.1,Heidelberg,PDS000211943.33,2017,from_2016,USA,Chicken Breasts
PDT000359424.1,Reading,PDS000001887.891,2017,from_2016,USA,ground turkey
PDT000359426.1,Enteritidis,PDS000030237.1756,2017,from_2016,USA,Chicken thighs
PDT000359427.1,Hadar,PDS000158107.507,2017,from_2016,USA,ground turkey
PDT000359428.1,Hadar,PDS000158107.507,2017,from_2016,USA,ground turkey
PDT000359429.1,Enteritidis,PDS000032668.1889,2017,from_2016,USA,Chicken thighs
PDT000359430.1,Enteritidis,PDS000030237.1756,2017,from_2016,USA,Chicken thighs
PDT000359431.1,Berta,PDS000026549.1050,2017,from_2016,USA,ground turkey
PDT000359432.2,Reading,PDS000001887.891,2017,from_2016,USA,ground turkey
PDT000359434.3,Muenchen,PDS000198470.177,2017,from_2016,USA,ground turkey
PDT000359435.1,Infantis,PDS000265741.69,2017,from_2016,USA,Chicken breasts
PDT000359436.1,Kentucky,PDS000004095.510,2017,from_2016,USA,chicken breast
PDT000359438.1,Enteritidis,PDS000083226.1311,2017,from_2016,USA,chicken breast
PDT000359439.1,Enteritidis,PDS000083226.1311,2017,from_2016,USA,Chicken wings
PDT000359440.1,Heidelberg,PDS000211943.33,2017,from_2016,USA,Chicken legs
PDT000359441.1,Kentucky,PDS000029426.101,2017,from_2016,USA,chicken breast
PDT000359442.1,Reading,PDS000001887.891,2017,from_2016,USA,ground turkey
PDT000359443.1,Muenchen,PDS000198470.177,2017,from_2016,USA,ground turkey
PDT000359444.1,Hadar,PDS000158107.507,2017,from_2016,USA,ground turkey
PDT000359445.1,Enteritidis,PDS000030237.1756,2017,from_2016,USA,Chicken thighs
PDT000359446.1,Agona,PDS000214890.285,2017,from_2016,USA,ground turkey
PDT000359447.1,Uganda,PDS000001852.1112,2017,from_2016,USA,ground turkey
PDT000359448.1,Reading,PDS000001887.891,2017,from_2016,USA,ground turkey
PDT000359449.1,Heidelberg,PDS000211943.33,2017,from_2016,USA,Chicken legs
PDT000359450.1,Kentucky,PDS000260145.21,2017,from_2016,USA,Chicken breasts
PDT000359451.1,Reading,PDS000001887.891,2017,from_2016,USA,ground turkey
PDT000359454.1,Muenchen,PDS000198470.177,2017,from_2016,USA,ground turkey
PDT000359455.1,Reading,PDS000001887.891,2017,from_2016,USA,ground turkey
PDT000359456.1,Hadar,PDS000158107.507,2017,from_2016,USA,ground turkey
PDT000359457.1,Kentucky,PDS000272606.2,2017,from_2016,USA,Chicken wings
PDT000359459.1,Reading,PDS000001887.891,2017,from_2016,USA,ground turkey
PDT000359460.1,Reading,PDS000001887.891,2017,from_2016,USA,ground turkey
PDT000359462.1,Enteritidis,PDS000030237.1756,2017,from_2016,USA,Chicken Breasts
PDT000359463.1,Hadar,PDS000158107.507,2017,from_2016,USA,ground turkey
PDT000359464.1,Anatum,PDS000028226.224,2017,from_2016,USA,ground turkey
PDT000359466.1,Berta,PDS000026549.1050,2017,from_2016,USA,ground turkey
PDT000359468.1,Infantis,PDS000027076.971,2017,from_2016,USA,Chicken thighs
PDT000359469.1,Reading,PDS000001887.891,2017,from_2016,USA,Turkey Patties
PDT000359470.1,Agona,PDS000214890.285,2017,from_2016,USA,ground turkey
PDT000359471.1,Agona,PDS000032801.3,2017,from_2016,USA,ground turkey
PDT000359472.1,Hadar,PDS000158107.507,2017,from_2016,USA,ground turkey
PDT000359473.1,Infantis,PDS000265741.69,2017,from_2016,USA,Chicken wings
PDT000359474.1,Kentucky,PDS000029525.26,2017,from_2016,USA,Chicken thighs
PDT000359475.1,Uganda,PDS000001852.1112,2017,from_2016,USA,ground turkey
PDT000359476.1,Schwarzengrund,PDS000027514.524,2017,from_2016,USA,ground turkey
PDT000359477.1,Hadar,PDS000158107.507,2017,from_2016,USA,ground turkey
PDT000359478.1,Houten,PDS000028510.2,2017,from_2016,USA,ground turkey
PDT000359479.1,Hadar,PDS000158107.507,2017,from_2016,USA,ground turkey
PDT000359480.1,Hadar,PDS000158107.507,2017,from_2016,USA,ground turkey
PDT000359481.1,Agona,PDS000032801.3,2017,from_2016,USA,ground turkey
PDT000359482.1,Montevideo,PDS000027237.426,2017,from_2016,USA,ground turkey
PDT000359483.1,Kentucky,PDS000272606.2,2017,from_2016,USA,Chicken breasts
PDT000359484.1,Reading,PDS000001887.891,2017,from_2016,USA,ground turkey
PDT000359485.1,Schwarzengrund,PDS000002218.1068,2017,from_2016,USA,Chicken breasts
PDT000359486.1,Kentucky,PDS000029426.101,2017,from_2016,USA,Chicken wings
PDT000359487.1,Kentucky,PDS000032533.41,2017,from_2016,USA,chicken breast
PDT000359488.1,Typhimurium var. 5-,PDS000026720.161,2017,from_2016,USA,Chicken breasts
PDT000359491.1,Heidelberg,PDS000211943.33,2017,from_2016,USA,Boneless Skinless Chicken Legs
PDT000359492.1,Kentucky,PDS000004095.510,2017,from_2016,USA,Chicken legs
PDT000359493.1,Kentucky,PDS000029426.101,2017,from_2016,USA,Boneless Skinless Chicken Thighs
PDT000359494.1,Heidelberg,PDS000028162.7,2017,from_2016,USA,ground turkey
PDT000359495.1,Heidelberg,PDS000028162.7,2017,from_2016,USA,ground turkey
PDT000359496.1,Reading,PDS000001887.891,2017,from_2016,USA,ground turkey
PDT000359497.1,Reading,PDS000001887.891,2017,from_2016,USA,ground turkey
PDT000359498.1,Hadar,PDS000158107.507,2017,from_2016,USA,ground turkey
PDT000359499.1,Reading,PDS000001887.891,2017,from_2016,USA,Ground Turkey Patties
PDT000359500.1,Enteritidis,PDS000083226.1311,2017,from_2016,USA,Chicken wings
PDT000359501.1,Hadar,PDS000158107.507,2017,from_2016,USA,ground turkey
PDT000359502.1,Hadar,PDS000158107.507,2017,from_2016,USA,ground turkey
PDT000359505.1,Kentucky,PDS000217831.57,2017,from_2016,USA,chicken breast
PDT000359506.1,Reading,PDS000001887.891,2017,from_2016,USA,ground turkey
PDT000359507.1,Muenchen,PDS000198470.177,2017,from_2016,USA,ground turkey
PDT000359508.1,Kentucky,PDS000029426.101,2017,from_2016,USA,chicken breast
PDT000359510.1,Hadar,PDS000158107.507,2017,from_2016,USA,ground turkey
PDT000359512.1,Kentucky,PDS000032518.77,2017,from_2016,USA,Chicken legs
PDT000359513.1,Reading,PDS000001887.891,2017,from_2016,USA,ground turkey
PDT000359514.1,Reading,PDS000001887.891,2017,from_2016,USA,ground turkey
PDT000359515.1,Hadar,PDS000158107.507,2017,from_2016,USA,ground turkey
PDT000359516.1,Kentucky,PDS000029426.101,2017,from_2016,USA,chicken breast
PDT000359517.1,Reading,PDS000001887.891,2017,from_2016,USA,ground turkey
PDT000359518.1,Enteritidis,PDS000030237.1756,2017,from_2016,USA,Chicken wings
PDT000359519.1,Kentucky,PDS000272606.2,2017,from_2016,USA,Chicken thighs
PDT000359520.1,Enteritidis,PDS000030237.1756,2017,from_2016,USA,Chicken wings
PDT000359521.1,Schwarzengrund,PDS000027503.484,2017,from_2016,USA,ground turkey
PDT000359522.1,Enteritidis,PDS000032669.447,2017,from_2016,USA,Chicken breasts
PDT000359523.1,Javiana,PDS000026970.1447,2017,from_2016,USA,Chicken breasts
PDT000359524.1,Kentucky,PDS000260145.21,2017,from_2016,USA,Chicken breasts
PDT000359525.1,Javiana,PDS000026970.1447,2017,from_2016,USA,Chicken breasts
PDT000359526.1,Kentucky,PDS000260145.21,2017,from_2016,USA,chicken breast
PDT000359528.1,Infantis,PDS000265741.69,2017,from_2016,USA,ground turkey
PDT000359529.1,Kentucky,PDS000272606.2,2017,from_2016,USA,Boneless skinless chicken thighs
PDT000359530.1,Enteritidis,PDS000083226.1311,2017,from_2016,USA,Boneless skinless chicken thighs
PDT000359531.1,Agona,PDS000214890.285,2017,from_2016,USA,ground turkey
PDT000359532.1,Newport,PDS000027823.186,2017,from_2016,USA,ground turkey
PDT000359533.1,Enteritidis,PDS000030237.1756,2017,from_2016,USA,Boneless Skinless Chicken Thighs
PDT000359534.1,Enteritidis,PDS000030237.1756,2017,from_2016,USA,Chicken Thighs
PDT000359535.1,Mbandaka,PDS000233286.165,2017,from_2016,USA,Boneless skinless Chicken breast
PDT000359536.1,Reading,PDS000001887.891,2017,from_2016,USA,ground turkey
PDT000359537.1,Thompson,PDS000032705.1749,2017,from_2016,USA,Chicken thighs
PDT000359538.1,Enteritidis,PDS000030237.1756,2017,from_2016,USA,Chicken thighs
PDT000359539.1,Enteritidis,PDS000030237.1756,2017,from_2016,USA,Chicken thighs
PDT000359541.1,Kentucky,PDS000272606.2,2017,from_2016,USA,Chicken breasts
PDT000359542.1,Hadar,PDS000158107.507,2017,from_2016,USA,ground turkey
PDT000359543.1,Infantis,PDS000265741.69,2017,from_2016,USA,ground turkey
PDT000359545.1,Muenchen,PDS000198470.177,2017,from_2016,USA,ground turkey
PDT000359547.1,Gaminara,PDS000001989.23,2017,from_2016,USA,Chicken thighs
PDT000359549.1,Hadar,PDS000158107.507,2017,from_2016,USA,ground turkey
PDT000359552.1,London,PDS000030441.35,2017,from_2016,USA,ground turkey
PDT000359553.1,Kentucky,PDS000028830.2,2017,from_2016,USA,chicken breast
PDT000359554.1,Muenchen,PDS000198470.177,2017,from_2016,USA,ground turkey
PDT000359555.3,Kentucky,PDS000029426.101,2017,from_2016,USA,chicken breast
PDT000359556.1,Kentucky,PDS000029437.273,2017,from_2016,USA,Chicken wings
PDT000359557.1,London,PDS000030441.35,2017,from_2016,USA,ground turkey
PDT000359558.1,Kentucky,PDS000029426.101,2017,from_2016,USA,Chicken wings
PDT000359559.1,Reading,PDS000001887.891,2017,from_2016,USA,ground turkey
PDT000359560.1,Oranienburg,PDS000009695.93,2017,from_2016,USA,Chicken wings
PDT000359561.1,Kentucky,PDS000217831.57,2017,from_2016,USA,Chicken wings
PDT000359562.1,Kentucky,PDS000029414.302,2017,from_2016,USA,Chicken wings
PDT000359563.1,Uganda,PDS000001852.1112,2017,from_2016,USA,ground turkey
PDT000359564.1,Hadar,PDS000158107.507,2017,from_2016,USA,ground turkey
PDT000359566.1,Enteritidis,PDS000030237.1756,2017,from_2016,USA,Chicken legs
PDT000359567.1,Hadar,PDS000158107.507,2017,from_2016,USA,ground turkey
PDT000359568.1,Heidelberg,PDS000028162.7,2017,from_2016,USA,ground turkey
PDT000359569.1,Heidelberg,PDS000028162.7,2017,from_2016,USA,ground turkey
PDT000359570.1,Agona,PDS000214890.285,2017,from_2016,USA,ground turkey
PDT000359571.1,Kentucky,PDS000217831.57,2017,from_2016,USA,Chicken thighs
PDT000359573.1,Hadar,PDS000158106.134,2017,from_2016,USA,ground turkey
PDT000359574.1,Saintpaul,PDS000006321.284,2017,from_2016,USA,Chicken wings
PDT000359575.1,Enteritidis,PDS000083226.1311,2017,from_2016,USA,Chicken wings
PDT000359576.1,Hadar,PDS000158107.507,2017,from_2016,USA,ground turkey
PDT000359577.1,Reading,PDS000001887.891,2017,from_2016,USA,ground turkey
PDT000359579.1,Kentucky,PDS000032533.41,2017,from_2016,USA,Chicken wings
PDT000359581.1,Enteritidis,PDS000030237.1756,2017,from_2016,USA,Chicken wings
PDT000359583.1,Schwarzengrund,PDS000027514.524,2017,from_2016,USA,ground turkey
PDT000359584.1,Reading,PDS000001887.891,2017,from_2016,USA,ground turkey
PDT000359585.1,Enteritidis,PDS000030237.1756,2017,from_2016,USA,Chicken wings
PDT000359586.1,Infantis,PDS000032400.106,2017,from_2016,USA,Chicken thighs
PDT000359587.1,Hadar,PDS000158107.507,2017,from_2016,USA,ground turkey
PDT000359588.1,Enteritidis,PDS000083226.1311,2017,from_2016,USA,Chicken legs
PDT000359589.1,Berta,PDS000026549.1050,2017,from_2016,USA,ground turkey
PDT000359590.1,Heidelberg,PDS000106160.6,2017,from_2016,USA,ground turkey
PDT000359591.1,Kentucky,PDS000029426.101,2017,from_2016,USA,chicken breast
PDT000359592.3,Infantis,PDS000027076.971,2017,from_2016,USA,Chicken thighs
PDT000359593.1,Infantis,PDS000265741.69,2017,from_2016,USA,Chicken thighs
PDT000359594.1,Infantis,PDS000265741.69,2017,from_2016,USA,ground turkey
PDT000359595.1,Litchfield,PDS000032550.85,2017,from_2016,USA,ground turkey
PDT000359596.1,Enteritidis,PDS000032668.1889,2017,from_2016,USA,ground turkey
PDT000359597.1,Kentucky,PDS000260145.21,2017,from_2016,USA,Chicken legs
PDT000359598.1,Hadar,PDS000158107.507,2017,from_2016,USA,ground turkey
PDT000359599.1,Hadar,PDS000158107.507,2017,from_2016,USA,ground turkey
PDT000359600.1,Heidelberg,PDS000028162.7,2017,from_2016,USA,ground turkey
PDT000359601.1,Enteritidis,PDS000030237.1756,2017,from_2016,USA,Chicken legs
PDT000359602.1,Berta,PDS000095863.2,2017,from_2016,USA,ground turkey
PDT000359603.1,Kentucky,PDS000212473.30,2017,from_2016,USA,Chicken Breasts
PDT000359604.1,Reading,PDS000001887.891,2017,from_2016,USA,ground turkey
PDT000359605.1,Thompson,PDS000032705.1749,2017,from_2016,USA,ground turkey
PDT000384425.1,Dublin,PDS000028192.1438,2013,before_2016,USA,ground turkey
PDT000385542.1,Uganda,PDS000001852.1112,2017,from_2016,USA,ground turkey
PDT000385543.1,"4,[5],12:i:-",PDS000273036.3,2017,from_2016,USA,ground turkey
PDT000385544.1,Infantis,PDS000265741.69,2017,from_2016,USA,ground turkey
PDT000385545.1,Reading,PDS000001887.891,2017,from_2016,USA,ground turkey
PDT000385546.1,Thompson,PDS000032705.1749,2017,from_2016,USA,Chicken thighs
PDT000385548.1,"4,[5],12:i:-",PDS000273036.3,2017,from_2016,USA,ground turkey
PDT000385549.1,Typhimurium var. 5-,PDS000272319.1,2017,from_2016,USA,Chicken Breasts
PDT000385552.1,Typhimurium,PDS000013845.603,2017,from_2016,USA,Chicken Legs
PDT000385553.1,Reading,PDS000001887.891,2017,from_2016,USA,ground turkey
PDT000385556.1,Typhimurium,PDS000201938.160,2017,from_2016,USA,ground turkey
PDT000385557.1,Enteritidis,PDS000083226.1311,2017,from_2016,USA,Chicken thighs
PDT000385559.1,Reading,PDS000001887.891,2017,from_2016,USA,ground turkey
PDT000385560.1,Infantis,PDS000265741.69,2017,from_2016,USA,ground turkey
PDT000385562.1,Typhimurium var. 5-,PDS000081815.149,2017,from_2016,USA,ground turkey
PDT000385563.1,Typhimurium var. 5-,PDS000272319.1,2017,from_2016,USA,Chicken Breasts
PDT000385564.1,Typhimurium var. 5-,PDS000026712.72,2017,from_2016,USA,ground turkey
PDT000385565.1,Kentucky,PDS000272606.2,2017,from_2016,USA,Chicken thighs
PDT000385566.1,Schwarzengrund,PDS000027514.524,2017,from_2016,USA,ground turkey
PDT000385567.1,Hadar,PDS000158107.507,2017,from_2016,USA,ground turkey
PDT000385568.1,Kentucky,PDS000004095.510,2017,from_2016,USA,Chicken Breasts
PDT000385570.1,Kentucky,PDS000217831.57,2017,from_2016,USA,Chicken thighs
PDT000385571.1,Uganda,PDS000001852.1112,2017,from_2016,USA,ground turkey
PDT000385572.1,Reading,PDS000001887.891,2017,from_2016,USA,ground turkey
PDT000385573.1,Reading,PDS000001887.891,2017,from_2016,USA,ground turkey
PDT000385574.1,"4,[5],12:i:-",PDS000253288.128,2017,from_2016,USA,ground turkey
PDT000385576.1,Typhimurium var. 5-,PDS000272319.1,2017,from_2016,USA,ground chicken
PDT000385577.1,Hadar,PDS000158107.507,2017,from_2016,USA,ground turkey
PDT000385578.1,"4,[5],12:i:-",PDS000268664.21,2017,from_2016,USA,ground turkey
PDT000385579.1,Thompson,PDS000032705.1749,2017,from_2016,USA,Chicken Wings
PDT000385580.1,Typhimurium var. 5-,PDS000272319.1,2017,from_2016,USA,Chicken Breasts
PDT000385582.1,Hadar,PDS000158107.507,2017,from_2016,USA,ground turkey
PDT000385583.1,Kentucky,PDS000029414.302,2017,from_2016,USA,Chicken Breasts
PDT000385584.1,Enteritidis,PDS000083226.1311,2017,from_2016,USA,Chicken Legs
PDT000385585.1,Kentucky,PDS000014063.68,2017,from_2016,USA,Chicken Wings
PDT000385586.1,Enteritidis,PDS000083226.1311,2017,from_2016,USA,Chicken Wings
PDT000385587.1,Ohio,PDS000028075.6,2017,from_2016,USA,Chicken Legs
PDT000385588.1,Hadar,PDS000158107.507,2017,from_2016,USA,Chicken Legs
PDT000385589.1,Kentucky,PDS000029426.101,2017,from_2016,USA,Chicken Wings
PDT000385590.1,Uganda,PDS000001852.1112,2017,from_2016,USA,ground turkey
PDT000385591.1,"4,[5],12:i:-",PDS000268664.21,2017,from_2016,USA,ground turkey
PDT000385592.1,Kentucky,PDS000217831.57,2017,from_2016,USA,Chicken Wings
PDT000385594.1,Kentucky,PDS000032518.77,2017,from_2016,USA,Chicken Breasts
PDT000385596.1,Enteritidis,PDS000030237.1756,2017,from_2016,USA,Chicken Wings
PDT000385598.1,Reading,PDS000001887.891,2017,from_2016,USA,ground turkey
PDT000385599.1,Kentucky,PDS000032518.77,2017,from_2016,USA,Chicken Legs
PDT000385600.1,Kentucky,PDS000029426.101,2017,from_2016,USA,Chicken thighs
PDT000385601.1,Enteritidis,PDS000030237.1756,2017,from_2016,USA,Chicken thighs
PDT000385602.1,Reading,PDS000001887.891,2017,from_2016,USA,ground turkey
PDT000385603.1,Reading,PDS000001887.891,2017,from_2016,USA,ground turkey
PDT000385604.1,Reading,PDS000001887.891,2017,from_2016,USA,ground turkey
PDT000385605.1,Kentucky,PDS000029426.101,2017,from_2016,USA,Chicken Breasts
PDT000385606.1,"4,[5],12:i:-",PDS000273036.3,2017,from_2016,USA,ground turkey
PDT000385607.1,Typhimurium var. 5-,PDS000030743.3,2017,from_2016,USA,Chicken Legs
PDT000385608.1,Hadar,PDS000158107.507,2017,from_2016,USA,ground turkey
PDT000385609.1,Hadar,PDS000158107.507,2017,from_2016,USA,ground turkey
PDT000385610.1,Hadar,PDS000158107.507,2017,from_2016,USA,ground turkey
PDT000385613.1,"4,[5],12:i:-",PDS000253288.128,2017,from_2016,USA,ground turkey
PDT000385615.1,Enteritidis,PDS000032668.1889,2017,from_2016,USA,Chicken Wings
PDT000385616.1,Kentucky,PDS000272606.2,2017,from_2016,USA,Chicken Wings
PDT000385617.1,Enteritidis,PDS000030237.1756,2017,from_2016,USA,Chicken thighs
PDT000385618.1,Typhimurium var. 5-,PDS000272319.1,2017,from_2016,USA,Chicken thighs
PDT000385621.1,Kentucky,PDS000032518.77,2017,from_2016,USA,Chicken Breasts
PDT000385622.1,"4,[5],12:i:-",PDS000268664.21,2017,from_2016,USA,ground turkey
PDT000385623.1,Muenchen,PDS000198470.177,2017,from_2016,USA,ground turkey
PDT000385624.1,Uganda,PDS000001852.1112,2017,from_2016,USA,ground turkey
PDT000385626.1,Typhimurium var. 5-,PDS000026712.72,2017,from_2016,USA,ground turkey
PDT000385627.1,Heidelberg,PDS000028162.7,2017,from_2016,USA,ground turkey
PDT000385628.1,Reading,PDS000001887.891,2017,from_2016,USA,ground turkey
PDT000385629.1,Kentucky,PDS000032518.77,2017,from_2016,USA,Chicken Breasts
PDT000385630.1,Uganda,PDS000001852.1112,2017,from_2016,USA,ground turkey
PDT000385631.1,Typhimurium var. 5-,PDS000272319.1,2017,from_2016,USA,Chicken Wings
PDT000385632.1,Muenchen,PDS000198470.177,2017,from_2016,USA,ground turkey
PDT000385633.1,Saintpaul,PDS000029303.72,2017,from_2016,USA,ground turkey
PDT000385634.1,Kentucky,PDS000032518.77,2017,from_2016,USA,Chicken Breasts
PDT000385635.1,Enteritidis,PDS000030237.1756,2017,from_2016,USA,Chicken Legs
PDT000385636.1,Kentucky,PDS000029426.101,2017,from_2016,USA,Chicken Breasts
PDT000385637.1,Kentucky,PDS000032518.77,2017,from_2016,USA,Chicken Breasts
PDT000385638.1,"4,[5],12:i:-",PDS000027494.10,2017,from_2016,USA,Chicken Breasts
PDT000385640.1,"4,12:i:-",PDS000253288.128,2017,from_2016,USA,Chicken Breasts
PDT000385641.1,Enteritidis,PDS000030237.1756,2017,from_2016,USA,Chicken Breasts
PDT000385642.1,Agona,PDS000031492.438,2017,from_2016,USA,ground turkey
PDT000385643.1,Reading,PDS000001887.891,2017,from_2016,USA,ground turkey
PDT000385644.1,Kentucky,PDS000032518.77,2017,from_2016,USA,Chicken Breasts
PDT000385645.1,Typhimurium var. 5-,PDS000081815.149,2017,from_2016,USA,Chicken Legs
PDT000385646.1,Typhimurium var. 5-,PDS000026716.8,2017,from_2016,USA,Chicken Breasts
PDT000385647.1,Hadar,PDS000158107.507,2017,from_2016,USA,ground turkey
PDT000385648.1,Typhimurium var. 5-,PDS000037347.1,2017,from_2016,USA,Chicken Thighs
PDT000385649.1,Kentucky,PDS000260145.21,2017,from_2016,USA,Chicken Thighs
PDT000385650.1,Worthington,PDS000030993.89,2017,from_2016,USA,ground turkey
PDT000385651.1,"4,12:d:-",PDS000001682.46,2017,from_2016,USA,ground turkey
PDT000385653.1,Schwarzengrund,PDS000027514.524,2017,from_2016,USA,ground turkey
PDT000385654.1,Hadar,PDS000158107.507,2017,from_2016,USA,ground turkey
PDT000385655.1,Typhimurium,PDS000013883.20,2017,from_2016,USA,Chicken Breasts
PDT000385656.1,Schwarzengrund,PDS000027514.524,2017,from_2016,USA,ground turkey
PDT000385657.1,"4,[5],12:i:-",PDS000273036.3,2017,from_2016,USA,ground turkey
PDT000385659.1,Reading,PDS000001887.891,2017,from_2016,USA,ground turkey
PDT000385661.1,Muenchen,PDS000198470.177,2017,from_2016,USA,ground turkey
PDT000385662.1,Infantis,PDS000265741.69,2017,from_2016,USA,ground turkey
PDT000385663.1,Thompson,PDS000032705.1749,2017,from_2016,USA,Turkey Patties
PDT000385664.1,Infantis,PDS000265741.69,2017,from_2016,USA,Chicken Wings
PDT000385665.1,Infantis,PDS000265741.69,2017,from_2016,USA,Chicken Legs
PDT000385666.1,Enteritidis,PDS000083226.1311,2017,from_2016,USA,Chicken Wings
PDT000385667.1,Thompson,PDS000032705.1749,2017,from_2016,USA,ground turkey
PDT000385668.1,"4,12:i:-",PDS000201938.160,2017,from_2016,USA,ground turkey
PDT000385669.1,Reading,PDS000001887.891,2017,from_2016,USA,ground turkey
PDT000385670.1,Senftenberg,PDS000266616.2,2017,from_2016,USA,ground turkey
PDT000385671.1,Enteritidis,PDS000032668.1889,2017,from_2016,USA,Chicken Breasts
PDT000385673.1,Litchfield,PDS000032550.85,2017,from_2016,USA,ground turkey
PDT000385674.1,"4,[5],12:i:-",PDS000268664.21,2017,from_2016,USA,ground turkey
PDT000385675.1,Kentucky,PDS000032518.77,2017,from_2016,USA,Chicken Legs
PDT000385676.1,Kentucky,PDS000029525.26,2017,from_2016,USA,Chicken Legs
PDT000385677.1,Johannesburg,PDS000032387.583,2017,from_2016,USA,Chicken Wings
PDT000385678.1,Typhimurium,PDS000026818.80,2017,from_2016,USA,Chicken Legs
PDT000385682.1,Kentucky,PDS000029437.273,2017,from_2016,USA,Chicken Legs
PDT000385683.1,Schwarzengrund,PDS000027514.524,2017,from_2016,USA,Boneless skinless chicken thighs
PDT000385684.1,"4,[5],12:i:-",PDS000013874.535,2017,from_2016,USA,Chicken thighs
PDT000385687.1,Hadar,PDS000158107.507,2017,from_2016,USA,ground turkey
PDT000385688.1,Infantis,PDS000003971.88,2017,from_2016,USA,Chicken Breasts
PDT000385689.1,Typhimurium,PDS000013845.603,2017,from_2016,USA,Chicken Legs
PDT000385690.1,Reading,PDS000001887.891,2017,from_2016,USA,ground turkey
PDT000385691.1,Senftenberg,PDS000266616.2,2017,from_2016,USA,ground turkey
PDT000385692.1,Reading,PDS000001887.891,2017,from_2016,USA,ground turkey
PDT000385695.1,Kentucky,PDS000272606.2,2017,from_2016,USA,Chicken Wings
PDT000385696.1,Hadar,PDS000158107.507,2017,from_2016,USA,ground turkey
PDT000385698.1,Enteritidis,PDS000030237.1756,2017,from_2016,USA,Chicken Wings
PDT000385699.1,Typhimurium var. 5-,PDS000026716.8,2017,from_2016,USA,Chicken Breasts
PDT000385700.1,"4,12:i:-",PDS000253288.128,2017,from_2016,USA,Chicken thighs
PDT000385701.1,Heidelberg,PDS000106160.6,2017,from_2016,USA,ground turkey
PDT000385704.1,Typhimurium var. 5-,PDS000272319.1,2017,from_2016,USA,Chicken Breasts
PDT000385705.1,Enteritidis,PDS000083226.1311,2017,from_2016,USA,Chicken thighs
PDT000385707.1,Typhimurium var. 5-,PDS000272319.1,2017,from_2016,USA,ground turkey
PDT000385708.1,Kentucky,PDS000032518.77,2017,from_2016,USA,Chicken Breasts
PDT000385709.1,Kentucky,PDS000032518.77,2017,from_2016,USA,Chicken thighs
PDT000385711.1,Liverpool,PDS000001378.535,2017,from_2016,USA,ground turkey
PDT000385712.1,Holcomb,PDS000028229.15,2017,from_2016,USA,ground turkey
PDT000385713.1,"4,[5],12:i:-",PDS000273036.3,2017,from_2016,USA,ground turkey
PDT000385714.1,Thompson,PDS000032705.1749,2017,from_2016,USA,ground turkey
PDT000385715.1,"4,[5],12:i:-",PDS000268664.21,2017,from_2016,USA,ground turkey
PDT000385716.1,Kentucky,PDS000032518.77,2017,from_2016,USA,Chicken Wings
PDT000385721.1,Kentucky,PDS000260145.21,2017,from_2016,USA,Chicken Breasts
PDT000385723.1,Muenchen,PDS000198470.177,2017,from_2016,USA,ground turkey
PDT000385725.1,Typhimurium var. 5-,PDS000026714.7,2017,from_2016,USA,ground turkey
PDT000385726.1,Typhimurium var. 5-,PDS000046055.3,2017,from_2016,USA,ground turkey
PDT000385727.1,Enteritidis,PDS000083226.1311,2017,from_2016,USA,Chicken Legs
PDT000385728.1,Muenchen,PDS000198470.177,2017,from_2016,USA,ground turkey
PDT000385729.1,Reading,PDS000001887.891,2017,from_2016,USA,ground turkey
PDT000385730.1,Kentucky,PDS000032518.77,2017,from_2016,USA,Chicken Breasts
PDT000385732.1,Agona,PDS000028904.114,2017,from_2016,USA,Turkey Patties
PDT000385733.1,Typhimurium,PDS000026818.80,2017,from_2016,USA,ground turkey
PDT000385734.1,Montevideo,PDS000027859.12,2017,from_2016,USA,ground turkey
PDT000385737.1,Heidelberg,PDS000211943.33,2017,from_2016,USA,Chicken thighs
PDT000385738.1,Schwarzengrund,PDS000027503.484,2017,from_2016,USA,ground turkey
PDT000385740.1,Typhimurium,PDS000013845.603,2017,from_2016,USA,Chicken Legs
PDT000385741.1,Kentucky,PDS000029414.302,2017,from_2016,USA,Chicken Legs
PDT000385742.1,"4,[5],12:i:-",PDS000273036.3,2017,from_2016,USA,ground turkey
PDT000385743.1,Kentucky,PDS000007281.424,2017,from_2016,USA,Chicken Breasts
PDT000385744.1,Kentucky,PDS000260145.21,2017,from_2016,USA,Chicken Breasts
PDT000385745.1,Indiana,PDS000030659.486,2017,from_2016,USA,Turkey Patties
PDT000385746.1,Kentucky,PDS000272606.2,2017,from_2016,USA,Chicken Breasts
PDT000385747.1,Kentucky,PDS000029437.273,2017,from_2016,USA,Chicken Breasts
PDT000385748.1,Hadar,PDS000158107.507,2017,from_2016,USA,ground turkey
PDT000385750.1,Reading,PDS000001887.891,2017,from_2016,USA,ground turkey
PDT000385751.1,Enteritidis,PDS000030237.1756,2017,from_2016,USA,Chicken Breasts
PDT000385752.1,Kentucky,PDS000032518.77,2017,from_2016,USA,Chicken Breasts
PDT000385753.1,Litchfield,PDS000032550.85,2017,from_2016,USA,ground turkey
PDT000385754.1,"4,[5],12:i:-",PDS000268664.21,2017,from_2016,USA,ground turkey
PDT000385755.1,Reading,PDS000001887.891,2017,from_2016,USA,ground turkey
PDT000385756.1,Kentucky,PDS000032518.77,2017,from_2016,USA,Chicken Wings
PDT000385757.1,Kentucky,PDS000032518.77,2017,from_2016,USA,Chicken thighs
PDT000385758.1,Senftenberg,PDS000002489.96,2017,from_2016,USA,ground turkey
PDT000385759.1,Heidelberg,PDS000211943.33,2017,from_2016,USA,Chicken Legs
PDT000385760.1,Schwarzengrund,PDS000027503.484,2017,from_2016,USA,ground turkey
PDT000385761.1,Kentucky,PDS000260145.21,2017,from_2016,USA,Chicken Legs
PDT000385762.1,Enteritidis,PDS000083226.1311,2017,from_2016,USA,Chicken Breasts
PDT000385763.1,Enteritidis,PDS000030237.1756,2017,from_2016,USA,Chicken thighs
PDT000385764.1,Typhimurium,PDS000013845.603,2017,from_2016,USA,Chicken Legs
PDT000385766.1,Hadar,PDS000158106.134,2017,from_2016,USA,ground turkey
PDT000385768.1,"4,[5],12:i:-",PDS000253288.128,2017,from_2016,USA,ground turkey
PDT000385769.1,"4,[5],12:i:-",PDS000273036.3,2017,from_2016,USA,ground turkey
PDT000385770.1,Hadar,PDS000158107.507,2017,from_2016,USA,ground turkey
PDT000385771.1,Reading,PDS000001887.891,2017,from_2016,USA,ground turkey
PDT000385772.1,Hadar,PDS000158107.507,2017,from_2016,USA,ground turkey
PDT000385773.1,Agona,PDS000030291.29,2017,from_2016,USA,ground turkey
PDT000385775.1,Typhimurium var. 5-,PDS000030743.3,2017,from_2016,USA,Chicken Breasts
PDT000385776.1,Hadar,PDS000158107.507,2017,from_2016,USA,ground turkey
PDT000385777.1,"4,[5],12:i:-",PDS000273036.3,2017,from_2016,USA,ground turkey
PDT000385778.1,Kentucky,PDS000029414.302,2017,from_2016,USA,Chicken thighs
PDT000385779.1,Enteritidis,PDS000083226.1311,2017,from_2016,USA,Chicken Breasts
PDT000385780.1,Reading,PDS000001887.891,2017,from_2016,USA,ground turkey
PDT000385781.1,"4,12:i:-",PDS000268664.21,2017,from_2016,USA,ground turkey
PDT000385782.1,Berta,PDS000026549.1050,2017,from_2016,USA,ground turkey
PDT000385783.1,Enteritidis,PDS000030237.1756,2017,from_2016,USA,Chicken Breasts
PDT000385784.1,Reading,PDS000001887.891,2017,from_2016,USA,ground turkey
PDT000385785.1,"4,[5],12:i:-",PDS000253288.128,2017,from_2016,USA,Chicken Legs
PDT000385786.1,Typhimurium var. 5-,PDS000272319.1,2017,from_2016,USA,Chicken thighs
PDT000385789.1,Heidelberg,PDS000028162.7,2017,from_2016,USA,ground turkey
PDT000385790.1,Hadar,PDS000028229.15,2017,from_2016,USA,Turkey Patties
PDT000385791.1,Typhimurium,PDS000013874.535,2017,from_2016,USA,Chicken Wings
PDT000385792.1,Typhimurium var. 5-,PDS000272319.1,2017,from_2016,USA,ground turkey
PDT000385793.1,Albany,PDS000032516.187,2017,from_2016,USA,ground turkey
PDT000385794.1,Albany,PDS000032516.187,2017,from_2016,USA,ground turkey
PDT000385795.1,Holcomb,PDS000028229.15,2017,from_2016,USA,Turkey Patties
PDT000385796.1,Reading,PDS000001887.891,2017,from_2016,USA,ground turkey
PDT000385798.1,Hadar,PDS000158107.507,2017,from_2016,USA,ground turkey
PDT000385799.1,Kentucky,PDS000272606.2,2017,from_2016,USA,Chicken Breasts
PDT000385800.1,Kentucky,PDS000272606.2,2017,from_2016,USA,Chicken Breasts
PDT000385801.1,Enteritidis,PDS000030237.1756,2017,from_2016,USA,Chicken thighs
PDT000385803.1,Litchfield,PDS000032550.85,2017,from_2016,USA,ground turkey
PDT000385804.1,Heidelberg,PDS000211943.33,2017,from_2016,USA,Chicken Wings
PDT000385805.1,Hadar,PDS000158107.507,2017,from_2016,USA,ground turkey
PDT000385806.1,Agona,PDS000032801.3,2017,from_2016,USA,ground turkey
PDT000385808.1,Reading,PDS000001887.891,2017,from_2016,USA,ground turkey
PDT000385809.1,Reading,PDS000001887.891,2017,from_2016,USA,ground turkey
PDT000385810.1,Berta,PDS000026549.1050,2017,from_2016,USA,ground turkey
PDT000385811.1,Typhimurium var. 5-,PDS000081815.149,2017,from_2016,USA,Chicken thighs
PDT000385812.1,Kentucky,PDS000029414.302,2017,from_2016,USA,Chicken Breasts
PDT000385813.1,Hadar,PDS000158107.507,2017,from_2016,USA,ground turkey
PDT000385814.1,Enteritidis,PDS000030237.1756,2017,from_2016,USA,Chicken thighs
PDT000385815.1,Enteritidis,PDS000030237.1756,2017,from_2016,USA,Chicken thighs
PDT000385817.1,Enteritidis,PDS000083226.1311,2017,from_2016,USA,Chicken Wings
PDT000385818.1,Litchfield,PDS000032550.85,2017,from_2016,USA,ground turkey
PDT000385821.1,Kentucky,PDS000037342.1,2017,from_2016,USA,Chicken thighs
PDT000385822.1,Heidelberg,PDS000106159.105,2017,from_2016,USA,ground turkey
PDT000385823.1,Typhimurium,PDS000026818.80,2017,from_2016,USA,Chicken Legs
PDT000385824.1,Heidelberg,PDS000211943.33,2017,from_2016,USA,Chicken thighs
PDT000385825.1,Typhimurium,PDS000026818.80,2017,from_2016,USA,Chicken Thighs
PDT000385826.1,Reading,PDS000001887.891,2017,from_2016,USA,ground turkey
PDT000385828.1,Kentucky,PDS000272606.2,2017,from_2016,USA,Chicken Breasts
PDT000385829.1,Enteritidis,PDS000030237.1756,2017,from_2016,USA,Chicken Legs
PDT000385830.1,Enteritidis,PDS000083226.1311,2017,from_2016,USA,Chicken thighs
PDT000385831.1,Infantis,PDS000265741.69,2017,from_2016,USA,Chicken Wings
PDT000385833.1,Litchfield,PDS000032550.85,2017,from_2016,USA,ground turkey
PDT000385834.1,Typhimurium var. 5-,PDS000026712.72,2017,from_2016,USA,Chicken Breasts
PDT000385835.1,Worthington,PDS000031048.16,2017,from_2016,USA,ground turkey
PDT000385836.1,Typhimurium var. 5-,PDS000272319.1,2017,from_2016,USA,Chicken Wings
PDT000385839.1,Senftenberg,PDS000084919.2,2017,from_2016,USA,ground turkey
PDT000385840.1,Enteritidis,PDS000030237.1756,2017,from_2016,USA,Chicken Legs
PDT000385841.1,Enteritidis,PDS000083226.1311,2017,from_2016,USA,Chicken thighs
PDT000385842.1,Infantis,PDS000265741.69,2017,from_2016,USA,Chicken Breasts
PDT000385843.1,Kentucky,PDS000029426.101,2017,from_2016,USA,Chicken Wings
PDT000385844.1,Typhimurium var. 5-,PDS000180814.35,2017,from_2016,USA,Chicken Breasts
PDT000385845.1,Enteritidis,PDS000030237.1756,2017,from_2016,USA,Chicken thighs
PDT000385846.1,Infantis,PDS000265741.69,2017,from_2016,USA,Chicken Breasts
PDT000385848.1,Enteritidis,PDS000032668.1889,2017,from_2016,USA,Chicken Breasts
PDT000385850.1,Typhimurium var. 5-,PDS000026716.8,2017,from_2016,USA,ground turkey
PDT000385851.1,Reading,PDS000001887.891,2017,from_2016,USA,ground turkey
PDT000385852.1,"4,[5],12:i:-",PDS000268664.21,2017,from_2016,USA,ground turkey
PDT000385853.1,Kentucky,PDS000029426.101,2017,from_2016,USA,Chicken Legs
PDT000385854.1,"4,[5],12:i:-",PDS000273036.3,2017,from_2016,USA,ground turkey
PDT000385855.1,Kentucky,PDS000272606.2,2017,from_2016,USA,Chicken Wings
PDT000385856.1,"4,[5],12:i:-",PDS000273036.3,2017,from_2016,USA,Chicken Breasts
PDT000385857.1,Kentucky,PDS000004095.510,2017,from_2016,USA,Chicken Breasts
PDT000385859.1,Hadar,PDS000158107.507,2017,from_2016,USA,ground turkey
PDT000385860.1,Hadar,PDS000158107.507,2017,from_2016,USA,ground turkey
PDT000385861.1,Infantis,PDS000265741.69,2017,from_2016,USA,ground turkey
PDT000385862.1,"4,[5],12:i:-",PDS000273036.3,2017,from_2016,USA,ground turkey
PDT000385863.1,Johannesburg,PDS000026990.108,2017,from_2016,USA,Chicken Breasts
PDT000385866.1,Infantis,PDS000265741.69,2017,from_2016,USA,Chicken thighs
PDT000385867.1,Enteritidis,PDS000030237.1756,2017,from_2016,USA,Chicken Breasts
PDT000385869.1,Typhimurium var. 5-,PDS000272319.1,2017,from_2016,USA,Chicken Breasts
PDT000385870.1,Typhimurium var. 5-,PDS000272319.1,2017,from_2016,USA,Chicken Breasts
PDT000385871.1,Reading,PDS000001887.891,2017,from_2016,USA,ground turkey
PDT000391739.1,"4,[5],12:i:-",PDS000013874.535,2017,from_2016,USA,ground turkey
PDT000391740.1,Hadar,PDS000158107.507,2017,from_2016,USA,ground turkey
PDT000391741.1,Kentucky,PDS000029437.273,2017,from_2016,USA,Chicken wings
PDT000391742.1,Kentucky,PDS000260145.21,2017,from_2016,USA,chicken breast
PDT000391743.1,Hadar,PDS000158107.507,2017,from_2016,USA,ground turkey
PDT000391746.1,Reading,PDS000001887.891,2017,from_2016,USA,ground turkey
PDT000391747.1,Enteritidis,PDS000030237.1756,2017,from_2016,USA,Chicken breasts
PDT000391749.1,Typhimurium,PDS000030743.3,2017,from_2016,USA,chicken breast
PDT000391750.1,"4,[5],12:i:-",PDS000268664.21,2017,from_2016,USA,ground turkey
PDT000391752.1,Kentucky,PDS000260145.21,2017,from_2016,USA,Chicken Breasts
PDT000391753.1,Hadar,PDS000158107.507,2017,from_2016,USA,ground turkey
PDT000391754.1,Kentucky,PDS000029437.273,2017,from_2016,USA,Chicken Breasts
PDT000391755.1,Kentucky,PDS000029437.273,2017,from_2016,USA,Chicken wings
PDT000495552.3,Reading,PDS000001887.891,2019,from_2016,USA,Chicken thighs
PDT000495564.3,Kentucky,PDS000272606.2,2019,from_2016,USA,ground turkey
PDT000510907.1,Typhimurium,PDS000201938.160,2019,from_2016,USA,chicken
PDT000518270.1,Enteritidis,PDS000030237.1756,2018,from_2016,USA,Chicken Thighs
PDT000518271.1,Reading,PDS000001887.891,2018,from_2016,USA,ground turkey
PDT000518272.1,Typhimurium,PDS000026617.787,2018,from_2016,USA,ground turkey
PDT000518273.1,Infantis,PDS000265741.69,2018,from_2016,USA,ground turkey
PDT000518274.1,Kentucky,PDS000217831.57,2018,from_2016,USA,Chicken Breasts
PDT000518275.1,Typhimurium,PDS000026765.163,2018,from_2016,USA,Chicken Breasts
PDT000518276.1,Schwarzengrund,PDS000002218.1068,2018,from_2016,USA,Chicken Breasts
PDT000518277.1,Typhimurium,PDS000013845.603,2018,from_2016,USA,ground turkey
PDT000518278.1,Infantis,PDS000265741.69,2018,from_2016,USA,ground turkey
PDT000518279.1,Hadar,PDS000158107.507,2018,from_2016,USA,ground turkey
PDT000518280.1,Reading,PDS000001887.891,2018,from_2016,USA,ground turkey
PDT000518281.1,Reading,PDS000001887.891,2018,from_2016,USA,ground turkey
PDT000518283.1,Infantis,PDS000265741.69,2018,from_2016,USA,Chicken Wings
PDT000518284.1,Typhimurium,PDS000081815.149,2018,from_2016,USA,Chicken Legs
PDT000518285.1,Anatum,PDS000028226.224,2018,from_2016,USA,ground turkey
PDT000518286.1,Agona,PDS000238489.56,2018,from_2016,USA,ground turkey
PDT000518287.1,Berta,PDS000026549.1050,2018,from_2016,USA,ground turkey
PDT000518288.1,Typhimurium,PDS000026718.22,2018,from_2016,USA,Chicken Breasts
PDT000518289.1,Litchfield,PDS000032550.85,2018,from_2016,USA,ground turkey
PDT000518290.1,Reading,PDS000001887.891,2018,from_2016,USA,ground turkey
PDT000518291.1,Anatum,PDS000028226.224,2018,from_2016,USA,ground turkey
PDT000518292.1,Typhimurium,PDS000081815.149,2018,from_2016,USA,ground turkey
PDT000518295.1,Kentucky,PDS000212473.30,2018,from_2016,USA,Chicken Whole - cut in lab
PDT000518296.1,Kiambu,PDS000028160.5,2018,from_2016,USA,ground turkey
PDT000518297.1,Kentucky,PDS000032518.77,2018,from_2016,USA,Chicken Breasts
PDT000518298.1,Kentucky,PDS000260145.21,2018,from_2016,USA,Chicken Breasts
PDT000518299.1,Berta,PDS000026549.1050,2018,from_2016,USA,ground turkey
PDT000518300.1,Reading,PDS000001887.891,2018,from_2016,USA,ground turkey
PDT000518301.1,Reading,PDS000001887.891,2018,from_2016,USA,Turkey Patties
PDT000518302.1,Newport,PDS000004419.212,2018,from_2016,USA,ground turkey
PDT000518303.1,Kentucky,PDS000032518.77,2018,from_2016,USA,Chicken Breasts
PDT000518304.1,Reading,PDS000001887.891,2018,from_2016,USA,ground turkey
PDT000518305.1,Typhimurium,PDS000026718.22,2018,from_2016,USA,Chicken Breasts
PDT000518306.1,"[1],13,23:g,z51:-",PDS000014912.35,2018,from_2016,USA,Chicken Mixed Parts
PDT000518307.1,Reading,PDS000001887.891,2018,from_2016,USA,ground turkey
PDT000518308.1,Enteritidis,PDS000032668.1889,2018,from_2016,USA,Chicken Thighs
PDT000518309.1,Reading,PDS000001887.891,2018,from_2016,USA,ground turkey
PDT000518310.1,Typhimurium,PDS000272319.1,2018,from_2016,USA,Chicken Breasts
PDT000518311.3,Schwarzengrund,PDS000027514.524,2018,from_2016,USA,ground turkey
PDT000518312.1,Reading,PDS000001887.891,2018,from_2016,USA,ground turkey
PDT000518313.1,Reading,PDS000001887.891,2018,from_2016,USA,ground turkey
PDT000518314.1,Kentucky,PDS000029448.447,2018,from_2016,USA,Chicken Wings
PDT000518315.1,Kentucky,PDS000260145.21,2018,from_2016,USA,Chicken Thighs
PDT000518316.1,Kentucky,PDS000260145.21,2018,from_2016,USA,Chicken Breasts
PDT000518317.1,Reading,PDS000001887.891,2018,from_2016,USA,ground turkey
PDT000518318.1,Agona,PDS000238489.56,2018,from_2016,USA,ground turkey
PDT000518319.1,Kentucky,PDS000030237.1756,2018,from_2016,USA,Chicken Wings
PDT000518320.1,Enteritidis,PDS000083226.1311,2018,from_2016,USA,Chicken Breasts
PDT000518321.1,Kentucky,PDS000032517.30,2018,from_2016,USA,Chicken Breasts
PDT000518322.1,Enteritidis,PDS000246039.27,2018,from_2016,USA,Chicken Wings
PDT000518323.1,Infantis,PDS000265741.69,2018,from_2016,USA,Chicken Thighs
PDT000518324.1,Infantis,PDS000265741.69,2018,from_2016,USA,ground turkey
PDT000518326.1,Typhimurium,PDS000201938.160,2018,from_2016,USA,Chicken Breasts
PDT000518327.1,Enteritidis,PDS000083226.1311,2018,from_2016,USA,Chicken Legs
PDT000518328.1,Enteritidis,PDS000083226.1311,2018,from_2016,USA,Chicken Thighs
PDT000518329.1,Reading,PDS000001887.891,2018,from_2016,USA,ground turkey
PDT000518330.1,Reading,PDS000001887.891,2018,from_2016,USA,ground turkey
PDT000518331.1,Typhimurium,PDS000272319.1,2018,from_2016,USA,Chicken Wings
PDT000518332.1,Schwarzengrund,PDS000027503.484,2018,from_2016,USA,ground turkey
PDT000518333.1,Infantis,PDS000265741.69,2018,from_2016,USA,ground turkey
PDT000518334.1,Kentucky,PDS000032518.77,2018,from_2016,USA,Chicken Wings
PDT000518335.1,Typhimurium,PDS000272319.1,2018,from_2016,USA,Chicken Thighs
PDT000518336.1,Enteritidis,PDS000030237.1756,2018,from_2016,USA,ground turkey
PDT000518337.1,Indiana,PDS000030659.486,2018,from_2016,USA,ground turkey
PDT000518338.1,Reading,PDS000001887.891,2018,from_2016,USA,ground turkey
PDT000518339.1,Muenchen,PDS000038748.21,2018,from_2016,USA,ground turkey
PDT000518340.1,Reading,PDS000001887.891,2018,from_2016,USA,ground turkey
PDT000518341.1,Hadar,PDS000158107.507,2018,from_2016,USA,ground turkey
PDT000518342.1,Kentucky,PDS000015874.34,2018,from_2016,USA,Chicken Whole - cut in lab
PDT000518343.1,Kentucky,PDS000210843.57,2018,from_2016,USA,Chicken Breasts
PDT000518344.1,Reading,PDS000001887.891,2018,from_2016,USA,ground turkey
PDT000518345.1,Reading,PDS000001887.891,2018,from_2016,USA,ground turkey
PDT000518346.1,Reading,PDS000001887.891,2018,from_2016,USA,ground turkey
PDT000518347.1,Reading,PDS000001887.891,2018,from_2016,USA,ground turkey
PDT000518348.1,Berta,PDS000026549.1050,2018,from_2016,USA,ground turkey
PDT000518349.1,Reading,PDS000001887.891,2018,from_2016,USA,ground turkey
PDT000518350.1,Kentucky,PDS000272606.2,2018,from_2016,USA,Chicken Breasts
PDT000518351.1,Enteritidis,PDS000030237.1756,2018,from_2016,USA,Chicken Wings
PDT000518352.1,Reading,PDS000001887.891,2018,from_2016,USA,ground turkey
PDT000518353.1,Kentucky,PDS000004095.510,2018,from_2016,USA,Chicken Breasts
PDT000518354.1,Hadar,PDS000158107.507,2018,from_2016,USA,ground turkey
PDT000518355.1,Reading,PDS000001887.891,2018,from_2016,USA,ground turkey
PDT000518356.1,Senftenberg,PDS000066038.4,2018,from_2016,USA,Chicken Breasts
PDT000518357.1,Kentucky,PDS000029414.302,2018,from_2016,USA,Chicken Breasts
PDT000518359.1,Reading,PDS000001887.891,2018,from_2016,USA,ground turkey
PDT000518360.1,Reading,PDS000001887.891,2018,from_2016,USA,ground turkey
PDT000518361.1,Anatum,PDS000032611.138,2018,from_2016,USA,ground turkey
PDT000518362.1,Typhimurium,PDS000272319.1,2018,from_2016,USA,ground turkey
PDT000518363.1,Berta,PDS000026549.1050,2018,from_2016,USA,ground turkey
PDT000518364.1,Berta,PDS000026549.1050,2018,from_2016,USA,ground turkey
PDT000518365.1,Infantis,PDS000265741.69,2018,from_2016,USA,Chicken Breasts
PDT000518366.1,Thompson,PDS000032705.1749,2018,from_2016,USA,Chicken Thighs
PDT000518367.1,Reading,PDS000001887.891,2018,from_2016,USA,ground turkey
PDT000518368.1,Infantis,PDS000265741.69,2018,from_2016,USA,ground turkey
PDT000518370.1,Enteritidis,PDS000065758.2034,2018,from_2016,USA,Chicken Legs
PDT000518372.1,Enteritidis,PDS000184090.13,2018,from_2016,USA,Chicken Wings
PDT000518373.1,Reading,PDS000001887.891,2018,from_2016,USA,ground turkey
PDT000518374.1,Kentucky,PDS000260145.21,2018,from_2016,USA,Chicken Thighs
PDT000518375.1,Infantis,PDS000265741.69,2018,from_2016,USA,Chicken Legs
PDT000518376.1,Alachua,PDS000031697.16,2018,from_2016,USA,ground turkey
PDT000518377.1,Kentucky,PDS000029414.302,2018,from_2016,USA,Chicken Wings
PDT000518378.1,Ohio,PDS000046287.2,2018,from_2016,USA,Chicken Legs
PDT000518379.1,Thompson,PDS000032705.1749,2018,from_2016,USA,Chicken Thighs
PDT000518380.1,Typhimurium,PDS000272319.1,2018,from_2016,USA,Chicken Wings
PDT000518381.1,Hadar,PDS000158107.507,2018,from_2016,USA,ground turkey
PDT000518382.1,Infantis,PDS000265741.69,2018,from_2016,USA,ground turkey
PDT000518383.1,Muenchen,PDS000198470.177,2018,from_2016,USA,ground turkey
PDT000518384.1,Worthington,PDS000030993.89,2018,from_2016,USA,ground turkey
PDT000518385.1,Anatum,PDS000028226.224,2018,from_2016,USA,ground turkey
PDT000518386.1,Hadar,PDS000158107.507,2018,from_2016,USA,ground turkey
PDT000518387.1,Berta,PDS000026549.1050,2018,from_2016,USA,ground turkey
PDT000518389.1,Enteritidis,PDS000030237.1756,2018,from_2016,USA,Chicken Legs
PDT000518390.3,Kentucky,PDS000260145.21,2018,from_2016,USA,Chicken Breasts
PDT000518391.1,Kentucky,PDS000272606.2,2018,from_2016,USA,Chicken Wings
PDT000518392.1,Enteritidis,PDS000030237.1756,2018,from_2016,USA,Chicken Breasts
PDT000518393.1,Alachua,PDS000049847.1,2018,from_2016,USA,Chicken Breasts
PDT000518394.1,Hadar,PDS000158107.507,2018,from_2016,USA,ground turkey
PDT000518395.1,Hadar,PDS000158106.134,2018,from_2016,USA,ground turkey
PDT000518396.1,Enteritidis,PDS000246039.27,2018,from_2016,USA,Chicken Thighs
PDT000518397.1,Infantis,PDS000265741.69,2018,from_2016,USA,ground turkey
PDT000518398.1,Enteritidis,PDS000083226.1311,2018,from_2016,USA,Chicken Wings
PDT000518399.1,Kentucky,PDS000260145.21,2018,from_2016,USA,Chicken Breasts
PDT000518401.1,Typhimurium,PDS000013874.535,2018,from_2016,USA,Chicken Legs
PDT000518402.3,London,PDS000030441.35,2018,from_2016,USA,ground turkey
PDT000518403.3,London,PDS000030441.35,2018,from_2016,USA,ground turkey
PDT000518404.1,Hadar,PDS000158107.507,2018,from_2016,USA,ground turkey
PDT000518405.1,Kentucky,PDS000004848.8,2018,from_2016,USA,Chicken Thighs
PDT000518406.1,Schwarzengrund,PDS000027514.524,2018,from_2016,USA,ground turkey
PDT000518407.1,Newport,PDS000027823.186,2018,from_2016,USA,ground turkey
PDT000518408.1,Derby,PDS000046290.1,2018,from_2016,USA,Chicken Breasts
PDT000518410.1,Saintpaul,PDS000032619.14,2018,from_2016,USA,ground turkey
PDT000518411.1,Saintpaul,PDS000032619.14,2018,from_2016,USA,Chicken Thighs
PDT000518412.1,Enteritidis,PDS000030237.1756,2018,from_2016,USA,Chicken Thighs
PDT000518413.1,Kentucky,PDS000029414.302,2018,from_2016,USA,Chicken Wings
PDT000518414.1,Enteritidis,PDS000083226.1311,2018,from_2016,USA,Chicken Legs
PDT000518415.1,Kentucky,PDS000272606.2,2018,from_2016,USA,Chicken Thighs
PDT000518417.1,Schwarzengrund,PDS000002218.1068,2018,from_2016,USA,Chicken Mixed Parts
PDT000518418.1,Kentucky,PDS000032517.30,2018,from_2016,USA,Chicken Breasts
PDT000518419.1,Hadar,PDS000158107.507,2018,from_2016,USA,ground turkey
PDT000518420.1,Litchfield,PDS000032550.85,2018,from_2016,USA,ground turkey
PDT000518421.1,Liverpool,PDS000001378.535,2018,from_2016,USA,Chicken Breasts
PDT000518422.1,Enteritidis,PDS000032668.1889,2018,from_2016,USA,Chicken Wings
PDT000518423.1,Infantis,PDS000265741.69,2018,from_2016,USA,ground turkey
PDT000518424.1,Reading,PDS000001887.891,2018,from_2016,USA,ground turkey
PDT000518426.1,Typhimurium,PDS000272319.1,2018,from_2016,USA,Chicken Breasts
PDT000518427.1,Newport,PDS000004418.802,2018,from_2016,USA,Chicken Breasts
PDT000518429.1,Schwarzengrund,PDS000002218.1068,2018,from_2016,USA,Chicken Breasts
PDT000518430.1,Albany,PDS000032516.187,2018,from_2016,USA,ground turkey
PDT000518431.1,Reading,PDS000001887.891,2018,from_2016,USA,ground turkey
PDT000518432.1,Infantis,PDS000265741.69,2018,from_2016,USA,ground turkey
PDT000518433.1,Infantis,PDS000265741.69,2018,from_2016,USA,ground turkey
PDT000518434.1,Reading,PDS000001887.891,2018,from_2016,USA,ground turkey
PDT000518435.1,Infantis,PDS000265741.69,2018,from_2016,USA,ground turkey
PDT000518436.1,Kentucky,PDS000046291.1,2018,from_2016,USA,Chicken Wings
PDT000518437.1,Enteritidis,PDS000032669.447,2018,from_2016,USA,Chicken Breasts
PDT000518439.1,Typhimurium,PDS000272319.1,2018,from_2016,USA,Chicken Wings
PDT000518440.1,Kiambu,PDS000028160.5,2018,from_2016,USA,ground turkey
PDT000518441.1,Kentucky,PDS000004418.802,2018,from_2016,USA,Chicken Wings
PDT000518442.1,Infantis,PDS000265741.69,2018,from_2016,USA,ground turkey
PDT000518443.1,Kentucky,PDS000029448.447,2018,from_2016,USA,Chicken Breasts
PDT000518444.1,Kentucky,PDS000029448.447,2018,from_2016,USA,Chicken Breasts
PDT000518445.1,Kentucky,PDS000029448.447,2018,from_2016,USA,Chicken Wings
PDT000518446.1,Enteritidis,PDS000083226.1311,2018,from_2016,USA,Chicken Thighs
PDT000518447.1,Infantis,PDS000265741.69,2018,from_2016,USA,Chicken Breasts
PDT000518448.1,Reading,PDS000001887.891,2018,from_2016,USA,ground turkey
PDT000518449.1,Kentucky,PDS000210843.57,2018,from_2016,USA,Chicken Breasts
PDT000518450.1,Heidelberg,PDS000106159.105,2018,from_2016,USA,ground turkey
PDT000518452.1,Kentucky,PDS000260145.21,2018,from_2016,USA,Chicken Wings
PDT000518457.1,Agona,PDS000238489.56,2018,from_2016,USA,ground turkey
PDT000518459.1,Kentucky,PDS000029426.101,2018,from_2016,USA,Chicken Breasts
PDT000518460.1,Alachua,PDS000029517.8,2018,from_2016,USA,ground turkey
PDT000518461.1,Reading,PDS000001887.891,2018,from_2016,USA,ground turkey
PDT000518471.1,Kentucky,PDS000272606.2,2018,from_2016,USA,Chicken Wings
PDT000518472.1,Kiambu,PDS000028160.5,2018,from_2016,USA,ground turkey
PDT000522575.1,Kentucky,PDS000260145.21,2019,from_2016,USA,chicken breast
PDT000522577.1,Infantis,PDS000265741.69,2019,from_2016,USA,ground turkey
PDT000522579.1,Kentucky,PDS000030366.9,2019,from_2016,USA,Chicken Wings
PDT000522580.1,Typhimurium,PDS000272319.1,2019,from_2016,USA,chicken breast
PDT000522581.1,Infantis,PDS000265741.69,2019,from_2016,USA,chicken breast
PDT000522756.3,Infantis,PDS000265741.69,2019,from_2016,USA,Chicken wings
PDT000532604.1,Albany,PDS000032516.187,2019,from_2016,USA,ground turkey
PDT000532606.1,Albany,PDS000032516.187,2019,from_2016,USA,ground turkey
PDT000533735.3,4:i:-,PDS000273036.3,2019,from_2016,USA,ground turkey
PDT000533740.3,Reading,PDS000001887.891,2019,from_2016,USA,ground turkey
PDT000537171.1,"-:r:1,5",PDS000265741.69,2019,from_2016,USA,chicken breast
PDT000539344.1,Kentucky,PDS000029448.447,2019,from_2016,USA,chicken breast
PDT000539346.1,Kentucky,PDS000260145.21,2019,from_2016,USA,chicken breast
PDT000542580.1,Kentucky,PDS000028664.45,2019,from_2016,USA,chicken
PDT000542581.1,Enteritidis,PDS000030237.1756,2019,from_2016,USA,chicken
PDT000542587.1,Typhimurium,PDS000026712.72,2019,from_2016,USA,chicken
PDT000546977.1,Schwarzengrund,PDS000002218.1068,2019,from_2016,USA,chicken
PDT000547289.1,Kentucky,PDS000272606.2,2019,from_2016,USA,chicken
PDT000547290.1,Kentucky,PDS000272606.2,2019,from_2016,USA,chicken
PDT000547292.1,Senftenberg,PDS000030320.57,2019,from_2016,USA,turkey
PDT000547298.1,Kentucky,PDS000272606.2,2019,from_2016,USA,chicken
PDT000547299.3,Kentucky,PDS000272606.2,2019,from_2016,USA,chicken
PDT000549246.1,Enteritidis,PDS000030237.1756,2019,from_2016,USA,Chicken Thigh
PDT000549904.1,Hadar,PDS000158107.507,2019,from_2016,USA,turkey
PDT000550406.1,Anatum,PDS000028270.26,2018,from_2016,USA,ground turkey
PDT000550407.1,Uganda,PDS000001852.1112,2018,from_2016,USA,ground turkey
PDT000550408.1,Kentucky,PDS000272606.2,2018,from_2016,USA,Chicken - Whole cut in lab
PDT000550410.1,Anatum,PDS000032611.138,2018,from_2016,USA,Chicken Wings
PDT000550411.1,Typhimurium,PDS000013845.603,2018,from_2016,USA,Ground Turkey (Breasts)
PDT000550412.1,Reading,PDS000001887.891,2018,from_2016,USA,ground turkey
PDT000550413.1,Infantis,PDS000265741.69,2018,from_2016,USA,Chicken Wings
PDT000550414.1,Reading,PDS000001887.891,2018,from_2016,USA,ground turkey
PDT000550415.1,Typhimurium,PDS000026718.22,2018,from_2016,USA,Chicken Breasts
PDT000550416.1,Hadar,PDS000158107.507,2018,from_2016,USA,ground turkey
PDT000550417.1,Enteritidis,PDS000083226.1311,2018,from_2016,USA,Chicken Wings
PDT000550418.1,Enteritidis,PDS000030237.1756,2018,from_2016,USA,Chicken Wings
PDT000550419.1,Reading,PDS000001887.891,2018,from_2016,USA,ground turkey
PDT000550420.1,Reading,PDS000001887.891,2018,from_2016,USA,ground turkey
PDT000550421.1,Reading,PDS000001887.891,2018,from_2016,USA,ground turkey
PDT000550422.1,Hadar,PDS000158107.507,2018,from_2016,USA,ground turkey
PDT000550423.1,Uganda,PDS000001852.1112,2018,from_2016,USA,ground turkey
PDT000550424.1,Kentucky,PDS000029414.302,2018,from_2016,USA,Chicken Wings
PDT000550425.1,Reading,PDS000001887.891,2018,from_2016,USA,ground turkey
PDT000550426.1,Typhimurium,PDS000272319.1,2018,from_2016,USA,Chicken Breasts
PDT000550427.1,Enteritidis,PDS000030237.1756,2018,from_2016,USA,Chicken Thighs
PDT000550428.1,Infantis,PDS000265741.69,2018,from_2016,USA,Chicken Wings
PDT000550429.1,Heidelberg,PDS000211943.33,2018,from_2016,USA,Chicken - Whole cut in lab
PDT000550430.1,Heidelberg,PDS000211943.33,2018,from_2016,USA,Chicken Wings
PDT000550431.3,Typhimurium,PDS000272319.1,2018,from_2016,USA,Chicken Breasts
PDT000550432.1,Reading,PDS000001887.891,2018,from_2016,USA,ground turkey
PDT000550434.1,Senftenberg,PDS000031936.30,2018,from_2016,USA,ground turkey
PDT000550435.1,Hadar,PDS000158107.507,2018,from_2016,USA,ground turkey
PDT000550436.1,Hadar,PDS000158107.507,2018,from_2016,USA,ground turkey
PDT000550437.1,Reading,PDS000001887.891,2018,from_2016,USA,ground turkey
PDT000550438.1,Reading,PDS000001887.891,2018,from_2016,USA,ground turkey
PDT000550439.1,Reading,PDS000001887.891,2018,from_2016,USA,ground turkey
PDT000550440.1,Kentucky,PDS000048559.1,2018,from_2016,USA,Chicken Breasts
PDT000550441.1,Enteritidis,PDS000083226.1311,2018,from_2016,USA,Chicken Legs
PDT000550442.1,Enteritidis,PDS000032669.447,2018,from_2016,USA,Chicken Wings
PDT000550444.1,Mbandaka,PDS000030007.3,2018,from_2016,USA,ground turkey
PDT000550445.1,Infantis,PDS000265741.69,2018,from_2016,USA,Chicken Wings
PDT000550446.1,Enteritidis,PDS000083226.1311,2018,from_2016,USA,Chicken Wings
PDT000550447.1,Kentucky,PDS000029414.302,2018,from_2016,USA,Chicken Wings
PDT000550448.1,Kentucky,PDS000029448.447,2018,from_2016,USA,Chicken Legs
PDT000550449.1,Reading,PDS000001887.891,2018,from_2016,USA,ground turkey
PDT000550450.1,Kentucky,PDS000029448.447,2018,from_2016,USA,Chicken Wings
PDT000550451.1,Kentucky,PDS000029448.447,2018,from_2016,USA,Chicken Legs
PDT000550452.1,Reading,PDS000001887.891,2018,from_2016,USA,ground turkey
PDT000550453.1,Uganda,PDS000001852.1112,2018,from_2016,USA,ground turkey
PDT000550454.1,Montevideo,PDS000153545.13,2018,from_2016,USA,ground turkey
PDT000550457.1,Typhimurium,PDS000081815.149,2018,from_2016,USA,ground turkey
PDT000550458.1,Reading,PDS000001887.891,2018,from_2016,USA,ground turkey
PDT000550459.1,Enteritidis,PDS000032669.447,2018,from_2016,USA,Chicken Breasts
PDT000550460.1,Reading,PDS000001887.891,2018,from_2016,USA,ground turkey
PDT000550461.1,Typhimurium,PDS000201938.160,2018,from_2016,USA,Chicken Breasts
PDT000550462.1,Hadar,PDS000158107.507,2018,from_2016,USA,ground turkey
PDT000550463.1,Kentucky,PDS000029426.101,2018,from_2016,USA,Chicken Breasts
PDT000550464.1,Reading,PDS000001887.891,2018,from_2016,USA,ground turkey
PDT000550465.1,Reading,PDS000001887.891,2018,from_2016,USA,ground turkey
PDT000550466.1,Infantis,PDS000265741.69,2018,from_2016,USA,ground turkey
PDT000550467.1,Typhimurium,PDS000007879.433,2018,from_2016,USA,ground turkey
PDT000550468.1,Infantis,PDS000265741.69,2018,from_2016,USA,Chicken Breasts
PDT000550469.1,Infantis,PDS000265741.69,2018,from_2016,USA,Chicken Legs
PDT000550470.1,Infantis,PDS000265741.69,2018,from_2016,USA,Chicken Breasts
PDT000550471.1,Infantis,PDS000265741.69,2018,from_2016,USA,Chicken Breasts
PDT000550472.1,Hadar,PDS000158107.507,2018,from_2016,USA,ground turkey
PDT000550473.1,Infantis,PDS000265741.69,2018,from_2016,USA,Chicken Thighs
PDT000550474.1,Enteritidis,PDS000083226.1311,2018,from_2016,USA,Chicken Legs
PDT000550475.1,Reading,PDS000001887.891,2018,from_2016,USA,ground turkey
PDT000550477.1,Braenderup,PDS000004004.233,2018,from_2016,USA,Chicken Wings
PDT000550478.1,Enteritidis,PDS000030237.1756,2018,from_2016,USA,Chicken Thighs
PDT000550480.1,Reading,PDS000001887.891,2018,from_2016,USA,ground turkey
PDT000550481.1,Schwarzengrund,PDS000027503.484,2018,from_2016,USA,ground turkey
PDT000550482.3,Infantis,PDS000265741.69,2018,from_2016,USA,Chicken Wings
PDT000550483.1,Schwarzengrund,PDS000027503.484,2018,from_2016,USA,ground turkey
PDT000550484.1,Schwarzengrund,PDS000027503.484,2018,from_2016,USA,ground turkey
PDT000550485.1,Reading,PDS000001887.891,2018,from_2016,USA,ground turkey
PDT000550486.1,Infantis,PDS000032456.156,2018,from_2016,USA,Chicken Breasts
PDT000550487.1,Kentucky,PDS000217831.57,2018,from_2016,USA,Chicken - Whole cut in lab
PDT000550488.1,Kentucky,PDS000217831.57,2018,from_2016,USA,Chicken Breasts
PDT000550489.1,Reading,PDS000001887.891,2018,from_2016,USA,ground turkey
PDT000550490.1,Reading,PDS000001887.891,2018,from_2016,USA,Ground Turkey (patties)
PDT000550491.1,Typhimurium,PDS000081815.149,2018,from_2016,USA,Chicken Breasts
PDT000550492.1,Typhimurium,PDS000201938.160,2018,from_2016,USA,Chicken Wings
PDT000550493.1,Infantis,PDS000265741.69,2018,from_2016,USA,Chicken Wings
PDT000550495.1,Kentucky,PDS000260145.21,2018,from_2016,USA,Chicken Breasts
PDT000550496.1,Reading,PDS000001887.891,2018,from_2016,USA,ground turkey
PDT000550497.1,Reading,PDS000001887.891,2018,from_2016,USA,ground turkey
PDT000550498.1,Kentucky,PDS000260145.21,2018,from_2016,USA,Chicken Thighs
PDT000550499.1,Reading,PDS000001887.891,2018,from_2016,USA,ground turkey
PDT000550500.1,Muenchen,PDS000033097.13,2018,from_2016,USA,Chicken Thighs
PDT000550501.1,Kentucky,PDS000272606.2,2018,from_2016,USA,Chicken Thighs
PDT000550502.1,Infantis,PDS000265741.69,2018,from_2016,USA,Chicken Thighs
PDT000550504.1,Enteritidis,PDS000083226.1311,2018,from_2016,USA,Chicken Breasts
PDT000550505.1,Enteritidis,PDS000030237.1756,2018,from_2016,USA,Chicken Breasts
PDT000550506.1,Schwarzengrund,PDS000027503.484,2018,from_2016,USA,ground turkey
PDT000550508.1,Schwarzengrund,PDS000027503.484,2018,from_2016,USA,ground turkey
PDT000550509.1,Infantis,PDS000265741.69,2018,from_2016,USA,Chicken Breasts
PDT000550510.1,Reading,PDS000001887.891,2018,from_2016,USA,ground turkey
PDT000550511.1,Typhimurium,PDS000201938.160,2018,from_2016,USA,Chicken Wings
PDT000550512.1,Montevideo,PDS000027237.426,2018,from_2016,USA,Chicken - Whole cut in lab
PDT000550513.1,Schwarzengrund,PDS000002218.1068,2018,from_2016,USA,Chicken Wings
PDT000550514.1,Enteritidis,PDS000030237.1756,2018,from_2016,USA,Chicken Breasts
PDT000550515.1,Hadar,PDS000158107.507,2018,from_2016,USA,ground turkey
PDT000550517.1,Enteritidis,PDS000246039.27,2018,from_2016,USA,Chicken Legs
PDT000550518.1,Reading,PDS000001887.891,2018,from_2016,USA,ground turkey
PDT000550519.1,Kentucky,PDS000260145.21,2018,from_2016,USA,Chicken Breasts
PDT000550520.1,Infantis,PDS000027076.971,2018,from_2016,USA,Chicken Wings
PDT000550521.1,Enteritidis,PDS000083226.1311,2018,from_2016,USA,Chicken Wings
PDT000550522.1,Infantis,PDS000032395.694,2018,from_2016,USA,Chicken Wings
PDT000550523.1,Enteritidis,PDS000030237.1756,2018,from_2016,USA,Chicken Breasts
PDT000550524.1,Typhimurium,PDS000013882.421,2018,from_2016,USA,ground turkey
PDT000550525.1,Kentucky,PDS000029437.273,2018,from_2016,USA,Chicken Legs
PDT000550526.1,Montevideo,PDS000027237.426,2018,from_2016,USA,ground turkey
PDT000550528.1,Heidelberg,PDS000106160.6,2018,from_2016,USA,ground turkey
PDT000550529.1,Hadar,PDS000158107.507,2018,from_2016,USA,ground turkey
PDT000550530.1,Kentucky,PDS000048549.2,2018,from_2016,USA,Chicken Breasts
PDT000550531.1,Kentucky,PDS000029525.26,2018,from_2016,USA,Chicken Legs
PDT000550532.1,Kentucky,PDS000029437.273,2018,from_2016,USA,Chicken Thighs
PDT000550533.1,Kentucky,PDS000260145.21,2018,from_2016,USA,ground turkey
PDT000550534.1,Reading,PDS000001887.891,2018,from_2016,USA,ground turkey
PDT000550535.1,Typhimurium,PDS000013874.535,2018,from_2016,USA,ground turkey
PDT000550537.1,Braenderup,PDS000029952.200,2018,from_2016,USA,Chicken Breasts
PDT000550538.1,Kentucky,PDS000210843.57,2018,from_2016,USA,Chicken Wings
PDT000550539.1,Enteritidis,PDS000030237.1756,2018,from_2016,USA,Chicken Legs
PDT000550540.1,Kentucky,PDS000029426.101,2018,from_2016,USA,Chicken Breasts
PDT000550541.1,Kentucky,PDS000004095.510,2018,from_2016,USA,Chicken Thighs
PDT000550542.1,Montevideo,PDS000040716.4,2018,from_2016,USA,ground turkey
PDT000550543.1,Reading,PDS000001887.891,2018,from_2016,USA,Chicken Wings
PDT000550544.1,Agona,PDS000214890.285,2018,from_2016,USA,ground turkey
PDT000550545.1,Hadar,PDS000158107.507,2018,from_2016,USA,ground turkey
PDT000550547.1,Infantis,PDS000265741.69,2018,from_2016,USA,Chicken Breasts
PDT000550548.1,Infantis,PDS000265741.69,2018,from_2016,USA,Chicken Breasts
PDT000550550.1,Kentucky,PDS000272606.2,2018,from_2016,USA,Chicken Wings
PDT000550551.1,Kentucky,PDS000272606.2,2018,from_2016,USA,Chicken Wings
PDT000550552.1,Kentucky,PDS000029448.447,2018,from_2016,USA,Chicken Breasts
PDT000550553.1,Muenchen,PDS000198470.177,2018,from_2016,USA,ground turkey
PDT000550554.1,Schwarzengrund,PDS000027503.484,2018,from_2016,USA,ground turkey
PDT000550555.1,Kentucky,PDS000217831.57,2018,from_2016,USA,Chicken Breasts
PDT000550556.1,Enteritidis,PDS000083226.1311,2018,from_2016,USA,Chicken Thighs
PDT000550557.1,Enteritidis,PDS000030237.1756,2018,from_2016,USA,Chicken Wings
PDT000550559.1,Agona,PDS000214890.285,2018,from_2016,USA,ground turkey
PDT000550560.1,Brandenburg,PDS000026782.249,2018,from_2016,USA,Chicken Wings
PDT000550561.1,Typhimurium,PDS000272319.1,2018,from_2016,USA,Chicken Breasts
PDT000550562.1,Kentucky,PDS000212473.30,2018,from_2016,USA,Chicken Wings
PDT000550563.1,Reading,PDS000001887.891,2018,from_2016,USA,ground turkey
PDT000550564.1,Alachua,PDS000048556.8,2018,from_2016,USA,ground turkey
PDT000550565.1,Typhimurium,PDS000081815.149,2018,from_2016,USA,ground turkey
PDT000550566.1,Anatum,PDS000028226.224,2018,from_2016,USA,ground turkey
PDT000550567.1,Agona,PDS000214890.285,2018,from_2016,USA,ground turkey
PDT000550568.1,Infantis,PDS000265741.69,2018,from_2016,USA,Chicken Wings
PDT000550569.1,Reading,PDS000001887.891,2018,from_2016,USA,ground turkey
PDT000550570.1,Reading,PDS000001887.891,2018,from_2016,USA,ground turkey
PDT000550571.1,Kentucky,PDS000029414.302,2018,from_2016,USA,Chicken Wings
PDT000550572.1,Reading,PDS000001887.891,2018,from_2016,USA,ground turkey
PDT000550573.1,Reading,PDS000001887.891,2018,from_2016,USA,ground turkey
PDT000550574.1,Reading,PDS000001887.891,2018,from_2016,USA,ground turkey
PDT000550575.1,Reading,PDS000001887.891,2018,from_2016,USA,ground turkey
PDT000550577.1,Typhimurium,PDS000081815.149,2018,from_2016,USA,ground turkey
PDT000550578.1,Enteritidis,PDS000065758.2034,2018,from_2016,USA,Chicken Thighs
PDT000550579.1,Reading,PDS000001887.891,2018,from_2016,USA,Ground Turkey (Breasts)
PDT000550580.1,Enteritidis,PDS000030237.1756,2018,from_2016,USA,Chicken Wings
PDT000550581.1,Enteritidis,PDS000030237.1756,2018,from_2016,USA,Chicken Legs
PDT000550582.1,Braenderup,PDS000029952.200,2018,from_2016,USA,Chicken Legs
PDT000550583.1,Kentucky,PDS000272606.2,2018,from_2016,USA,Chicken Breasts
PDT000550584.1,Kentucky,PDS000272606.2,2018,from_2016,USA,Chicken Legs
PDT000550585.1,Braenderup,PDS000029952.200,2018,from_2016,USA,Chicken Wings
PDT000550587.1,Kentucky,PDS000272606.2,2018,from_2016,USA,Chicken Wings
PDT000550588.1,Reading,PDS000001887.891,2018,from_2016,USA,ground turkey
PDT000550589.1,Agona,PDS000028904.114,2018,from_2016,USA,ground turkey
PDT000550590.1,Reading,PDS000001887.891,2018,from_2016,USA,ground turkey
PDT000550591.1,Kentucky,PDS000032568.40,2018,from_2016,USA,Ground Turkey (Breasts)
PDT000550592.1,Reading,PDS000001887.891,2018,from_2016,USA,ground turkey
PDT000550593.1,Kentucky,PDS000260145.21,2018,from_2016,USA,Chicken Wings
PDT000550594.1,Reading,PDS000001887.891,2018,from_2016,USA,ground turkey
PDT000550595.1,Kentucky,PDS000260145.21,2018,from_2016,USA,Chicken Breasts
PDT000550596.1,Enteritidis,PDS000030237.1756,2018,from_2016,USA,Chicken Wings
PDT000550597.1,Schwarzengrund,PDS000002218.1068,2018,from_2016,USA,Chicken Wings
PDT000550598.1,Hadar,PDS000158107.507,2018,from_2016,USA,Ground Turkey (patties)
PDT000550599.1,Infantis,PDS000265741.69,2018,from_2016,USA,Chicken Thighs
PDT000550600.1,Agona,PDS000214890.285,2018,from_2016,USA,Chicken Wings
PDT000550601.1,Reading,PDS000001887.891,2018,from_2016,USA,Ground Turkey (patties)
PDT000550602.1,Reading,PDS000001887.891,2018,from_2016,USA,Ground Turkey (patties)
PDT000550603.1,Agona,PDS000214890.285,2018,from_2016,USA,Chicken Legs
PDT000550604.1,Reading,PDS000001887.891,2018,from_2016,USA,Ground Turkey (patties)
PDT000550605.1,Reading,PDS000001887.891,2018,from_2016,USA,Ground Turkey (patties)
PDT000550606.1,Reading,PDS000001887.891,2018,from_2016,USA,Ground Turkey (patties)
PDT000550607.1,Reading,PDS000001887.891,2018,from_2016,USA,ground turkey
PDT000550608.1,Reading,PDS000001887.891,2018,from_2016,USA,ground turkey
PDT000550609.1,Alachua,PDS000048556.8,2018,from_2016,USA,ground turkey
PDT000550610.1,Kentucky,PDS000260145.21,2018,from_2016,USA,Chicken Thighs
PDT000550612.1,Schwarzengrund,PDS000027503.484,2018,from_2016,USA,ground turkey
PDT000550613.1,Infantis,PDS000265741.69,2018,from_2016,USA,Chicken Legs
PDT000550614.1,Kentucky,PDS000260145.21,2018,from_2016,USA,Chicken Breasts
PDT000550615.1,Kentucky,PDS000217831.57,2018,from_2016,USA,Chicken Breasts
PDT000550616.1,Reading,PDS000001887.891,2018,from_2016,USA,ground turkey
PDT000550617.1,Kentucky,PDS000260145.21,2018,from_2016,USA,Chicken Mixed Parts
PDT000550618.1,Kentucky,PDS000272606.2,2018,from_2016,USA,Chicken Breasts
PDT000550619.1,Hadar,PDS000158107.507,2018,from_2016,USA,ground turkey
PDT000550620.1,Reading,PDS000001887.891,2018,from_2016,USA,ground turkey
PDT000550621.1,Reading,PDS000001887.891,2018,from_2016,USA,Ground Turkey (patties)
PDT000550622.1,Kentucky,PDS000029414.302,2018,from_2016,USA,Chicken Breasts
PDT000550623.1,Reading,PDS000001887.891,2018,from_2016,USA,ground turkey
PDT000550624.1,Reading,PDS000001887.891,2018,from_2016,USA,ground turkey
PDT000550626.1,Kentucky,PDS000217831.57,2018,from_2016,USA,Chicken Wings
PDT000550627.1,Reading,PDS000001887.891,2018,from_2016,USA,ground turkey
PDT000550628.1,Typhimurium,PDS000026718.22,2018,from_2016,USA,Chicken Breasts
PDT000550629.1,Kentucky,PDS000260145.21,2018,from_2016,USA,Chicken - Whole cut in lab
PDT000550630.1,Reading,PDS000001887.891,2018,from_2016,USA,ground turkey
PDT000550631.1,Reading,PDS000001887.891,2018,from_2016,USA,ground turkey
PDT000550632.1,Reading,PDS000001887.891,2018,from_2016,USA,ground turkey
PDT000550633.1,Reading,PDS000001887.891,2018,from_2016,USA,ground turkey
PDT000550634.1,Reading,PDS000001887.891,2018,from_2016,USA,ground turkey
PDT000550635.1,Enteritidis,PDS000083226.1311,2018,from_2016,USA,Chicken Thighs
PDT000550636.1,Enteritidis,PDS000030237.1756,2018,from_2016,USA,Chicken Legs
PDT000550637.1,Kentucky,PDS000029414.302,2018,from_2016,USA,Chicken Wings
PDT000550638.1,Typhimurium,PDS000081815.149,2018,from_2016,USA,Chicken Thighs
PDT000550639.1,Montevideo,PDS000153545.13,2018,from_2016,USA,ground turkey
PDT000550640.1,Agona,PDS000214890.285,2018,from_2016,USA,ground turkey
PDT000550642.1,Agona,PDS000214890.285,2018,from_2016,USA,ground turkey
PDT000550643.1,Enteritidis,PDS000083226.1311,2018,from_2016,USA,Chicken Breasts
PDT000550644.1,Enteritidis,PDS000217831.57,2018,from_2016,USA,Chicken Thighs
PDT000550645.1,Kentucky,PDS000260145.21,2018,from_2016,USA,Chicken Breasts
PDT000550646.1,Enteritidis,PDS000030237.1756,2018,from_2016,USA,Chicken Wings
PDT000550647.1,Enteritidis,PDS000030237.1756,2018,from_2016,USA,Chicken Breasts
PDT000550648.1,Reading,PDS000001887.891,2018,from_2016,USA,ground turkey
PDT000550649.1,Reading,PDS000001887.891,2018,from_2016,USA,ground turkey
PDT000550650.1,Infantis,PDS000265741.69,2018,from_2016,USA,Chicken Legs
PDT000550651.1,Enteritidis,PDS000030237.1756,2018,from_2016,USA,Chicken Mixed Parts
PDT000550653.1,Infantis,PDS000265741.69,2018,from_2016,USA,Chicken Wings
PDT000550655.1,Reading,PDS000001887.891,2018,from_2016,USA,ground turkey
PDT000550656.1,Schwarzengrund,PDS000027514.524,2018,from_2016,USA,ground turkey
PDT000550657.1,Reading,PDS000001887.891,2018,from_2016,USA,ground turkey
PDT000550658.1,Enteritidis,PDS000032669.447,2018,from_2016,USA,Chicken Thighs
PDT000550659.1,Reading,PDS000001887.891,2018,from_2016,USA,ground turkey
PDT000550661.1,Infantis,PDS000265741.69,2018,from_2016,USA,Chicken Thighs
PDT000551510.1,Infantis,PDS000265741.69,2019,from_2016,USA,chicken
PDT000551523.1,Schwarzengrund,PDS000002218.1068,2019,from_2016,USA,chicken
PDT000557678.1,Kentucky,PDS000017541.24,2019,from_2016,USA,chicken breast
PDT000559248.1,Hadar,PDS000158107.507,2019,from_2016,USA,turkey
PDT000562647.1,Infantis,PDS000265741.69,2019,from_2016,USA,chicken breast
PDT000562648.1,Kentucky,PDS000029448.447,2019,from_2016,USA,Chicken Thigh
PDT000562649.1,Braenderup,PDS000029952.200,2019,from_2016,USA,chicken breast
PDT000562651.1,Reading,PDS000001887.891,2019,from_2016,USA,ground turkey
PDT000562653.1,Hillingdon,PDS000083226.1311,2019,from_2016,USA,Chicken Thigh
PDT000562654.1,Enteritidis,PDS000083226.1311,2019,from_2016,USA,Chicken Leg
PDT000564256.1,Infantis,PDS000265741.69,2019,from_2016,USA,Chicken Legs
PDT000564257.1,Reading,PDS000001887.891,2019,from_2016,USA,ground turkey
PDT000565532.1,Reading,PDS000001887.891,2018,from_2016,USA,ground turkey
PDT000565533.1,Reading,PDS000001887.891,2018,from_2016,USA,ground turkey
PDT000565534.1,Enteritidis,PDS000083226.1311,2018,from_2016,USA,Chicken Wings
PDT000565536.1,Braenderup,PDS000029952.200,2018,from_2016,USA,Chicken Thighs
PDT000565537.1,Hadar,PDS000158107.507,2018,from_2016,USA,ground turkey
PDT000565538.1,Enteritidis,PDS000065758.2034,2018,from_2016,USA,Chicken Wings
PDT000565539.1,Typhimurium,PDS000026718.22,2018,from_2016,USA,Chicken Breasts
PDT000565540.1,Hadar,PDS000158107.507,2018,from_2016,USA,ground turkey
PDT000565541.1,Berta,PDS000026549.1050,2018,from_2016,USA,ground turkey
PDT000565542.1,Schwarzengrund,PDS000027503.484,2018,from_2016,USA,ground turkey
PDT000565543.1,Montevideo,PDS000027237.426,2018,from_2016,USA,Chicken Thighs
PDT000565544.1,Enteritidis,PDS000065758.2034,2018,from_2016,USA,Chicken Legs
PDT000565546.3,Typhimurium,PDS000013874.535,2018,from_2016,USA,Chicken Breasts
PDT000565547.1,Infantis,PDS000265741.69,2018,from_2016,USA,Chicken Wings
PDT000565548.1,Enteritidis,PDS000083226.1311,2018,from_2016,USA,Chicken Thighs
PDT000565549.1,Kentucky,PDS000272606.2,2018,from_2016,USA,Chicken Wings
PDT000565550.1,Enteritidis,PDS000030237.1756,2018,from_2016,USA,Chicken Breasts
PDT000565551.1,Infantis,PDS000265741.69,2018,from_2016,USA,ground turkey
PDT000565552.1,Typhimurium,PDS000272319.1,2018,from_2016,USA,Chicken Legs
PDT000565554.1,Schwarzengrund,PDS000002218.1068,2018,from_2016,USA,Chicken Legs
PDT000565555.1,Schwarzengrund,PDS000002218.1068,2018,from_2016,USA,Chicken Breasts
PDT000565556.1,Blockley,PDS000031536.394,2018,from_2016,USA,Chicken Legs
PDT000565557.1,Enteritidis,PDS000032669.447,2018,from_2016,USA,Chicken Breasts
PDT000565558.1,Infantis,PDS000265741.69,2018,from_2016,USA,Chicken Breasts
PDT000565559.1,Reading,PDS000001887.891,2018,from_2016,USA,Ground Turkey (Patties)
PDT000565562.1,Litchfield,PDS000032550.85,2018,from_2016,USA,ground turkey
PDT000565563.1,Kentucky,PDS000029414.302,2018,from_2016,USA,Chicken Breasts
PDT000565564.1,Hadar,PDS000158107.507,2018,from_2016,USA,ground turkey
PDT000565565.1,Kentucky,PDS000272606.2,2018,from_2016,USA,Chicken Breasts
PDT000565566.1,Enteritidis,PDS000083226.1311,2018,from_2016,USA,Chicken Legs
PDT000565568.1,Kentucky,PDS000029414.302,2018,from_2016,USA,Chicken Whole - cut in lab
PDT000565570.1,Berta,PDS000026549.1050,2018,from_2016,USA,ground turkey
PDT000565571.1,Reading,PDS000001887.891,2018,from_2016,USA,ground turkey
PDT000565572.1,Reading,PDS000001887.891,2018,from_2016,USA,Ground Turkey (Patties)
PDT000565573.1,Reading,PDS000001887.891,2018,from_2016,USA,ground turkey
PDT000565574.1,Agona,PDS000028937.135,2018,from_2016,USA,Ground Turkey (Breasts)
PDT000565575.1,Enteritidis,PDS000030237.1756,2018,from_2016,USA,Chicken-whole cut in lab
PDT000565576.1,Schwarzengrund,PDS000027537.79,2018,from_2016,USA,ground turkey
PDT000565577.1,Kentucky,PDS000029448.447,2018,from_2016,USA,Chicken Breasts
PDT000565578.1,Blockley,PDS000031536.394,2018,from_2016,USA,Chicken - Mixed Parts
PDT000565579.1,Reading,PDS000001887.891,2018,from_2016,USA,ground turkey
PDT000565580.1,Kentucky,PDS000272606.2,2018,from_2016,USA,Chicken Legs
PDT000565581.1,Reading,PDS000001887.891,2018,from_2016,USA,ground turkey
PDT000565582.1,Kentucky,PDS000029448.447,2018,from_2016,USA,Chicken Whole - cut in lab
PDT000565583.1,Reading,PDS000001887.891,2018,from_2016,USA,ground turkey
PDT000565584.1,Agona,PDS000031492.438,2018,from_2016,USA,ground turkey
PDT000565585.1,Hadar,PDS000158107.507,2018,from_2016,USA,Chicken Wings
PDT000565586.1,Infantis,PDS000265741.69,2018,from_2016,USA,Chicken Breasts
PDT000565587.1,Anatum,PDS000028226.224,2018,from_2016,USA,ground turkey
PDT000565588.1,Reading,PDS000001887.891,2018,from_2016,USA,ground turkey
PDT000565590.1,Kentucky,PDS000029448.447,2018,from_2016,USA,Chicken Thighs
PDT000565591.1,Schwarzengrund,PDS000002218.1068,2018,from_2016,USA,Chicken Breasts
PDT000565592.1,Infantis,PDS000265741.69,2018,from_2016,USA,Chicken Breasts
PDT000565594.1,Reading,PDS000001887.891,2018,from_2016,USA,ground turkey
PDT000565595.1,Reading,PDS000001887.891,2018,from_2016,USA,ground turkey
PDT000565596.1,Hadar,PDS000158107.507,2018,from_2016,USA,ground turkey
PDT000565597.1,Reading,PDS000001887.891,2018,from_2016,USA,ground turkey
PDT000565598.1,Reading,PDS000001887.891,2018,from_2016,USA,ground turkey
PDT000565599.1,Reading,PDS000001887.891,2018,from_2016,USA,ground turkey
PDT000565600.1,Typhimurium,PDS000272319.1,2018,from_2016,USA,Chicken Wings
PDT000565602.1,Infantis,PDS000265741.69,2018,from_2016,USA,Chicken Legs
PDT000565603.1,Infantis,PDS000265741.69,2018,from_2016,USA,Chicken Legs
PDT000565604.1,Reading,PDS000001887.891,2018,from_2016,USA,ground turkey
PDT000565606.1,Enteritidis,PDS000030237.1756,2018,from_2016,USA,Chicken Wings
PDT000565607.1,Kentucky,PDS000029437.273,2018,from_2016,USA,Chicken Wings
PDT000565609.1,Senftenberg,PDS000266616.2,2018,from_2016,USA,ground turkey
PDT000565610.1,Infantis,PDS000265741.69,2018,from_2016,USA,ground turkey
PDT000565611.1,Kentucky,PDS000029414.302,2018,from_2016,USA,Chicken Legs
PDT000565612.1,Kentucky,PDS000029414.302,2018,from_2016,USA,Chicken Thighs
PDT000565614.1,Uganda,PDS000001852.1112,2018,from_2016,USA,ground turkey
PDT000565615.1,Reading,PDS000001887.891,2018,from_2016,USA,ground turkey
PDT000565616.1,Kentucky,PDS000032570.20,2018,from_2016,USA,Chicken - Mixed Parts
PDT000565617.1,Infantis,PDS000265741.69,2018,from_2016,USA,Ground Turkey (Breasts)
PDT000565618.1,Reading,PDS000001887.891,2018,from_2016,USA,ground turkey
PDT000565619.1,Kentucky,PDS000032518.77,2018,from_2016,USA,Chicken Breasts
PDT000565620.1,Enteritidis,PDS000065758.2034,2018,from_2016,USA,Chicken Legs
PDT000565621.1,Reading,PDS000001887.891,2018,from_2016,USA,ground turkey
PDT000565622.1,Enteritidis,PDS000065758.2034,2018,from_2016,USA,Chicken Legs
PDT000565623.1,Enteritidis,PDS000065758.2034,2018,from_2016,USA,Chicken Legs
PDT000565624.1,Braenderup,PDS000032735.1192,2018,from_2016,USA,Chicken-Whole Cut in Lab
PDT000565625.1,Enteritidis,PDS000065758.2034,2018,from_2016,USA,Chicken Breasts
PDT000565626.1,Reading,PDS000001887.891,2018,from_2016,USA,ground turkey
PDT000565627.1,Muenchen,PDS000198470.177,2018,from_2016,USA,ground turkey
PDT000565628.1,Enteritidis,PDS000030237.1756,2018,from_2016,USA,Chicken Breasts
PDT000565630.1,Reading,PDS000001887.891,2018,from_2016,USA,ground turkey
PDT000565631.1,Reading,PDS000001887.891,2018,from_2016,USA,ground turkey
PDT000565632.1,Uganda,PDS000001852.1112,2018,from_2016,USA,ground turkey
PDT000565633.1,Enteritidis,PDS000032668.1889,2018,from_2016,USA,Chicken Thighs
PDT000565634.1,Schwarzengrund,PDS000027514.524,2018,from_2016,USA,ground turkey
PDT000565635.1,Kentucky,PDS000272606.2,2018,from_2016,USA,Chicken Wings
PDT000565636.1,Kentucky,PDS000260145.21,2018,from_2016,USA,Chicken Thighs
PDT000565638.1,Kentucky,PDS000260145.21,2018,from_2016,USA,Chicken Wings
PDT000565639.1,Schwarzengrund,PDS000027503.484,2018,from_2016,USA,ground turkey
PDT000565641.1,Enteritidis,PDS000083226.1311,2018,from_2016,USA,Chicken - Mixed Parts
PDT000565642.1,Enteritidis,PDS000032669.447,2018,from_2016,USA,Chicken Thighs
PDT000565644.1,Schwarzengrund,PDS000027514.524,2018,from_2016,USA,Turkey Patties
PDT000565645.1,Berta,PDS000026549.1050,2018,from_2016,USA,Turkey Patties
PDT000565646.1,Agona,PDS000214890.285,2018,from_2016,USA,ground turkey
PDT000565647.1,Reading,PDS000001887.891,2018,from_2016,USA,ground turkey
PDT000565648.1,Reading,PDS000001887.891,2018,from_2016,USA,ground turkey
PDT000565649.1,Infantis,PDS000265741.69,2018,from_2016,USA,Boneless/skinless chicken Breasts
PDT000565651.1,Infantis,PDS000265741.69,2018,from_2016,USA,Chicken Wings
PDT000565652.1,Muenchen,PDS000198470.177,2018,from_2016,USA,ground turkey
PDT000565653.1,Kentucky,PDS000029525.26,2018,from_2016,USA,Chicken Wings
PDT000565654.1,Reading,PDS000001887.891,2018,from_2016,USA,ground turkey
PDT000565655.1,Typhimurium,PDS000081815.149,2018,from_2016,USA,ground turkey
PDT000565656.1,Typhimurium,PDS000272319.1,2018,from_2016,USA,Chicken Breasts
PDT000565657.1,Infantis,PDS000265741.69,2018,from_2016,USA,Chicken Wings
PDT000565658.1,Reading,PDS000001887.891,2018,from_2016,USA,ground turkey
PDT000565659.1,Kentucky,PDS000007281.424,2018,from_2016,USA,Chicken - Mixed Parts
PDT000565660.1,Heidelberg,PDS000211943.33,2018,from_2016,USA,ground turkey
PDT000565661.1,Typhimurium,PDS000081815.149,2018,from_2016,USA,ground turkey
PDT000565663.1,Enteritidis,PDS000065758.2034,2018,from_2016,USA,Chicken Wings
PDT000565664.1,Kentucky,PDS000032523.87,2018,from_2016,USA,Chicken Wings
PDT000565665.1,Heidelberg,PDS000211943.33,2018,from_2016,USA,Chicken Breasts
PDT000565666.1,Reading,PDS000001887.891,2018,from_2016,USA,ground turkey
PDT000565668.1,Alachua,PDS000031697.16,2018,from_2016,USA,ground turkey
PDT000565670.1,Kentucky,PDS000029414.302,2018,from_2016,USA,Chicken Breasts
PDT000565671.1,Typhimurium,PDS000201938.160,2018,from_2016,USA,Chicken Legs
PDT000565672.1,Reading,PDS000001887.891,2018,from_2016,USA,ground turkey
PDT000565675.1,Enteritidis,PDS000030237.1756,2018,from_2016,USA,Chicken Legs
PDT000565676.1,Newport,PDS000127718.651,2018,from_2016,USA,Chicken Legs
PDT000565677.1,Reading,PDS000001887.891,2018,from_2016,USA,ground turkey
PDT000565678.1,Indiana,PDS000030659.486,2018,from_2016,USA,ground turkey
PDT000565679.1,Indiana,PDS000030659.486,2018,from_2016,USA,Ground Turkey (Breasts)
PDT000565680.1,Reading,PDS000001887.891,2018,from_2016,USA,ground turkey
PDT000565682.1,Kentucky,PDS000030463.41,2018,from_2016,USA,Chicken Breasts
PDT000565684.1,Kentucky,PDS000272606.2,2018,from_2016,USA,Chicken Wings
PDT000565687.1,Kentucky,PDS000217831.57,2018,from_2016,USA,Chicken Breasts
PDT000565689.1,Reading,PDS000001887.891,2018,from_2016,USA,Ground Turkey (Patties)
PDT000565690.1,Kentucky,PDS000260145.21,2018,from_2016,USA,Chicken Breasts
PDT000565691.1,Reading,PDS000001887.891,2018,from_2016,USA,ground turkey
PDT000565692.1,Reading,PDS000001887.891,2018,from_2016,USA,ground turkey
PDT000565693.1,Reading,PDS000001887.891,2018,from_2016,USA,ground turkey
PDT000565694.1,Montevideo,PDS000030905.12,2018,from_2016,USA,Chicken Legs
PDT000565696.1,Kentucky,PDS000217831.57,2018,from_2016,USA,Chicken Legs
PDT000565697.1,Kentucky,PDS000217831.57,2018,from_2016,USA,Chicken Legs
PDT000565698.1,Reading,PDS000001887.891,2018,from_2016,USA,ground turkey
PDT000565699.1,Kentucky,PDS000272606.2,2018,from_2016,USA,Chicken Thighs
PDT000565700.1,Kentucky,PDS000007281.424,2018,from_2016,USA,Chicken Wings
PDT000565701.1,Infantis,PDS000265741.69,2018,from_2016,USA,Chicken Breasts
PDT000565702.1,Kentucky,PDS000272606.2,2018,from_2016,USA,Chicken Thighs
PDT000565703.1,Enteritidis,PDS000083226.1311,2018,from_2016,USA,Chicken Thighs
PDT000565704.1,Kentucky,PDS000268663.3,2018,from_2016,USA,Chicken Thighs
PDT000565707.1,Reading,PDS000001887.891,2018,from_2016,USA,ground turkey
PDT000565708.1,Indiana,PDS000030659.486,2018,from_2016,USA,ground turkey
PDT000565709.1,Typhimurium,PDS000016296.58,2018,from_2016,USA,Chicken Thighs
PDT000565710.1,Heidelberg,PDS000211943.33,2018,from_2016,USA,Chicken Legs
PDT000565712.1,Indiana,PDS000030659.486,2018,from_2016,USA,ground turkey
PDT000565714.1,Infantis,PDS000265741.69,2018,from_2016,USA,Chicken Whole - cut in lab
PDT000565715.1,Kentucky,PDS000029414.302,2018,from_2016,USA,Chicken Wings
PDT000565716.1,Hadar,PDS000158107.507,2018,from_2016,USA,ground turkey
PDT000565717.1,Typhimurium,PDS000272319.1,2018,from_2016,USA,Chicken Wings
PDT000565718.1,Hadar,PDS000158107.507,2018,from_2016,USA,Ground Turkey (Breasts)
PDT000565719.1,Reading,PDS000001887.891,2018,from_2016,USA,ground turkey
PDT000565720.1,Reading,PDS000001887.891,2018,from_2016,USA,ground turkey
PDT000565721.1,Reading,PDS000001887.891,2018,from_2016,USA,ground turkey
PDT000565722.1,Anatum,PDS000028270.26,2018,from_2016,USA,ground turkey
PDT000565723.1,Enteritidis,PDS000065758.2034,2018,from_2016,USA,Chicken Wings
PDT000565724.1,Kentucky,PDS000268663.3,2018,from_2016,USA,Chicken Whole - cut in lab
PDT000565725.1,Kentucky,PDS000268663.3,2018,from_2016,USA,Chicken Legs
PDT000565726.1,Anatum,PDS000028270.26,2018,from_2016,USA,ground turkey
PDT000565727.1,Enteritidis,PDS000083226.1311,2018,from_2016,USA,Chicken Thighs
PDT000565729.1,Typhimurium,PDS000026718.22,2018,from_2016,USA,Chicken Breasts
PDT000565731.1,Reading,PDS000001887.891,2018,from_2016,USA,ground turkey
PDT000565732.1,Reading,PDS000001887.891,2018,from_2016,USA,ground turkey
PDT000565733.1,Infantis,PDS000265741.69,2018,from_2016,USA,ground turkey
PDT000565734.1,Infantis,PDS000265741.69,2018,from_2016,USA,ground turkey
PDT000565735.1,Infantis,PDS000265741.69,2018,from_2016,USA,ground turkey
PDT000565736.1,Kentucky,PDS000029414.302,2018,from_2016,USA,Chicken Thighs
PDT000565737.1,Infantis,PDS000265741.69,2018,from_2016,USA,Chicken Wings
PDT000565740.1,Reading,PDS000001887.891,2018,from_2016,USA,ground turkey
PDT000565741.1,Infantis,PDS000265741.69,2018,from_2016,USA,ground turkey
PDT000565742.1,Reading,PDS000001887.891,2018,from_2016,USA,ground turkey
PDT000565745.1,"48:z4,z24:-",PDS000049036.3,2018,from_2016,USA,Chicken Breasts
PDT000565746.1,Infantis,PDS000265741.69,2018,from_2016,USA,ground turkey
PDT000565747.1,Kentucky,PDS000007281.424,2019,from_2016,USA,Chicken Legs
PDT000565748.1,Kentucky,PDS000029448.447,2019,from_2016,USA,Chicken Wings
PDT000565749.1,Agona,PDS000028937.135,2019,from_2016,USA,ground turkey
PDT000565750.1,Agona,PDS000028937.135,2019,from_2016,USA,ground turkey
PDT000565751.1,"[1],13,23:g,z51:-",PDS000014912.35,2019,from_2016,USA,Chicken Thighs
PDT000565752.1,Reading,PDS000001887.891,2019,from_2016,USA,ground turkey
PDT000565753.1,Reading,PDS000001887.891,2019,from_2016,USA,ground turkey
PDT000565754.1,"[1],13,23:g,z51:-",PDS000014912.35,2019,from_2016,USA,Chicken Legs
PDT000565755.1,Enteritidis,PDS000030237.1756,2019,from_2016,USA,Chicken Thighs
PDT000565756.1,Infantis,PDS000265741.69,2019,from_2016,USA,Chicken Whole - cut in lab
PDT000565757.1,Enteritidis,PDS000030237.1756,2019,from_2016,USA,Chicken Breasts
PDT000565758.1,Enteritidis,PDS000083226.1311,2019,from_2016,USA,Chicken Thighs
PDT000565759.1,Hadar,PDS000158107.507,2019,from_2016,USA,ground turkey
PDT000565760.1,Kentucky,PDS000217831.57,2019,from_2016,USA,Chicken Breasts
PDT000565761.1,Infantis,PDS000265741.69,2019,from_2016,USA,Chicken Legs
PDT000565762.1,Kentucky,PDS000260145.21,2019,from_2016,USA,Chicken Wings
PDT000565763.1,Infantis,PDS000265741.69,2019,from_2016,USA,Chicken Legs
PDT000565764.1,Infantis,PDS000265741.69,2019,from_2016,USA,Chicken Wings
PDT000565765.1,Heidelberg,PDS000211943.33,2019,from_2016,USA,Chicken Wings
PDT000565766.1,Kentucky,PDS000046285.23,2019,from_2016,USA,Chicken Wings
PDT000565767.1,Enteritidis,PDS000083226.1311,2019,from_2016,USA,Chicken Breasts
PDT000565768.1,Uganda,PDS000001852.1112,2019,from_2016,USA,Chicken Whole - cut in lab
PDT000565769.1,"[1],13,23:g,z51:-",PDS000014912.35,2019,from_2016,USA,Chicken Breasts
PDT000565770.1,Kentucky,PDS000029448.447,2019,from_2016,USA,Chicken Legs
PDT000565773.1,"[1],13,23:g,z51:-",PDS000014912.35,2019,from_2016,USA,Chicken Legs
PDT000565775.1,Typhimurium,PDS000272319.1,2019,from_2016,USA,Chicken Breasts
PDT000565777.1,London,PDS000030441.35,2019,from_2016,USA,ground turkey
PDT000565779.1,Reading,PDS000001887.891,2019,from_2016,USA,ground turkey
PDT000565781.3,Reading,PDS000001887.891,2019,from_2016,USA,ground turkey
PDT000565783.3,Reading,PDS000001887.891,2019,from_2016,USA,ground turkey
PDT000565785.3,Kentucky,PDS000014063.68,2019,from_2016,USA,Chicken Thighs
PDT000565787.1,Typhimurium,PDS000272319.1,2019,from_2016,USA,Chicken Thighs
PDT000565788.1,Infantis,PDS000265741.69,2019,from_2016,USA,Chicken Legs
PDT000565789.1,Kentucky,PDS000032520.50,2019,from_2016,USA,Chicken Breasts
PDT000565790.1,Kentucky,PDS000029448.447,2019,from_2016,USA,Chicken Breasts
PDT000565791.1,Kentucky,PDS000272606.2,2019,from_2016,USA,Chicken Breasts
PDT000565792.1,Kentucky,PDS000029437.273,2019,from_2016,USA,Chicken Wings
PDT000565793.1,Kentucky,PDS000272606.2,2019,from_2016,USA,Chicken Whole - cut in lab
PDT000565794.1,Kentucky,PDS000272606.2,2019,from_2016,USA,Chicken Breasts
PDT000565795.1,Infantis,PDS000265741.69,2019,from_2016,USA,Chicken Whole - cut in lab
PDT000565796.1,Kentucky,PDS000272606.2,2019,from_2016,USA,Chicken Whole - cut in lab
PDT000565798.1,Infantis,PDS000265741.69,2019,from_2016,USA,Chicken Wings
PDT000565799.1,Infantis,PDS000265741.69,2019,from_2016,USA,Chicken Wings
PDT000565800.1,Infantis,PDS000265741.69,2019,from_2016,USA,Chicken Wings
PDT000565801.1,Infantis,PDS000265741.69,2019,from_2016,USA,Chicken Wings
PDT000565802.1,Infantis,PDS000265741.69,2019,from_2016,USA,Chicken Wings
PDT000565803.1,Infantis,PDS000265741.69,2019,from_2016,USA,Chicken Thighs
PDT000565804.1,Infantis,PDS000265741.69,2019,from_2016,USA,Chicken Thighs
PDT000565805.1,Enteritidis,PDS000065758.2034,2019,from_2016,USA,Chicken Wings
PDT000565806.1,Kentucky,PDS000029414.302,2019,from_2016,USA,Chicken Wings
PDT000565807.1,Infantis,PDS000265741.69,2019,from_2016,USA,Chicken Legs
PDT000565808.1,Infantis,PDS000265741.69,2019,from_2016,USA,Chicken Breasts
PDT000565809.1,Typhimurium,PDS000272319.1,2019,from_2016,USA,Chicken Breasts
PDT000565810.1,Hadar,PDS000158107.507,2019,from_2016,USA,ground turkey
PDT000565811.1,Typhimurium,PDS000026718.22,2019,from_2016,USA,Chicken Breasts
PDT000565812.1,Kentucky,PDS000272606.2,2019,from_2016,USA,Chicken Wings
PDT000565813.1,Enteritidis,PDS000030237.1756,2019,from_2016,USA,Chicken Wings
PDT000565814.1,Kentucky,PDS000272606.2,2019,from_2016,USA,Chicken Breasts
PDT000565815.1,Enteritidis,PDS000030237.1756,2019,from_2016,USA,Chicken Thighs
PDT000565816.1,Reading,PDS000001887.891,2019,from_2016,USA,ground turkey
PDT000565817.1,Reading,PDS000001887.891,2019,from_2016,USA,ground turkey
PDT000565818.1,Kentucky,PDS000272606.2,2019,from_2016,USA,Chicken Legs
PDT000565819.1,Infantis,PDS000265741.69,2019,from_2016,USA,Chicken Wings
PDT000565820.1,Kentucky,PDS000268663.3,2019,from_2016,USA,Chicken Breasts
PDT000565821.1,Typhimurium,PDS000201938.160,2019,from_2016,USA,Chicken Thighs
PDT000565822.1,Infantis,PDS000265741.69,2019,from_2016,USA,Chicken Breasts
PDT000565823.1,Kentucky,PDS000029448.447,2019,from_2016,USA,Chicken Breasts
PDT000565824.1,Agona,PDS000214890.285,2019,from_2016,USA,ground turkey
PDT000565825.1,Kentucky,PDS000062361.8,2019,from_2016,USA,Chicken Wings
PDT000565826.1,Infantis,PDS000265741.69,2019,from_2016,USA,Chicken Wings
PDT000565827.1,Reading,PDS000001887.891,2019,from_2016,USA,ground turkey
PDT000565828.1,Kentucky,PDS000217831.57,2019,from_2016,USA,Chicken Legs
PDT000565831.1,Typhimurium,PDS000013874.535,2019,from_2016,USA,ground turkey
PDT000565832.1,Typhimurium,PDS000272319.1,2019,from_2016,USA,Chicken Wings
PDT000565833.1,Reading,PDS000001887.891,2019,from_2016,USA,ground turkey
PDT000565834.1,Schwarzengrund,PDS000002218.1068,2019,from_2016,USA,Chicken Breasts
PDT000565835.1,Typhimurium,PDS000272319.1,2019,from_2016,USA,Chicken Breasts
PDT000565836.1,Kentucky,PDS000217831.57,2019,from_2016,USA,Chicken Breasts
PDT000566672.1,Typhimurium,PDS000081815.149,2018,from_2016,USA,ground turkey
PDT000566674.1,Anatum,PDS000028226.224,2018,from_2016,USA,ground turkey
PDT000566675.1,Kentucky,PDS000272606.2,2018,from_2016,USA,Chicken Legs
PDT000566676.1,Infantis,PDS000265741.69,2018,from_2016,USA,Chicken Thighs
PDT000566677.1,Kentucky,PDS000071436.2,2018,from_2016,USA,Chicken Whole - cut in lab
PDT000566678.1,Reading,PDS000001887.891,2018,from_2016,USA,Ground Turkey (Patties)
PDT000566681.1,Kentucky,PDS000217831.57,2018,from_2016,USA,Chicken Wings
PDT000566682.1,Kentucky,PDS000217831.57,2018,from_2016,USA,Chicken Breasts
PDT000566683.1,Reading,PDS000001887.891,2019,from_2016,USA,ground turkey
PDT000566684.1,Kentucky,PDS000217831.57,2019,from_2016,USA,Chicken Wings
PDT000569950.1,Enteritidis,PDS000083226.1311,2019,from_2016,USA,Chicken thighs
PDT000569997.1,Infantis,PDS000265741.69,2019,from_2016,USA,chicken
PDT000570064.1,Infantis,PDS000265741.69,2019,from_2016,USA,chicken
PDT000570066.1,Schwarzengrund,PDS000027503.484,2019,from_2016,USA,turkey
PDT000570068.1,Infantis,PDS000265741.69,2019,from_2016,USA,chicken
PDT000570208.1,Kentucky,PDS000029448.447,2019,from_2016,USA,Chicken thighs
PDT000575134.3,Senftenberg,PDS000266978.2,2019,from_2016,USA,Chicken breasts
PDT000575263.1,Kentucky,PDS000272606.2,2019,from_2016,USA,chicken
PDT000575264.1,Reading,PDS000001887.891,2019,from_2016,USA,turkey
PDT000575269.1,Alachua,PDS000015476.299,2019,from_2016,USA,chicken
PDT000575270.1,Kentucky,PDS000272606.2,2019,from_2016,USA,chicken
PDT000575271.1,Muenchen,PDS000004170.806,2019,from_2016,USA,turkey
PDT000581166.1,Muenchen,PDS000038641.56,2019,from_2016,USA,ground turkey
PDT000581167.1,Infantis,PDS000265741.69,2019,from_2016,USA,Chicken Breasts
PDT000581168.1,Muenchen,PDS000038641.56,2019,from_2016,USA,ground turkey
PDT000581169.1,Kentucky,PDS000272606.2,2019,from_2016,USA,Chicken Wings
PDT000581170.1,Typhimurium,PDS000272319.1,2019,from_2016,USA,Chicken Thighs
PDT000583506.1,Montevideo,PDS000027237.426,2019,from_2016,USA,chicken
PDT000584437.1,Reading,PDS000001887.891,2019,from_2016,USA,turkey
PDT000584502.3,Reading,PDS000001887.891,2019,from_2016,USA,ground turkey
PDT000584854.1,Kentucky,PDS000272606.2,2019,from_2016,USA,chicken
PDT000586263.1,Infantis,PDS000265741.69,2019,from_2016,USA,chicken breast
PDT000586264.1,Enteritidis,PDS000065758.2034,2019,from_2016,USA,chicken breast
PDT000586266.1,Infantis,PDS000265741.69,2019,from_2016,USA,chicken breast
PDT000586267.1,Schwarzengrund,PDS000027503.484,2019,from_2016,USA,ground turkey
PDT000586269.1,Infantis,PDS000265741.69,2019,from_2016,USA,chicken breast
PDT000586270.1,Infantis,PDS000265741.69,2019,from_2016,USA,chicken breast
PDT000586272.3,"-:r:1,5",PDS000265741.69,2019,from_2016,USA,chicken breast
PDT000586472.1,Braenderup,PDS000029952.200,2019,from_2016,USA,Chicken Wings
PDT000586474.1,Kentucky,PDS000048473.6,2019,from_2016,USA,Chicken Wing
PDT000586475.1,Kentucky,PDS000028664.45,2019,from_2016,USA,Whole Chicken
PDT000586476.1,Kentucky,PDS000029448.447,2019,from_2016,USA,Chicken Wing
PDT000586477.1,Kentucky,PDS000272606.2,2019,from_2016,USA,Chicken Wing
PDT000586478.1,Typhimurium,PDS000027914.84,2019,from_2016,USA,chicken breast
PDT000586479.1,Reading,PDS000001887.891,2019,from_2016,USA,ground turkey
PDT000586480.1,Infantis,PDS000265741.69,2019,from_2016,USA,chicken breast
PDT000586481.1,Typhimurium,PDS000081815.149,2019,from_2016,USA,ground turkey
PDT000586486.1,Typhimurium,PDS000026617.787,2019,from_2016,USA,Chicken Wing
PDT000588639.1,Reading,PDS000001887.891,2019,from_2016,USA,ground turkey
PDT000588641.1,Reading,PDS000001887.891,2019,from_2016,USA,ground turkey
PDT000588649.1,Enteritidis,PDS000030237.1756,2019,from_2016,USA,chicken breast
PDT000588817.1,Infantis,PDS000265741.69,2019,from_2016,USA,chicken breast
PDT000588893.1,Infantis,PDS000265741.69,2019,from_2016,USA,chicken breast
PDT000591944.1,Schwarzengrund,PDS000002218.1068,2019,from_2016,USA,chicken breast
PDT000591947.1,Schwarzengrund,PDS000002218.1068,2019,from_2016,USA,chicken breast
PDT000592221.1,Kentucky,PDS000029448.447,2019,from_2016,USA,chicken
PDT000592224.1,Alachua,PDS000015476.299,2019,from_2016,USA,chicken
PDT000592225.1,Kentucky,PDS000272606.2,2019,from_2016,USA,chicken
PDT000592228.1,Kentucky,PDS000272606.2,2019,from_2016,USA,chicken
PDT000593833.1,Infantis,PDS000265741.69,2019,from_2016,USA,Chicken Breasts
PDT000593834.1,Kentucky,PDS000260145.21,2019,from_2016,USA,Chicken Mixed Parts
PDT000593835.1,Blockley,PDS000031536.394,2019,from_2016,USA,Chicken Legs
PDT000593836.1,Kentucky,PDS000217831.57,2019,from_2016,USA,Chicken Wings
PDT000593838.1,Hadar,PDS000158107.507,2019,from_2016,USA,ground turkey
PDT000593839.1,Reading,PDS000001887.891,2019,from_2016,USA,ground turkey
PDT000593840.1,Reading,PDS000001887.891,2019,from_2016,USA,ground turkey
PDT000593841.1,Schwarzengrund,PDS000027503.484,2019,from_2016,USA,ground turkey
PDT000593842.1,Kentucky,PDS000260145.21,2019,from_2016,USA,Chicken Thighs
PDT000593843.1,Infantis,PDS000265741.69,2019,from_2016,USA,Chicken Wings
PDT000593844.1,Reading,PDS000001887.891,2019,from_2016,USA,ground turkey
PDT000593846.1,Reading,PDS000001887.891,2019,from_2016,USA,ground turkey
PDT000593847.1,Thompson,PDS000032705.1749,2019,from_2016,USA,Chicken Legs
PDT000593849.1,Heidelberg,PDS000211943.33,2019,from_2016,USA,Chicken Wings
PDT000593852.1,Reading,PDS000001887.891,2019,from_2016,USA,ground turkey
PDT000593853.1,Reading,PDS000001887.891,2019,from_2016,USA,ground turkey
PDT000593855.1,Hadar,PDS000158107.507,2019,from_2016,USA,ground turkey
PDT000593857.1,Typhimurium,PDS000272319.1,2019,from_2016,USA,Chicken Wings
PDT000593858.1,Hadar,PDS000158107.507,2019,from_2016,USA,ground turkey
PDT000593860.1,Enteritidis,PDS000083226.1311,2019,from_2016,USA,Chicken Wings
PDT000593861.1,Kentucky,PDS000029448.447,2019,from_2016,USA,Chicken Wings
PDT000593863.1,Enteritidis,PDS000030237.1756,2019,from_2016,USA,Chicken Legs
PDT000593867.1,Enteritidis,PDS000083226.1311,2019,from_2016,USA,Chicken Thighs
PDT000593868.1,Schwarzengrund,PDS000002218.1068,2019,from_2016,USA,Chicken Wings
PDT000593870.1,Schwarzengrund,PDS000027503.484,2019,from_2016,USA,ground turkey
PDT000593871.1,Infantis,PDS000265741.69,2019,from_2016,USA,ground turkey
PDT000593872.1,Enteritidis,PDS000083226.1311,2019,from_2016,USA,Chicken Breasts
PDT000593873.1,Infantis,PDS000265741.69,2019,from_2016,USA,Chicken Breasts
PDT000593874.1,Kentucky,PDS000029448.447,2019,from_2016,USA,Chicken Thighs
PDT000593875.1,Infantis,PDS000265741.69,2019,from_2016,USA,Chicken Legs
PDT000593876.1,Typhimurium,PDS000272319.1,2019,from_2016,USA,Chicken Wings
PDT000593877.1,Typhimurium,PDS000026721.4,2019,from_2016,USA,Chicken Thighs
PDT000593878.1,Kentucky,PDS000217831.57,2019,from_2016,USA,Chicken Breasts
PDT000593880.1,Kentucky,PDS000217831.57,2019,from_2016,USA,Chicken Wings
PDT000593881.1,Orion,PDS000051238.1,2019,from_2016,USA,Chicken Wings
PDT000593882.1,Typhimurium,PDS000272319.1,2019,from_2016,USA,Chicken Thighs
PDT000593883.1,Reading,PDS000001887.891,2019,from_2016,USA,ground turkey
PDT000593884.1,Mbandaka,PDS000233288.49,2019,from_2016,USA,ground turkey
PDT000593885.1,Enteritidis,PDS000030237.1756,2019,from_2016,USA,Chicken Mixed Parts
PDT000593886.1,Kentucky,PDS000272606.2,2019,from_2016,USA,Chicken Wings
PDT000593887.1,Kentucky,PDS000030463.41,2019,from_2016,USA,Chicken Breasts
PDT000593888.1,Enteritidis,PDS000065758.2034,2019,from_2016,USA,Chicken Wings
PDT000593889.1,Infantis,PDS000265741.69,2019,from_2016,USA,Chicken Wings
PDT000593891.1,Enteritidis,PDS000030237.1756,2019,from_2016,USA,Chicken Thighs
PDT000593892.1,Kentucky,PDS000217831.57,2019,from_2016,USA,Chicken Breasts
PDT000593893.1,Reading,PDS000001887.891,2019,from_2016,USA,ground turkey
PDT000593894.1,Reading,PDS000001887.891,2019,from_2016,USA,ground turkey
PDT000593895.1,Kentucky,PDS000029448.447,2019,from_2016,USA,Chicken Wings
PDT000593896.1,Kentucky,PDS000029448.447,2019,from_2016,USA,Chicken Breasts
PDT000593897.1,Enteritidis,PDS000083226.1311,2019,from_2016,USA,Chicken Thighs
PDT000593900.1,Kentucky,PDS000029448.447,2019,from_2016,USA,Chicken Breasts
PDT000593901.1,Reading,PDS000001887.891,2019,from_2016,USA,ground turkey
PDT000593902.1,Reading,PDS000001887.891,2019,from_2016,USA,ground turkey
PDT000593903.1,Kentucky,PDS000032535.13,2019,from_2016,USA,Chicken Thighs
PDT000593904.1,Kentucky,PDS000217831.57,2019,from_2016,USA,Chicken Wings
PDT000593905.1,Kentucky,PDS000260145.21,2019,from_2016,USA,Chicken Thighs
PDT000593906.1,Enteritidis,PDS000030237.1756,2019,from_2016,USA,Chicken Breasts
PDT000593907.1,Infantis,PDS000265741.69,2019,from_2016,USA,Chicken Wings
PDT000593908.1,Infantis,PDS000265741.69,2019,from_2016,USA,Chicken Legs
PDT000593911.1,Typhimurium,PDS000081815.149,2019,from_2016,USA,Chicken Thighs
PDT000593912.1,Infantis,PDS000265741.69,2019,from_2016,USA,Chicken Breasts
PDT000593914.1,Infantis,PDS000265741.69,2019,from_2016,USA,Chicken Wings
PDT000593916.1,Enteritidis,PDS000065758.2034,2019,from_2016,USA,Chicken Breasts
PDT000593917.1,Enteritidis,PDS000065758.2034,2019,from_2016,USA,Chicken Legs
PDT000593918.1,Typhimurium,PDS000272319.1,2019,from_2016,USA,Chicken Legs
PDT000593919.1,Kentucky,PDS000260145.21,2019,from_2016,USA,Chicken Breasts
PDT000593920.1,Enteritidis,PDS000083226.1311,2019,from_2016,USA,Chicken Legs
PDT000593921.1,Reading,PDS000001887.891,2019,from_2016,USA,ground turkey
PDT000593922.1,Enteritidis,PDS000083226.1311,2019,from_2016,USA,Chicken Breasts
PDT000593924.1,Enteritidis,PDS000065758.2034,2019,from_2016,USA,Chicken Legs
PDT000593925.1,Infantis,PDS000265741.69,2019,from_2016,USA,Chicken Legs
PDT000593926.1,Infantis,PDS000265741.69,2019,from_2016,USA,Chicken Breasts
PDT000593927.1,Infantis,PDS000265741.69,2019,from_2016,USA,Chicken Breasts
PDT000593928.1,Infantis,PDS000265741.69,2019,from_2016,USA,Chicken Legs
PDT000593929.1,Typhimurium,PDS000081815.149,2019,from_2016,USA,ground turkey
PDT000593930.1,Schwarzengrund,PDS000027503.484,2019,from_2016,USA,ground turkey
PDT000593932.1,Braenderup,PDS000032735.1192,2019,from_2016,USA,Chicken Wings
PDT000593933.1,Reading,PDS000001887.891,2019,from_2016,USA,ground turkey
PDT000593934.1,Infantis,PDS000265741.69,2019,from_2016,USA,Chicken Breasts
PDT000593935.1,Kentucky,PDS000007281.424,2019,from_2016,USA,Chicken Whole - cut in lab
PDT000593936.1,Kentucky,PDS000217831.57,2019,from_2016,USA,Chicken Breasts
PDT000593938.1,Reading,PDS000001887.891,2019,from_2016,USA,ground turkey
PDT000593940.1,Enteritidis,PDS000065758.2034,2019,from_2016,USA,ground turkey
PDT000593941.1,Braenderup,PDS000032735.1192,2019,from_2016,USA,Chicken Legs
PDT000593942.1,Typhimurium,PDS000026712.72,2019,from_2016,USA,Chicken Wings
PDT000593944.1,Agona,PDS000028937.135,2019,from_2016,USA,ground turkey
PDT000593947.1,Braenderup,PDS000032735.1192,2019,from_2016,USA,Chicken Thighs
PDT000593948.1,Enteritidis,PDS000030237.1756,2019,from_2016,USA,Chicken Wings
PDT000593949.1,Kentucky,PDS000033060.33,2019,from_2016,USA,Chicken Wings
PDT000593951.1,Litchfield,PDS000032548.605,2019,from_2016,USA,Chicken Wings
PDT000593952.1,Kentucky,PDS000272606.2,2019,from_2016,USA,Chicken Thighs
PDT000593954.1,Infantis,PDS000265741.69,2019,from_2016,USA,Chicken Thighs
PDT000593956.1,Kentucky,PDS000029448.447,2019,from_2016,USA,Chicken Wings
PDT000593958.1,Kentucky,PDS000029448.447,2019,from_2016,USA,Chicken Wings
PDT000593960.1,Enteritidis,PDS000083226.1311,2019,from_2016,USA,Chicken Wings
PDT000593962.1,Infantis,PDS000265741.69,2019,from_2016,USA,Chicken Wings
PDT000593963.1,Reading,PDS000001887.891,2019,from_2016,USA,ground turkey
PDT000593964.1,Reading,PDS000001887.891,2019,from_2016,USA,ground turkey
PDT000593965.1,Senftenberg,PDS000266616.2,2019,from_2016,USA,Ground Turkey (Breasts)
PDT000593966.1,Infantis,PDS000265741.69,2019,from_2016,USA,Chicken Breasts
PDT000593967.1,Typhimurium,PDS000026718.22,2019,from_2016,USA,Chicken Breasts
PDT000593970.1,Kentucky,PDS000212473.30,2019,from_2016,USA,Chicken Wings
PDT000593971.1,Senftenberg,PDS000031936.30,2019,from_2016,USA,ground turkey
PDT000593972.1,Kentucky,PDS000272606.2,2019,from_2016,USA,Chicken Wings
PDT000593973.1,Senftenberg,PDS000266967.8,2019,from_2016,USA,Chicken Wings
PDT000593974.1,Kentucky,PDS000029437.273,2019,from_2016,USA,Chicken Wings
PDT000593975.1,Typhimurium,PDS000272319.1,2019,from_2016,USA,Chicken Wings
PDT000593976.1,Alachua,PDS000015476.299,2019,from_2016,USA,Chicken Whole - cut in lab
PDT000593978.1,Kentucky,PDS000272606.2,2019,from_2016,USA,Chicken Breasts
PDT000593979.1,Kentucky,PDS000032520.50,2019,from_2016,USA,Chicken Legs
PDT000593980.1,Reading,PDS000001887.891,2019,from_2016,USA,Chicken Whole - cut in lab
PDT000593981.1,Kentucky,PDS000272606.2,2019,from_2016,USA,Chicken Whole - cut in lab
PDT000593982.1,Reading,PDS000001887.891,2019,from_2016,USA,ground turkey
PDT000593983.1,Montevideo,PDS000027237.426,2019,from_2016,USA,Chicken Breasts
PDT000593984.1,Braenderup,PDS000032735.1192,2019,from_2016,USA,Chicken Whole - cut in lab
PDT000593985.1,Kentucky,PDS000032568.40,2019,from_2016,USA,ground turkey
PDT000593986.1,Enteritidis,PDS000083226.1311,2019,from_2016,USA,Chicken Thighs
PDT000593987.1,Litchfield,PDS000028464.78,2019,from_2016,USA,Chicken Legs
PDT000593988.1,Enteritidis,PDS000083226.1311,2019,from_2016,USA,Chicken Wings
PDT000593989.1,Infantis,PDS000265741.69,2019,from_2016,USA,Chicken Breasts
PDT000593990.1,Braenderup,PDS000032735.1192,2019,from_2016,USA,Chicken Breasts
PDT000593991.1,Kentucky,PDS000217831.57,2019,from_2016,USA,Chicken Breasts
PDT000593992.1,Infantis,PDS000265741.69,2019,from_2016,USA,Chicken Breasts
PDT000593993.1,Braenderup,PDS000032735.1192,2019,from_2016,USA,Chicken Thighs
PDT000593996.1,Reading,PDS000001887.891,2019,from_2016,USA,ground turkey
PDT000593998.1,Alachua,PDS000048556.8,2019,from_2016,USA,ground turkey
PDT000593999.1,Infantis,PDS000265741.69,2019,from_2016,USA,ground turkey
PDT000594000.1,Kentucky,PDS000217831.57,2019,from_2016,USA,ground turkey
PDT000594001.1,Infantis,PDS000265741.69,2019,from_2016,USA,Chicken Legs
PDT000594002.1,Blockley,PDS000031536.394,2019,from_2016,USA,Chicken Legs
PDT000594003.1,Kentucky,PDS000212473.30,2019,from_2016,USA,Chicken Wings
PDT000594004.1,Infantis,PDS000265741.69,2019,from_2016,USA,Chicken Wings
PDT000594005.1,Kentucky,PDS000029428.2,2019,from_2016,USA,Chicken Wings
PDT000594006.1,Infantis,PDS000265741.69,2019,from_2016,USA,Chicken Breasts
PDT000594007.1,Infantis,PDS000265741.69,2019,from_2016,USA,Chicken Wings
PDT000594008.1,Kentucky,PDS000029414.302,2019,from_2016,USA,Chicken Wings
PDT000594009.1,Enteritidis,PDS000065758.2034,2019,from_2016,USA,Chicken Breasts
PDT000594010.1,Hadar,PDS000158107.507,2019,from_2016,USA,ground turkey
PDT000594011.1,Reading,PDS000001887.891,2019,from_2016,USA,ground turkey
PDT000594012.1,Infantis,PDS000265741.69,2019,from_2016,USA,Chicken Wings
PDT000594013.1,Heidelberg,PDS000211943.33,2019,from_2016,USA,Chicken Breasts
PDT000594014.1,Hadar,PDS000158107.507,2019,from_2016,USA,ground turkey
PDT000594015.1,Kentucky,PDS000260145.21,2019,from_2016,USA,Chicken Legs
PDT000594016.1,Infantis,PDS000265741.69,2019,from_2016,USA,Chicken Wings
PDT000594017.1,Infantis,PDS000265741.69,2019,from_2016,USA,Chicken Wings
PDT000594018.1,Infantis,PDS000265741.69,2019,from_2016,USA,Chicken Wings
PDT000594019.1,Typhimurium,PDS000081815.149,2019,from_2016,USA,Chicken Thighs
PDT000594020.1,Alachua,PDS000031697.16,2019,from_2016,USA,ground turkey
PDT000594021.1,Reading,PDS000001887.891,2019,from_2016,USA,ground turkey
PDT000594022.1,Uganda,PDS000001852.1112,2019,from_2016,USA,ground turkey
PDT000594023.1,Reading,PDS000001887.891,2019,from_2016,USA,ground turkey
PDT000594024.1,Infantis,PDS000265741.69,2019,from_2016,USA,Chicken Wings
PDT000594025.1,Enteritidis,PDS000032669.447,2019,from_2016,USA,Chicken Breasts
PDT000594026.1,Infantis,PDS000265741.69,2019,from_2016,USA,Chicken Wings
PDT000594027.1,Kentucky,PDS000217831.57,2019,from_2016,USA,Chicken Wings
PDT000594028.1,Infantis,PDS000265741.69,2019,from_2016,USA,Chicken Breasts
PDT000594029.1,Infantis,PDS000265741.69,2019,from_2016,USA,Chicken Breasts
PDT000594030.1,Infantis,PDS000265741.69,2019,from_2016,USA,Chicken Wings
PDT000594031.1,Hadar,PDS000158107.507,2019,from_2016,USA,ground turkey
PDT000594032.1,Typhimurium,PDS000081815.149,2019,from_2016,USA,ground turkey
PDT000594033.1,Reading,PDS000001887.891,2019,from_2016,USA,ground turkey
PDT000594034.1,Reading,PDS000001887.891,2019,from_2016,USA,ground turkey
PDT000594036.1,Senftenberg,PDS000266616.2,2019,from_2016,USA,ground turkey
PDT000594037.1,Typhimurium,PDS000272319.1,2019,from_2016,USA,Chicken Wings
PDT000594038.1,Infantis,PDS000265741.69,2019,from_2016,USA,Chicken Legs
PDT000594039.1,Infantis,PDS000265741.69,2019,from_2016,USA,Chicken Thighs
PDT000594040.1,Kentucky,PDS000055860.13,2019,from_2016,USA,Chicken Mixed Parts
PDT000594041.1,Infantis,PDS000265741.69,2019,from_2016,USA,Chicken Breasts
PDT000594042.1,Kentucky,PDS000217831.57,2019,from_2016,USA,Chicken Wings
PDT000594043.1,Kentucky,PDS000260145.21,2019,from_2016,USA,Chicken Thighs
PDT000594044.1,Kentucky,PDS000272606.2,2019,from_2016,USA,Chicken Breasts
PDT000594045.1,Infantis,PDS000265741.69,2019,from_2016,USA,ground turkey
PDT000594046.1,Enteritidis,PDS000083226.1311,2019,from_2016,USA,Chicken Legs
PDT000594047.1,Enteritidis,PDS000083226.1311,2019,from_2016,USA,Chicken Wings
PDT000594048.1,Kentucky,PDS000272606.2,2019,from_2016,USA,Chicken Wings
PDT000594049.1,Infantis,PDS000265741.69,2019,from_2016,USA,Chicken Breasts
PDT000594050.1,Kentucky,PDS000272606.2,2019,from_2016,USA,Chicken Legs
PDT000594052.1,Kentucky,PDS000029448.447,2019,from_2016,USA,Chicken Thighs
PDT000594054.1,Reading,PDS000001887.891,2019,from_2016,USA,ground turkey
PDT000594055.1,Reading,PDS000001887.891,2019,from_2016,USA,ground turkey
PDT000594056.1,Infantis,PDS000265741.69,2019,from_2016,USA,ground turkey
PDT000594057.1,Kentucky,PDS000272606.2,2019,from_2016,USA,Chicken Breasts
PDT000594058.1,Kentucky,PDS000029448.447,2019,from_2016,USA,Chicken Wings
PDT000594059.1,Kentucky,PDS000272606.2,2019,from_2016,USA,Chicken Breasts
PDT000594060.1,Kentucky,PDS000029448.447,2019,from_2016,USA,Chicken Wings
PDT000594061.1,Kentucky,PDS000029525.26,2019,from_2016,USA,Chicken Wings
PDT000594062.1,Schwarzengrund,PDS000002218.1068,2019,from_2016,USA,Chicken Whole - cut in lab
PDT000594063.1,Kentucky,PDS000260145.21,2019,from_2016,USA,Chicken Breasts
PDT000594064.1,Kentucky,PDS000260145.21,2019,from_2016,USA,Chicken Breasts
PDT000594065.1,Reading,PDS000001887.891,2019,from_2016,USA,ground turkey
PDT000594066.1,Senftenberg,PDS000266616.2,2019,from_2016,USA,ground turkey
PDT000594067.1,Heidelberg,PDS000211943.33,2019,from_2016,USA,Chicken Whole - cut in lab
PDT000594068.1,Infantis,PDS000265741.69,2019,from_2016,USA,ground turkey
PDT000594069.1,Enteritidis,PDS000083226.1311,2019,from_2016,USA,Chicken Breasts
PDT000594070.1,Infantis,PDS000265741.69,2019,from_2016,USA,Chicken Breasts
PDT000594071.1,Infantis,PDS000265741.69,2019,from_2016,USA,Chicken Legs
PDT000594072.1,Kentucky,PDS000260145.21,2019,from_2016,USA,Chicken Breasts
PDT000594073.1,Braenderup,PDS000032735.1192,2019,from_2016,USA,Chicken Legs
PDT000594074.1,Kentucky,PDS000260145.21,2019,from_2016,USA,Chicken Legs
PDT000594075.1,Enteritidis,PDS000065758.2034,2019,from_2016,USA,Chicken Breasts
PDT000594077.1,Reading,PDS000001887.891,2019,from_2016,USA,ground turkey
PDT000594078.1,Kentucky,PDS000260145.21,2019,from_2016,USA,Chicken Wings
PDT000594079.1,Typhimurium,PDS000013868.758,2019,from_2016,USA,ground turkey
PDT000594080.1,Infantis,PDS000265741.69,2019,from_2016,USA,Chicken Wings
PDT000594081.1,Kentucky,PDS000217831.57,2019,from_2016,USA,Chicken Breasts
PDT000594086.1,Hadar,PDS000158107.507,2019,from_2016,USA,ground turkey
PDT000594088.1,Reading,PDS000001887.891,2019,from_2016,USA,ground turkey
PDT000594089.1,Infantis,PDS000265741.69,2019,from_2016,USA,Chicken Thighs
PDT000594091.1,Kentucky,PDS000029414.302,2019,from_2016,USA,Chicken Breasts
PDT000594093.1,Kentucky,PDS000033060.33,2019,from_2016,USA,Chicken Thighs
PDT000594094.1,Infantis,PDS000265741.69,2019,from_2016,USA,Chicken Wings
PDT000594096.1,Kentucky,PDS000032518.77,2019,from_2016,USA,Chicken Breasts
PDT000594098.1,Kentucky,PDS000260145.21,2019,from_2016,USA,Chicken Breasts
PDT000594100.1,Hadar,PDS000158107.507,2019,from_2016,USA,ground turkey
PDT000594101.1,Kentucky,PDS000029414.302,2019,from_2016,USA,Chicken Wings
PDT000594103.1,Kentucky,PDS000048473.6,2019,from_2016,USA,Chicken Wings
PDT000594105.1,Reading,PDS000001887.891,2019,from_2016,USA,ground turkey
PDT000594106.1,Bredeney,PDS000037147.7,2019,from_2016,USA,ground turkey
PDT000594109.1,Kentucky,PDS000217831.57,2019,from_2016,USA,Chicken Breasts
PDT000594111.1,Kentucky,PDS000260145.21,2019,from_2016,USA,Chicken Wings
PDT000594112.1,Enteritidis,PDS000030237.1756,2019,from_2016,USA,Chicken Breasts
PDT000594114.1,Enteritidis,PDS000030237.1756,2019,from_2016,USA,Chicken Mixed Parts
PDT000594116.1,Infantis,PDS000265741.69,2019,from_2016,USA,Chicken-mixed parts
PDT000594117.1,Reading,PDS000001887.891,2019,from_2016,USA,ground turkey
PDT000594118.1,Schwarzengrund,PDS000002218.1068,2019,from_2016,USA,Chicken Breasts
PDT000594119.1,Kentucky,PDS000029448.447,2019,from_2016,USA,Chicken Breasts
PDT000594120.1,Kentucky,PDS000272606.2,2019,from_2016,USA,Chicken Breasts
PDT000594121.1,Kentucky,PDS000260145.21,2019,from_2016,USA,Chicken Whole - cut in lab
PDT000594122.1,Kentucky,PDS000217831.57,2019,from_2016,USA,Chicken Wings
PDT000594123.1,Infantis,PDS000265741.69,2019,from_2016,USA,ground turkey
PDT000594124.1,Infantis,PDS000265741.69,2019,from_2016,USA,Chicken Breasts
PDT000594125.1,Kentucky,PDS000272606.2,2019,from_2016,USA,Chicken Whole - cut in lab
PDT000594126.1,Ohio,PDS000029531.4,2019,from_2016,USA,Chicken Whole - cut in lab
PDT000594127.1,Reading,PDS000001887.891,2019,from_2016,USA,ground turkey
PDT000594128.1,Infantis,PDS000265741.69,2019,from_2016,USA,ground turkey
PDT000594130.1,Schwarzengrund,PDS000002218.1068,2019,from_2016,USA,Chicken Breasts
PDT000594313.1,Kentucky,PDS000155583.3,2019,from_2016,USA,chicken breast
PDT000594321.1,Typhimurium,PDS000081815.149,2019,from_2016,USA,ground turkey
PDT000594322.1,Newport,PDS000002495.475,2019,from_2016,USA,chicken breast
PDT000594327.1,Kentucky,PDS000004090.68,2019,from_2016,USA,chicken breast
PDT000594329.1,Kentucky,PDS000260145.21,2019,from_2016,USA,chicken breast
PDT000594330.1,Newport,PDS000002495.475,2019,from_2016,USA,ground turkey
PDT000594830.1,Kentucky,PDS000272606.2,2019,from_2016,USA,Chicken Breasts
PDT000594831.1,Kentucky,PDS000272606.2,2019,from_2016,USA,Chicken Wings
PDT000594832.1,Reading,PDS000001887.891,2019,from_2016,USA,ground turkey
PDT000594833.1,Kentucky,PDS000260145.21,2019,from_2016,USA,Chicken Breasts
PDT000594834.1,Kentucky,PDS000272606.2,2019,from_2016,USA,Chicken Wings
PDT000594835.1,Reading,PDS000001887.891,2019,from_2016,USA,ground turkey
PDT000594836.1,Reading,PDS000001887.891,2019,from_2016,USA,ground turkey
PDT000595082.1,Hadar,PDS000158107.507,2019,from_2016,USA,ground turkey
PDT000595083.1,Schwarzengrund,PDS000027503.484,2019,from_2016,USA,ground turkey
PDT000595084.1,Kentucky,PDS000272606.2,2019,from_2016,USA,Chicken Wings
PDT000595086.1,Enteritidis,PDS000030237.1756,2019,from_2016,USA,Chicken Thighs
PDT000595087.1,Infantis,PDS000265741.69,2019,from_2016,USA,Chicken Thighs
PDT000595089.1,Uganda,PDS000001852.1112,2019,from_2016,USA,ground turkey
PDT000595090.1,Infantis,PDS000265741.69,2019,from_2016,USA,Chicken Legs
PDT000595091.1,Kentucky,PDS000029414.302,2019,from_2016,USA,Chicken Thighs
PDT000595092.1,Infantis,PDS000265741.69,2019,from_2016,USA,ground turkey
PDT000599653.1,Kentucky,PDS000272606.2,2019,from_2016,USA,Chicken Legs
PDT000599654.1,Typhimurium,PDS000272319.1,2019,from_2016,USA,Chicken Breasts
PDT000599655.1,Kentucky,PDS000032530.48,2019,from_2016,USA,Chicken Thighs
PDT000599657.1,Infantis,PDS000265741.69,2019,from_2016,USA,Chicken Legs
PDT000599659.1,Reading,PDS000001887.891,2019,from_2016,USA,ground turkey
PDT000599660.1,Enteritidis,PDS000246039.27,2019,from_2016,USA,Chicken Wings
PDT000599661.1,Infantis,PDS000265741.69,2019,from_2016,USA,Chicken Wings
PDT000599664.1,Enteritidis,PDS000032668.1889,2019,from_2016,USA,Chicken Thighs
PDT000599665.1,Kentucky,PDS000029437.273,2019,from_2016,USA,Chicken Legs
PDT000599667.1,Enteritidis,PDS000032668.1889,2019,from_2016,USA,Chicken Wings
PDT000599668.1,Reading,PDS000001887.891,2019,from_2016,USA,ground turkey
PDT000599670.1,Reading,PDS000001887.891,2019,from_2016,USA,ground turkey
PDT000599675.1,Kentucky,PDS000029448.447,2019,from_2016,USA,Chicken Breasts
PDT000599676.1,Hadar,PDS000158107.507,2019,from_2016,USA,ground turkey
PDT000599677.1,Indiana,PDS000030659.486,2019,from_2016,USA,ground turkey
PDT000599678.1,Braenderup,PDS000029952.200,2019,from_2016,USA,Chicken Whole - cut in lab
PDT000599679.1,Alachua,PDS000015476.299,2019,from_2016,USA,Chicken Wings
PDT000599680.1,Kentucky,PDS000272606.2,2019,from_2016,USA,Chicken Whole - cut in lab
PDT000599681.1,Kentucky,PDS000029448.447,2019,from_2016,USA,Chicken Wings
PDT000599682.1,Kentucky,PDS000272606.2,2019,from_2016,USA,Chicken Whole - cut in lab
PDT000599683.1,Kentucky,PDS000029448.447,2019,from_2016,USA,Chicken Breasts
PDT000599684.1,Typhimurium,PDS000016296.58,2019,from_2016,USA,Chicken Thighs
PDT000599685.1,Kentucky,PDS000029437.273,2019,from_2016,USA,Chicken Legs
PDT000599686.1,Berta,PDS000026549.1050,2019,from_2016,USA,ground turkey
PDT000599687.1,Heidelberg,PDS000211943.33,2019,from_2016,USA,Chicken Wings
PDT000599688.1,Infantis,PDS000265741.69,2019,from_2016,USA,Chicken Breasts
PDT000599689.1,Infantis,PDS000265741.69,2019,from_2016,USA,Chicken Thighs
PDT000599691.1,Schwarzengrund,PDS000027503.484,2019,from_2016,USA,ground turkey
PDT000599692.1,Typhimurium,PDS000081815.149,2019,from_2016,USA,ground turkey
PDT000599693.1,Schwarzengrund,PDS000027514.524,2019,from_2016,USA,ground turkey
PDT000599694.1,Heidelberg,PDS000211943.33,2019,from_2016,USA,Chicken Breasts
PDT000599695.1,Enteritidis,PDS000030237.1756,2019,from_2016,USA,Chicken Wings
PDT000599696.1,Infantis,PDS000265741.69,2019,from_2016,USA,Chicken Breasts
PDT000599697.1,Montevideo,PDS000153545.13,2019,from_2016,USA,ground turkey
PDT000599700.1,Kentucky,PDS000260145.21,2019,from_2016,USA,Chicken Breasts
PDT000599702.1,Braenderup,PDS000032735.1192,2019,from_2016,USA,Chicken Thighs
PDT000599704.1,Infantis,PDS000265741.69,2019,from_2016,USA,Chicken Breasts
PDT000599705.1,Schwarzengrund,PDS000002218.1068,2019,from_2016,USA,Chicken Wings
PDT000599707.1,Reading,PDS000001887.891,2019,from_2016,USA,ground turkey
PDT000599710.1,Reading,PDS000001887.891,2019,from_2016,USA,ground turkey
PDT000599712.1,Reading,PDS000001887.891,2019,from_2016,USA,ground turkey
PDT000599714.1,Enteritidis,PDS000030237.1756,2019,from_2016,USA,Chicken Mixed Parts
PDT000599716.1,Kentucky,PDS000112666.285,2019,from_2016,USA,Chicken Legs
PDT000599717.1,Hadar,PDS000158107.507,2019,from_2016,USA,ground turkey
PDT000599718.1,Orion,PDS000029230.10,2019,from_2016,USA,ground turkey
PDT000599719.1,Kentucky,PDS000032525.39,2019,from_2016,USA,Chicken Legs
PDT000599720.1,Kentucky,PDS000217831.57,2019,from_2016,USA,Chicken Whole - cut in lab
PDT000599721.1,Typhimurium,PDS000272319.1,2019,from_2016,USA,Chicken Breasts
PDT000599722.1,Typhimurium,PDS000272319.1,2019,from_2016,USA,Chicken Whole - cut in lab
PDT000599723.1,Typhimurium,PDS000272319.1,2019,from_2016,USA,Chicken Whole - cut in lab
PDT000599724.1,Kentucky,PDS000210843.57,2019,from_2016,USA,Chicken Whole - cut in lab
PDT000599725.1,Infantis,PDS000265741.69,2019,from_2016,USA,Chicken Thighs
PDT000599726.1,Kentucky,PDS000217831.57,2019,from_2016,USA,Chicken Wings
PDT000600664.1,Schwarzengrund,PDS000027503.484,2019,from_2016,USA,ground turkey
PDT000600858.1,Kentucky,PDS000112666.285,2019,from_2016,USA,Chicken Breasts
PDT000600862.1,Senftenberg,PDS000266967.8,2019,from_2016,USA,ground turkey
PDT000600932.1,Infantis,PDS000265741.69,2019,from_2016,USA,Chicken Legs
PDT000600933.1,Infantis,PDS000265741.69,2019,from_2016,USA,Chicken Wings
PDT000600934.1,Infantis,PDS000265741.69,2019,from_2016,USA,Chicken Breasts
PDT000600996.1,Montevideo,PDS000027237.426,2019,from_2016,USA,ground turkey
PDT000601031.1,Typhimurium,PDS000272319.1,2019,from_2016,USA,Chicken wings
PDT000601032.1,Kentucky,PDS000260145.21,2019,from_2016,USA,Whole Chicken
PDT000601034.1,Infantis,PDS000265741.69,2019,from_2016,USA,Whole Chicken
PDT000601035.1,Typhimurium,PDS000081815.149,2019,from_2016,USA,chicken breast
PDT000601036.1,Infantis,PDS000265741.69,2019,from_2016,USA,Whole Chicken
PDT000601037.1,Infantis,PDS000265741.69,2019,from_2016,USA,Chicken Thighs
PDT000601038.1,Kentucky,PDS000029414.302,2019,from_2016,USA,Chicken Mixed Parts
PDT000601039.1,Schwarzengrund,PDS000027503.484,2019,from_2016,USA,ground turkey
PDT000601890.1,Kentucky,PDS000028664.45,2019,from_2016,USA,Chicken Breasts
PDT000601893.1,Infantis,PDS000265741.69,2019,from_2016,USA,Chicken Legs
PDT000601894.1,Reading,PDS000001887.891,2019,from_2016,USA,ground turkey
PDT000601895.1,Kentucky,PDS000272606.2,2019,from_2016,USA,Chicken Breasts
PDT000601915.1,Enteritidis,PDS000030237.1756,2019,from_2016,USA,Chicken Wings
PDT000601916.1,Infantis,PDS000265741.69,2019,from_2016,USA,Chicken Breasts
PDT000601917.1,Reading,PDS000001887.891,2019,from_2016,USA,ground turkey
PDT000601918.1,Kentucky,PDS000029448.447,2019,from_2016,USA,Chicken Breasts
PDT000601919.1,Montevideo,PDS000027237.426,2019,from_2016,USA,ground turkey
PDT000602041.1,Albany,PDS000032516.187,2018,from_2016,USA,ground turkey
PDT000602042.1,Albany,PDS000032516.187,2018,from_2016,USA,ground turkey
PDT000602043.1,Senftenberg,PDS000032058.59,2018,from_2016,USA,Chicken Thighs
PDT000602046.1,Oranienburg,PDS000028052.153,2018,from_2016,USA,Chicken Wings
PDT000602047.1,"4,[5],12:i:-",PDS000253288.128,2018,from_2016,USA,ground turkey
PDT000602048.1,Kentucky,PDS000033060.33,2018,from_2016,USA,Chicken Wings
PDT000602049.1,Kentucky,PDS000272606.2,2018,from_2016,USA,Chicken Legs
PDT000602050.1,"4,[5],12:i:-",PDS000253288.128,2018,from_2016,USA,ground turkey
PDT000602052.1,"4,[5],12:i:-",PDS000253288.128,2018,from_2016,USA,ground turkey
PDT000602053.1,Reading,PDS000001887.891,2018,from_2016,USA,Ground Turkey (Patties)
PDT000602054.1,"4,[5],12:i:-",PDS000253288.128,2018,from_2016,USA,Chicken Legs
PDT000602055.1,"4,[5],12:i:-",PDS000273036.3,2018,from_2016,USA,ground turkey
PDT000602058.1,Infantis,PDS000265741.69,2018,from_2016,USA,Chicken Breasts
PDT000602060.1,Enteritidis,PDS000065758.2034,2018,from_2016,USA,Chicken Breasts
PDT000602061.1,Kentucky,PDS000083226.1311,2018,from_2016,USA,Chicken Wings
PDT000602062.1,Reading,PDS000001887.891,2018,from_2016,USA,Chicken Wings
PDT000602063.1,"4,[5],12:i:-",PDS000253288.128,2018,from_2016,USA,ground turkey
PDT000602064.1,Enteritidis,PDS000083226.1311,2018,from_2016,USA,Chicken Wings
PDT000602065.1,Enteritidis,PDS000032668.1889,2018,from_2016,USA,ground turkey
PDT000602066.1,"4,[5],12:i:-",PDS000273036.3,2018,from_2016,USA,Chicken Whole - cut in lab
PDT000602067.1,"4,[5],12:i:-",PDS000026772.9,2018,from_2016,USA,Chicken Thighs
PDT000602069.1,"4,[5],12:i:-",PDS000273036.3,2018,from_2016,USA,ground turkey
PDT000602070.1,"4,[5],12:i:-",PDS000253288.128,2018,from_2016,USA,ground turkey
PDT000602071.1,"4,[5],12:i:-",PDS000253288.128,2018,from_2016,USA,ground turkey
PDT000602072.1,"4,[5],12:i:-",PDS000273036.3,2018,from_2016,USA,ground turkey
PDT000602073.1,"4,[5],12:i:-",PDS000273036.3,2018,from_2016,USA,ground turkey
PDT000602074.1,"4,[5],12:i:-",PDS000253288.128,2018,from_2016,USA,ground turkey
PDT000602076.1,Infantis,PDS000265741.69,2018,from_2016,USA,ground turkey
PDT000602077.1,Hadar,PDS000158107.507,2018,from_2016,USA,ground turkey
PDT000602079.1,"4,[5],12:i:-",PDS000253285.29,2018,from_2016,USA,ground turkey
PDT000602081.1,Infantis,PDS000265741.69,2018,from_2016,USA,Chicken Breasts
PDT000602082.1,Infantis,PDS000265741.69,2018,from_2016,USA,Chicken Thighs
PDT000602083.1,"4,[5],12:i:-",PDS000253288.128,2018,from_2016,USA,ground turkey
PDT000602084.1,"4,[5],12:i:-",PDS000253288.128,2018,from_2016,USA,ground turkey
PDT000602085.1,"4,[5],12:i:-",PDS000253288.128,2018,from_2016,USA,ground turkey
PDT000602087.1,"4,[5],12:i:-",PDS000268664.21,2018,from_2016,USA,ground turkey
PDT000602088.1,"4,5,12:i:-",PDS000253288.128,2018,from_2016,USA,ground turkey
PDT000602090.1,Newport,PDS000004418.802,2018,from_2016,USA,Chicken Wings
PDT000602091.1,"4,5,12:i:-",PDS000253288.128,2018,from_2016,USA,Chicken Breasts
PDT000602092.1,Enteritidis,PDS000030237.1756,2018,from_2016,USA,Chicken Legs
PDT000602093.1,Senftenberg,PDS000266978.2,2018,from_2016,USA,ground turkey
PDT000602094.1,"4,[5],12:i:-",PDS000253288.128,2018,from_2016,USA,Chicken Breasts
PDT000602095.3,"4,12:d:-",PDS000001682.46,2018,from_2016,USA,ground turkey
PDT000602099.1,"4,[5],12:i:-",PDS000253288.128,2018,from_2016,USA,Ground Turkey (Patties)
PDT000602100.1,Albany,PDS000032516.187,2018,from_2016,USA,ground turkey
PDT000602829.1,Infantis,PDS000265741.69,2019,from_2016,USA,Chicken wings
PDT000602831.1,Infantis,PDS000265741.69,2019,from_2016,USA,Chicken-mixed parts
PDT000602832.1,Infantis,PDS000265741.69,2019,from_2016,USA,Chicken breasts
PDT000602835.1,Infantis,PDS000265741.69,2019,from_2016,USA,Chicken thighs
PDT000602837.1,Enteritidis,PDS000083226.1311,2019,from_2016,USA,Chicken breasts
PDT000602838.3,"-:r:1,5",PDS000265741.69,2019,from_2016,USA,Chicken breasts
PDT000602844.1,Infantis,PDS000265741.69,2019,from_2016,USA,Chicken Mixed Parts
PDT000602846.1,Typhimurium,PDS000272319.1,2019,from_2016,USA,chicken breast
PDT000602850.1,Infantis,PDS000265741.69,2019,from_2016,USA,Whole Chicken
PDT000603446.1,Schwarzengrund,PDS000027503.484,2019,from_2016,USA,ground turkey
PDT000603448.1,Infantis,PDS000262521.9,2019,from_2016,USA,chicken
PDT000603449.1,Kentucky,PDS000029448.447,2019,from_2016,USA,chicken
PDT000603451.1,Braenderup,PDS000029952.200,2019,from_2016,USA,chicken
PDT000603452.1,Kentucky,PDS000260145.21,2019,from_2016,USA,chicken
PDT000603457.1,Kentucky,PDS000028664.45,2019,from_2016,USA,chicken
PDT000603458.1,Kiambu,PDS000029314.472,2019,from_2016,USA,chicken
PDT000603784.1,Uganda,PDS000001852.1112,2019,from_2016,USA,ground turkey
PDT000603786.1,Typhimurium,PDS000029726.9,2019,from_2016,USA,ground turkey
PDT000603789.1,Braenderup,PDS000032735.1192,2019,from_2016,USA,chicken
PDT000603790.1,Kentucky,PDS000032530.48,2019,from_2016,USA,chicken
PDT000603791.1,Infantis,PDS000265741.69,2019,from_2016,USA,chicken
PDT000603793.3,Westhampton,PDS000031936.30,2019,from_2016,USA,turkey
PDT000603794.1,Kentucky,PDS000272606.2,2019,from_2016,USA,"Chicken, Organic"
PDT000603795.1,Enteritidis,PDS000030237.1756,2019,from_2016,USA,chicken
PDT000604049.1,Infantis,PDS000265741.69,2019,from_2016,USA,chicken
PDT000604156.1,Reading,PDS000001887.891,2019,from_2016,USA,ground turkey
PDT000604160.1,Infantis,PDS000265741.69,2019,from_2016,USA,chicken breast
PDT000604163.1,Hadar,PDS000158107.507,2019,from_2016,USA,turkey
PDT000604166.1,Schwarzengrund,PDS000002218.1068,2019,from_2016,USA,CHICKEN THIGHS
PDT000604432.1,Kentucky,PDS000268663.3,2019,from_2016,USA,Chicken Wings
PDT000604434.1,Infantis,PDS000265741.69,2019,from_2016,USA,Chicken Legs
PDT000604435.1,Typhimurium,PDS000272319.1,2019,from_2016,USA,Chicken Thighs
PDT000604710.3,4:i:-,PDS000253285.29,2019,from_2016,USA,Chicken wings
PDT000608107.1,Kentucky,PDS000272606.2,2019,from_2016,USA,chicken
PDT000608108.1,Montevideo,PDS000027237.426,2019,from_2016,USA,turkey
PDT000608109.1,Infantis,PDS000265741.69,2019,from_2016,USA,chicken
PDT000610112.1,Infantis,PDS000265741.69,2019,from_2016,USA,chicken breast
PDT000610195.1,Saintpaul,PDS000029303.72,2019,from_2016,USA,ground turkey
PDT000610198.1,Infantis,PDS000265741.69,2019,from_2016,USA,chicken breast
PDT000617172.1,Kentucky,PDS000029448.447,2019,from_2016,USA,chicken
PDT000617734.1,Kentucky,PDS000272606.2,2019,from_2016,USA,chicken breast
PDT000617735.3,Infantis,PDS000265741.69,2019,from_2016,USA,chicken breast
PDT000617736.1,Infantis,PDS000265741.69,2019,from_2016,USA,chicken breast
PDT000617737.1,Infantis,PDS000265741.69,2019,from_2016,USA,chicken breast
PDT000617739.1,Kentucky,PDS000272606.2,2019,from_2016,USA,chicken breast
PDT000617740.1,Braenderup,PDS000032735.1192,2019,from_2016,USA,ground turkey
PDT000617741.1,Kentucky,PDS000217831.57,2019,from_2016,USA,chicken breast
PDT000617742.1,Kentucky,PDS000217831.57,2019,from_2016,USA,chicken breast
PDT000617743.1,Enteritidis,PDS000030237.1756,2019,from_2016,USA,chicken breast
PDT000617744.1,Enteritidis,PDS000030237.1756,2019,from_2016,USA,chicken breast
PDT000617745.1,Newport,PDS000032634.466,2019,from_2016,USA,chicken breast
PDT000617747.1,Infantis,PDS000265741.69,2019,from_2016,USA,chicken breast
PDT000617748.1,Infantis,PDS000265741.69,2019,from_2016,USA,chicken breast
PDT000617749.1,Infantis,PDS000265741.69,2019,from_2016,USA,chicken breast
PDT000617751.1,Kentucky,PDS000217831.57,2019,from_2016,USA,chicken breast
PDT000620731.1,Infantis,PDS000265741.69,2019,from_2016,USA,chicken
PDT000620732.1,Infantis,PDS000265741.69,2019,from_2016,USA,chicken
PDT000620733.3,Kentucky,PDS000272606.2,2019,from_2016,USA,chicken
PDT000620734.1,Kentucky,PDS000272606.2,2019,from_2016,USA,chicken
PDT000620803.3,Kentucky,PDS000029448.447,2019,from_2016,USA,chicken
PDT000623208.1,Kentucky,PDS000029448.447,2019,from_2016,USA,Chicken breasts
PDT000623209.1,Kentucky,PDS000272606.2,2019,from_2016,USA,Chicken breasts
PDT000623210.1,Reading,PDS000001887.891,2019,from_2016,USA,ground turkey
PDT000623211.1,Kentucky,PDS000272606.2,2019,from_2016,USA,Chicken breasts
PDT000623963.2,Infantis,PDS000265741.69,2019,from_2016,USA,Chicken Legs
PDT000623965.2,Kentucky,PDS000272606.2,2019,from_2016,USA,Chicken Wings
PDT000625296.1,Infantis,PDS000265741.69,2019,from_2016,USA,chicken breast
PDT000627281.1,Berta,PDS000027990.23,2019,from_2016,USA,chicken breast
PDT000627282.1,Infantis,PDS000265741.69,2019,from_2016,USA,chicken breast
PDT000627284.1,Kentucky,PDS000029437.273,2019,from_2016,USA,chicken breast
PDT000627286.1,Kentucky,PDS000272606.2,2019,from_2016,USA,chicken breast
PDT000627288.1,Schwarzengrund,PDS000027514.524,2019,from_2016,USA,ground turkey
PDT000627561.1,Enteritidis,PDS000083226.1311,2019,from_2016,USA,chicken breast
PDT000627562.1,Kentucky,PDS000260145.21,2019,from_2016,USA,chicken breast
PDT000628630.3,"-:r:1,5",PDS000265741.69,2019,from_2016,USA,chicken
PDT000628633.1,Infantis,PDS000265741.69,2019,from_2016,USA,chicken
PDT000628634.1,Kentucky,PDS000272606.2,2019,from_2016,USA,chicken
PDT000628635.1,Kentucky,PDS000029437.273,2019,from_2016,USA,chicken
PDT000628636.1,Infantis,PDS000265741.69,2019,from_2016,USA,chicken
PDT000629611.1,Infantis,PDS000138697.25,2019,from_2016,USA,chicken
PDT000629665.1,Alachua,PDS000015476.299,2019,from_2016,USA,chicken breast
PDT000629989.1,Typhimurium,PDS000043981.174,2019,from_2016,USA,CHICKEN WINGS
PDT000629990.1,Reading,PDS000001887.891,2019,from_2016,USA,ground turkey
PDT000629991.1,4:i:-,PDS000268664.21,2019,from_2016,USA,ground turkey
PDT000629992.1,Reading,PDS000001887.891,2019,from_2016,USA,ground turkey
PDT000629994.1,Reading,PDS000001887.891,2019,from_2016,USA,ground turkey
PDT000629995.1,Infantis,PDS000265741.69,2019,from_2016,USA,CHICKEN THIGHS
PDT000629996.1,Reading,PDS000001887.891,2019,from_2016,USA,ground turkey
PDT000629999.1,Typhimurium,PDS000043981.174,2019,from_2016,USA,CHICKEN BREASTS
PDT000631543.1,Infantis,PDS000138697.25,2019,from_2016,USA,chicken breast
PDT000631544.1,4:i:-,PDS000253288.128,2019,from_2016,USA,ground turkey
PDT000631550.1,Newport,PDS000002495.475,2019,from_2016,USA,ground turkey
PDT000631551.1,Reading,PDS000001887.891,2019,from_2016,USA,ground turkey
PDT000631586.1,Kentucky,PDS000272606.2,2019,from_2016,USA,chicken breast
PDT000631590.1,Reading,PDS000001887.891,2019,from_2016,USA,ground turkey
PDT000631607.1,Reading,PDS000001887.891,2019,from_2016,USA,ground turkey
PDT000631608.1,Reading,PDS000001887.891,2019,from_2016,USA,ground turkey
PDT000631656.1,Uganda,PDS000001852.1112,2019,from_2016,USA,ground turkey
PDT000631657.1,Infantis,PDS000265741.69,2019,from_2016,USA,chicken breast
PDT000631660.1,Enteritidis,PDS000030237.1756,2019,from_2016,USA,chicken breast
PDT000631662.1,Schwarzengrund,PDS000027503.484,2019,from_2016,USA,ground turkey
PDT000634696.1,Agona,PDS000214890.285,2019,from_2016,USA,ground turkey
PDT000634705.1,Kentucky,PDS000272606.2,2019,from_2016,USA,Chicken Thighs
PDT000634708.1,Anatum,PDS000026575.381,2019,from_2016,USA,Chicken Breasts
PDT000634713.1,Agona,PDS000214890.285,2019,from_2016,USA,ground turkey
PDT000635789.1,Infantis,PDS000265741.69,2019,from_2016,USA,chicken
PDT000635828.1,Kentucky,PDS000028664.45,2019,from_2016,USA,chicken breast
PDT000637356.1,Infantis,PDS000265741.69,2019,from_2016,USA,Chicken Wings
PDT000637358.1,Kentucky,PDS000217831.57,2019,from_2016,USA,Chicken Wings
PDT000637359.1,Infantis,PDS000265741.69,2019,from_2016,USA,chicken breast
PDT000637362.1,Kentucky,PDS000030160.4,2019,from_2016,USA,chicken breast
PDT000637363.1,Kentucky,PDS000260145.21,2019,from_2016,USA,Chicken Wings
PDT000637364.1,Infantis,PDS000265741.69,2019,from_2016,USA,ground turkey
PDT000637368.1,Infantis,PDS000184419.56,2019,from_2016,USA,chicken breast
PDT000639324.1,Infantis,PDS000265741.69,2019,from_2016,USA,Chicken wings
PDT000639325.1,Kentucky,PDS000217831.57,2019,from_2016,USA,Chicken thighs
PDT000639330.1,Enteritidis,PDS000032668.1889,2019,from_2016,USA,Chicken thighs
PDT000639334.1,Hadar,PDS000158107.507,2019,from_2016,USA,turkey
PDT000639335.1,Hadar,PDS000158107.507,2019,from_2016,USA,turkey
PDT000639336.1,Enteritidis,PDS000030237.1756,2019,from_2016,USA,Chicken breasts
PDT000639338.1,Hadar,PDS000158107.507,2019,from_2016,USA,turkey
PDT000640678.1,Enteritidis,PDS000083226.1311,2019,from_2016,USA,chicken breast
PDT000640679.1,Enteritidis,PDS000030237.1756,2019,from_2016,USA,chicken breast
PDT000640680.1,Infantis,PDS000265741.69,2019,from_2016,USA,chicken breast
PDT000641354.1,Kentucky,PDS000272606.2,2019,from_2016,USA,chicken breast
PDT000641621.1,Reading,PDS000001887.891,2019,from_2016,USA,ground turkey
PDT000641622.1,"[1],13,23:g,z51:-",PDS000048483.9,2019,from_2016,USA,chicken breast
PDT000641623.1,Kentucky,PDS000272606.2,2019,from_2016,USA,CHICKEN THIGHS
PDT000641625.1,Kentucky,PDS000007281.424,2019,from_2016,USA,CHICKEN WINGS
PDT000641626.1,Infantis,PDS000265741.69,2019,from_2016,USA,CHICKEN THIGHS
PDT000641628.1,Kentucky,PDS000272606.2,2019,from_2016,USA,chicken breast
PDT000641629.1,Kentucky,PDS000272606.2,2019,from_2016,USA,CHICKEN THIGHS
PDT000641631.1,Reading,PDS000001887.891,2019,from_2016,USA,ground turkey
PDT000643694.1,Uganda,PDS000032449.330,2019,from_2016,USA,ground turkey
PDT000643699.1,Schwarzengrund,PDS000027503.484,2019,from_2016,USA,ground turkey
PDT000643700.1,Typhimurium,PDS000081815.149,2019,from_2016,USA,ground turkey
PDT000643702.1,Infantis,PDS000265741.69,2019,from_2016,USA,Turkey Patties
PDT000643707.1,Reading,PDS000001887.891,2019,from_2016,USA,ground turkey
PDT000644745.1,Reading,PDS000001887.891,2019,from_2016,USA,ground turkey
PDT000644747.1,Agona,PDS000028904.114,2019,from_2016,USA,ground turkey
PDT000644749.1,Enteritidis,PDS000083226.1311,2019,from_2016,USA,Chicken Thighs
PDT000644752.1,Schwarzengrund,PDS000002218.1068,2019,from_2016,USA,Chicken Mixed Parts
PDT000644754.1,Hadar,PDS000158107.507,2019,from_2016,USA,ground turkey
PDT000644755.1,Kentucky,PDS000029525.26,2019,from_2016,USA,Chicken Thighs
PDT000644757.1,Kentucky,PDS000029448.447,2019,from_2016,USA,Chicken Wings
PDT000644759.1,Enteritidis,PDS000083226.1311,2019,from_2016,USA,Chicken Thighs
PDT000644761.1,Thompson,PDS000032705.1749,2019,from_2016,USA,Chicken Wings
PDT000644762.1,Hadar,PDS000001887.891,2019,from_2016,USA,ground turkey
PDT000644763.1,Typhimurium,PDS000081815.149,2019,from_2016,USA,ground turkey
PDT000644764.1,Reading,PDS000001887.891,2019,from_2016,USA,ground turkey
PDT000644765.1,Reading,PDS000001887.891,2019,from_2016,USA,ground turkey
PDT000644767.1,Agona,PDS000214890.285,2019,from_2016,USA,Ground Turkey Patties
PDT000644768.1,Uganda,PDS000001852.1112,2019,from_2016,USA,Ground Turkey Patties
PDT000644769.1,Infantis,PDS000265741.69,2019,from_2016,USA,Chicken Legs
PDT000644770.1,Infantis,PDS000265741.69,2019,from_2016,USA,Chicken Wings
PDT000644771.1,Infantis,PDS000265741.69,2019,from_2016,USA,Chicken Legs
PDT000644772.1,Kentucky,PDS000029414.302,2019,from_2016,USA,Chicken Breasts
PDT000644773.1,Enteritidis,PDS000083226.1311,2019,from_2016,USA,Chicken Mixed Parts
PDT000644774.1,Kentucky,PDS000260145.21,2019,from_2016,USA,Chicken Breasts
PDT000644775.1,Infantis,PDS000265741.69,2019,from_2016,USA,Chicken Wings
PDT000644776.1,Kentucky,PDS000260145.21,2019,from_2016,USA,Chicken Legs
PDT000644778.1,Infantis,PDS000265741.69,2019,from_2016,USA,Chicken Wings
PDT000644779.1,Infantis,PDS000265741.69,2019,from_2016,USA,Chicken Thighs
PDT000644780.1,Infantis,PDS000265741.69,2019,from_2016,USA,Chicken Wings
PDT000644781.1,Reading,PDS000032611.138,2019,from_2016,USA,ground turkey
PDT000644782.1,Alachua,PDS000015476.299,2019,from_2016,USA,Chicken Legs
PDT000644783.1,Infantis,PDS000265741.69,2019,from_2016,USA,Chicken Breasts
PDT000644785.1,Typhimurium,PDS000081815.149,2019,from_2016,USA,ground turkey
PDT000644786.1,Uganda,PDS000032449.330,2019,from_2016,USA,Ground Turkey Patties
PDT000644787.1,Infantis,PDS000265741.69,2019,from_2016,USA,ground turkey
PDT000644788.1,Infantis,PDS000265741.69,2019,from_2016,USA,Chicken Legs
PDT000644789.1,Infantis,PDS000265741.69,2019,from_2016,USA,ground turkey
PDT000644790.1,Schwarzengrund,PDS000027503.484,2019,from_2016,USA,ground turkey
PDT000644791.1,Kentucky,PDS000260145.21,2019,from_2016,USA,Chicken Legs
PDT000644792.1,Johannesburg,PDS000029437.273,2019,from_2016,USA,Chicken Legs
PDT000644793.1,Kentucky,PDS000032518.77,2019,from_2016,USA,Chicken Whole - cut in lab
PDT000644794.1,Kentucky,PDS000260145.21,2019,from_2016,USA,Chicken Wings
PDT000644797.1,Reading,PDS000001887.891,2019,from_2016,USA,ground turkey
PDT000644798.1,Enteritidis,PDS000030237.1756,2019,from_2016,USA,Chicken Wings
PDT000644799.1,Hadar,PDS000158107.507,2019,from_2016,USA,Chicken Breasts
PDT000644800.1,Enteritidis,PDS000083226.1311,2019,from_2016,USA,Chicken Wings
PDT000644801.1,Kentucky,PDS000272606.2,2019,from_2016,USA,Chicken Thighs
PDT000644802.1,Infantis,PDS000265741.69,2019,from_2016,USA,Chicken Wings
PDT000644804.1,Kentucky,PDS000013885.49,2019,from_2016,USA,ground turkey
PDT000644805.1,Typhimurium,PDS000001887.891,2019,from_2016,USA,ground turkey
PDT000644806.1,Hadar,PDS000158107.507,2019,from_2016,USA,ground turkey
PDT000644807.1,Reading,PDS000029952.200,2019,from_2016,USA,Chicken Whole - cut in lab
PDT000644808.1,Braenderup,PDS000265741.69,2019,from_2016,USA,Chicken Wings
PDT000644809.1,Kentucky,PDS000217831.57,2019,from_2016,USA,Chicken Breasts
PDT000644810.1,Infantis,PDS000265741.69,2019,from_2016,USA,ground turkey
PDT000644811.1,Infantis,PDS000029525.26,2019,from_2016,USA,Chicken Breasts
PDT000644812.1,Infantis,PDS000265741.69,2019,from_2016,USA,Chicken Mixed Parts
PDT000644813.1,Kentucky,PDS000217831.57,2019,from_2016,USA,Chicken Thighs
PDT000644814.1,Kentucky,PDS000272606.2,2019,from_2016,USA,Chicken Breasts
PDT000644815.1,Kentucky,PDS000217831.57,2019,from_2016,USA,Chicken Breasts
PDT000644816.1,Schwarzengrund,PDS000027503.484,2019,from_2016,USA,ground turkey
PDT000644818.1,Kentucky,PDS000265741.69,2019,from_2016,USA,Chicken Whole - cut in lab
PDT000644819.1,Infantis,PDS000265741.69,2019,from_2016,USA,Chicken Wings
PDT000644820.1,Reading,PDS000001887.891,2019,from_2016,USA,ground turkey
PDT000644821.1,Infantis,PDS000265741.69,2019,from_2016,USA,Chicken Wings
PDT000644822.1,Typhimurium,PDS000272319.1,2019,from_2016,USA,Chicken Whole - cut in lab
PDT000644824.1,Infantis,PDS000265741.69,2019,from_2016,USA,Chicken Legs
PDT000644825.1,Kentucky,PDS000028664.45,2019,from_2016,USA,Chicken Legs
PDT000644827.1,Reading,PDS000001887.891,2019,from_2016,USA,ground turkey
PDT000644829.1,Berta,PDS000026549.1050,2019,from_2016,USA,ground turkey
PDT000644830.1,Berta,PDS000026549.1050,2019,from_2016,USA,ground turkey
PDT000644832.1,Infantis,PDS000265741.69,2019,from_2016,USA,Chicken Thighs
PDT000644833.1,Typhimurium,PDS000180814.35,2019,from_2016,USA,Chicken Breasts
PDT000646053.1,Kentucky,PDS000029448.447,2019,from_2016,USA,chicken
PDT000646054.1,Enteritidis,PDS000083226.1311,2019,from_2016,USA,chicken
PDT000646055.1,Kentucky,PDS000029532.289,2019,from_2016,USA,chicken
PDT000646056.1,Enteritidis,PDS000030237.1756,2019,from_2016,USA,chicken
PDT000650311.1,Infantis,PDS000265741.69,2019,from_2016,USA,chicken breast
PDT000650315.1,"[1],13,23:g,z51:-",PDS000048483.9,2019,from_2016,USA,chicken breast
PDT000651895.3,Infantis,PDS000265741.69,2019,from_2016,USA,chicken breast
PDT000651917.1,Infantis,PDS000265741.69,2019,from_2016,USA,chicken breast
PDT000651920.1,Infantis,PDS000265741.69,2019,from_2016,USA,chicken breast
PDT000651988.1,Kentucky,PDS000260145.21,2019,from_2016,USA,chicken breast
PDT000652005.1,Infantis,PDS000265741.69,2019,from_2016,USA,chicken breast
PDT000652744.3,Agona,PDS000028904.114,2019,from_2016,USA,chicken breast
PDT000652748.1,Infantis,PDS000265741.69,2019,from_2016,USA,chicken breast
PDT000652749.1,Kentucky,PDS000029448.447,2019,from_2016,USA,chicken breast
PDT000652750.1,Agona,PDS000028904.114,2019,from_2016,USA,ground turkey
PDT000652752.1,Infantis,PDS000265741.69,2019,from_2016,USA,chicken breast
PDT000652767.1,Infantis,PDS000265741.69,2019,from_2016,USA,chicken breast
PDT000652770.1,Heidelberg,PDS000211943.33,2019,from_2016,USA,chicken breast
PDT000652773.1,Newport,PDS000002495.475,2019,from_2016,USA,ground turkey
PDT000654168.1,Kentucky,PDS000272606.2,2019,from_2016,USA,Chicken Wing
PDT000654170.1,Anatum,PDS000028226.224,2019,from_2016,USA,Chicken Thigh
PDT000654171.1,Kentucky,PDS000004095.510,2019,from_2016,USA,Chicken Thigh
PDT000654172.1,Enteritidis,PDS000083226.1311,2019,from_2016,USA,Chicken Thigh
PDT000654174.1,Enteritidis,PDS000030237.1756,2019,from_2016,USA,Chicken Wing
PDT000654224.1,Kentucky,PDS000029448.447,2019,from_2016,USA,chicken wing
PDT000654229.1,"-:r:1,5",PDS000265741.69,2019,from_2016,USA,chicken breast
PDT000655730.1,Braenderup,PDS000032735.1192,2019,from_2016,USA,Chicken Legs
PDT000655732.1,Braenderup,PDS000029952.200,2019,from_2016,USA,Chicken Breasts
PDT000655734.1,Kentucky,PDS000029448.447,2019,from_2016,USA,Chicken Legs
PDT000655752.3,Infantis,PDS000265741.69,2019,from_2016,USA,chicken wing
PDT000655772.1,Kentucky,PDS000272606.2,2019,from_2016,USA,chicken wing
PDT000655800.1,Kentucky,PDS000272606.2,2019,from_2016,USA,chicken wing
PDT000656712.1,Reading,PDS000001887.891,2019,from_2016,USA,ground turkey
PDT000657069.1,Muenchen,PDS000198470.177,2018,from_2016,USA,ground turkey
PDT000657070.1,Infantis,PDS000265741.69,2018,from_2016,USA,Chicken Wings
PDT000657073.1,Reading,PDS000001887.891,2018,from_2016,USA,ground turkey
PDT000657074.1,"SI Rough:r:1,5",PDS000085033.881,2018,from_2016,USA,Chicken Wings
PDT000660119.1,Kentucky,PDS000212473.30,2019,from_2016,USA,Chicken legs
PDT000660237.1,Reading,PDS000001887.891,2019,from_2016,USA,ground turkey
PDT000660242.1,Reading,PDS000001887.891,2019,from_2016,USA,ground turkey
PDT000661845.1,Typhimurium,PDS000081815.149,2019,from_2016,USA,turkey
PDT000661846.1,Typhimurium,PDS000081815.149,2019,from_2016,USA,turkey
PDT000661848.1,"-:r:1,5",PDS000265741.69,2019,from_2016,USA,chicken
PDT000661851.1,Typhimurium,PDS000272319.1,2019,from_2016,USA,chicken
PDT000661853.1,Typhimurium,PDS000272319.1,2019,from_2016,USA,chicken
PDT000661854.1,Infantis,PDS000265741.69,2019,from_2016,USA,chicken
PDT000661859.1,Kentucky,PDS000217831.57,2019,from_2016,USA,chicken
PDT000661860.1,Infantis,PDS000265741.69,2019,from_2016,USA,chicken
PDT000664078.1,Kentucky,PDS000272606.2,2019,from_2016,USA,chicken
PDT000669464.1,Typhimurium,PDS000272319.1,2019,from_2016,USA,chicken breast
PDT000669488.1,Uganda,PDS000001852.1112,2019,from_2016,USA,ground turkey
PDT000669504.1,Enteritidis,PDS000065758.2034,2019,from_2016,USA,chicken breast
PDT000669506.1,Infantis,PDS000265741.69,2019,from_2016,USA,chicken breast
PDT000669525.3,Infantis,PDS000265741.69,2019,from_2016,USA,chicken breast
PDT000669531.1,"44:z4,z23:-",PDS000028758.295,2019,from_2016,USA,chicken breast
PDT000671481.1,Kentucky,PDS000260145.21,2019,from_2016,USA,Chicken Wings
PDT000671488.1,Kentucky,PDS000272606.2,2019,from_2016,USA,Chicken Wings
PDT000671489.1,Reading,PDS000001887.891,2019,from_2016,USA,ground turkey
PDT000671491.1,Typhimurium,PDS000272319.1,2019,from_2016,USA,Split Chicken Breast
PDT000671492.1,Kentucky,PDS000029448.447,2019,from_2016,USA,Split Chicken Breast
PDT000671493.1,Senftenberg,PDS000045773.143,2019,from_2016,USA,ground turkey
PDT000671495.1,Infantis,PDS000265741.69,2019,from_2016,USA,Split Chicken Breast
PDT000671496.1,Infantis,PDS000265741.69,2019,from_2016,USA,ground turkey
PDT000671498.1,Kentucky,PDS000029448.447,2019,from_2016,USA,Split Chicken Breast
PDT000671499.1,Kentucky,PDS000272606.2,2019,from_2016,USA,chicken breast
PDT000671500.1,Typhimurium,PDS000272319.1,2019,from_2016,USA,Whole Chicken
PDT000671501.1,Kentucky,PDS000029448.447,2019,from_2016,USA,Chicken Wings
PDT000671502.1,Infantis,PDS000265741.69,2019,from_2016,USA,Chicken Wings
PDT000671503.1,Kentucky,PDS000112666.285,2019,from_2016,USA,Chicken Wings
PDT000671505.1,Typhimurium,PDS000272319.1,2019,from_2016,USA,Chicken Wings
PDT000671535.1,Typhimurium,PDS000272319.1,2019,from_2016,USA,Split Chicken Breast
PDT000677856.1,Kentucky,PDS000272606.2,2019,from_2016,USA,chicken
PDT000677947.3,Infantis,PDS000265741.69,2019,from_2016,USA,chicken breast
PDT000677949.1,Kentucky,PDS000028664.45,2019,from_2016,USA,chicken breast
PDT000677952.1,Infantis,PDS000265741.69,2019,from_2016,USA,chicken breast
PDT000677980.1,Reading,PDS000001887.891,2019,from_2016,USA,ground turkey
PDT000677990.1,Reading,PDS000001887.891,2019,from_2016,USA,ground turkey
PDT000677997.1,Infantis,PDS000265741.69,2019,from_2016,USA,chicken breast
PDT000682683.1,Infantis,PDS000265741.69,2019,from_2016,USA,Chicken wings
PDT000682684.1,Enteritidis,PDS000083226.1311,2019,from_2016,USA,Chicken thighs
PDT000682685.1,Kentucky,PDS000029448.447,2019,from_2016,USA,Chicken thighs
PDT000682687.1,Enteritidis,PDS000030237.1756,2019,from_2016,USA,Chicken breasts
PDT000682689.1,Agona,PDS000028904.114,2019,from_2016,USA,ground turkey
PDT000682690.1,Muenchen,PDS000038641.56,2019,from_2016,USA,ground turkey
PDT000682693.1,Enteritidis,PDS000030237.1756,2019,from_2016,USA,Chicken whole-cut in lab
PDT000683112.1,Reading,PDS000001887.891,2019,from_2016,USA,ground turkey
PDT000683121.1,Reading,PDS000001887.891,2019,from_2016,USA,ground turkey
PDT000707543.1,Reading,PDS000001887.891,2019,from_2016,USA,ground turkey
PDT000728629.1,Kentucky,PDS000029448.447,2019,from_2016,USA,Chicken Breasts
PDT000728630.1,Infantis,PDS000265741.69,2019,from_2016,USA,Chicken Thighs
PDT000728633.1,Kentucky,PDS000217831.57,2019,from_2016,USA,Chicken Breasts
PDT000728634.1,Kentucky,PDS000029437.273,2019,from_2016,USA,Chicken Legs
PDT000728636.1,Infantis,PDS000265741.69,2019,from_2016,USA,Chicken Thighs
PDT000728640.1,Infantis,PDS000265741.69,2019,from_2016,USA,Chicken Thighs
PDT000728644.1,Typhimurium,PDS000180814.35,2019,from_2016,USA,Chicken Breasts
PDT000728645.1,Kentucky,PDS000112666.285,2019,from_2016,USA,Chicken Wings
PDT000728646.1,Infantis,PDS000265741.69,2019,from_2016,USA,Chicken Wings
PDT000728647.1,Kentucky,PDS000029414.302,2019,from_2016,USA,Chicken Breasts
PDT000728648.1,Typhimurium,PDS000201938.160,2019,from_2016,USA,Chicken Breasts
PDT000728649.1,Kentucky,PDS000260145.21,2019,from_2016,USA,Chicken Legs
PDT000728650.1,Kentucky,PDS000029414.302,2019,from_2016,USA,Chicken Wings
PDT000728651.1,Kentucky,PDS000212473.30,2019,from_2016,USA,Chicken Wings
PDT000728652.1,Kentucky,PDS000260145.21,2019,from_2016,USA,Chicken Wings
PDT000728653.1,Kentucky,PDS000029414.302,2019,from_2016,USA,Chicken Thighs
PDT000728654.1,Infantis,PDS000265741.69,2019,from_2016,USA,Chicken Wings
PDT000728655.1,Infantis,PDS000265741.69,2019,from_2016,USA,Chicken Breasts
PDT000728656.1,Kentucky,PDS000260145.21,2019,from_2016,USA,Chicken Wings
PDT000728657.1,Reading,PDS000001887.891,2019,from_2016,USA,ground turkey
PDT000728658.1,Alachua,PDS000015476.299,2019,from_2016,USA,Chicken Whole - cut in lab
PDT000728659.1,Alachua,PDS000015476.299,2019,from_2016,USA,Chicken Whole - cut in lab
PDT000728660.1,Kentucky,PDS000272606.2,2019,from_2016,USA,Chicken Wings
PDT000728661.1,Alachua,PDS000015476.299,2019,from_2016,USA,Chicken Whole - cut in lab
PDT000728662.1,Typhimurium,PDS000272319.1,2019,from_2016,USA,Chicken Wings
PDT000728663.1,Kentucky,PDS000272606.2,2019,from_2016,USA,Chicken Whole - cut in lab
PDT000728664.1,Kentucky,PDS000272606.2,2019,from_2016,USA,Chicken Whole - cut in lab
PDT000728665.1,Infantis,PDS000265741.69,2019,from_2016,USA,Chicken Legs
PDT000728666.1,Infantis,PDS000265741.69,2019,from_2016,USA,Chicken Whole - cut in lab
PDT000728667.1,Kentucky,PDS000272606.2,2019,from_2016,USA,Chicken Whole - cut in lab
PDT000728668.1,Kentucky,PDS000260145.21,2019,from_2016,USA,Chicken Whole - cut in lab
PDT000728669.1,Kentucky,PDS000260145.21,2019,from_2016,USA,Chicken Breasts
PDT000728670.1,Anatum,PDS000028226.224,2019,from_2016,USA,Chicken Legs
PDT000728671.1,Anatum,PDS000032611.138,2019,from_2016,USA,ground turkey
PDT000728672.1,Kentucky,PDS000272606.2,2019,from_2016,USA,Chicken Legs
PDT000728673.1,Kentucky,PDS000029448.447,2019,from_2016,USA,Chicken Breasts
PDT000728674.1,Kentucky,PDS000272606.2,2019,from_2016,USA,Chicken Whole - cut in lab
PDT000728675.1,Kentucky,PDS000155583.3,2019,from_2016,USA,Chicken Whole - cut in lab
PDT000728676.1,Uganda,PDS000001852.1112,2019,from_2016,USA,ground turkey
PDT000728677.1,Infantis,PDS000265741.69,2019,from_2016,USA,Chicken Thighs
PDT000728678.1,Infantis,PDS000265741.69,2019,from_2016,USA,Chicken Wings
PDT000728679.1,Enteritidis,PDS000065758.2034,2019,from_2016,USA,Chicken Legs
PDT000728680.1,Enteritidis,PDS000065758.2034,2019,from_2016,USA,Chicken Wings
PDT000728681.1,Infantis,PDS000265741.69,2019,from_2016,USA,Chicken Legs
PDT000728682.1,Muenchen,PDS000198470.177,2019,from_2016,USA,ground turkey
PDT000728683.1,Kentucky,PDS000260145.21,2019,from_2016,USA,Chicken Thighs
PDT000728684.1,Kentucky,PDS000212473.30,2019,from_2016,USA,Chicken Wings
PDT000728685.1,Infantis,PDS000265741.69,2019,from_2016,USA,Chicken Thighs
PDT000728686.1,Infantis,PDS000265741.69,2019,from_2016,USA,Chicken Wings
PDT000728687.1,Kentucky,PDS000217831.57,2019,from_2016,USA,Chicken Wings
PDT000728688.1,Kentucky,PDS000260145.21,2019,from_2016,USA,Chicken Thighs
PDT000728689.1,Reading,PDS000001887.891,2019,from_2016,USA,ground turkey
PDT000728690.1,Reading,PDS000001887.891,2019,from_2016,USA,ground turkey
PDT000728691.1,Kentucky,PDS000029414.302,2019,from_2016,USA,Chicken Wings
PDT000728692.1,Infantis,PDS000265741.69,2019,from_2016,USA,Chicken Legs
PDT000728693.1,Kentucky,PDS000260145.21,2019,from_2016,USA,Chicken Breasts
PDT000728694.1,Infantis,PDS000265741.69,2019,from_2016,USA,Chicken Breasts
PDT000728695.1,Kentucky,PDS000032530.48,2019,from_2016,USA,Chicken Wings
PDT000728696.1,Infantis,PDS000265741.69,2019,from_2016,USA,Chicken Wings
PDT000728697.1,Kentucky,PDS000032530.48,2019,from_2016,USA,Chicken Wings
PDT000728698.1,Kentucky,PDS000032530.48,2019,from_2016,USA,Chicken Wings
PDT000728699.1,Kentucky,PDS000032530.48,2019,from_2016,USA,Chicken Wings
PDT000728700.1,Reading,PDS000001887.891,2019,from_2016,USA,ground turkey
PDT000728701.1,Kentucky,PDS000029525.26,2019,from_2016,USA,Chicken Wings
PDT000728702.1,Anatum,PDS000032611.138,2019,from_2016,USA,Chicken Wings
PDT000728703.1,Schwarzengrund,PDS000002218.1068,2019,from_2016,USA,Chicken Wings
PDT000728704.1,Senftenberg,PDS000266967.8,2019,from_2016,USA,ground turkey
PDT000728705.1,Kentucky,PDS000272606.2,2019,from_2016,USA,Chicken Breasts
PDT000728706.1,Kentucky,PDS000272606.2,2019,from_2016,USA,Chicken Breasts
PDT000728707.1,Typhimurium,PDS000043981.174,2019,from_2016,USA,Chicken Breasts
PDT000728708.1,Kentucky,PDS000272606.2,2019,from_2016,USA,Chicken Wings
PDT000728709.1,Kentucky,PDS000029448.447,2019,from_2016,USA,Chicken Breasts
PDT000728710.1,Kentucky,PDS000272606.2,2019,from_2016,USA,Chicken Wings
PDT000728711.1,Kentucky,PDS000029448.447,2019,from_2016,USA,Chicken Whole - cut in lab
PDT000728712.1,Kentucky,PDS000029448.447,2019,from_2016,USA,Chicken Breasts
PDT000728713.1,Kentucky,PDS000272606.2,2019,from_2016,USA,Chicken Wings
PDT000728714.1,Braenderup,PDS000030729.7,2019,from_2016,USA,Chicken Whole - cut in lab
PDT000728715.1,Kentucky,PDS000260145.21,2019,from_2016,USA,Chicken Whole - cut in lab
PDT000728716.1,Hadar,PDS000158107.507,2019,from_2016,USA,ground turkey
PDT000728717.1,Infantis,PDS000265741.69,2019,from_2016,USA,Chicken Whole - cut in lab
PDT000728718.1,Kentucky,PDS000054546.7,2019,from_2016,USA,Chicken Whole - cut in lab
PDT000728719.1,Anatum,PDS000032611.138,2019,from_2016,USA,ground turkey
PDT000728720.1,Uganda,PDS000001852.1112,2019,from_2016,USA,ground turkey
PDT000728721.1,Typhimurium,PDS000201938.160,2019,from_2016,USA,ground turkey
PDT000728722.1,Infantis,PDS000265741.69,2019,from_2016,USA,Chicken Legs
PDT000728723.1,Infantis,PDS000265741.69,2019,from_2016,USA,Chicken Wings
PDT000728724.1,Kentucky,PDS000029414.302,2019,from_2016,USA,Chicken Thighs
PDT000728725.1,Kentucky,PDS000112666.285,2019,from_2016,USA,Chicken Whole - cut in lab
PDT000728726.1,Reading,PDS000001887.891,2019,from_2016,USA,ground turkey
PDT000728728.1,Muenchen,PDS000033097.13,2019,from_2016,USA,Chicken Wings
PDT000728730.1,Infantis,PDS000265741.69,2019,from_2016,USA,Chicken Wings
PDT000728731.1,Infantis,PDS000265741.69,2019,from_2016,USA,Chicken Thighs
PDT000728734.1,Hadar,PDS000158107.507,2019,from_2016,USA,ground turkey
PDT000728736.1,Kentucky,PDS000272606.2,2019,from_2016,USA,Chicken Breasts
PDT000728737.1,Ruiru,PDS000053976.4,2019,from_2016,USA,ground turkey
PDT000728739.1,Infantis,PDS000265741.69,2019,from_2016,USA,Chicken Wings
PDT000728740.1,Blockley,PDS000031536.394,2019,from_2016,USA,ground turkey
PDT000728741.1,Kentucky,PDS000032518.77,2019,from_2016,USA,Chicken Breasts
PDT000728742.1,Enteritidis,PDS000030237.1756,2019,from_2016,USA,Chicken Whole - cut in lab
PDT000728743.1,Kentucky,PDS000210843.57,2019,from_2016,USA,Chicken Breasts
PDT000728744.1,Braenderup,PDS000032735.1192,2019,from_2016,USA,Chicken - mixed parts
PDT000728745.1,Kentucky,PDS000217831.57,2019,from_2016,USA,Chicken - mixed parts
PDT000728746.1,Muenchen,PDS000198470.177,2019,from_2016,USA,ground turkey
PDT000728747.2,Reading,PDS000001887.891,2019,from_2016,USA,Chicken Thighs
PDT000728748.1,Reading,PDS000001887.891,2019,from_2016,USA,ground turkey
PDT000728749.1,Reading,PDS000001887.891,2019,from_2016,USA,Ground Turkey (Breasts)
PDT000728750.1,Typhimurium,PDS000081815.149,2019,from_2016,USA,ground turkey
PDT000728751.1,Senftenberg,PDS000158165.18,2019,from_2016,USA,ground turkey
PDT000728752.1,Kentucky,PDS000029414.302,2019,from_2016,USA,Chicken Breasts
PDT000728753.1,Kentucky,PDS000260145.21,2019,from_2016,USA,Chicken - mixed parts
PDT000728754.1,Kentucky,PDS000029414.302,2019,from_2016,USA,Chicken Thighs
PDT000728755.1,Kentucky,PDS000217831.57,2019,from_2016,USA,Chicken Wings
PDT000728756.1,Infantis,PDS000265741.69,2019,from_2016,USA,Chicken Wings
PDT000728757.1,Kentucky,PDS000032825.6,2019,from_2016,USA,Chicken Wings
PDT000728758.1,Infantis,PDS000265741.69,2019,from_2016,USA,Chicken Breasts
PDT000728759.1,Infantis,PDS000265741.69,2019,from_2016,USA,Chicken Legs
PDT000728760.1,Kentucky,PDS000260145.21,2019,from_2016,USA,Chicken Wings
PDT000728761.1,Kentucky,PDS000217831.57,2019,from_2016,USA,Chicken Wings
PDT000728762.1,Uganda,PDS000001852.1112,2019,from_2016,USA,Ground Turkey (patties)
PDT000728763.1,Hadar,PDS000158107.507,2019,from_2016,USA,ground turkey
PDT000728764.1,Hadar,PDS000158107.507,2019,from_2016,USA,ground turkey
PDT000728765.1,Enteritidis,PDS000030237.1756,2019,from_2016,USA,Chicken Legs
PDT000728766.1,Kentucky,PDS000217831.57,2019,from_2016,USA,Chicken Wings
PDT000728767.1,Infantis,PDS000265741.69,2019,from_2016,USA,Chicken Wings
PDT000728768.1,Kentucky,PDS000032530.48,2019,from_2016,USA,Chicken Breasts
PDT000728770.1,Kentucky,PDS000217831.57,2019,from_2016,USA,Chicken Wings
PDT000728772.1,Typhimurium,PDS000217039.37,2019,from_2016,USA,Chicken Wings
PDT000728773.1,Enteritidis,PDS000032669.447,2019,from_2016,USA,Chicken Wings
PDT000728774.1,Kentucky,PDS000217831.57,2019,from_2016,USA,Chicken Wings
PDT000728775.1,Kentucky,PDS000217831.57,2019,from_2016,USA,Chicken Wings
PDT000728776.1,Enteritidis,PDS000065758.2034,2019,from_2016,USA,Chicken Wings
PDT000728777.1,Kentucky,PDS000217831.57,2019,from_2016,USA,Chicken Wings
PDT000728778.1,Enteritidis,PDS000083226.1311,2019,from_2016,USA,Chicken Wings
PDT000728779.1,Typhimurium,PDS000201938.160,2019,from_2016,USA,Chicken Legs
PDT000728780.1,Kentucky,PDS000268663.3,2019,from_2016,USA,Chicken Breasts
PDT000728781.1,Typhimurium,PDS000201938.160,2019,from_2016,USA,ground turkey
PDT000728782.1,Uganda,PDS000001852.1112,2019,from_2016,USA,Ground Turkey (patties)
PDT000728783.1,Schwarzengrund,PDS000027514.524,2019,from_2016,USA,ground turkey
PDT000728784.1,Schwarzengrund,PDS000027514.524,2019,from_2016,USA,ground turkey
PDT000728785.1,Anatum,PDS000028226.224,2019,from_2016,USA,ground turkey
PDT000728786.1,Kentucky,PDS000217831.57,2019,from_2016,USA,Chicken Wings
PDT000728787.1,Infantis,PDS000265741.69,2019,from_2016,USA,Chicken Wings
PDT000728788.1,Infantis,PDS000265741.69,2019,from_2016,USA,Chicken Wings
PDT000728789.1,Typhimurium,PDS000201938.160,2019,from_2016,USA,Chicken Legs
PDT000728790.1,Typhimurium,PDS000201938.160,2019,from_2016,USA,Chicken Legs
PDT000728791.1,Typhimurium,PDS000201938.160,2019,from_2016,USA,Chicken Legs
PDT000728792.1,Typhimurium,PDS000201938.160,2019,from_2016,USA,Chicken Legs
PDT000728793.1,Kentucky,PDS000272606.2,2019,from_2016,USA,Chicken Wings
PDT000728794.1,Kentucky,PDS000272606.2,2019,from_2016,USA,Chicken Wings
PDT000728795.1,Infantis,PDS000265741.69,2019,from_2016,USA,Chicken Wings
PDT000728796.1,Infantis,PDS000265741.69,2019,from_2016,USA,Chicken Wings
PDT000728797.1,Braenderup,PDS000032735.1192,2019,from_2016,USA,Chicken Legs
PDT000728798.1,Senftenberg,PDS000030320.57,2019,from_2016,USA,ground turkey
PDT000728799.1,Saintpaul,PDS000029303.72,2019,from_2016,USA,ground turkey
PDT000728800.1,Typhimurium,PDS000272319.1,2019,from_2016,USA,Chicken Breasts
PDT000728801.1,Kentucky,PDS000029448.447,2019,from_2016,USA,Chicken Breasts
PDT000728803.1,Reading,PDS000001887.891,2019,from_2016,USA,ground turkey
PDT000728804.1,Hadar,PDS000158107.507,2019,from_2016,USA,ground turkey
PDT000729798.1,Schwarzengrund,PDS000032316.11,2004,before_2016,USA,ground turkey
PDT000729799.1,Schwarzengrund,PDS000032316.11,2003,before_2016,USA,ground turkey
PDT000729800.1,Saintpaul,PDS000004383.112,2007,before_2016,USA,ground turkey
PDT000730269.2,Heidelberg,PDS000106159.105,2014,before_2016,USA,ground turkey
PDT000730270.2,Albany,PDS000032516.187,2018,from_2016,USA,ground turkey
PDT000730271.2,Heidelberg,PDS000106159.105,2016,from_2016,USA,ground turkey
PDT000730272.2,Saintpaul,PDS000004383.112,2016,from_2016,USA,ground turkey
PDT000730273.2,Saintpaul,PDS000004383.112,2012,before_2016,USA,ground turkey
PDT000730274.2,Saintpaul,PDS000004383.112,2014,before_2016,USA,ground turkey
PDT000733464.1,Senftenberg,PDS000030320.57,2019,from_2016,USA,ground turkey
PDT000733465.1,Reading,PDS000001887.891,2019,from_2016,USA,ground turkey
PDT000733470.1,Kentucky,PDS000029448.447,2019,from_2016,USA,Chicken breasts
PDT000733473.1,Typhimurium,PDS000081914.324,2019,from_2016,USA,Chicken-mixed parts
PDT000733478.1,Senftenberg,PDS000030320.57,2019,from_2016,USA,ground turkey
PDT000742227.1,Infantis,PDS000032397.289,2018,from_2016,USA,Chicken Wings
PDT000742229.1,Infantis,PDS000265741.69,2019,from_2016,USA,ground turkey
PDT000742231.2,Infantis,PDS000265741.69,2019,from_2016,USA,Chicken Wings
PDT000742232.1,Infantis,PDS000265741.69,2019,from_2016,USA,Chicken Legs
PDT000742233.1,Infantis,PDS000265741.69,2019,from_2016,USA,ground turkey
PDT000742234.1,Infantis,PDS000265741.69,2019,from_2016,USA,ground turkey
PDT000742235.1,Infantis,PDS000265741.69,2019,from_2016,USA,Chicken Breasts
PDT000742236.1,Infantis,PDS000265741.69,2019,from_2016,USA,Chicken Wings
PDT000742237.1,Infantis,PDS000265741.69,2018,from_2016,USA,ground turkey
PDT000742238.1,Infantis,PDS000265741.69,2017,from_2016,USA,ground turkey
PDT000742239.1,Infantis,PDS000265741.69,2017,from_2016,USA,Chicken Breasts
PDT000742240.1,Infantis,PDS000265741.69,2017,from_2016,USA,Chicken thighs
PDT000742241.1,Infantis,PDS000265741.69,2017,from_2016,USA,Chicken Legs
PDT000742242.1,Infantis,PDS000265741.69,2017,from_2016,USA,Chicken Breasts
PDT000742243.1,Infantis,PDS000265741.69,2017,from_2016,USA,ground turkey
PDT000742244.1,Infantis,PDS000265741.69,2017,from_2016,USA,Chicken Breasts
PDT000742246.1,Infantis,PDS000265741.69,2017,from_2016,USA,Chicken Wings
PDT000742247.1,Infantis,PDS000265741.69,2017,from_2016,USA,Chicken thighs
PDT000742248.1,Infantis,PDS000265741.69,2017,from_2016,USA,Chicken Breasts
PDT000742249.1,Infantis,PDS000265741.69,2017,from_2016,USA,ground turkey
PDT000742250.1,Infantis,PDS000265741.69,2017,from_2016,USA,Chicken thighs
PDT000742251.1,Infantis,PDS000265741.69,2017,from_2016,USA,Chicken wings
PDT000742252.1,Infantis,PDS000265741.69,2017,from_2016,USA,ground turkey
PDT000742253.1,Infantis,PDS000265741.69,2016,from_2016,USA,chicken breast
PDT000742254.1,Infantis,PDS000265741.69,2016,from_2016,USA,chicken breast
PDT000742255.1,Infantis,PDS000265741.69,2016,from_2016,USA,chicken breast
PDT000747730.1,Infantis,PDS000265741.69,2019,from_2016,USA,chicken breast
PDT000747737.1,Infantis,PDS000265741.69,2019,from_2016,USA,chicken breast
PDT000747739.1,Reading,PDS000001887.891,2019,from_2016,USA,ground turkey
PDT000749542.1,Schwarzengrund,PDS000027503.484,2019,from_2016,USA,turkey
PDT000752594.2,Infantis,PDS000265741.69,2017,from_2016,USA,Chicken breasts
PDT000772129.1,Kentucky,PDS000272606.2,2019,from_2016,USA,chicken breast
PDT000772130.1,Typhimurium,PDS000043981.174,2019,from_2016,USA,chicken breast
PDT000772131.1,Infantis,PDS000265741.69,2019,from_2016,USA,chicken breast
PDT000772132.1,Heidelberg,PDS000211943.33,2019,from_2016,USA,chicken breast
PDT000772133.1,Schwarzengrund,PDS000027514.524,2019,from_2016,USA,chicken breast
PDT000772134.1,Infantis,PDS000265741.69,2019,from_2016,USA,chicken breast
PDT000772910.1,Enteritidis,PDS000032668.1889,2019,from_2016,USA,chicken breast
PDT000772911.1,Enteritidis,PDS000083226.1311,2019,from_2016,USA,chicken breast
PDT000772912.1,Kentucky,PDS000272606.2,2019,from_2016,USA,chicken breast
PDT000772913.1,4:i:-,PDS000253288.128,2019,from_2016,USA,chicken breast
PDT000774655.1,Infantis,PDS000265741.69,2019,from_2016,USA,turkey
PDT000774781.1,Infantis,PDS000265741.69,2019,from_2016,USA,chicken breast
PDT000774784.3,Infantis,PDS000265741.69,2019,from_2016,USA,chicken breast
PDT000774785.3,Infantis,PDS000265741.69,2019,from_2016,USA,chicken breast
PDT000774786.3,Infantis,PDS000265741.69,2019,from_2016,USA,chicken breast
PDT000784452.1,Infantis,PDS000265741.69,2019,from_2016,USA,chicken whole cut
PDT000784456.1,Reading,PDS000001887.891,2019,from_2016,USA,grount turkey
PDT000784461.1,Kentucky,PDS000210843.57,2019,from_2016,USA,chicken thigh
PDT000803062.1,Enteritidis,PDS000032703.206,2019,from_2016,Mexico,Poultry
PDT000803063.1,Infantis,PDS000265741.69,2019,from_2016,Mexico,Poultry
PDT000803064.1,Mbandaka,PDS000110053.6,2019,from_2016,Mexico,Poultry
PDT000803065.1,Muenchen,PDS000066657.1,2019,from_2016,Mexico,Poultry
PDT000803066.1,Infantis,PDS000265741.69,2019,from_2016,Mexico,Poultry
PDT000803067.1,Thompson,PDS000032705.1749,2019,from_2016,Mexico,Poultry
PDT000803068.1,Albany,PDS000056454.40,2019,from_2016,Mexico,Poultry
PDT000803069.1,Infantis,PDS000265741.69,2019,from_2016,Mexico,Poultry
PDT000803070.1,Braenderup,PDS000076604.1183,2019,from_2016,Mexico,Poultry
PDT000803072.1,Infantis,PDS000265741.69,2019,from_2016,Mexico,Poultry
PDT000803073.1,Muenchen,PDS000066657.1,2019,from_2016,Mexico,Poultry
PDT000803074.1,Typhimurium,PDS000032831.24,2019,from_2016,Mexico,Poultry
PDT000803075.1,Infantis,PDS000265741.69,2019,from_2016,Mexico,Poultry
PDT000803076.1,Albany,PDS000056454.40,2019,from_2016,Mexico,Poultry
PDT000803077.1,Corvallis,PDS000247380.50,2019,from_2016,Mexico,Poultry
PDT000803078.1,Saintpaul,PDS000097513.388,2019,from_2016,Mexico,Poultry
PDT000803079.1,Braenderup,PDS000076604.1183,2019,from_2016,Mexico,Poultry
PDT000803080.1,Muenchen,PDS000006037.35,2019,from_2016,Mexico,Poultry
PDT000803081.1,Kentucky,PDS000210843.57,2019,from_2016,Mexico,Poultry
PDT000803082.1,Infantis,PDS000265741.69,2019,from_2016,Mexico,Poultry
PDT000803083.1,Heidelberg,PDS000029725.224,2019,from_2016,Mexico,Poultry
PDT000803084.1,Infantis,PDS000265741.69,2019,from_2016,Mexico,Poultry
PDT000803086.1,Anatum,PDS000070047.1,2019,from_2016,Mexico,Poultry
PDT000803088.1,Braenderup,PDS000028771.87,2019,from_2016,Mexico,Poultry
PDT000803089.1,Newport,PDS000007781.1475,2019,from_2016,Mexico,Poultry
PDT000803090.1,Braenderup,PDS000032735.1192,2019,from_2016,Mexico,Poultry
PDT000803091.1,Infantis,PDS000265741.69,2019,from_2016,Mexico,Poultry
PDT000803092.1,Agona,PDS000031559.31,2019,from_2016,Mexico,Poultry
PDT000803093.1,Infantis,PDS000265741.69,2019,from_2016,Mexico,Poultry
PDT000803094.1,Saintpaul,PDS000097513.388,2019,from_2016,Mexico,Poultry
PDT000803095.1,Corvallis,PDS000247380.50,2019,from_2016,Mexico,Poultry
PDT000803096.1,Braenderup,PDS000076604.1183,2019,from_2016,Mexico,Poultry
PDT000803097.1,Infantis,PDS000028897.71,2019,from_2016,Mexico,Poultry
PDT000803098.1,Infantis,PDS000060277.17,2019,from_2016,Mexico,Poultry
PDT000803099.1,Infantis,PDS000265741.69,2019,from_2016,Mexico,Poultry
PDT000803100.1,Braenderup,PDS000028771.87,2019,from_2016,Mexico,Poultry
PDT000803101.1,Albany,PDS000056454.40,2019,from_2016,Mexico,Poultry
PDT000803102.1,Enteritidis,PDS000004723.1526,2019,from_2016,Mexico,Poultry
PDT000803104.1,Infantis,PDS000029125.39,2019,from_2016,Mexico,Poultry
PDT000803105.1,Infantis,PDS000265741.69,2019,from_2016,Mexico,Poultry
PDT000803106.1,Infantis,PDS000265741.69,2019,from_2016,Mexico,Poultry
PDT000803107.1,Braenderup,PDS000046588.3,2019,from_2016,Mexico,Poultry
PDT000803108.1,Anatum,PDS000029668.3,2019,from_2016,Mexico,Poultry
PDT000803109.1,Infantis,PDS000265741.69,2019,from_2016,Mexico,Poultry
PDT000803110.1,Braenderup,PDS000076604.1183,2019,from_2016,Mexico,Poultry
PDT000803111.1,Infantis,PDS000265741.69,2019,from_2016,Mexico,Poultry
PDT000808891.1,Hadar,PDS000066941.9,2019,from_2016,Mexico,Poultry
PDT000808892.1,Enteritidis,PDS000032703.206,2019,from_2016,Mexico,Poultry
PDT000808893.1,Hadar,PDS000158107.507,2019,from_2016,Mexico,Poultry
PDT000808894.1,Infantis,PDS000038639.52,2019,from_2016,Mexico,Poultry
PDT000808895.1,Schwarzengrund,PDS000037403.46,2019,from_2016,Mexico,Poultry
PDT000808896.1,Infantis,PDS000265741.69,2019,from_2016,Mexico,Poultry
PDT000808897.1,Braenderup,PDS000028771.87,2019,from_2016,Mexico,Poultry
PDT000808898.1,Infantis,PDS000265741.69,2019,from_2016,Mexico,Poultry
PDT000808899.1,Corvallis,PDS000247380.50,2019,from_2016,Mexico,Poultry
PDT000808900.1,Braenderup,PDS000028771.87,2019,from_2016,Mexico,Poultry
PDT000808901.1,Infantis,PDS000265741.69,2019,from_2016,Mexico,Poultry
PDT000808902.1,Braenderup,PDS000076604.1183,2019,from_2016,Mexico,Poultry
PDT000808903.1,Infantis,PDS000265741.69,2019,from_2016,Mexico,Poultry
PDT000808904.1,Infantis,PDS000265741.69,2019,from_2016,Mexico,Poultry
PDT000808905.1,Braenderup,PDS000028771.87,2019,from_2016,Mexico,Poultry
PDT000808906.1,Schwarzengrund,PDS000037403.46,2019,from_2016,Mexico,Poultry
PDT000808907.1,Saintpaul,PDS000032614.291,2019,from_2016,Mexico,Poultry
PDT000808908.1,Saintpaul,PDS000032614.291,2019,from_2016,Mexico,Poultry
PDT000808909.1,Anatum,PDS000031000.5,2019,from_2016,Mexico,Poultry
PDT000808910.1,Anatum,PDS000029668.3,2019,from_2016,Mexico,Poultry
PDT000808911.1,Infantis,PDS000019373.92,2019,from_2016,Mexico,Poultry
PDT000808912.1,Enteritidis,PDS000026885.117,2019,from_2016,Mexico,Poultry
PDT000808913.1,Montevideo,PDS000028181.67,2019,from_2016,Mexico,Poultry
PDT000808914.1,Montevideo,PDS000220816.178,2019,from_2016,Mexico,Poultry
PDT000808915.1,Anatum,PDS000028259.15,2019,from_2016,Mexico,Poultry
PDT000808916.1,Braenderup,PDS000076604.1183,2019,from_2016,Mexico,Poultry
PDT000808917.1,Infantis,PDS000038639.52,2019,from_2016,Mexico,Poultry
PDT000808919.1,Senftenberg,PDS000066945.5,2019,from_2016,Mexico,Poultry
PDT000808920.1,Infantis,PDS000265741.69,2019,from_2016,Mexico,Poultry
PDT000808921.1,Infantis,PDS000265741.69,2019,from_2016,Mexico,Poultry
PDT000808922.1,Enteritidis,PDS000032706.169,2019,from_2016,Mexico,Poultry
PDT000808923.1,Enteritidis,PDS000032706.169,2019,from_2016,Mexico,Poultry
PDT000808924.1,Infantis,PDS000038639.52,2019,from_2016,Mexico,Poultry
PDT000808925.1,Kentucky,PDS000272606.2,2019,from_2016,Mexico,Poultry
PDT000808926.1,Enteritidis,PDS000004723.1526,2019,from_2016,Mexico,Poultry
PDT000808927.1,Infantis,PDS000265741.69,2019,from_2016,Mexico,Poultry
PDT000808929.1,Braenderup,PDS000076604.1183,2019,from_2016,Mexico,Poultry
PDT000808931.1,Infantis,PDS000265741.69,2019,from_2016,Mexico,Poultry
PDT000808932.1,Infantis,PDS000265741.69,2019,from_2016,Mexico,Poultry
PDT000808933.1,Infantis,PDS000028897.71,2019,from_2016,Mexico,Poultry
PDT000808934.1,Infantis,PDS000265741.69,2019,from_2016,Mexico,Poultry
PDT000808935.1,Infantis,PDS000265741.69,2019,from_2016,Mexico,Poultry
PDT000808936.1,Albany,PDS000118523.27,2019,from_2016,Mexico,Poultry
PDT000808937.1,Infantis,PDS000265741.69,2019,from_2016,Mexico,Poultry
PDT000808938.1,Infantis,PDS000028897.71,2019,from_2016,Mexico,Poultry
PDT000808939.3,Senftenberg,PDS000066945.5,2019,from_2016,Mexico,Poultry
PDT000808940.1,Albany,PDS000056454.40,2019,from_2016,Mexico,Poultry
PDT000816376.1,Kentucky,PDS000070050.1,2019,from_2016,Mexico,Poultry
PDT000816382.1,Infantis,PDS000038639.52,2019,from_2016,Mexico,Poultry
PDT000816383.1,Enteritidis,PDS000026885.117,2019,from_2016,Mexico,Poultry
PDT000816384.1,Braenderup,PDS000076604.1183,2019,from_2016,Mexico,Poultry
PDT000816385.1,Agona,PDS000070045.3,2019,from_2016,Mexico,Poultry
PDT000816386.1,Infantis,PDS000265741.69,2019,from_2016,Mexico,Poultry
PDT000816387.1,Infantis,PDS000028897.71,2019,from_2016,Mexico,Poultry
PDT000816388.1,Infantis,PDS000265741.69,2019,from_2016,Mexico,Poultry
PDT000816389.1,Infantis,PDS000038639.52,2019,from_2016,Mexico,Poultry
PDT000816390.1,Infantis,PDS000028897.71,2019,from_2016,Mexico,Poultry
PDT000816392.1,Anatum,PDS000031000.5,2019,from_2016,Mexico,Poultry
PDT000816393.1,Braenderup,PDS000028771.87,2019,from_2016,Mexico,Poultry
PDT000816394.1,Braenderup,PDS000028771.87,2019,from_2016,Mexico,Poultry
PDT000816395.1,Infantis,PDS000060277.17,2019,from_2016,Mexico,Poultry
PDT000816396.1,Agona,PDS000016289.43,2019,from_2016,Mexico,Poultry
PDT000816397.1,Infantis,PDS000060277.17,2019,from_2016,Mexico,Poultry
PDT000816398.1,Infantis,PDS000019373.92,2019,from_2016,Mexico,Poultry
PDT000816399.1,Anatum,PDS000070047.1,2019,from_2016,Mexico,Poultry
PDT000816400.1,Anatum,PDS000070049.5,2019,from_2016,Mexico,Poultry
PDT000816401.1,Anatum,PDS000070046.3,2019,from_2016,Mexico,Poultry
PDT000816403.1,Infantis,PDS000265741.69,2019,from_2016,Mexico,Poultry
PDT000816404.1,Bredeney,PDS000056445.8,2019,from_2016,Mexico,Poultry
PDT000816405.1,Heidelberg,PDS000029725.224,2019,from_2016,Mexico,Poultry
PDT000816406.1,Enteritidis,PDS000032706.169,2019,from_2016,Mexico,Poultry
PDT000816407.1,Infantis,PDS000028897.71,2019,from_2016,Mexico,Poultry
PDT000816408.1,Infantis,PDS000265741.69,2019,from_2016,Mexico,Poultry
PDT000816409.1,Anatum,PDS000070049.5,2019,from_2016,Mexico,Poultry
PDT000816410.1,Infantis,PDS000265741.69,2019,from_2016,Mexico,Poultry
PDT000816411.1,Enteritidis,PDS000026865.974,2019,from_2016,Mexico,Poultry
PDT000816414.1,Infantis,PDS000265741.69,2019,from_2016,Mexico,Poultry
PDT000816415.1,Braenderup,PDS000076604.1183,2019,from_2016,Mexico,Poultry
PDT000816416.1,Braenderup,PDS000076604.1183,2019,from_2016,Mexico,Poultry
PDT000816417.1,Infantis,PDS000028897.71,2019,from_2016,Mexico,Poultry
PDT000816418.1,Infantis,PDS000265741.69,2019,from_2016,Mexico,Poultry
PDT000816419.1,Enteritidis,PDS000038669.178,2019,from_2016,Mexico,Poultry
PDT000816420.1,Infantis,PDS000265741.69,2019,from_2016,Mexico,Poultry
PDT000816421.1,Infantis,PDS000028897.71,2019,from_2016,Mexico,Poultry
PDT000816422.1,Anatum,PDS000070049.5,2019,from_2016,Mexico,Poultry
PDT000816423.1,Braenderup,PDS000028771.87,2019,from_2016,Mexico,Poultry
PDT000843308.1,Ruiru,PDS000053976.4,2019,from_2016,USA,ground turkey
PDT000843309.1,Kentucky,PDS000217831.57,2019,from_2016,USA,Chicken Legs
PDT000843310.1,Kentucky,PDS000260145.21,2019,from_2016,USA,Chicken Breasts
PDT000843312.1,Hadar,PDS000158107.507,2019,from_2016,USA,ground turkey
PDT000843313.1,Alachua,PDS000015476.299,2019,from_2016,USA,Chicken Wings
PDT000843314.1,Kentucky,PDS000029414.302,2019,from_2016,USA,Chicken Breasts
PDT000843315.1,Infantis,PDS000184419.56,2019,from_2016,USA,Chicken Wings
PDT000843316.1,Infantis,PDS000265741.69,2019,from_2016,USA,Chicken Thighs
PDT000843317.1,Enteritidis,PDS000065758.2034,2019,from_2016,USA,Chicken Wings
PDT000843318.1,Typhimurium,PDS000272319.1,2019,from_2016,USA,Chicken Wings
PDT000843319.1,Infantis,PDS000265741.69,2019,from_2016,USA,Chicken Legs
PDT000843321.1,Reading,PDS000001887.891,2019,from_2016,USA,ground turkey
PDT000843322.1,Schwarzengrund,PDS000027514.524,2019,from_2016,USA,ground turkey
PDT000843323.1,Schwarzengrund,PDS000027503.484,2019,from_2016,USA,ground turkey
PDT000843324.1,Infantis,PDS000265741.69,2019,from_2016,USA,Chicken Thighs
PDT000843325.1,Typhimurium,PDS000272319.1,2019,from_2016,USA,Chicken Thighs
PDT000843329.1,Kentucky,PDS000260145.21,2019,from_2016,USA,Chicken Wings
PDT000843333.1,Schwarzengrund,PDS000027503.484,2019,from_2016,USA,ground turkey
PDT000843334.1,Enteritidis,PDS000030237.1756,2019,from_2016,USA,Chicken Wings
PDT000843335.1,Kentucky,PDS000029414.302,2019,from_2016,USA,Chicken Wings
PDT000843336.1,Uganda,PDS000001852.1112,2019,from_2016,USA,Chicken Whole - cut in lab
PDT000843337.1,Kentucky,PDS000272606.2,2019,from_2016,USA,Chicken Whole - cut in lab
PDT000843338.1,Kentucky,PDS000272606.2,2019,from_2016,USA,Chicken Whole - cut in lab
PDT000843339.1,Typhimurium,PDS000272319.1,2019,from_2016,USA,Chicken Breasts
PDT000843340.1,Reading,PDS000001887.891,2019,from_2016,USA,ground turkey
PDT000843341.1,Kentucky,PDS000272606.2,2019,from_2016,USA,Chicken Whole - cut in lab
PDT000843342.1,Alachua,PDS000015476.299,2019,from_2016,USA,Chicken Whole - cut in lab
PDT000843343.1,Alachua,PDS000015476.299,2019,from_2016,USA,Chicken whole-cut in lab
PDT000843344.1,Reading,PDS000001887.891,2019,from_2016,USA,ground turkey
PDT000843346.1,Infantis,PDS000265741.69,2019,from_2016,USA,Chicken Wings
PDT000843347.1,Newport,PDS000002495.475,2019,from_2016,USA,ground turkey
PDT000843348.1,Schwarzengrund,PDS000027503.484,2019,from_2016,USA,ground turkey
PDT000843349.1,Schwarzengrund,PDS000027503.484,2019,from_2016,USA,ground turkey
PDT000843350.1,Enteritidis,PDS000065758.2034,2019,from_2016,USA,Chicken Thighs
PDT000843351.1,Hadar,PDS000158107.507,2019,from_2016,USA,ground turkey
PDT000843352.1,Kentucky,PDS000272606.2,2019,from_2016,USA,Chicken Breasts
PDT000843353.1,Kentucky,PDS000048549.2,2019,from_2016,USA,Chicken Whole - cut in lab
PDT000843354.1,Typhimurium,PDS000026718.22,2019,from_2016,USA,Chicken - Mixed Parts
PDT000843355.1,London,PDS000003693.389,2019,from_2016,USA,Chicken Breasts
PDT000843356.1,Kentucky,PDS000030160.4,2019,from_2016,USA,Chicken Whole - cut in lab
PDT000843357.1,Typhimurium,PDS000201938.160,2019,from_2016,USA,Chicken Breasts
PDT000843358.1,Kentucky,PDS000272606.2,2019,from_2016,USA,Chicken Breasts
PDT000843359.1,Typhimurium,PDS000013882.421,2019,from_2016,USA,ground turkey
PDT000843360.1,Braenderup,PDS000076604.1183,2019,from_2016,USA,Chicken Whole - cut in lab
PDT000843361.1,Infantis,PDS000265741.69,2019,from_2016,USA,Chicken Breasts
PDT000843362.1,Reading,PDS000001887.891,2019,from_2016,USA,ground turkey
PDT000843364.1,Infantis,PDS000265741.69,2019,from_2016,USA,Chicken Legs
PDT000843365.1,Reading,PDS000001887.891,2019,from_2016,USA,ground turkey
PDT000843366.1,Newport,PDS000002495.475,2019,from_2016,USA,ground turkey
PDT000843367.1,Newport,PDS000002495.475,2019,from_2016,USA,ground turkey
PDT000843368.1,Reading,PDS000001887.891,2019,from_2016,USA,Chicken Thighs
PDT000843369.1,Reading,PDS000001887.891,2019,from_2016,USA,Chicken Thighs
PDT000843370.1,Kentucky,PDS000029448.447,2019,from_2016,USA,Chicken Whole - cut in lab
PDT000843371.1,Kentucky,PDS000029448.447,2019,from_2016,USA,Chicken Wings
PDT000843372.1,Enteritidis,PDS000032668.1889,2019,from_2016,USA,Chicken Wings
PDT000843373.1,Kentucky,PDS000217831.57,2019,from_2016,USA,Chicken Wings
PDT000843374.1,Schwarzengrund,PDS000002218.1068,2019,from_2016,USA,Chicken Wings
PDT000843375.1,Kentucky,PDS000260145.21,2019,from_2016,USA,Chicken Wings
PDT000843378.1,Kentucky,PDS000272606.2,2019,from_2016,USA,Chicken Breasts
PDT000843379.1,Kentucky,PDS000260145.21,2019,from_2016,USA,Chicken Whole - cut in lab
PDT000843380.1,Kentucky,PDS000029448.447,2019,from_2016,USA,Chicken Wings
PDT000843381.1,Kentucky,PDS000272606.2,2019,from_2016,USA,Chicken Whole - cut in lab
PDT000843382.1,Kentucky,PDS000272606.2,2019,from_2016,USA,Chicken Whole - cut in lab
PDT000843384.1,Infantis,PDS000265741.69,2019,from_2016,USA,Chicken Drums
PDT000843386.1,Agona,PDS000028937.135,2019,from_2016,USA,ground turkey
PDT000843390.1,Infantis,PDS000265741.69,2019,from_2016,USA,Chicken Wings
PDT000843391.1,Schwarzengrund,PDS000002218.1068,2019,from_2016,USA,Chicken Breasts
PDT000843392.1,Kentucky,PDS000032514.177,2019,from_2016,USA,Chicken Whole - cut in lab
PDT000843393.1,Enteritidis,PDS000030237.1756,2019,from_2016,USA,Chicken - Mixed Parts
PDT000843394.1,Anatum,PDS000028226.224,2019,from_2016,USA,ground turkey
PDT000843395.1,Typhimurium,PDS000180814.35,2019,from_2016,USA,Chicken Wings
PDT000843396.1,Reading,PDS000001887.891,2019,from_2016,USA,ground turkey
PDT000843397.1,Enteritidis,PDS000083226.1311,2019,from_2016,USA,Chicken Legs
PDT000843398.1,Kentucky,PDS000272606.2,2019,from_2016,USA,Chicken Wings
PDT000843400.1,Schwarzengrund,PDS000027514.524,2019,from_2016,USA,ground turkey
PDT000843401.1,Kentucky,PDS000272606.2,2019,from_2016,USA,Chicken Legs
PDT000843402.1,Schwarzengrund,PDS000027503.484,2019,from_2016,USA,Chicken Breasts
PDT000843403.1,Infantis,PDS000265741.69,2019,from_2016,USA,Chicken Breasts
PDT000843404.1,Kentucky,PDS000217831.57,2019,from_2016,USA,Chicken Wings
PDT000843405.1,Typhimurium,PDS000081815.149,2019,from_2016,USA,ground turkey
PDT000843406.1,Infantis,PDS000265741.69,2019,from_2016,USA,Chicken Wings
PDT000843408.1,Anatum,PDS000028226.224,2019,from_2016,USA,ground turkey
PDT000843409.1,Enteritidis,PDS000065758.2034,2019,from_2016,USA,Chicken Thighs
PDT000843410.1,Infantis,PDS000265741.69,2019,from_2016,USA,Chicken Legs
PDT000843411.1,Infantis,PDS000265741.69,2019,from_2016,USA,Chicken Breasts
PDT000843412.1,Senftenberg,PDS000030320.57,2019,from_2016,USA,ground turkey
PDT000843413.1,Enteritidis,PDS000065758.2034,2019,from_2016,USA,Chicken Legs
PDT000843414.1,Kentucky,PDS000032530.48,2019,from_2016,USA,Chicken Breasts
PDT000843415.1,Kentucky,PDS000032520.50,2019,from_2016,USA,Chicken Thighs
PDT000843416.1,Kentucky,PDS000260145.21,2019,from_2016,USA,Chicken Breasts
PDT000843417.1,Kentucky,PDS000260145.21,2019,from_2016,USA,Chicken Whole - cut in lab
PDT000843418.1,Typhimurium,PDS000272319.1,2019,from_2016,USA,Chicken Wings
PDT000843419.1,Kentucky,PDS000112666.285,2019,from_2016,USA,Chicken Wings
PDT000843420.1,Agona,PDS000050977.153,2019,from_2016,USA,Chicken Legs
PDT000843421.1,Kentucky,PDS000032518.77,2019,from_2016,USA,Chicken Wings
PDT000843423.1,Schwarzengrund,PDS000027537.79,2019,from_2016,USA,Ground Turkey (Breasts)
PDT000843424.1,Kentucky,PDS000032518.77,2019,from_2016,USA,Chicken Wings
PDT000843425.1,Infantis,PDS000027076.971,2019,from_2016,USA,Chicken Wings
PDT000863237.1,Agona,PDS000214890.285,2019,from_2016,USA,ground turkey
PDT000863238.1,Agona,PDS000028937.135,2019,from_2016,USA,ground turkey
PDT000863239.1,Typhimurium,PDS000002218.1068,2019,from_2016,USA,Chicken Breasts
PDT000863240.1,Infantis,PDS000265741.69,2019,from_2016,USA,Chicken Wings
PDT000863241.1,4:i:-,PDS000201938.160,2019,from_2016,USA,ground turkey
PDT000863242.1,Kentucky,PDS000029414.302,2019,from_2016,USA,Chicken Breasts
PDT000863243.1,Ruiru,PDS000053976.4,2019,from_2016,USA,ground turkey
PDT000863244.1,Infantis,PDS000265741.69,2019,from_2016,USA,Chicken Legs
PDT000863245.1,Infantis,PDS000265741.69,2019,from_2016,USA,Chicken Breasts
PDT000863246.1,Kentucky,PDS000029448.447,2019,from_2016,USA,Chicken Breasts
PDT000863247.1,Kentucky,PDS000054546.7,2019,from_2016,USA,Chicken Breasts
PDT000863248.1,Typhimurium,PDS000073721.1,2019,from_2016,USA,ground turkey
PDT000863249.1,Infantis,PDS000265741.69,2019,from_2016,USA,Chicken Wings
PDT000863250.1,4:i:-,PDS000253288.128,2019,from_2016,USA,ground turkey
PDT000863251.1,Infantis,PDS000265741.69,2019,from_2016,USA,Chicken Wings
PDT000863253.1,Infantis,PDS000265741.69,2019,from_2016,USA,Chicken Wings
PDT000863255.1,Kentucky,PDS000029448.447,2019,from_2016,USA,Chicken Wings
PDT000863256.1,Reading,PDS000001887.891,2019,from_2016,USA,ground turkey
PDT000863257.1,Infantis,PDS000265741.69,2019,from_2016,USA,Chicken Legs
PDT000863258.1,Infantis,PDS000265741.69,2019,from_2016,USA,Chicken Wings
PDT000863259.1,4:i:-,PDS000026778.7,2019,from_2016,USA,Chicken Wings
PDT000863260.1,Enteritidis,PDS000032669.447,2019,from_2016,USA,Chicken Thighs
PDT000863262.1,Braenderup,PDS000076604.1183,2019,from_2016,USA,Chicken Wings
PDT000863263.1,"-:r:1,5",PDS000265741.69,2019,from_2016,USA,ground turkey
PDT000863264.1,Schwarzengrund,PDS000027514.524,2019,from_2016,USA,ground turkey
PDT000863265.1,Reading,PDS000001887.891,2019,from_2016,USA,ground turkey
PDT000863266.1,4:i:-,PDS000273036.3,2019,from_2016,USA,Chicken Whole-Cut In Lab
PDT000863267.1,4:i:-,PDS000026775.53,2019,from_2016,USA,Chicken Thighs
PDT000863268.1,"3,10:e,h:-",PDS000028226.224,2019,from_2016,USA,ground turkey
PDT000863269.1,4:i:-,PDS000253288.128,2019,from_2016,USA,Chicken-Mixed Parts
PDT000863271.1,Kentucky,PDS000029525.26,2019,from_2016,USA,Chicken Breasts
PDT000863272.1,4:i:-,PDS000253288.128,2019,from_2016,USA,ground turkey
PDT000863273.1,Infantis,PDS000265741.69,2019,from_2016,USA,Chicken Wings
PDT000863275.1,9:z29:-,PDS000032682.63,2019,from_2016,USA,ground turkey
PDT000863276.1,Enteritidis,PDS000030237.1756,2019,from_2016,USA,Chicken Legs
PDT000863277.1,4:i:-,PDS000273036.3,2019,from_2016,USA,Chicken Breasts
PDT000863278.1,4:i:-,PDS000253288.128,2019,from_2016,USA,Chicken Legs
PDT000863279.1,4:i:-,PDS000201938.160,2019,from_2016,USA,Chicken Breasts
PDT000863280.1,Reading,PDS000001887.891,2019,from_2016,USA,ground turkey
PDT000863281.1,Anatum,PDS000028226.224,2019,from_2016,USA,ground turkey
PDT000863282.1,Schwarzengrund,PDS000027503.484,2019,from_2016,USA,ground turkey
PDT000863283.1,"4,12:d:-",PDS000001682.46,2019,from_2016,USA,ground turkey
PDT000863284.1,Reading,PDS000001887.891,2019,from_2016,USA,ground turkey
PDT000863285.1,Infantis,PDS000265741.69,2019,from_2016,USA,Chicken Legs
PDT000863286.1,Kentucky,PDS000029414.302,2019,from_2016,USA,Chicken Breasts
PDT000863287.1,Enteritidis,PDS000030237.1756,2019,from_2016,USA,Chicken Breasts
PDT000863288.1,Typhimurium,PDS000180814.35,2019,from_2016,USA,Chicken Legs
PDT000863289.1,"-:r:1,5",PDS000265741.69,2019,from_2016,USA,Chicken Wings
PDT000863290.1,4:i:-,PDS000273036.3,2019,from_2016,USA,ground turkey
PDT000863291.1,4:i:-,PDS000253285.29,2019,from_2016,USA,Chicken Breasts
PDT000863292.1,Kentucky,PDS000260145.21,2019,from_2016,USA,Chicken Breasts
PDT000863293.1,"3,10:e,h:-",PDS000028226.224,2019,from_2016,USA,ground turkey
PDT000863294.1,Enteritidis,PDS000065758.2034,2019,from_2016,USA,ground turkey
PDT000863295.1,Reading,PDS000032520.50,2019,from_2016,USA,Chicken Breasts
PDT000863296.1,Kentucky,PDS000001887.891,2019,from_2016,USA,ground turkey
PDT000863297.1,Infantis,PDS000260145.21,2019,from_2016,USA,Chicken Wings
PDT000863298.1,Kentucky,PDS000001887.891,2019,from_2016,USA,ground turkey
PDT000863301.1,4:i:-,PDS000273036.3,2019,from_2016,USA,ground turkey
PDT000863302.1,4:i:-,PDS000253288.128,2019,from_2016,USA,ground turkey
PDT000863303.1,Typhimurium,PDS000272319.1,2019,from_2016,USA,Chicken Breasts
PDT000863304.1,Typhimurium,PDS000013874.535,2019,from_2016,USA,ground turkey
PDT000863305.1,Enteritidis,PDS000030237.1756,2019,from_2016,USA,Chicken Drums
PDT000863306.1,Johannesburg,PDS000026990.108,2019,from_2016,USA,Chicken Breasts
PDT000978044.1,Senftenberg,PDS000045773.143,2021,from_2016,USA,ground turkey
PDT000978045.1,Uganda,PDS000032449.330,2021,from_2016,USA,ground turkey
PDT000978046.1,Kentucky,PDS000029414.302,2021,from_2016,USA,CHICKEN LIVER
PDT000978047.1,Albany,PDS000032516.187,2021,from_2016,USA,ground turkey
PDT000978048.1,Infantis,PDS000265741.69,2021,from_2016,USA,CHICKEN HEART
PDT000986568.1,Kentucky,PDS000029414.302,2021,from_2016,USA,chicken
PDT000986569.1,Infantis,PDS000265741.69,2021,from_2016,USA,chicken
PDT000986570.1,Muenchen,PDS000198470.177,2021,from_2016,USA,ground turkey
PDT000986571.1,Typhimurium,PDS000180814.35,2021,from_2016,USA,chicken
PDT000986572.1,Enteritidis,PDS000065758.2034,2021,from_2016,USA,chicken
PDT000986573.1,Typhimurium,PDS000201938.160,2021,from_2016,USA,ground turkey
PDT001011781.1,Montevideo,PDS000007724.21,2021,from_2016,USA,chicken
PDT001011782.1,Typhimurium,PDS000081914.324,2021,from_2016,USA,chicken
PDT001011783.1,Hadar,PDS000158107.507,2021,from_2016,USA,turkey
PDT001011784.1,Infantis,PDS000265741.69,2021,from_2016,USA,chicken
PDT001011785.1,Infantis,PDS000265741.69,2021,from_2016,USA,chicken
PDT001016637.1,Enteritidis,PDS000065758.2034,2021,from_2016,USA,chicken
PDT001024595.1,Kentucky,PDS000212473.30,2021,from_2016,USA,CHICKEN GIZZARD
PDT001024596.1,Typhimurium,PDS000180814.35,2021,from_2016,USA,CHICKEN HEART
PDT001024597.1,Kentucky,PDS000217831.57,2021,from_2016,USA,chicken
PDT001024598.1,Typhimurium,PDS000180814.35,2021,from_2016,USA,chicken
PDT001024599.1,Infantis,PDS000265741.69,2021,from_2016,USA,chicken
PDT001035746.1,Uganda,PDS000001852.1112,2019,from_2016,USA,ground turkey
PDT001048825.1,Reading,PDS000001887.891,2019,from_2016,USA,ground turkey
PDT001048845.1,Infantis,PDS000265741.69,2019,from_2016,USA,Chicken Breasts
PDT001048847.1,Enteritidis,PDS000030237.1756,2019,from_2016,USA,Chicken Thighs
PDT001048867.1,Alachua,PDS000029517.8,2019,from_2016,USA,ground turkey
PDT001048871.1,Kentucky,PDS000029437.273,2019,from_2016,USA,Chicken Thighs
PDT001058942.1,Infantis,PDS000265741.69,2021,from_2016,USA,chicken
PDT001058984.1,Hadar,PDS000158107.507,2021,from_2016,USA,turkey
PDT001058988.1,Infantis,PDS000265741.69,2021,from_2016,USA,chicken
PDT001058999.1,Uganda,PDS000032449.330,2021,from_2016,USA,ground turkey
PDT001059084.1,Infantis,PDS000265741.69,2021,from_2016,USA,chicken
PDT001091140.1,Infantis,PDS000265741.69,2021,from_2016,USA,chicken
PDT001091141.1,Enteritidis,PDS000065758.2034,2021,from_2016,USA,ground turkey
PDT001128227.2,Typhimurium var. 5-,PDS000026716.8,2016,from_2016,USA,chicken breast
PDT001128228.2,Heidelberg,PDS000211943.33,2016,from_2016,USA,Chicken Legs
PDT001128229.2,Reading,PDS000001887.891,2016,from_2016,USA,ground turkey
PDT001128230.2,Kentucky,PDS000260145.21,2016,from_2016,USA,Chicken Wings
PDT001128266.2,Typhimurium var. 5-,PDS000180814.35,2016,from_2016,USA,chicken breast
PDT001128267.2,Typhimurium var. 5-,PDS000180814.35,2016,from_2016,USA,chicken breast
PDT001128269.2,"4,[5],12:i:-",PDS000273036.3,2016,from_2016,USA,ground turkey
PDT001128271.2,Kentucky,PDS000260145.21,2016,from_2016,USA,chicken breast
PDT001128272.2,Heidelberg,PDS000029747.12,2016,from_2016,USA,Chicken Legs
PDT001128283.2,Agona,PDS000238489.56,2018,from_2016,USA,ground turkey
PDT001128284.2,"4,[5],12:i:-",PDS000106159.105,2018,from_2016,USA,ground turkey
PDT001128285.2,London,PDS000030441.35,2017,from_2016,USA,ground turkey
PDT001128288.2,Heidelberg,PDS000106159.105,2017,from_2016,USA,ground turkey
PDT001128289.2,Reading,PDS000001887.891,2017,from_2016,USA,ground turkey
PDT001128290.2,"4,[5],12:i:-",PDS000106159.105,2017,from_2016,USA,ground turkey
PDT001128291.2,Typhimurium,PDS000201938.160,2018,from_2016,USA,Chicken Legs
PDT001128292.2,"4,[5],12:i:-",PDS000253285.29,2018,from_2016,USA,ground turkey
PDT001128293.2,Senftenberg,PDS000031936.30,2018,from_2016,USA,ground turkey
PDT001128294.2,Kiambu,PDS000028160.5,2018,from_2016,USA,ground turkey
PDT001128295.2,Typhimurium,PDS000201938.160,2018,from_2016,USA,Chicken Breasts
PDT001128296.2,Kentucky,PDS000032568.40,2018,from_2016,USA,Ground Turkey (Breasts)
PDT001128297.2,Typhimurium,PDS000201938.160,2018,from_2016,USA,ground turkey
PDT001128298.2,Typhimurium,PDS000026720.161,2018,from_2016,USA,Chicken Legs
PDT001128300.2,Muenchen,PDS000238489.56,2018,from_2016,USA,ground turkey
PDT001128301.2,Kentucky,PDS000029414.302,2018,from_2016,USA,Chicken Wings
PDT001128304.2,Kentucky,PDS000029437.273,2018,from_2016,USA,Chicken Wings
PDT001128305.2,Reading,PDS000001887.891,2018,from_2016,USA,ground turkey
PDT001128307.2,Kentucky,PDS000029414.302,2017,from_2016,USA,Chicken thighs
PDT001128309.2,"4,[5],12:i:-",PDS000268664.21,2017,from_2016,USA,ground turkey
PDT001128310.2,Hadar,PDS000158106.134,2017,from_2016,USA,ground turkey
PDT001128311.2,Berta,PDS000095863.2,2017,from_2016,USA,ground turkey
PDT001128312.2,Enteritidis,PDS000030237.1756,2017,from_2016,USA,Chicken thighs
PDT001128313.2,Enteritidis,PDS000065765.268,2017,from_2016,USA,Chicken mixed parts
PDT001128314.2,Berta,PDS000026549.1050,2017,from_2016,USA,ground turkey
PDT001128315.2,Muenchen,PDS000198470.177,2017,from_2016,USA,ground turkey
PDT001128316.2,Albany,PDS000032516.187,2018,from_2016,USA,ground turkey
PDT001128318.2,Typhimurium,PDS000201938.160,2018,from_2016,USA,Chicken Breasts
PDT001128319.2,Typhimurium,PDS000180814.35,2018,from_2016,USA,Chicken Breasts
PDT001128320.2,Hadar,PDS000158107.507,2018,from_2016,USA,ground turkey
PDT001128321.2,Kentucky,PDS000260145.21,2018,from_2016,USA,Chicken Thighs
PDT001128322.2,Schwarzengrund,PDS000027503.484,2018,from_2016,USA,ground turkey
PDT001128324.2,Hadar,PDS000158107.507,2018,from_2016,USA,ground turkey
PDT001128325.2,Typhimurium,PDS000180814.35,2018,from_2016,USA,Chicken Legs
PDT001128327.2,Typhimurium,PDS000272319.1,2018,from_2016,USA,Chicken Mixed Parts
PDT001128328.2,Typhimurium,PDS000201938.160,2018,from_2016,USA,Chicken Wings
PDT001128329.2,Kentucky,PDS000260145.21,2018,from_2016,USA,Chicken Breasts
PDT001129117.1,Infantis,PDS000265741.69,2021,from_2016,USA,chicken
PDT001129118.1,Enteritidis,PDS000065758.2034,2021,from_2016,USA,chicken
PDT001129122.1,Hadar,PDS000158107.507,2021,from_2016,USA,turkey
PDT001129123.1,Kentucky,PDS000030463.41,2021,from_2016,USA,chicken
PDT001129128.1,Kentucky,PDS000212473.30,2021,from_2016,USA,chicken
PDT001129129.1,Kentucky,PDS000217831.57,2021,from_2016,USA,chicken
PDT001129131.1,Typhimurium,PDS000046055.3,2021,from_2016,USA,ground turkey
PDT001132872.1,Alachua,PDS000030903.20,2016,from_2016,USA,ground turkey
PDT001132874.1,"4,[5],12:i:-",PDS000268664.21,2017,from_2016,USA,ground turkey
PDT001132880.1,Senftenberg,PDS000031981.15,2017,from_2016,USA,ground turkey
PDT001136521.1,Uganda,PDS000001852.1112,2021,from_2016,USA,ground turkey
PDT001144821.1,Enteritidis,PDS000065758.2034,2021,from_2016,,CHICKEN THIGHS
PDT001144823.1,Enteritidis,PDS000083226.1311,2021,from_2016,,chicken breast
PDT001147722.1,London,PDS000030441.35,2017,from_2016,USA,ground turkey
PDT001147723.1,Newport,PDS000002504.660,2016,from_2016,USA,ground turkey
PDT001150981.1,Uganda,PDS000001852.1112,2021,from_2016,USA,ground turkey
PDT001150986.1,Infantis,PDS000265741.69,2021,from_2016,USA,chicken
PDT001150987.1,Alachua,PDS000048258.17,2021,from_2016,USA,ground turkey
PDT001150991.1,Kentucky,PDS000272606.2,2021,from_2016,USA,chicken
PDT001150992.1,Typhimurium,PDS000272319.1,2021,from_2016,USA,chicken
PDT001163548.1,Infantis,PDS000265741.69,2021,from_2016,,Chicken Thighs
PDT001169332.1,Infantis,PDS000265741.69,2021,from_2016,USA,chicken
PDT001169333.1,Enteritidis,PDS000083226.1311,2021,from_2016,USA,chicken
PDT001169334.1,Kentucky,PDS000061115.3,2021,from_2016,USA,chicken
PDT001170294.1,Kentucky,PDS000014063.68,2021,from_2016,,chicken breast
PDT001170770.1,Infantis,PDS000265741.69,2017,from_2016,USA,Chicken Legs
PDT001175532.1,Infantis,PDS000265741.69,2021,from_2016,,Chicken Wings
PDT001177725.1,Infantis,PDS000265741.69,2021,from_2016,,Chicken Thighs
PDT001177726.1,Infantis,PDS000265741.69,2021,from_2016,,Chicken Thighs
PDT001179184.1,Saintpaul,PDS000029303.72,2018,from_2016,USA,ground turkey
PDT001179185.1,Saintpaul,PDS000032619.14,2018,from_2016,USA,Chicken Whole - cut in lab
PDT001187472.1,Kentucky,PDS000260145.21,2018,from_2016,USA,Chicken Wings
PDT001207206.1,Enteritidis,PDS000083226.1311,2021,from_2016,USA,chicken
PDT001207207.1,Anatum,PDS000028226.224,2021,from_2016,USA,ground turkey
PDT001207208.1,Senftenberg,PDS000266967.8,2021,from_2016,USA,ground turkey
PDT001207209.1,Reading,PDS000001887.891,2021,from_2016,USA,ground turkey
PDT001207210.1,Typhimurium,PDS000026720.161,2021,from_2016,USA,chicken
PDT001215842.1,Infantis,PDS000265741.69,2021,from_2016,,Chicken Legs
PDT001219591.1,Senftenberg,PDS000158165.18,2021,from_2016,,ground turkey
PDT001222415.1,Kentucky,PDS000061115.3,2021,from_2016,USA,chicken
PDT001222417.1,Kentucky,PDS000217831.57,2021,from_2016,USA,chicken
PDT001222418.1,Schwarzengrund,PDS000027503.484,2021,from_2016,USA,ground turkey
PDT001222421.1,Kentucky,PDS000030463.41,2021,from_2016,USA,chicken
PDT001222425.1,Kentucky,PDS000028664.45,2021,from_2016,USA,chicken
PDT001222428.1,Senftenberg,PDS000266967.8,2021,from_2016,USA,ground turkey
PDT001222433.1,Typhimurium,PDS000180629.13,2021,from_2016,USA,chicken
PDT001223542.1,Infantis,PDS000265741.69,2021,from_2016,,chicken breast
PDT001235194.1,Infantis,PDS000265741.69,2021,from_2016,,Chicken Breasts
PDT001235195.1,Reading,PDS000001887.891,2021,from_2016,,ground turkey
PDT001253279.1,Kentucky,PDS000038055.203,2021,from_2016,,Chicken Legs
PDT001253280.1,Litchfield,PDS000032548.605,2021,from_2016,,ground turkey
PDT001258577.1,Kentucky,PDS000038055.203,2021,from_2016,,Chicken Wings
PDT001280099.1,Enteritidis,PDS000065758.2034,2021,from_2016,USA,Chicken Thighs
PDT001280100.1,Kentucky,PDS000272606.2,2021,from_2016,USA,Chicken Thighs
PDT001280101.1,Enteritidis,PDS000083226.1311,2021,from_2016,USA,Chicken Breasts
PDT001281090.1,Kentucky,PDS000029426.101,2021,from_2016,USA,Chicken Breasts
PDT001281091.1,Infantis,PDS000265741.69,2021,from_2016,USA,ground turkey
PDT001281094.1,Kentucky,PDS000272606.2,2021,from_2016,USA,Chicken Wings
PDT001281096.1,Enteritidis,PDS000030237.1756,2021,from_2016,USA,Chicken Thighs
PDT001281097.1,Kentucky,PDS000004095.510,2021,from_2016,USA,Chicken Breasts
PDT001281100.1,Kentucky,PDS000029448.447,2021,from_2016,USA,Chicken Breasts
PDT001283521.1,Kentucky,PDS000272606.2,2021,from_2016,USA,Chicken Wings
PDT001283522.1,Infantis,PDS000265741.69,2021,from_2016,USA,ground turkey
PDT001283523.1,Infantis,PDS000265741.69,2021,from_2016,USA,Chicken Breasts
PDT001283524.1,Kentucky,PDS000029448.447,2021,from_2016,USA,Chicken Breasts
PDT001283525.1,Brandenburg,PDS000026782.249,2021,from_2016,USA,Chicken Wings
PDT001283526.1,Kentucky,PDS000029448.447,2021,from_2016,USA,Chicken Breasts
PDT001974800.1,Senftenberg,PDS000158165.18,2021,from_2016,USA,Chicken Heart
PDT001974801.1,Kentucky,PDS000260145.21,2021,from_2016,USA,Chicken Heart
PDT001974802.1,Kentucky,PDS000260145.21,2021,from_2016,USA,Chicken Gizzard
PDT001974803.1,Kentucky,PDS000165757.1,2021,from_2016,USA,Chicken Gizzard
PDT001974804.1,Kentucky,PDS000029448.447,2021,from_2016,USA,Chicken Heart
PDT001974805.1,Kentucky,PDS000004095.510,2021,from_2016,USA,Chicken Liver
PDT001974806.1,Infantis,PDS000265741.69,2021,from_2016,USA,Chicken Heart
PDT001974807.1,Kentucky,PDS000004095.510,2021,from_2016,USA,Chicken Gizzard
PDT001974808.1,Kentucky,PDS000260145.21,2021,from_2016,USA,Chicken Gizzard
PDT001974809.1,Infantis,PDS000265741.69,2021,from_2016,USA,Chicken Liver
PDT001974810.1,Kentucky,PDS000112666.285,2021,from_2016,USA,Chicken Liver
PDT001974811.1,Infantis,PDS000265741.69,2021,from_2016,USA,Chicken Heart
PDT001974812.1,Kentucky,PDS000029437.273,2021,from_2016,USA,Chicken Gizzard
PDT001974814.1,Kentucky,PDS000212473.30,2021,from_2016,USA,Chicken Gizzard
PDT001974815.1,Kentucky,PDS000029414.302,2021,from_2016,USA,Chicken Heart
PDT001974816.1,Infantis,PDS000255910.2,2021,from_2016,USA,Chicken Gizzard
PDT001974817.1,Kentucky,PDS000004095.510,2021,from_2016,USA,Chicken Liver
PDT001974818.1,Kentucky,PDS000029437.273,2021,from_2016,USA,Chicken Heart
PDT001974819.1,Enteritidis,PDS000083226.1311,2021,from_2016,USA,Chicken Gizzard
PDT001974820.1,Kentucky,PDS000112666.285,2021,from_2016,USA,Chicken Heart
PDT001974822.1,Alachua,PDS000015476.299,2021,from_2016,USA,Chicken Liver
PDT001974823.1,Kentucky,PDS000272606.2,2021,from_2016,USA,Chicken Heart
PDT001974824.1,Alachua,PDS000015476.299,2021,from_2016,USA,Chicken Gizzard
PDT001974825.1,Infantis,PDS000265741.69,2021,from_2016,USA,Chicken Liver
PDT001974826.1,Infantis,PDS000265741.69,2021,from_2016,USA,Chicken Liver
PDT001974827.1,Infantis,PDS000265741.69,2021,from_2016,USA,Chicken Gizzard
PDT001974828.1,Kentucky,PDS000212473.30,2021,from_2016,USA,Chicken Heart
PDT001974829.1,Infantis,PDS000265741.69,2021,from_2016,USA,Chicken Heart
PDT001974830.1,Enteritidis,PDS000032669.447,2021,from_2016,USA,Chicken Gizzard
PDT001974831.1,Kentucky,PDS000029414.302,2021,from_2016,USA,Chicken Gizzard
PDT001974832.1,Kentucky,PDS000029414.302,2021,from_2016,USA,Chicken Liver
PDT001974833.1,Infantis,PDS000265741.69,2021,from_2016,USA,Chicken Heart
PDT001974834.1,Infantis,PDS000265741.69,2021,from_2016,USA,Chicken Liver
PDT001974835.1,Kentucky,PDS000029414.302,2021,from_2016,USA,Chicken Heart
PDT001974836.1,Kentucky,PDS000033060.33,2021,from_2016,USA,Chicken Gizzard
PDT001974837.1,Kentucky,PDS000217831.57,2021,from_2016,USA,Chicken Liver
PDT001974838.1,"-:r:1,5",PDS000265741.69,2021,from_2016,USA,Chicken Liver
PDT001974839.1,Infantis,PDS000265741.69,2021,from_2016,USA,Chicken Gizzard
PDT001974840.1,Kentucky,PDS000029448.447,2021,from_2016,USA,Chicken Gizzard
PDT001974841.1,Kentucky,PDS000210843.57,2021,from_2016,USA,Chicken Giblets (Heart And Gizzard)
PDT001974842.1,Kentucky,PDS000029448.447,2021,from_2016,USA,Chicken Liver
PDT001974843.1,Infantis,PDS000265741.69,2021,from_2016,USA,Chicken Heart
PDT001974844.1,Infantis,PDS000265741.69,2021,from_2016,USA,Chicken Gizzard
PDT001974845.1,Kentucky,PDS000004095.510,2021,from_2016,USA,Chicken Gizzard
PDT001974846.1,Reading,PDS000001887.891,2021,from_2016,USA,ground turkey
PDT001974847.1,Typhimurium,PDS000193107.2,2021,from_2016,USA,Chicken Liver
PDT001974848.1,Kentucky,PDS000029414.302,2021,from_2016,USA,Chicken Gizzard
PDT001974849.1,Alachua,PDS000015476.299,2021,from_2016,USA,Chicken Heart
PDT001974850.2,Typhimurium,PDS000013874.535,2021,from_2016,USA,ground turkey
PDT001974851.1,Infantis,PDS000265741.69,2021,from_2016,USA,Chicken Liver
PDT001974852.1,Infantis,PDS000265741.69,2021,from_2016,USA,Chicken Liver
PDT001974853.1,Enteritidis,PDS000030237.1756,2021,from_2016,USA,Chicken Heart
PDT001974854.1,Kentucky,PDS000032532.55,2021,from_2016,USA,Chicken Heart
PDT001974855.1,Kentucky,PDS000029448.447,2021,from_2016,USA,Chicken Heart
PDT001974856.1,Kentucky,PDS000029448.447,2021,from_2016,USA,Chicken Liver
PDT001974857.1,Kentucky,PDS000029437.273,2021,from_2016,USA,Chicken Liver
PDT001974858.1,Kentucky,PDS000260145.21,2021,from_2016,USA,Chicken Liver
PDT001974859.1,Kentucky,PDS000029414.302,2021,from_2016,USA,Chicken Gizzard
PDT001974860.1,Kentucky,PDS000032530.48,2021,from_2016,USA,Chicken Liver
PDT001974861.1,"4,[5],12:i:-",PDS000273036.3,2021,from_2016,USA,Chicken Heart
PDT001974862.1,Infantis,PDS000265741.69,2021,from_2016,USA,Chicken Gizzard
PDT001974863.1,Alachua,PDS000015476.299,2021,from_2016,USA,Chicken Heart
PDT001974864.1,Kentucky,PDS000029448.447,2021,from_2016,USA,Chicken Liver
PDT001974865.1,Alachua,PDS000015476.299,2021,from_2016,USA,Chicken Gizzard
PDT001974866.1,Infantis,PDS000265741.69,2021,from_2016,USA,Chicken Heart
PDT001974867.1,Infantis,PDS000184419.56,2021,from_2016,USA,Chicken Gizzard
PDT001974868.1,Typhimurium,PDS000026712.72,2021,from_2016,USA,Chicken Liver
PDT001974869.1,Heidelberg,PDS000106159.105,2021,from_2016,USA,ground turkey
PDT001974870.1,Kentucky,PDS000004095.510,2021,from_2016,USA,Chicken Liver
PDT001974871.1,Enteritidis,PDS000032668.1889,2021,from_2016,USA,Chicken Gizzard
PDT001974872.1,Enteritidis,PDS000030237.1756,2021,from_2016,USA,Chicken Gizzard
PDT001974873.1,Kentucky,PDS000268663.3,2021,from_2016,USA,Chicken Liver
PDT001974874.1,Typhimurium,PDS000250394.11,2021,from_2016,USA,Chicken Gizzard
PDT001974875.1,Kentucky,PDS000029448.447,2021,from_2016,USA,Chicken Gizzard
PDT001974876.1,Kentucky,PDS000032532.55,2021,from_2016,USA,Chicken Liver
PDT001974877.1,Kentucky,PDS000029448.447,2021,from_2016,USA,Chicken Heart
PDT001974878.1,Enteritidis,PDS000030237.1756,2021,from_2016,USA,Chicken Heart
PDT001974879.1,Kentucky,PDS000004095.510,2021,from_2016,USA,Chicken Gizzard
PDT001974880.1,Alachua,PDS000015476.299,2021,from_2016,USA,Chicken Gizzard
PDT001974881.1,Kentucky,PDS000029872.20,2021,from_2016,USA,Chicken Liver
PDT001974882.1,Kentucky,PDS000272606.2,2021,from_2016,USA,Chicken Heart
PDT001974883.1,Infantis,PDS000265741.69,2021,from_2016,USA,Chicken Liver
PDT001974884.1,Infantis,PDS000265741.69,2021,from_2016,USA,Chicken Heart
PDT001974885.1,Infantis,PDS000265741.69,2021,from_2016,USA,Chicken Gizzard
PDT001974886.1,Schwarzengrund,PDS000027514.524,2021,from_2016,USA,ground turkey
PDT001974887.1,Uganda,PDS000001852.1112,2021,from_2016,USA,ground turkey
PDT001974888.1,Kentucky,PDS000029414.302,2021,from_2016,USA,Chicken Liver
PDT001974889.1,Infantis,PDS000265741.69,2021,from_2016,USA,Chicken Gizzard
PDT001974890.1,Enteritidis,PDS000065765.268,2021,from_2016,USA,Chicken Gizzard
PDT001974891.1,Kentucky,PDS000004095.510,2021,from_2016,USA,Chicken Liver
PDT001974892.1,Kentucky,PDS000004095.510,2021,from_2016,USA,Chicken Gizzard
PDT001974893.1,Enteritidis,PDS000083226.1311,2021,from_2016,USA,Chicken Heart
PDT001974894.1,Schwarzengrund,PDS000027514.524,2021,from_2016,USA,ground turkey
PDT001974895.1,"4,[5],12:i:-",PDS000273036.3,2021,from_2016,USA,Ground Turkey (Breasts)
PDT001974896.1,Kentucky,PDS000004095.510,2021,from_2016,USA,Chicken Liver
PDT001974897.1,Infantis,PDS000265741.69,2021,from_2016,USA,Chicken Heart
PDT001974898.1,Kentucky,PDS000004095.510,2021,from_2016,USA,Chicken Gizzard
PDT001974899.1,Kentucky,PDS000029448.447,2021,from_2016,USA,Chicken Heart
PDT001974900.1,Kentucky,PDS000032532.55,2021,from_2016,USA,Chicken Breasts
PDT001974901.1,Enteritidis,PDS000030237.1756,2021,from_2016,USA,Chicken Breasts
PDT001974902.1,Infantis,PDS000265741.69,2021,from_2016,USA,Chicken Liver
PDT001974903.1,Infantis,PDS000265741.69,2021,from_2016,USA,Chicken Gizzard
PDT001974904.1,Kentucky,PDS000029872.20,2021,from_2016,USA,Chicken Breasts
PDT001974905.1,Enteritidis,PDS000030237.1756,2021,from_2016,USA,Chicken Breasts
PDT001974906.1,Hadar,PDS000158107.507,2021,from_2016,USA,ground turkey
PDT001974907.1,Kentucky,PDS000217831.57,2021,from_2016,USA,Chicken Heart
PDT001974908.1,Typhimurium,PDS000026712.72,2021,from_2016,USA,Chicken Heart
PDT001974909.1,Infantis,PDS000265741.69,2021,from_2016,USA,Chicken Gizzard
PDT001974910.1,Schwarzengrund,PDS000027503.484,2021,from_2016,USA,Chicken Liver
PDT001974911.1,Infantis,PDS000265741.69,2021,from_2016,USA,Chicken Gizzard
PDT001974912.1,Kentucky,PDS000004095.510,2021,from_2016,USA,Chicken Liver
PDT001974913.1,Kentucky,PDS000004095.510,2021,from_2016,USA,Chicken Gizzard
PDT001974914.1,Widemarsh,PDS000006877.91,2021,from_2016,USA,Chicken Heart
PDT001974915.1,Uganda,PDS000032438.563,2021,from_2016,USA,Chicken Heart
PDT001974916.1,Kentucky,PDS000272606.2,2021,from_2016,USA,Chicken Heart
PDT001974917.1,Kentucky,PDS000029448.447,2021,from_2016,USA,Chicken Heart
PDT001974918.1,Kentucky,PDS000029448.447,2021,from_2016,USA,Chicken Gizzard
PDT001974919.1,Typhimurium,PDS000013874.535,2021,from_2016,USA,Chicken Liver
PDT001974920.1,"-:r:1,5",PDS000265741.69,2021,from_2016,USA,Chicken Liver
PDT001974921.1,Kentucky,PDS000029448.447,2021,from_2016,USA,Chicken Liver
PDT001974922.1,Kentucky,PDS000004095.510,2021,from_2016,USA,Chicken Heart
PDT001974923.1,Kentucky,PDS000004095.510,2021,from_2016,USA,Chicken Gizzard
PDT001974924.1,Kentucky,PDS000260145.21,2021,from_2016,USA,Chicken Heart
PDT001974925.1,Kentucky,PDS000260145.21,2021,from_2016,USA,Chicken Gizzard
PDT001974926.1,Infantis,PDS000265741.69,2021,from_2016,USA,Chicken Heart
PDT001974927.1,Kentucky,PDS000029414.302,2021,from_2016,USA,Chicken Gizzard
PDT001974928.1,Kentucky,PDS000004095.510,2021,from_2016,USA,Chicken Liver
PDT001974929.1,Kentucky,PDS000029437.273,2021,from_2016,USA,Chicken Liver
PDT001974930.1,Kentucky,PDS000029437.273,2021,from_2016,USA,Chicken Liver
PDT001974931.1,Kentucky,PDS000004095.510,2021,from_2016,USA,Chicken Liver
PDT001974932.1,Hadar,PDS000158107.507,2021,from_2016,USA,Chicken Liver
PDT001974933.1,Infantis,PDS000265741.69,2021,from_2016,USA,Chicken Heart
PDT001974934.1,Infantis,PDS000265741.69,2021,from_2016,USA,Chicken Gizzard
PDT001974935.1,Newport,PDS000002495.475,2021,from_2016,USA,ground turkey
PDT001974936.1,Kentucky,PDS000260145.21,2021,from_2016,USA,Chicken Liver
PDT001974937.1,Typhimurium,PDS000081914.324,2021,from_2016,USA,Chicken Breasts
PDT001974938.1,Uganda,PDS000032438.563,2021,from_2016,USA,Chicken Heart
PDT001974939.1,Kentucky,PDS000004095.510,2021,from_2016,USA,Chicken Heart
PDT001974940.1,Infantis,PDS000265741.69,2021,from_2016,USA,Chicken Liver
PDT001974941.1,Infantis,PDS000265741.69,2021,from_2016,USA,Chicken Liver
PDT001974942.1,Typhimurium,PDS000272319.1,2021,from_2016,USA,Chicken Liver
PDT001974943.1,Kentucky,PDS000029437.273,2021,from_2016,USA,Chicken Gizzard
PDT001974944.1,Infantis,PDS000265741.69,2021,from_2016,USA,Chicken Gizzard
PDT001974945.1,Infantis,PDS000265741.69,2021,from_2016,USA,Chicken Liver
PDT001974946.1,Kentucky,PDS000029437.273,2021,from_2016,USA,Chicken Liver
PDT001974947.1,Kentucky,PDS000029437.273,2021,from_2016,USA,Chicken Gizzard
PDT001974948.1,Schwarzengrund,PDS000027514.524,2021,from_2016,USA,ground turkey
PDT001974949.1,Schwarzengrund,PDS000002218.1068,2021,from_2016,USA,Chicken Heart
PDT001974950.1,Kentucky,PDS000217831.57,2021,from_2016,USA,Chicken Wings
PDT001974951.1,Kentucky,PDS000217831.57,2021,from_2016,USA,Chicken Wings
PDT001974952.1,Kentucky,PDS000029827.19,2021,from_2016,USA,Chicken Breasts
PDT001974953.1,Enteritidis,PDS000083226.1311,2021,from_2016,USA,Chicken Gizzard
PDT001974954.2,Kentucky,PDS000210843.57,2021,from_2016,USA,Chicken Liver
PDT001974955.1,Kentucky,PDS000272606.2,2021,from_2016,USA,Chicken Gizzard
PDT001974956.1,Kentucky,PDS000029448.447,2021,from_2016,USA,Chicken Liver
PDT001974957.1,Enteritidis,PDS000030237.1756,2021,from_2016,USA,Chicken Heart
PDT001974958.1,Kentucky,PDS000004095.510,2021,from_2016,USA,Chicken Gizzard
PDT001974959.1,Kentucky,PDS000029448.447,2021,from_2016,USA,Chicken Breasts
PDT001974960.1,Infantis,PDS000265741.69,2021,from_2016,USA,Chicken Wings
PDT001974961.1,Schwarzengrund,PDS000002218.1068,2021,from_2016,USA,Chicken Breasts
PDT001974962.1,Typhimurium,PDS000250394.11,2021,from_2016,USA,Chicken Liver
PDT001974963.1,Infantis,PDS000265741.69,2021,from_2016,USA,Chicken Liver
PDT001974964.1,Kentucky,PDS000217831.57,2021,from_2016,USA,Chicken Heart
PDT001974965.1,Infantis,PDS000265741.69,2021,from_2016,USA,Chicken Gizzard
PDT001974966.1,Uganda,PDS000032449.330,2021,from_2016,USA,ground turkey
PDT001974967.1,Infantis,PDS000265741.69,2021,from_2016,USA,Chicken Thighs
PDT001974968.1,Infantis,PDS000265741.69,2021,from_2016,USA,ground turkey
PDT001974969.1,Infantis,PDS000265741.69,2021,from_2016,USA,ground turkey
PDT001974970.1,Infantis,PDS000265741.69,2021,from_2016,USA,Chicken Liver
PDT001974971.1,Kentucky,PDS000029414.302,2021,from_2016,USA,Chicken Heart
PDT001974972.1,Kentucky,PDS000029414.302,2021,from_2016,USA,Chicken Gizzard
PDT001974973.1,Typhimurium,PDS000081914.324,2021,from_2016,USA,Chicken Legs
PDT001974974.1,Schwarzengrund,PDS000002218.1068,2021,from_2016,USA,Chicken Heart
PDT001974975.1,"-:r:1,5",PDS000265741.69,2021,from_2016,USA,Chicken Liver
PDT001974976.1,Infantis,PDS000265741.69,2021,from_2016,USA,Chicken Liver
PDT001974977.1,Kentucky,PDS000029414.302,2021,from_2016,USA,Chicken Gizzard
PDT001974978.1,Infantis,PDS000265741.69,2021,from_2016,USA,Chicken Gizzard
PDT001974979.1,Infantis,PDS000265741.69,2021,from_2016,USA,Chicken Liver
PDT001974980.1,Infantis,PDS000265741.69,2021,from_2016,USA,Chicken Gizzard
PDT001974981.1,Kentucky,PDS000029448.447,2021,from_2016,USA,Chicken Liver
PDT001974982.1,Kentucky,PDS000029448.447,2021,from_2016,USA,Chicken Gizzard
PDT001974983.1,Kentucky,PDS000028664.45,2021,from_2016,USA,Chicken Gizzard
PDT001974984.1,Infantis,PDS000265741.69,2021,from_2016,USA,Chicken Liver
PDT001974985.1,Infantis,PDS000265741.69,2021,from_2016,USA,Chicken Gizzard
PDT001974986.1,Alachua,PDS000015476.299,2021,from_2016,USA,Chicken Heart
PDT001974987.1,Enteritidis,PDS000083226.1311,2021,from_2016,USA,Chicken Gizzard
PDT001974988.1,Kentucky,PDS000032532.55,2021,from_2016,USA,Chicken Heart
PDT001974989.1,Enteritidis,PDS000030237.1756,2021,from_2016,USA,Chicken Gizzard
PDT001974990.1,Kentucky,PDS000217831.57,2021,from_2016,USA,Chicken Gizzard
PDT001974991.1,Kentucky,PDS000029448.447,2021,from_2016,USA,Chicken Heart
PDT001974992.1,Kentucky,PDS000029426.101,2021,from_2016,USA,Chicken Heart
PDT001974993.1,Schwarzengrund,PDS000002218.1068,2021,from_2016,USA,Chicken Gizzard
PDT001974994.1,Uganda,PDS000032449.330,2021,from_2016,USA,ground turkey
PDT001974995.1,Uganda,PDS000032449.330,2021,from_2016,USA,ground turkey
PDT001974996.1,Kentucky,PDS000029448.447,2021,from_2016,USA,Chicken Liver
PDT001974997.1,Kentucky,PDS000029448.447,2021,from_2016,USA,Chicken Heart
PDT001974998.1,Kentucky,PDS000029448.447,2021,from_2016,USA,Chicken Gizzard
PDT001974999.1,"-:r:1,5",PDS000265741.69,2021,from_2016,USA,Chicken Liver
PDT001975000.1,London,PDS000030441.35,2021,from_2016,USA,ground turkey
PDT001975001.1,Kentucky,PDS000029448.447,2021,from_2016,USA,Chicken Heart
PDT001975002.1,Kentucky,PDS000029448.447,2021,from_2016,USA,Chicken Gizzard
PDT001975003.1,Kentucky,PDS000029426.101,2021,from_2016,USA,Chicken Gizzard
PDT001975004.1,Kentucky,PDS000029448.447,2021,from_2016,USA,Chicken Liver
PDT001975005.1,Kentucky,PDS000029437.273,2021,from_2016,USA,Chicken Gizzard
PDT001975006.2,Kentucky,PDS000032533.41,2021,from_2016,USA,Chicken Liver
PDT001975007.1,Infantis,PDS000184419.56,2021,from_2016,USA,Chicken Gizzard
PDT001975009.1,Kentucky,PDS000030463.41,2021,from_2016,USA,Chicken Gizzard
PDT001975010.1,Enteritidis,PDS000032668.1889,2021,from_2016,USA,Chicken Gizzard
PDT001975011.1,"-:r:1,5",PDS000265741.69,2021,from_2016,USA,Chicken Liver
PDT001975012.1,Kentucky,PDS000004095.510,2021,from_2016,USA,Chicken Gizzard
PDT001975013.1,Infantis,PDS000265741.69,2021,from_2016,USA,Chicken Heart
PDT001975014.1,Kentucky,PDS000032532.55,2021,from_2016,USA,Chicken Heart
PDT001975015.1,Kentucky,PDS000029448.447,2021,from_2016,USA,Chicken Heart
PDT001975016.1,Infantis,PDS000265741.69,2021,from_2016,USA,Chicken Heart
PDT001975017.1,"-:r:1,5",PDS000265741.69,2021,from_2016,USA,Chicken Liver
PDT001975018.1,Kentucky,PDS000028664.45,2021,from_2016,USA,Chicken Heart
PDT001975019.1,Kentucky,PDS000028664.45,2021,from_2016,USA,Chicken Heart
PDT001975020.1,9:-:-,PDS000030237.1756,2021,from_2016,USA,Chicken Liver
PDT001975021.1,Kentucky,PDS000272606.2,2021,from_2016,USA,Chicken Gizzard
PDT001975022.1,Kentucky,PDS000217831.57,2021,from_2016,USA,Chicken Liver
PDT001975023.1,Enteritidis,PDS000032668.1889,2021,from_2016,USA,Chicken Liver
PDT001975024.1,Kentucky,PDS000260145.21,2021,from_2016,USA,Chicken Heart
PDT001975025.1,Kentucky,PDS000029448.447,2021,from_2016,USA,Chicken Gizzard
PDT001975026.1,Kentucky,PDS000272606.2,2021,from_2016,USA,Chicken Liver
PDT001975027.1,Infantis,PDS000265741.69,2021,from_2016,USA,Chicken Liver
PDT001975028.1,Kentucky,PDS000038055.203,2021,from_2016,USA,Chicken Heart
PDT001975029.1,Enteritidis,PDS000065758.2034,2021,from_2016,USA,Chicken Heart
PDT001975030.1,Kentucky,PDS000272606.2,2021,from_2016,USA,Chicken Gizzard
PDT001975031.1,Infantis,PDS000265741.69,2021,from_2016,USA,Chicken Liver
PDT001975032.1,Infantis,PDS000265741.69,2021,from_2016,USA,Chicken Liver
PDT001975033.1,Enteritidis,PDS000032668.1889,2021,from_2016,USA,Chicken Liver
PDT001975034.1,Infantis,PDS000265741.69,2021,from_2016,USA,Chicken Gizzard
PDT001975035.1,Kentucky,PDS000029437.273,2021,from_2016,USA,Chicken Heart
PDT001975036.1,Kentucky,PDS000004095.510,2021,from_2016,USA,Chicken Gizzard
PDT001975037.1,"-:r:1,5",PDS000265741.69,2021,from_2016,USA,Chicken Liver
PDT001975038.1,Kentucky,PDS000033060.33,2021,from_2016,USA,Chicken Liver
PDT001975039.1,Infantis,PDS000265741.69,2021,from_2016,USA,Chicken Liver
PDT001975040.1,Kentucky,PDS000217831.57,2021,from_2016,USA,Chicken Liver
PDT001975041.1,Infantis,PDS000165767.1,2021,from_2016,USA,Chicken Heart
PDT001975042.1,Infantis,PDS000165767.1,2021,from_2016,USA,Chicken Gizzard
PDT001975043.1,Kentucky,PDS000210843.57,2021,from_2016,USA,Chicken Gizzard
PDT001975044.1,Kentucky,PDS000272606.2,2021,from_2016,USA,Chicken Heart
PDT001975045.1,Kentucky,PDS000212473.30,2021,from_2016,USA,Chicken Gizzard
PDT001975046.1,Kentucky,PDS000014063.68,2021,from_2016,USA,Chicken Wings
PDT001975047.1,Alachua,PDS000015476.299,2021,from_2016,USA,Chicken Liver
PDT001975048.1,Kentucky,PDS000028664.45,2021,from_2016,USA,Chicken Gizzard
PDT001975049.1,Kentucky,PDS000217831.57,2021,from_2016,USA,Chicken Heart
PDT001983511.1,"4,[5],12:i:-",PDS000272963.2,2021,from_2016,USA,Chicken Gizzard
PDT001983512.1,Kentucky,PDS000032532.55,2021,from_2016,USA,Chicken Liver
PDT001983513.1,Kentucky,PDS000029426.101,2021,from_2016,USA,Chicken Gizzard
PDT001983514.1,Typhimurium,PDS000272319.1,2021,from_2016,USA,Chicken Heart
PDT001983515.1,Infantis,PDS000265741.69,2021,from_2016,USA,Chicken Heart
PDT001983516.1,Kentucky,PDS000260145.21,2021,from_2016,USA,Chicken Gizzard
PDT001983517.1,Kentucky,PDS000272606.2,2021,from_2016,USA,Chicken Heart
PDT001983518.1,Schwarzengrund,PDS000002218.1068,2021,from_2016,USA,Chicken Heart
PDT001983519.1,Schwarzengrund,PDS000002218.1068,2021,from_2016,USA,Chicken Gizzard
PDT001983520.1,Kentucky,PDS000217831.57,2021,from_2016,USA,Chicken Gizzard
PDT001983521.1,Kentucky,PDS000038055.203,2021,from_2016,USA,Chicken Liver
PDT001983522.1,Kentucky,PDS000029448.447,2021,from_2016,USA,Chicken Heart
PDT001983523.1,Kentucky,PDS000272606.2,2021,from_2016,USA,Chicken Gizzard
PDT001983524.1,Braenderup,PDS000076604.1183,2021,from_2016,USA,Chicken Liver
PDT001983526.1,Kentucky,PDS000260145.21,2021,from_2016,USA,Chicken Gizzard
PDT001983528.1,Infantis,PDS000265741.69,2021,from_2016,USA,Chicken Liver
PDT001983529.1,Kentucky,PDS000260145.21,2021,from_2016,USA,Chicken Heart
PDT001983530.1,Kentucky,PDS000260145.21,2021,from_2016,USA,Chicken Gizzard
PDT001983531.1,Hadar,PDS000158107.507,2021,from_2016,USA,Chicken Heart
PDT001983532.1,Kentucky,PDS000029448.447,2021,from_2016,USA,Chicken Gizzard
PDT001983534.1,Enteritidis,PDS000030237.1756,2021,from_2016,USA,Chicken Liver
PDT001983535.1,Kentucky,PDS000029448.447,2021,from_2016,USA,Chicken Liver
PDT001983536.1,Montevideo,PDS000027948.333,2021,from_2016,USA,ground turkey
PDT001983537.1,Infantis,PDS000265741.69,2021,from_2016,USA,Chicken Liver
PDT001983538.1,Braenderup,PDS000076604.1183,2021,from_2016,USA,Chicken Liver
PDT001983539.1,Kentucky,PDS000004095.510,2021,from_2016,USA,Chicken Liver
PDT001983540.2,Enteritidis,PDS000065765.268,2021,from_2016,USA,Chicken Gizzard
PDT001983541.1,Kentucky,PDS000038055.203,2021,from_2016,USA,Chicken Liver
PDT001983543.1,Schwarzengrund,PDS000027503.484,2021,from_2016,USA,ground turkey
PDT001983544.1,Infantis,PDS000184419.56,2021,from_2016,USA,Chicken Liver
PDT001983545.1,Infantis,PDS000265741.69,2021,from_2016,USA,Chicken Heart
PDT001983546.1,Infantis,PDS000265741.69,2021,from_2016,USA,Chicken Liver
PDT001983547.1,Kentucky,PDS000004095.510,2021,from_2016,USA,Chicken Heart
PDT001983548.1,Kentucky,PDS000004095.510,2021,from_2016,USA,Chicken Gizzard
PDT001983549.1,Kentucky,PDS000029426.101,2021,from_2016,USA,Chicken Liver
PDT001983550.1,Schwarzengrund,PDS000027514.524,2021,from_2016,USA,ground turkey
PDT001983551.1,Enteritidis,PDS000030237.1756,2021,from_2016,USA,Chicken Liver
PDT001983552.1,Kentucky,PDS000004095.510,2021,from_2016,USA,Chicken Gizzard
PDT001983553.1,Kentucky,PDS000029448.447,2021,from_2016,USA,Chicken Legs
PDT001983554.1,Kentucky,PDS000260145.21,2021,from_2016,USA,Chicken Breasts
PDT001983555.1,Kentucky,PDS000030463.41,2021,from_2016,USA,Chicken Wings
PDT001983556.1,Kentucky,PDS000004095.510,2021,from_2016,USA,Chicken Liver
PDT001983557.1,Kentucky,PDS000260145.21,2021,from_2016,USA,Chicken Heart
PDT001983558.1,Kentucky,PDS000038055.203,2021,from_2016,USA,Chicken Heart
PDT001983559.1,Infantis,PDS000184419.56,2021,from_2016,USA,Chicken Gizzard
PDT001983560.1,Kentucky,PDS000272606.2,2021,from_2016,USA,Chicken Gizzard
PDT001983561.1,Kentucky,PDS000217831.57,2021,from_2016,USA,Chicken Gizzard
PDT001983562.1,Hadar,PDS000158107.507,2021,from_2016,USA,ground turkey
PDT001983563.1,Orion,PDS000005117.60,2021,from_2016,USA,ground turkey
PDT001983564.1,Gaminara,PDS000001989.23,2021,from_2016,USA,Chicken Liver
PDT001983565.1,Infantis,PDS000265741.69,2021,from_2016,USA,Chicken Gizzard
PDT001983566.1,Typhimurium,PDS000201939.5,2021,from_2016,USA,Chicken Breasts
PDT001983567.1,Kentucky,PDS000260145.21,2021,from_2016,USA,Chicken Heart
PDT001983568.1,Infantis,PDS000265741.69,2021,from_2016,USA,Chicken Liver
PDT001983569.1,Typhimurium,PDS000081914.324,2021,from_2016,USA,Chicken Heart
PDT001983570.1,Kentucky,PDS000030463.41,2021,from_2016,USA,Chicken Gizzard
PDT001983572.1,Kentucky,PDS000038055.203,2021,from_2016,USA,Chicken Gizzard
PDT001983573.1,Senftenberg,PDS000266967.8,2021,from_2016,USA,Ground Turkey (Breasts)
PDT001983574.1,Infantis,PDS000265741.69,2021,from_2016,USA,ground turkey
PDT001983575.1,Kentucky,PDS000260145.21,2021,from_2016,USA,Chicken Liver
PDT001983576.1,Enteritidis,PDS000065758.2034,2021,from_2016,USA,Chicken Liver
PDT001983577.1,Kentucky,PDS000272606.2,2021,from_2016,USA,Chicken Gizzard
PDT001983578.1,Kentucky,PDS000272606.2,2021,from_2016,USA,Chicken Gizzard
PDT001983579.1,Montevideo,PDS000027237.426,2021,from_2016,USA,Chicken Legs
PDT001983581.1,Montevideo,PDS000027948.333,2021,from_2016,USA,ground turkey
PDT001983582.1,Montevideo,PDS000027948.333,2021,from_2016,USA,Chicken Heart
PDT001983583.1,Kentucky,PDS000038055.203,2021,from_2016,USA,Chicken Gizzard
PDT001983584.1,Enteritidis,PDS000065758.2034,2021,from_2016,USA,Chicken Breasts
PDT001983587.1,Kentucky,PDS000260145.21,2021,from_2016,USA,Chicken Liver
PDT001983588.1,Infantis,PDS000265741.69,2021,from_2016,USA,Chicken Heart
PDT001983589.1,Typhimurium,PDS000201938.160,2021,from_2016,USA,Chicken Gizzard
PDT001983590.1,Kentucky,PDS000217831.57,2021,from_2016,USA,Chicken Gizzard
PDT001983591.1,Enteritidis,PDS000246039.27,2021,from_2016,USA,Chicken Gizzard
PDT001983592.1,Kentucky,PDS000011237.72,2021,from_2016,USA,Chicken Gizzard
PDT001983593.1,Kentucky,PDS000272606.2,2021,from_2016,USA,Chicken Liver
PDT001983594.1,Kentucky,PDS000260145.21,2021,from_2016,USA,Chicken Liver
PDT001983595.1,Infantis,PDS000265741.69,2021,from_2016,USA,Chicken Heart
PDT001983596.1,Infantis,PDS000265741.69,2021,from_2016,USA,Chicken Gizzard
PDT001983597.1,"-:r:1,5",PDS000265741.69,2021,from_2016,USA,Chicken Liver
PDT001983598.1,Infantis,PDS000265741.69,2021,from_2016,USA,Chicken Gizzard
PDT001983599.1,Kentucky,PDS000004095.510,2021,from_2016,USA,Chicken Heart
PDT001983600.1,Kentucky,PDS000272606.2,2021,from_2016,USA,Chicken Liver
PDT001983601.1,Enteritidis,PDS000065758.2034,2021,from_2016,USA,Chicken Heart
PDT001983602.1,Kentucky,PDS000038055.203,2021,from_2016,USA,Chicken Liver
PDT001983603.1,Enteritidis,PDS000030237.1756,2021,from_2016,USA,Chicken Heart
PDT001983604.1,Kentucky,PDS000004095.510,2021,from_2016,USA,Chicken Gizzard
PDT001983605.1,Kentucky,PDS000004095.510,2021,from_2016,USA,Chicken Heart
PDT001983606.1,Kentucky,PDS000032532.55,2021,from_2016,USA,Chicken Heart
PDT001983607.1,Kentucky,PDS000032532.55,2021,from_2016,USA,Chicken Gizzard
PDT001983608.1,Kentucky,PDS000004095.510,2021,from_2016,USA,Chicken Liver
PDT001983609.1,Kentucky,PDS000032532.55,2021,from_2016,USA,Chicken Gizzard
PDT001983610.1,Kentucky,PDS000029426.101,2021,from_2016,USA,Chicken Gizzard
PDT001983611.1,Infantis,PDS000262521.9,2021,from_2016,USA,Chicken Heart
PDT001983612.1,Typhimurium,PDS000166581.3,2021,from_2016,USA,Chicken Gizzard
PDT001983613.1,Typhimurium,PDS000043981.174,2021,from_2016,USA,Chicken Liver
PDT001983614.1,Kentucky,PDS000029448.447,2021,from_2016,USA,Chicken Heart
PDT001983615.1,Kentucky,PDS000029448.447,2021,from_2016,USA,Chicken Gizzard
PDT001983616.1,Kentucky,PDS000029448.447,2021,from_2016,USA,Chicken Breasts
PDT001983617.1,Reading,PDS000001887.891,2021,from_2016,USA,ground turkey
PDT001983618.1,Schwarzengrund,PDS000027503.484,2021,from_2016,USA,ground turkey
PDT001983619.1,Infantis,PDS000265741.69,2021,from_2016,USA,Chicken Heart
PDT001983620.1,Infantis,PDS000265741.69,2021,from_2016,USA,Chicken Gizzard
PDT001983621.1,Kentucky,PDS000029448.447,2021,from_2016,USA,Chicken Gizzard
PDT001983622.1,Kentucky,PDS000217831.57,2021,from_2016,USA,Chicken Heart
PDT001983623.1,Kentucky,PDS000217831.57,2021,from_2016,USA,Chicken Gizzard
PDT001983624.1,Kentucky,PDS000028664.45,2021,from_2016,USA,Chicken Liver
PDT001983625.1,Infantis,PDS000265741.69,2021,from_2016,USA,Chicken Liver
PDT001983626.1,Kentucky,PDS000032535.13,2021,from_2016,USA,Chicken Heart
PDT001983627.1,"-:r:1,5",PDS000265741.69,2021,from_2016,USA,Chicken Liver
PDT001983628.1,Infantis,PDS000184419.56,2021,from_2016,USA,Chicken Liver
PDT001983629.1,Infantis,PDS000265741.69,2021,from_2016,USA,Chicken Heart
PDT001983630.1,Kentucky,PDS000217831.57,2021,from_2016,USA,Chicken Gizzard
PDT001983631.1,Typhimurium,PDS000201938.160,2021,from_2016,USA,Chicken Heart
PDT001983632.1,Alachua,PDS000015476.299,2021,from_2016,USA,Chicken Heart
PDT001983633.1,Liverpool,PDS000001378.535,2021,from_2016,USA,Chicken Gizzard
PDT001983634.1,Infantis,PDS000265741.69,2021,from_2016,USA,Chicken Liver
PDT001983635.1,Kentucky,PDS000004095.510,2021,from_2016,USA,Chicken Heart
PDT001983636.1,Kentucky,PDS000004095.510,2021,from_2016,USA,Chicken Gizzard
PDT001983637.1,Kentucky,PDS000038055.203,2021,from_2016,USA,Chicken Heart
PDT001983638.1,Kentucky,PDS000260145.21,2021,from_2016,USA,Chicken Heart
PDT001983639.1,Kentucky,PDS000260145.21,2021,from_2016,USA,Chicken Gizzard
PDT001983640.1,Anatum,PDS000028226.224,2021,from_2016,USA,ground turkey
PDT001983641.1,Hadar,PDS000158107.507,2021,from_2016,USA,ground turkey
PDT001983642.1,Kentucky,PDS000260145.21,2021,from_2016,USA,Chicken Heart
PDT001983643.1,Kentucky,PDS000032532.55,2021,from_2016,USA,Chicken Liver
PDT001983644.1,"4,[5],12:i:-",PDS000272963.2,2021,from_2016,USA,Chicken Heart
PDT001983645.1,Kentucky,PDS000004095.510,2021,from_2016,USA,Chicken Gizzard
PDT001983646.1,Kentucky,PDS000166592.1,2021,from_2016,USA,Chicken Heart
PDT001983648.1,Reading,PDS000001887.891,2021,from_2016,USA,ground turkey
PDT001983649.1,Kentucky,PDS000029448.447,2021,from_2016,USA,Chicken Liver
PDT001983650.1,Infantis,PDS000265741.69,2021,from_2016,USA,Chicken Heart
PDT001983651.1,Infantis,PDS000265741.69,2021,from_2016,USA,Chicken Liver
PDT001983652.1,Kentucky,PDS000004095.510,2021,from_2016,USA,Chicken Heart
PDT001983654.1,Kentucky,PDS000272606.2,2021,from_2016,USA,Chicken Heart
PDT001983655.1,Enteritidis,PDS000030237.1756,2021,from_2016,USA,Chicken Heart
PDT001983656.1,Kentucky,PDS000217831.57,2021,from_2016,USA,Chicken Liver
PDT001983657.1,Kentucky,PDS000029414.302,2021,from_2016,USA,Chicken Heart
PDT001983658.1,Kentucky,PDS000029414.302,2021,from_2016,USA,Chicken Gizzard
PDT001983659.1,Enteritidis,PDS000083226.1311,2021,from_2016,USA,Chicken Liver
PDT001983660.1,Kentucky,PDS000029448.447,2021,from_2016,USA,Chicken Gizzard
PDT001983661.1,Typhimurium,PDS000043981.174,2021,from_2016,USA,Chicken Gizzard
PDT001983662.1,Enteritidis,PDS000065758.2034,2021,from_2016,USA,Chicken Heart
PDT001983663.1,Kentucky,PDS000272606.2,2021,from_2016,USA,Chicken Heart
PDT001983664.1,Kentucky,PDS000272606.2,2021,from_2016,USA,Chicken Liver
PDT001983665.1,Infantis,PDS000265741.69,2021,from_2016,USA,Chicken Heart
PDT001983666.1,Infantis,PDS000265741.69,2021,from_2016,USA,Chicken Gizzard
PDT001983667.1,Kentucky,PDS000029414.302,2021,from_2016,USA,Chicken Liver
PDT001983668.1,Kentucky,PDS000272606.2,2021,from_2016,USA,Chicken Heart
PDT001983669.1,Kentucky,PDS000029414.302,2021,from_2016,USA,Chicken Gizzard
PDT001983670.1,Enteritidis,PDS000083226.1311,2021,from_2016,USA,Chicken Heart
PDT001983671.1,Infantis,PDS000265741.69,2021,from_2016,USA,Chicken Gizzard
PDT001983672.1,Infantis,PDS000265741.69,2021,from_2016,USA,Chicken Heart
PDT001983673.1,Kentucky,PDS000217831.57,2021,from_2016,USA,Chicken Heart
PDT001983674.1,Kentucky,PDS000029414.302,2021,from_2016,USA,Chicken Heart
PDT001983675.1,Kentucky,PDS000030463.41,2021,from_2016,USA,Chicken Gizzard
PDT001983676.1,Infantis,PDS000265741.69,2021,from_2016,USA,Chicken Gizzard
PDT001983677.1,Kentucky,PDS000038055.203,2021,from_2016,USA,Chicken Gizzard
PDT001983678.1,Kentucky,PDS000004095.510,2021,from_2016,USA,Chicken Liver
PDT001983679.1,Infantis,PDS000265741.69,2021,from_2016,USA,Chicken Heart
PDT001983680.1,Infantis,PDS000265741.69,2021,from_2016,USA,Chicken Gizzard
PDT001983681.1,Agona,PDS000214890.285,2021,from_2016,USA,Chicken Liver
PDT001983682.1,Fresno,PDS000103427.9,2021,from_2016,USA,Chicken Heart
PDT001983683.1,Kentucky,PDS000004095.510,2021,from_2016,USA,Chicken Liver
PDT001983684.1,Kentucky,PDS000029426.101,2021,from_2016,USA,Chicken Heart
PDT001983685.1,Kentucky,PDS000004095.510,2021,from_2016,USA,Chicken Gizzard
PDT001983686.1,Infantis,PDS000265741.69,2021,from_2016,USA,Chicken Gizzard
PDT001983687.1,Infantis,PDS000265741.69,2021,from_2016,USA,Chicken Gizzard
PDT001983688.1,Kentucky,PDS000004095.510,2021,from_2016,USA,Chicken Gizzard
PDT001983689.1,Infantis,PDS000265741.69,2021,from_2016,USA,Chicken Heart
PDT001983690.1,Kentucky,PDS000032532.55,2021,from_2016,USA,Chicken Heart
PDT001983691.1,Kentucky,PDS000004095.510,2021,from_2016,USA,Chicken Gizzard
PDT001983692.1,Kentucky,PDS000217831.57,2021,from_2016,USA,Chicken Liver
PDT001983693.1,Typhimurium,PDS000081914.324,2021,from_2016,USA,Chicken Heart
PDT001983694.1,Kentucky,PDS000029414.302,2021,from_2016,USA,Chicken Heart
PDT001983695.1,Kentucky,PDS000038055.203,2021,from_2016,USA,Chicken Gizzard
PDT001983696.1,Kentucky,PDS000029448.447,2021,from_2016,USA,Chicken Gizzard
PDT001983697.1,Infantis,PDS000255910.2,2021,from_2016,USA,Chicken Heart
PDT001983698.1,Infantis,PDS000265741.69,2021,from_2016,USA,Chicken Gizzard
PDT001983699.1,Typhimurium,PDS000201938.160,2021,from_2016,USA,Chicken Liver
PDT001983700.1,Enteritidis,PDS000083226.1311,2021,from_2016,USA,Chicken Liver
PDT001983701.1,Kentucky,PDS000217831.57,2021,from_2016,USA,Chicken Heart
PDT001983702.1,Infantis,PDS000265741.69,2021,from_2016,USA,Chicken Heart
PDT001983703.1,Kentucky,PDS000029448.447,2021,from_2016,USA,Chicken Gizzard
PDT001983704.1,Kentucky,PDS000029448.447,2021,from_2016,USA,Chicken Gizzard
PDT001983705.1,Enteritidis,PDS000032668.1889,2021,from_2016,USA,Chicken Heart
PDT001983706.1,Kentucky,PDS000217831.57,2021,from_2016,USA,Chicken Gizzard
PDT001983707.1,Kentucky,PDS000004095.510,2021,from_2016,USA,Chicken Liver
PDT001983708.1,Kentucky,PDS000217831.57,2021,from_2016,USA,Chicken Heart
PDT001983709.1,Typhimurium,PDS000250394.11,2021,from_2016,USA,Chicken Liver
PDT001983710.1,Kentucky,PDS000029448.447,2021,from_2016,USA,Chicken Gizzard
PDT001983711.1,"-:r:1,5",PDS000265741.69,2021,from_2016,USA,Chicken Heart
PDT002221295.1,Hadar,PDS000158106.134,2017,from_2016,USA,ground turkey
PDT002221298.1,Hadar,PDS000158107.507,2019,from_2016,USA,ground turkey
PDT002221299.1,Hadar,PDS000158107.507,2019,from_2016,USA,turkey
PDT002467989.1,Infantis,PDS000265741.69,2016,from_2016,USA,ground turkey
