isolate_id,agent,operator,measurement,unit,panel
A1,cefotaxime,>,32,mg/L,BD Phoenix
A1,ceftazidime,,16,mg/L,BD Phoenix
A1,meropenem,<=,1,mg/L,BD Phoenix
A1,ciprofloxacin,>,2,mg/L,BD Phoenix
A1,gentamicin,>,8,mg/L,BD Phoenix
A1,tetracycline,>,8,mg/L,BD Phoenix
A10,cefotaxime,<=,1,mg/L,BD Phoenix
A10,ceftazidime,<=,1,mg/L,BD Phoenix
A10,meropenem,<=,1,mg/L,BD Phoenix
A10,ciprofloxacin,>,2,mg/L,BD Phoenix
A10,gentamicin,<=,2,mg/L,BD Phoenix
A10,tetracycline,>,8,mg/L,BD Phoenix
A100,cefotaxime,<=,1,mg/L,BD Phoenix
A100,ceftazidime,<=,1,mg/L,BD Phoenix
A100,meropenem,<=,1,mg/L,BD Phoenix
A100,ciprofloxacin,<=,0.5,mg/L,BD Phoenix
A100,gentamicin,>,8,mg/L,BD Phoenix
A100,tetracycline,>,8,mg/L,BD Phoenix
A101,cefotaxime,>,32,mg/L,BD Phoenix
A101,ceftazidime,>,16,mg/L,BD Phoenix
A101,meropenem,<=,1,mg/L,BD Phoenix
A101,ciprofloxacin,>,2,mg/L,BD Phoenix
A101,gentamicin,<=,2,mg/L,BD Phoenix
A101,tetracycline,>,8,mg/L,BD Phoenix
A102,cefotaxime,<=,1,mg/L,BD Phoenix
A102,ceftazidime,<=,1,mg/L,BD Phoenix
A102,meropenem,<=,1,mg/L,BD Phoenix
A102,ciprofloxacin,<=,0.5,mg/L,BD Phoenix
A102,gentamicin,<=,2,mg/L,BD Phoenix
A102,tetracycline,>,8,mg/L,BD Phoenix
A104,cefotaxime,,8,mg/L,BD Phoenix
A104,ceftazidime,,8,mg/L,BD Phoenix
A104,meropenem,<=,1,mg/L,BD Phoenix
A104,ciprofloxacin,,2,mg/L,BD Phoenix
A104,gentamicin,>,8,mg/L,BD Phoenix
A104,tetracycline,>,8,mg/L,BD Phoenix
A105,cefotaxime,<=,1,mg/L,BD Phoenix
A105,ceftazidime,<=,1,mg/L,BD Phoenix
A105,meropenem,<=,1,mg/L,BD Phoenix
A105,ciprofloxacin,<=,0.5,mg/L,BD Phoenix
A105,gentamicin,<=,2,mg/L,BD Phoenix
A105,tetracycline,>,8,mg/L,BD Phoenix
A106,cefotaxime,>,32,mg/L,BD Phoenix
A106,ceftazidime,,4,mg/L,BD Phoenix
A106,meropenem,<=,1,mg/L,BD Phoenix
A106,ciprofloxacin,>,2,mg/L,BD Phoenix
A106,gentamicin,>,8,mg/L,BD Phoenix
A106,tetracycline,>,8,mg/L,BD Phoenix
A107,cefotaxime,<=,1,mg/L,BD Phoenix
A107,ceftazidime,<=,1,mg/L,BD Phoenix
A107,meropenem,<=,1,mg/L,BD Phoenix
A107,ciprofloxacin,>,2,mg/L,BD Phoenix
A107,gentamicin,>,8,mg/L,BD Phoenix
A107,tetracycline,>,8,mg/L,BD Phoenix
A108,cefotaxime,<=,1,mg/L,BD Phoenix
A108,ceftazidime,<=,1,mg/L,BD Phoenix
A108,meropenem,<=,1,mg/L,BD Phoenix
A108,ciprofloxacin,,1,mg/L,BD Phoenix
A108,gentamicin,<=,2,mg/L,BD Phoenix
A108,tetracycline,>,8,mg/L,BD Phoenix
A109,cefotaxime,<=,1,mg/L,BD Phoenix
A109,ceftazidime,<=,1,mg/L,BD Phoenix
A109,meropenem,<=,1,mg/L,BD Phoenix
A109,ciprofloxacin,<=,0.5,mg/L,BD Phoenix
A109,gentamicin,<=,2,mg/L,BD Phoenix
A109,tetracycline,>,8,mg/L,BD Phoenix
A11,cefotaxime,,16,mg/L,BD Phoenix
A11,ceftazidime,<=,1,mg/L,BD Phoenix
A11,meropenem,<=,1,mg/L,BD Phoenix
A11,ciprofloxacin,>,2,mg/L,BD Phoenix
A11,gentamicin,<=,2,mg/L,BD Phoenix
A11,tetracycline,>,8,mg/L,BD Phoenix
A110,cefotaxime,<=,1,mg/L,BD Phoenix
A110,ceftazidime,<=,1,mg/L,BD Phoenix
A110,meropenem,<=,1,mg/L,BD Phoenix
A110,ciprofloxacin,,2,mg/L,BD Phoenix
A110,gentamicin,<=,2,mg/L,BD Phoenix
A110,tetracycline,>,8,mg/L,BD Phoenix
A111,cefotaxime,<=,1,mg/L,BD Phoenix
A111,ceftazidime,<=,1,mg/L,BD Phoenix
A111,meropenem,<=,1,mg/L,BD Phoenix
A111,ciprofloxacin,>,2,mg/L,BD Phoenix
A111,gentamicin,<=,2,mg/L,BD Phoenix
A111,tetracycline,>,8,mg/L,BD Phoenix
A112,cefotaxime,<=,1,mg/L,BD Phoenix
A112,ceftazidime,<=,1,mg/L,BD Phoenix
A112,meropenem,<=,1,mg/L,BD Phoenix
A112,ciprofloxacin,<=,0.5,mg/L,BD Phoenix
A112,gentamicin,>,8,mg/L,BD Phoenix
A112,tetracycline,>,8,mg/L,BD Phoenix
A113,cefotaxime,>,32,mg/L,BD Phoenix
A113,ceftazidime,<=,1,mg/L,BD Phoenix
A113,meropenem,<=,1,mg/L,BD Phoenix
A113,ciprofloxacin,,1,mg/L,BD Phoenix
A113,gentamicin,<=,2,mg/L,BD Phoenix
A113,tetracycline,>,8,mg/L,BD Phoenix
A114,cefotaxime,<=,1,mg/L,BD Phoenix
A114,ceftazidime,<=,1,mg/L,BD Phoenix
A114,meropenem,<=,1,mg/L,BD Phoenix
A114,ciprofloxacin,<=,0.5,mg/L,BD Phoenix
A114,gentamicin,<=,2,mg/L,BD Phoenix
A114,tetracycline,>,8,mg/L,BD Phoenix
A115,cefotaxime,>,32,mg/L,BD Phoenix
A115,ceftazidime,<=,1,mg/L,BD Phoenix
A115,meropenem,<=,1,mg/L,BD Phoenix
A115,ciprofloxacin,>,2,mg/L,BD Phoenix
A115,gentamicin,,8,mg/L,BD Phoenix
A115,tetracycline,>,8,mg/L,BD Phoenix
A116,cefotaxime,>,32,mg/L,BD Phoenix
A116,ceftazidime,,8,mg/L,BD Phoenix
A116,meropenem,<=,1,mg/L,BD Phoenix
A116,ciprofloxacin,>,2,mg/L,BD Phoenix
A116,gentamicin,<=,2,mg/L,BD Phoenix
A116,tetracycline,>,8,mg/L,BD Phoenix
A117,cefotaxime,>,32,mg/L,BD Phoenix
A117,ceftazidime,<=,1,mg/L,BD Phoenix
A117,meropenem,<=,1,mg/L,BD Phoenix
A117,ciprofloxacin,>,2,mg/L,BD Phoenix
A117,gentamicin,<=,2,mg/L,BD Phoenix
A117,tetracycline,>,8,mg/L,BD Phoenix
A118,cefotaxime,>,32,mg/L,BD Phoenix
A118,ceftazidime,,2,mg/L,BD Phoenix
A118,meropenem,<=,1,mg/L,BD Phoenix
A118,ciprofloxacin,>,2,mg/L,BD Phoenix
A118,gentamicin,>,8,mg/L,BD Phoenix
A118,tetracycline,>,8,mg/L,BD Phoenix
A119,cefotaxime,,16,mg/L,BD Phoenix
A119,ceftazidime,<=,1,mg/L,BD Phoenix
A119,meropenem,<=,1,mg/L,BD Phoenix
A119,ciprofloxacin,>,2,mg/L,BD Phoenix
A119,gentamicin,>,8,mg/L,BD Phoenix
A119,tetracycline,>,8,mg/L,BD Phoenix
A12,cefotaxime,<=,1,mg/L,BD Phoenix
A12,ceftazidime,<=,1,mg/L,BD Phoenix
A12,meropenem,<=,1,mg/L,BD Phoenix
A12,ciprofloxacin,>,2,mg/L,BD Phoenix
A12,gentamicin,<=,2,mg/L,BD Phoenix
A12,tetracycline,>,8,mg/L,BD Phoenix
A120,cefotaxime,>,32,mg/L,BD Phoenix
A120,ceftazidime,<=,1,mg/L,BD Phoenix
A120,meropenem,<=,1,mg/L,BD Phoenix
A120,ciprofloxacin,>,2,mg/L,BD Phoenix
A120,gentamicin,>,8,mg/L,BD Phoenix
A120,tetracycline,>,8,mg/L,BD Phoenix
A121,cefotaxime,>,32,mg/L,BD Phoenix
A121,ceftazidime,<=,1,mg/L,BD Phoenix
A121,meropenem,<=,1,mg/L,BD Phoenix
A121,ciprofloxacin,>,2,mg/L,BD Phoenix
A121,gentamicin,>,8,mg/L,BD Phoenix
A121,tetracycline,>,8,mg/L,BD Phoenix
A122,cefotaxime,<=,1,mg/L,BD Phoenix
A122,ceftazidime,<=,1,mg/L,BD Phoenix
A122,meropenem,<=,1,mg/L,BD Phoenix
A122,ciprofloxacin,>,2,mg/L,BD Phoenix
A122,gentamicin,>,8,mg/L,BD Phoenix
A122,tetracycline,>,8,mg/L,BD Phoenix
A123,cefotaxime,>,32,mg/L,BD Phoenix
A123,ceftazidime,<=,1,mg/L,BD Phoenix
A123,meropenem,<=,1,mg/L,BD Phoenix
A123,ciprofloxacin,>,2,mg/L,BD Phoenix
A123,gentamicin,>,8,mg/L,BD Phoenix
A123,tetracycline,>,8,mg/L,BD Phoenix
A124,cefotaxime,>,32,mg/L,BD Phoenix
A124,ceftazidime,,8,mg/L,BD Phoenix
A124,meropenem,<=,1,mg/L,BD Phoenix
A124,ciprofloxacin,>,2,mg/L,BD Phoenix
A124,gentamicin,>,8,mg/L,BD Phoenix
A124,tetracycline,>,8,mg/L,BD Phoenix
A125,cefotaxime,<=,1,mg/L,BD Phoenix
A125,ceftazidime,<=,1,mg/L,BD Phoenix
A125,meropenem,<=,1,mg/L,BD Phoenix
A125,ciprofloxacin,,1,mg/L,BD Phoenix
A125,gentamicin,<=,2,mg/L,BD Phoenix
A125,tetracycline,>,8,mg/L,BD Phoenix
A126,cefotaxime,<=,1,mg/L,BD Phoenix
A126,ceftazidime,<=,1,mg/L,BD Phoenix
A126,meropenem,<=,1,mg/L,BD Phoenix
A126,ciprofloxacin,>,2,mg/L,BD Phoenix
A126,gentamicin,>,8,mg/L,BD Phoenix
A126,tetracycline,>,8,mg/L,BD Phoenix
A127,cefotaxime,<=,1,mg/L,BD Phoenix
A127,ceftazidime,<=,1,mg/L,BD Phoenix
A127,meropenem,<=,1,mg/L,BD Phoenix
A127,ciprofloxacin,>,2,mg/L,BD Phoenix
A127,gentamicin,>,8,mg/L,BD Phoenix
A127,tetracycline,>,8,mg/L,BD Phoenix
A128,cefotaxime,<=,1,mg/L,BD Phoenix
A128,ceftazidime,<=,1,mg/L,BD Phoenix
A128,meropenem,<=,1,mg/L,BD Phoenix
A128,ciprofloxacin,,1,mg/L,BD Phoenix
A128,gentamicin,>,8,mg/L,BD Phoenix
A128,tetracycline,>,8,mg/L,BD Phoenix
A129,cefotaxime,<=,1,mg/L,BD Phoenix
A129,ceftazidime,<=,1,mg/L,BD Phoenix
A129,meropenem,<=,1,mg/L,BD Phoenix
A129,ciprofloxacin,>,2,mg/L,BD Phoenix
A129,gentamicin,<=,2,mg/L,BD Phoenix
A129,tetracycline,>,8,mg/L,BD Phoenix
A13,cefotaxime,>,32,mg/L,BD Phoenix
A13,ceftazidime,<=,1,mg/L,BD Phoenix
A13,meropenem,<=,1,mg/L,BD Phoenix
A13,ciprofloxacin,>,2,mg/L,BD Phoenix
A13,gentamicin,>,8,mg/L,BD Phoenix
A13,tetracycline,>,8,mg/L,BD Phoenix
A130,cefotaxime,<=,1,mg/L,BD Phoenix
A130,ceftazidime,<=,1,mg/L,BD Phoenix
A130,meropenem,<=,1,mg/L,BD Phoenix
A130,ciprofloxacin,>,2,mg/L,BD Phoenix
A130,gentamicin,>,8,mg/L,BD Phoenix
A130,tetracycline,>,8,mg/L,BD Phoenix
A131,cefotaxime,<=,1,mg/L,BD Phoenix
A131,ceftazidime,<=,1,mg/L,BD Phoenix
A131,meropenem,<=,1,mg/L,BD Phoenix
A131,ciprofloxacin,>,2,mg/L,BD Phoenix
A131,gentamicin,>,8,mg/L,BD Phoenix
A131,tetracycline,>,8,mg/L,BD Phoenix
A132,cefotaxime,>,32,mg/L,BD Phoenix
A132,ceftazidime,<=,1,mg/L,BD Phoenix
A132,meropenem,<=,1,mg/L,BD Phoenix
A132,ciprofloxacin,>,2,mg/L,BD Phoenix
A132,gentamicin,>,8,mg/L,BD Phoenix
A132,tetracycline,>,8,mg/L,BD Phoenix
A133,cefotaxime,>,32,mg/L,BD Phoenix
A133,ceftazidime,,16,mg/L,BD Phoenix
A133,meropenem,<=,1,mg/L,BD Phoenix
A133,ciprofloxacin,>,2,mg/L,BD Phoenix
A133,gentamicin,>,8,mg/L,BD Phoenix
A133,tetracycline,>,8,mg/L,BD Phoenix
A134,cefotaxime,<=,1,mg/L,BD Phoenix
A134,ceftazidime,<=,1,mg/L,BD Phoenix
A134,meropenem,<=,1,mg/L,BD Phoenix
A134,ciprofloxacin,<=,0.5,mg/L,BD Phoenix
A134,gentamicin,<=,2,mg/L,BD Phoenix
A134,tetracycline,>,8,mg/L,BD Phoenix
A135,cefotaxime,<=,1,mg/L,BD Phoenix
A135,ceftazidime,<=,1,mg/L,BD Phoenix
A135,meropenem,<=,1,mg/L,BD Phoenix
A135,ciprofloxacin,<=,0.5,mg/L,BD Phoenix
A135,gentamicin,<=,2,mg/L,BD Phoenix
A135,tetracycline,>,8,mg/L,BD Phoenix
A136,cefotaxime,>,32,mg/L,BD Phoenix
A136,ceftazidime,<=,1,mg/L,BD Phoenix
A136,meropenem,<=,1,mg/L,BD Phoenix
A136,ciprofloxacin,>,2,mg/L,BD Phoenix
A136,gentamicin,>,8,mg/L,BD Phoenix
A136,tetracycline,>,8,mg/L,BD Phoenix
A137,cefotaxime,,8,mg/L,BD Phoenix
A137,ceftazidime,,8,mg/L,BD Phoenix
A137,meropenem,<=,1,mg/L,BD Phoenix
A137,ciprofloxacin,>,2,mg/L,BD Phoenix
A137,gentamicin,>,8,mg/L,BD Phoenix
A137,tetracycline,>,8,mg/L,BD Phoenix
A138,cefotaxime,<=,1,mg/L,BD Phoenix
A138,ceftazidime,<=,1,mg/L,BD Phoenix
A138,meropenem,<=,1,mg/L,BD Phoenix
A138,ciprofloxacin,>,2,mg/L,BD Phoenix
A138,gentamicin,>,8,mg/L,BD Phoenix
A138,tetracycline,>,8,mg/L,BD Phoenix
A139,cefotaxime,<=,1,mg/L,BD Phoenix
A139,ceftazidime,<=,1,mg/L,BD Phoenix
A139,meropenem,<=,1,mg/L,BD Phoenix
A139,ciprofloxacin,<=,0.5,mg/L,BD Phoenix
A139,gentamicin,<=,2,mg/L,BD Phoenix
A139,tetracycline,>,8,mg/L,BD Phoenix
A14,cefotaxime,>,32,mg/L,BD Phoenix
A14,ceftazidime,<=,1,mg/L,BD Phoenix
A14,meropenem,<=,1,mg/L,BD Phoenix
A14,ciprofloxacin,>,2,mg/L,BD Phoenix
A14,gentamicin,>,8,mg/L,BD Phoenix
A14,tetracycline,>,8,mg/L,BD Phoenix
A140,cefotaxime,>,32,mg/L,BD Phoenix
A140,ceftazidime,,2,mg/L,BD Phoenix
A140,meropenem,<=,1,mg/L,BD Phoenix
A140,ciprofloxacin,>,2,mg/L,BD Phoenix
A140,gentamicin,>,8,mg/L,BD Phoenix
A140,tetracycline,>,8,mg/L,BD Phoenix
A141,cefotaxime,<=,1,mg/L,BD Phoenix
A141,ceftazidime,<=,1,mg/L,BD Phoenix
A141,meropenem,<=,1,mg/L,BD Phoenix
A141,ciprofloxacin,>,2,mg/L,BD Phoenix
A141,gentamicin,<=,2,mg/L,BD Phoenix
A141,tetracycline,>,8,mg/L,BD Phoenix
A142,cefotaxime,,4,mg/L,BD Phoenix
A142,ceftazidime,,4,mg/L,BD Phoenix
A142,meropenem,<=,1,mg/L,BD Phoenix
A142,ciprofloxacin,>,2,mg/L,BD Phoenix
A142,gentamicin,<=,2,mg/L,BD Phoenix
A142,tetracycline,>,8,mg/L,BD Phoenix
A143,cefotaxime,<=,1,mg/L,BD Phoenix
A143,ceftazidime,<=,1,mg/L,BD Phoenix
A143,meropenem,<=,1,mg/L,BD Phoenix
A143,ciprofloxacin,>,2,mg/L,BD Phoenix
A143,gentamicin,>,8,mg/L,BD Phoenix
A143,tetracycline,>,8,mg/L,BD Phoenix
A144,cefotaxime,>,32,mg/L,BD Phoenix
A144,ceftazidime,,2,mg/L,BD Phoenix
A144,meropenem,<=,1,mg/L,BD Phoenix
A144,ciprofloxacin,>,2,mg/L,BD Phoenix
A144,gentamicin,>,8,mg/L,BD Phoenix
A144,tetracycline,>,8,mg/L,BD Phoenix
A145,cefotaxime,<=,1,mg/L,BD Phoenix
A145,ceftazidime,<=,1,mg/L,BD Phoenix
A145,meropenem,<=,1,mg/L,BD Phoenix
A145,ciprofloxacin,>,2,mg/L,BD Phoenix
A145,gentamicin,>,8,mg/L,BD Phoenix
A145,tetracycline,>,8,mg/L,BD Phoenix
A146,cefotaxime,>,32,mg/L,BD Phoenix
A146,ceftazidime,,8,mg/L,BD Phoenix
A146,meropenem,<=,1,mg/L,BD Phoenix
A146,ciprofloxacin,<=,0.5,mg/L,BD Phoenix
A146,gentamicin,<=,2,mg/L,BD Phoenix
A146,tetracycline,>,8,mg/L,BD Phoenix
A147,cefotaxime,>,32,mg/L,BD Phoenix
A147,ceftazidime,,8,mg/L,BD Phoenix
A147,meropenem,<=,1,mg/L,BD Phoenix
A147,ciprofloxacin,>,2,mg/L,BD Phoenix
A147,gentamicin,>,8,mg/L,BD Phoenix
A147,tetracycline,>,8,mg/L,BD Phoenix
A148,cefotaxime,<=,1,mg/L,BD Phoenix
A148,ceftazidime,<=,1,mg/L,BD Phoenix
A148,meropenem,<=,1,mg/L,BD Phoenix
A148,ciprofloxacin,>,2,mg/L,BD Phoenix
A148,gentamicin,>,8,mg/L,BD Phoenix
A148,tetracycline,>,8,mg/L,BD Phoenix
A149,cefotaxime,>,32,mg/L,BD Phoenix
A149,ceftazidime,,8,mg/L,BD Phoenix
A149,meropenem,<=,1,mg/L,BD Phoenix
A149,ciprofloxacin,>,2,mg/L,BD Phoenix
A149,gentamicin,>,8,mg/L,BD Phoenix
A149,tetracycline,>,8,mg/L,BD Phoenix
A15,cefotaxime,>,32,mg/L,BD Phoenix
A15,ceftazidime,,4,mg/L,BD Phoenix
A15,meropenem,<=,1,mg/L,BD Phoenix
A15,ciprofloxacin,>,2,mg/L,BD Phoenix
A15,gentamicin,>,8,mg/L,BD Phoenix
A15,tetracycline,>,8,mg/L,BD Phoenix
A151,cefotaxime,<=,1,mg/L,BD Phoenix
A151,ceftazidime,<=,1,mg/L,BD Phoenix
A151,meropenem,<=,1,mg/L,BD Phoenix
A151,ciprofloxacin,<=,0.5,mg/L,BD Phoenix
A151,gentamicin,<=,2,mg/L,BD Phoenix
A151,tetracycline,<=,2,mg/L,BD Phoenix
A152,cefotaxime,,4,mg/L,BD Phoenix
A152,ceftazidime,,4,mg/L,BD Phoenix
A152,meropenem,<=,1,mg/L,BD Phoenix
A152,ciprofloxacin,<=,0.5,mg/L,BD Phoenix
A152,gentamicin,<=,2,mg/L,BD Phoenix
A152,tetracycline,>,8,mg/L,BD Phoenix
A153,cefotaxime,>,32,mg/L,BD Phoenix
A153,ceftazidime,,8,mg/L,BD Phoenix
A153,meropenem,<=,1,mg/L,BD Phoenix
A153,ciprofloxacin,>,2,mg/L,BD Phoenix
A153,gentamicin,>,8,mg/L,BD Phoenix
A153,tetracycline,>,8,mg/L,BD Phoenix
A155,cefotaxime,,16,mg/L,BD Phoenix
A155,ceftazidime,<=,1,mg/L,BD Phoenix
A155,meropenem,<=,1,mg/L,BD Phoenix
A155,ciprofloxacin,>,2,mg/L,BD Phoenix
A155,gentamicin,>,8,mg/L,BD Phoenix
A155,tetracycline,>,8,mg/L,BD Phoenix
A156,cefotaxime,<=,1,mg/L,BD Phoenix
A156,ceftazidime,<=,1,mg/L,BD Phoenix
A156,meropenem,<=,1,mg/L,BD Phoenix
A156,ciprofloxacin,>,2,mg/L,BD Phoenix
A156,gentamicin,<=,2,mg/L,BD Phoenix
A156,tetracycline,>,8,mg/L,BD Phoenix
A157,cefotaxime,<=,1,mg/L,BD Phoenix
A157,ceftazidime,<=,1,mg/L,BD Phoenix
A157,meropenem,<=,1,mg/L,BD Phoenix
A157,ciprofloxacin,>,2,mg/L,BD Phoenix
A157,gentamicin,>,8,mg/L,BD Phoenix
A157,tetracycline,>,8,mg/L,BD Phoenix
A158,cefotaxime,>,32,mg/L,BD Phoenix
A158,ceftazidime,,16,mg/L,BD Phoenix
A158,meropenem,<=,1,mg/L,BD Phoenix
A158,ciprofloxacin,>,2,mg/L,BD Phoenix
A158,gentamicin,>,8,mg/L,BD Phoenix
A158,tetracycline,>,8,mg/L,BD Phoenix
A16,cefotaxime,<=,1,mg/L,BD Phoenix
A16,ceftazidime,<=,1,mg/L,BD Phoenix
A16,meropenem,<=,1,mg/L,BD Phoenix
A16,ciprofloxacin,>,2,mg/L,BD Phoenix
A16,gentamicin,>,8,mg/L,BD Phoenix
A16,tetracycline,>,8,mg/L,BD Phoenix
A161,cefotaxime,>,32,mg/L,BD Phoenix
A161,ceftazidime,,16,mg/L,BD Phoenix
A161,meropenem,<=,1,mg/L,BD Phoenix
A161,ciprofloxacin,>,2,mg/L,BD Phoenix
A161,gentamicin,>,8,mg/L,BD Phoenix
A161,tetracycline,>,8,mg/L,BD Phoenix
A162,cefotaxime,>,32,mg/L,BD Phoenix
A162,ceftazidime,<=,1,mg/L,BD Phoenix
A162,meropenem,<=,1,mg/L,BD Phoenix
A162,ciprofloxacin,>,2,mg/L,BD Phoenix
A162,gentamicin,>,8,mg/L,BD Phoenix
A162,tetracycline,>,8,mg/L,BD Phoenix
A163,cefotaxime,>,32,mg/L,BD Phoenix
A163,ceftazidime,>,16,mg/L,BD Phoenix
A163,meropenem,<=,1,mg/L,BD Phoenix
A163,ciprofloxacin,>,2,mg/L,BD Phoenix
A163,gentamicin,>,8,mg/L,BD Phoenix
A163,tetracycline,>,8,mg/L,BD Phoenix
A164,cefotaxime,>,32,mg/L,BD Phoenix
A164,ceftazidime,,2,mg/L,BD Phoenix
A164,meropenem,<=,1,mg/L,BD Phoenix
A164,ciprofloxacin,>,2,mg/L,BD Phoenix
A164,gentamicin,>,8,mg/L,BD Phoenix
A164,tetracycline,>,8,mg/L,BD Phoenix
A165,cefotaxime,,8,mg/L,BD Phoenix
A165,ceftazidime,,8,mg/L,BD Phoenix
A165,meropenem,<=,1,mg/L,BD Phoenix
A165,ciprofloxacin,>,2,mg/L,BD Phoenix
A165,gentamicin,>,8,mg/L,BD Phoenix
A165,tetracycline,>,8,mg/L,BD Phoenix
A166,cefotaxime,,32,mg/L,BD Phoenix
A166,ceftazidime,,2,mg/L,BD Phoenix
A166,meropenem,<=,1,mg/L,BD Phoenix
A166,ciprofloxacin,>,2,mg/L,BD Phoenix
A166,gentamicin,>,8,mg/L,BD Phoenix
A166,tetracycline,>,8,mg/L,BD Phoenix
A167,cefotaxime,<=,1,mg/L,BD Phoenix
A167,ceftazidime,<=,1,mg/L,BD Phoenix
A167,meropenem,<=,1,mg/L,BD Phoenix
A167,ciprofloxacin,<=,0.5,mg/L,BD Phoenix
A167,gentamicin,>,8,mg/L,BD Phoenix
A167,tetracycline,>,8,mg/L,BD Phoenix
A168,cefotaxime,>,32,mg/L,BD Phoenix
A168,ceftazidime,<=,1,mg/L,BD Phoenix
A168,meropenem,<=,1,mg/L,BD Phoenix
A168,ciprofloxacin,>,2,mg/L,BD Phoenix
A168,gentamicin,<=,2,mg/L,BD Phoenix
A168,tetracycline,>,8,mg/L,BD Phoenix
A169,cefotaxime,>,32,mg/L,BD Phoenix
A169,ceftazidime,>,16,mg/L,BD Phoenix
A169,meropenem,<=,1,mg/L,BD Phoenix
A169,ciprofloxacin,>,2,mg/L,BD Phoenix
A169,gentamicin,<=,2,mg/L,BD Phoenix
A169,tetracycline,>,8,mg/L,BD Phoenix
A17,cefotaxime,>,32,mg/L,BD Phoenix
A17,ceftazidime,,2,mg/L,BD Phoenix
A17,meropenem,<=,1,mg/L,BD Phoenix
A17,ciprofloxacin,>,2,mg/L,BD Phoenix
A17,gentamicin,>,8,mg/L,BD Phoenix
A17,tetracycline,>,8,mg/L,BD Phoenix
A170,cefotaxime,,8,mg/L,BD Phoenix
A170,ceftazidime,,4,mg/L,BD Phoenix
A170,meropenem,<=,1,mg/L,BD Phoenix
A170,ciprofloxacin,>,2,mg/L,BD Phoenix
A170,gentamicin,>,8,mg/L,BD Phoenix
A170,tetracycline,>,8,mg/L,BD Phoenix
A171,cefotaxime,>,32,mg/L,BD Phoenix
A171,ceftazidime,,16,mg/L,BD Phoenix
A171,meropenem,<=,1,mg/L,BD Phoenix
A171,ciprofloxacin,>,2,mg/L,BD Phoenix
A171,gentamicin,>,8,mg/L,BD Phoenix
A171,tetracycline,>,8,mg/L,BD Phoenix
A172,cefotaxime,<=,1,mg/L,BD Phoenix
A172,ceftazidime,<=,1,mg/L,BD Phoenix
A172,meropenem,<=,1,mg/L,BD Phoenix
A172,ciprofloxacin,>,2,mg/L,BD Phoenix
A172,gentamicin,>,8,mg/L,BD Phoenix
A172,tetracycline,>,8,mg/L,BD Phoenix
A173,cefotaxime,<=,1,mg/L,BD Phoenix
A173,ceftazidime,<=,1,mg/L,BD Phoenix
A173,meropenem,<=,1,mg/L,BD Phoenix
A173,ciprofloxacin,>,2,mg/L,BD Phoenix
A173,gentamicin,<=,2,mg/L,BD Phoenix
A173,tetracycline,>,8,mg/L,BD Phoenix
A174,cefotaxime,<=,1,mg/L,BD Phoenix
A174,ceftazidime,<=,1,mg/L,BD Phoenix
A174,meropenem,<=,1,mg/L,BD Phoenix
A174,ciprofloxacin,,1,mg/L,BD Phoenix
A174,gentamicin,<=,2,mg/L,BD Phoenix
A174,tetracycline,>,8,mg/L,BD Phoenix
A175,cefotaxime,<=,1,mg/L,BD Phoenix
A175,ceftazidime,<=,1,mg/L,BD Phoenix
A175,meropenem,<=,1,mg/L,BD Phoenix
A175,ciprofloxacin,,1,mg/L,BD Phoenix
A175,gentamicin,<=,2,mg/L,BD Phoenix
A175,tetracycline,>,8,mg/L,BD Phoenix
A176,cefotaxime,<=,1,mg/L,BD Phoenix
A176,ceftazidime,<=,1,mg/L,BD Phoenix
A176,meropenem,<=,1,mg/L,BD Phoenix
A176,ciprofloxacin,<=,0.5,mg/L,BD Phoenix
A176,gentamicin,<=,2,mg/L,BD Phoenix
A176,tetracycline,>,8,mg/L,BD Phoenix
A177,cefotaxime,>,32,mg/L,BD Phoenix
A177,ceftazidime,,4,mg/L,BD Phoenix
A177,meropenem,<=,1,mg/L,BD Phoenix
A177,ciprofloxacin,>,2,mg/L,BD Phoenix
A177,gentamicin,>,8,mg/L,BD Phoenix
A177,tetracycline,>,8,mg/L,BD Phoenix
A178,cefotaxime,<=,1,mg/L,BD Phoenix
A178,ceftazidime,<=,1,mg/L,BD Phoenix
A178,meropenem,<=,1,mg/L,BD Phoenix
A178,ciprofloxacin,>,2,mg/L,BD Phoenix
A178,gentamicin,>,8,mg/L,BD Phoenix
A178,tetracycline,>,8,mg/L,BD Phoenix
A179,cefotaxime,<=,1,mg/L,BD Phoenix
A179,ceftazidime,<=,1,mg/L,BD Phoenix
A179,meropenem,<=,1,mg/L,BD Phoenix
A179,ciprofloxacin,<=,0.5,mg/L,BD Phoenix
A179,gentamicin,<=,2,mg/L,BD Phoenix
A179,tetracycline,>,8,mg/L,BD Phoenix
A18,cefotaxime,>,32,mg/L,BD Phoenix
A18,ceftazidime,,2,mg/L,BD Phoenix
A18,meropenem,<=,1,mg/L,BD Phoenix
A18,ciprofloxacin,,2,mg/L,BD Phoenix
A18,gentamicin,>,8,mg/L,BD Phoenix
A18,tetracycline,>,8,mg/L,BD Phoenix
A180,cefotaxime,<=,1,mg/L,BD Phoenix
A180,ceftazidime,<=,1,mg/L,BD Phoenix
A180,meropenem,<=,1,mg/L,BD Phoenix
A180,ciprofloxacin,<=,0.5,mg/L,BD Phoenix
A180,gentamicin,<=,2,mg/L,BD Phoenix
A180,tetracycline,>,8,mg/L,BD Phoenix
A181,cefotaxime,<=,1,mg/L,BD Phoenix
A181,ceftazidime,<=,1,mg/L,BD Phoenix
A181,meropenem,<=,1,mg/L,BD Phoenix
A181,ciprofloxacin,>,2,mg/L,BD Phoenix
A181,gentamicin,>,8,mg/L,BD Phoenix
A181,tetracycline,>,8,mg/L,BD Phoenix
A183,cefotaxime,>,32,mg/L,BD Phoenix
A183,ceftazidime,,16,mg/L,BD Phoenix
A183,meropenem,<=,1,mg/L,BD Phoenix
A183,ciprofloxacin,>,2,mg/L,BD Phoenix
A183,gentamicin,>,8,mg/L,BD Phoenix
A183,tetracycline,>,8,mg/L,BD Phoenix
A184,cefotaxime,<=,1,mg/L,BD Phoenix
A184,ceftazidime,<=,1,mg/L,BD Phoenix
A184,meropenem,<=,1,mg/L,BD Phoenix
A184,ciprofloxacin,>,2,mg/L,BD Phoenix
A184,gentamicin,>,8,mg/L,BD Phoenix
A184,tetracycline,>,8,mg/L,BD Phoenix
A185,cefotaxime,>,32,mg/L,BD Phoenix
A185,ceftazidime,<=,1,mg/L,BD Phoenix
A185,meropenem,<=,1,mg/L,BD Phoenix
A185,ciprofloxacin,>,2,mg/L,BD Phoenix
A185,gentamicin,>,8,mg/L,BD Phoenix
A185,tetracycline,>,8,mg/L,BD Phoenix
A186,cefotaxime,,16,mg/L,BD Phoenix
A186,ceftazidime,>,16,mg/L,BD Phoenix
A186,meropenem,<=,1,mg/L,BD Phoenix
A186,ciprofloxacin,<=,0.5,mg/L,BD Phoenix
A186,gentamicin,>,8,mg/L,BD Phoenix
A186,tetracycline,>,8,mg/L,BD Phoenix
A187,cefotaxime,<=,1,mg/L,BD Phoenix
A187,ceftazidime,<=,1,mg/L,BD Phoenix
A187,meropenem,<=,1,mg/L,BD Phoenix
A187,ciprofloxacin,<=,0.5,mg/L,BD Phoenix
A187,gentamicin,<=,2,mg/L,BD Phoenix
A187,tetracycline,>,8,mg/L,BD Phoenix
A188,cefotaxime,<=,1,mg/L,BD Phoenix
A188,ceftazidime,<=,1,mg/L,BD Phoenix
A188,meropenem,<=,1,mg/L,BD Phoenix
A188,ciprofloxacin,>,2,mg/L,BD Phoenix
A188,gentamicin,>,8,mg/L,BD Phoenix
A188,tetracycline,>,8,mg/L,BD Phoenix
A189,cefotaxime,>,32,mg/L,BD Phoenix
A189,ceftazidime,<=,1,mg/L,BD Phoenix
A189,meropenem,<=,1,mg/L,BD Phoenix
A189,ciprofloxacin,>,2,mg/L,BD Phoenix
A189,gentamicin,>,8,mg/L,BD Phoenix
A189,tetracycline,>,8,mg/L,BD Phoenix
A19,cefotaxime,>,32,mg/L,BD Phoenix
A19,ceftazidime,,2,mg/L,BD Phoenix
A19,meropenem,<=,1,mg/L,BD Phoenix
A19,ciprofloxacin,>,2,mg/L,BD Phoenix
A19,gentamicin,>,8,mg/L,BD Phoenix
A19,tetracycline,>,8,mg/L,BD Phoenix
A190,cefotaxime,>,32,mg/L,BD Phoenix
A190,ceftazidime,,8,mg/L,BD Phoenix
A190,meropenem,<=,1,mg/L,BD Phoenix
A190,ciprofloxacin,>,2,mg/L,BD Phoenix
A190,gentamicin,<=,2,mg/L,BD Phoenix
A190,tetracycline,>,8,mg/L,BD Phoenix
A191,cefotaxime,>,32,mg/L,BD Phoenix
A191,ceftazidime,,2,mg/L,BD Phoenix
A191,meropenem,<=,1,mg/L,BD Phoenix
A191,ciprofloxacin,>,2,mg/L,BD Phoenix
A191,gentamicin,>,8,mg/L,BD Phoenix
A191,tetracycline,>,8,mg/L,BD Phoenix
A192,cefotaxime,,32,mg/L,BD Phoenix
A192,ceftazidime,<=,1,mg/L,BD Phoenix
A192,meropenem,<=,1,mg/L,BD Phoenix
A192,ciprofloxacin,<=,0.5,mg/L,BD Phoenix
A192,gentamicin,>,8,mg/L,BD Phoenix
A192,tetracycline,>,8,mg/L,BD Phoenix
A193,cefotaxime,<=,1,mg/L,BD Phoenix
A193,ceftazidime,<=,1,mg/L,BD Phoenix
A193,meropenem,<=,1,mg/L,BD Phoenix
A193,ciprofloxacin,,2,mg/L,BD Phoenix
A193,gentamicin,>,8,mg/L,BD Phoenix
A193,tetracycline,>,8,mg/L,BD Phoenix
A194,cefotaxime,<=,1,mg/L,BD Phoenix
A194,ceftazidime,<=,1,mg/L,BD Phoenix
A194,meropenem,<=,1,mg/L,BD Phoenix
A194,ciprofloxacin,>,2,mg/L,BD Phoenix
A194,gentamicin,<=,2,mg/L,BD Phoenix
A194,tetracycline,>,8,mg/L,BD Phoenix
A195,cefotaxime,<=,1,mg/L,BD Phoenix
A195,ceftazidime,<=,1,mg/L,BD Phoenix
A195,meropenem,<=,1,mg/L,BD Phoenix
A195,ciprofloxacin,<=,0.5,mg/L,BD Phoenix
A195,gentamicin,>,8,mg/L,BD Phoenix
A195,tetracycline,>,8,mg/L,BD Phoenix
A196,cefotaxime,<=,1,mg/L,BD Phoenix
A196,ceftazidime,<=,1,mg/L,BD Phoenix
A196,meropenem,<=,1,mg/L,BD Phoenix
A196,ciprofloxacin,>,2,mg/L,BD Phoenix
A196,gentamicin,<=,2,mg/L,BD Phoenix
A196,tetracycline,>,8,mg/L,BD Phoenix
A197,cefotaxime,<=,1,mg/L,BD Phoenix
A197,ceftazidime,<=,1,mg/L,BD Phoenix
A197,meropenem,<=,1,mg/L,BD Phoenix
A197,ciprofloxacin,<=,0.5,mg/L,BD Phoenix
A197,gentamicin,<=,2,mg/L,BD Phoenix
A197,tetracycline,>,8,mg/L,BD Phoenix
A198,cefotaxime,>,32,mg/L,BD Phoenix
A198,ceftazidime,>,16,mg/L,BD Phoenix
A198,meropenem,<=,1,mg/L,BD Phoenix
A198,ciprofloxacin,>,2,mg/L,BD Phoenix
A198,gentamicin,>,8,mg/L,BD Phoenix
A198,tetracycline,>,8,mg/L,BD Phoenix
A199,cefotaxime,>,32,mg/L,BD Phoenix
A199,ceftazidime,<=,1,mg/L,BD Phoenix
A199,meropenem,<=,1,mg/L,BD Phoenix
A199,ciprofloxacin,,1,mg/L,BD Phoenix
A199,gentamicin,>,8,mg/L,BD Phoenix
A199,tetracycline,>,8,mg/L,BD Phoenix
A2,cefotaxime,>,32,mg/L,BD Phoenix
A2,ceftazidime,,2,mg/L,BD Phoenix
A2,meropenem,<=,1,mg/L,BD Phoenix
A2,ciprofloxacin,>,2,mg/L,BD Phoenix
A2,gentamicin,>,8,mg/L,BD Phoenix
A2,tetracycline,>,8,mg/L,BD Phoenix
A20,cefotaxime,<=,1,mg/L,BD Phoenix
A20,ceftazidime,<=,1,mg/L,BD Phoenix
A20,meropenem,<=,1,mg/L,BD Phoenix
A20,ciprofloxacin,<=,0.5,mg/L,BD Phoenix
A20,gentamicin,>,8,mg/L,BD Phoenix
A20,tetracycline,>,8,mg/L,BD Phoenix
A201,cefotaxime,<=,1,mg/L,BD Phoenix
A201,ceftazidime,<=,1,mg/L,BD Phoenix
A201,meropenem,<=,1,mg/L,BD Phoenix
A201,ciprofloxacin,<=,0.5,mg/L,BD Phoenix
A201,gentamicin,<=,2,mg/L,BD Phoenix
A201,tetracycline,>,8,mg/L,BD Phoenix
A202,cefotaxime,<=,1,mg/L,BD Phoenix
A202,ceftazidime,<=,1,mg/L,BD Phoenix
A202,meropenem,<=,1,mg/L,BD Phoenix
A202,ciprofloxacin,>,2,mg/L,BD Phoenix
A202,gentamicin,>,8,mg/L,BD Phoenix
A202,tetracycline,>,8,mg/L,BD Phoenix
A203,cefotaxime,>,32,mg/L,BD Phoenix
A203,ceftazidime,>,16,mg/L,BD Phoenix
A203,meropenem,<=,1,mg/L,BD Phoenix
A203,ciprofloxacin,>,2,mg/L,BD Phoenix
A203,gentamicin,>,8,mg/L,BD Phoenix
A203,tetracycline,>,8,mg/L,BD Phoenix
A204,cefotaxime,<=,1,mg/L,BD Phoenix
A204,ceftazidime,<=,1,mg/L,BD Phoenix
A204,meropenem,<=,1,mg/L,BD Phoenix
A204,ciprofloxacin,<=,0.5,mg/L,BD Phoenix
A204,gentamicin,>,8,mg/L,BD Phoenix
A204,tetracycline,>,8,mg/L,BD Phoenix
A205,cefotaxime,<=,1,mg/L,BD Phoenix
A205,ceftazidime,<=,1,mg/L,BD Phoenix
A205,meropenem,<=,1,mg/L,BD Phoenix
A205,ciprofloxacin,>,2,mg/L,BD Phoenix
A205,gentamicin,>,8,mg/L,BD Phoenix
A205,tetracycline,>,8,mg/L,BD Phoenix
A206,cefotaxime,<=,1,mg/L,BD Phoenix
A206,ceftazidime,<=,1,mg/L,BD Phoenix
A206,meropenem,<=,1,mg/L,BD Phoenix
A206,ciprofloxacin,<=,0.5,mg/L,BD Phoenix
A206,gentamicin,,8,mg/L,BD Phoenix
A206,tetracycline,>,8,mg/L,BD Phoenix
A207,cefotaxime,<=,1,mg/L,BD Phoenix
A207,ceftazidime,<=,1,mg/L,BD Phoenix
A207,meropenem,<=,1,mg/L,BD Phoenix
A207,ciprofloxacin,,1,mg/L,BD Phoenix
A207,gentamicin,<=,2,mg/L,BD Phoenix
A207,tetracycline,>,8,mg/L,BD Phoenix
A208,cefotaxime,>,32,mg/L,BD Phoenix
A208,ceftazidime,,16,mg/L,BD Phoenix
A208,meropenem,<=,1,mg/L,BD Phoenix
A208,ciprofloxacin,>,2,mg/L,BD Phoenix
A208,gentamicin,>,8,mg/L,BD Phoenix
A208,tetracycline,>,8,mg/L,BD Phoenix
A209,cefotaxime,<=,1,mg/L,BD Phoenix
A209,ceftazidime,<=,1,mg/L,BD Phoenix
A209,meropenem,<=,1,mg/L,BD Phoenix
A209,ciprofloxacin,<=,0.5,mg/L,BD Phoenix
A209,gentamicin,<=,2,mg/L,BD Phoenix
A209,tetracycline,>,8,mg/L,BD Phoenix
A21,cefotaxime,>,32,mg/L,BD Phoenix
A21,ceftazidime,,8,mg/L,BD Phoenix
A21,meropenem,<=,1,mg/L,BD Phoenix
A21,ciprofloxacin,>,2,mg/L,BD Phoenix
A21,gentamicin,>,8,mg/L,BD Phoenix
A21,tetracycline,>,8,mg/L,BD Phoenix
A210,cefotaxime,<=,1,mg/L,BD Phoenix
A210,ceftazidime,<=,1,mg/L,BD Phoenix
A210,meropenem,<=,1,mg/L,BD Phoenix
A210,ciprofloxacin,<=,0.5,mg/L,BD Phoenix
A210,gentamicin,>,8,mg/L,BD Phoenix
A210,tetracycline,>,8,mg/L,BD Phoenix
A211,cefotaxime,>,32,mg/L,BD Phoenix
A211,ceftazidime,<=,1,mg/L,BD Phoenix
A211,meropenem,<=,1,mg/L,BD Phoenix
A211,ciprofloxacin,>,2,mg/L,BD Phoenix
A211,gentamicin,<=,2,mg/L,BD Phoenix
A211,tetracycline,>,8,mg/L,BD Phoenix
A212,cefotaxime,>,32,mg/L,BD Phoenix
A212,ceftazidime,,16,mg/L,BD Phoenix
A212,meropenem,<=,1,mg/L,BD Phoenix
A212,ciprofloxacin,>,2,mg/L,BD Phoenix
A212,gentamicin,>,8,mg/L,BD Phoenix
A212,tetracycline,>,8,mg/L,BD Phoenix
A213,cefotaxime,,32,mg/L,BD Phoenix
A213,ceftazidime,,4,mg/L,BD Phoenix
A213,meropenem,<=,1,mg/L,BD Phoenix
A213,ciprofloxacin,>,2,mg/L,BD Phoenix
A213,gentamicin,>,8,mg/L,BD Phoenix
A213,tetracycline,>,8,mg/L,BD Phoenix
A214,cefotaxime,<=,1,mg/L,BD Phoenix
A214,ceftazidime,<=,1,mg/L,BD Phoenix
A214,meropenem,<=,1,mg/L,BD Phoenix
A214,ciprofloxacin,>,2,mg/L,BD Phoenix
A214,gentamicin,<=,2,mg/L,BD Phoenix
A214,tetracycline,>,8,mg/L,BD Phoenix
A215,cefotaxime,<=,1,mg/L,BD Phoenix
A215,ceftazidime,<=,1,mg/L,BD Phoenix
A215,meropenem,<=,1,mg/L,BD Phoenix
A215,ciprofloxacin,>,2,mg/L,BD Phoenix
A215,gentamicin,>,8,mg/L,BD Phoenix
A215,tetracycline,>,8,mg/L,BD Phoenix
A216,cefotaxime,>,32,mg/L,BD Phoenix
A216,ceftazidime,,2,mg/L,BD Phoenix
A216,meropenem,<=,1,mg/L,BD Phoenix
A216,ciprofloxacin,>,2,mg/L,BD Phoenix
A216,gentamicin,>,8,mg/L,BD Phoenix
A216,tetracycline,>,8,mg/L,BD Phoenix
A217,cefotaxime,<=,1,mg/L,BD Phoenix
A217,ceftazidime,<=,1,mg/L,BD Phoenix
A217,meropenem,<=,1,mg/L,BD Phoenix
A217,ciprofloxacin,>,2,mg/L,BD Phoenix
A217,gentamicin,>,8,mg/L,BD Phoenix
A217,tetracycline,>,8,mg/L,BD Phoenix
A218,cefotaxime,<=,1,mg/L,BD Phoenix
A218,ceftazidime,<=,1,mg/L,BD Phoenix
A218,meropenem,<=,1,mg/L,BD Phoenix
A218,ciprofloxacin,<=,0.5,mg/L,BD Phoenix
A218,gentamicin,<=,2,mg/L,BD Phoenix
A218,tetracycline,>,8,mg/L,BD Phoenix
A219,cefotaxime,>,32,mg/L,BD Phoenix
A219,ceftazidime,<=,1,mg/L,BD Phoenix
A219,meropenem,<=,1,mg/L,BD Phoenix
A219,ciprofloxacin,>,2,mg/L,BD Phoenix
A219,gentamicin,,4,mg/L,BD Phoenix
A219,tetracycline,>,8,mg/L,BD Phoenix
A22,cefotaxime,<=,1,mg/L,BD Phoenix
A22,ceftazidime,<=,1,mg/L,BD Phoenix
A22,meropenem,<=,1,mg/L,BD Phoenix
A22,ciprofloxacin,>,2,mg/L,BD Phoenix
A22,gentamicin,>,8,mg/L,BD Phoenix
A22,tetracycline,>,8,mg/L,BD Phoenix
A220,cefotaxime,,4,mg/L,BD Phoenix
A220,ceftazidime,,4,mg/L,BD Phoenix
A220,meropenem,<=,1,mg/L,BD Phoenix
A220,ciprofloxacin,,2,mg/L,BD Phoenix
A220,gentamicin,<=,2,mg/L,BD Phoenix
A220,tetracycline,>,8,mg/L,BD Phoenix
A221,cefotaxime,>,32,mg/L,BD Phoenix
A221,ceftazidime,,16,mg/L,BD Phoenix
A221,meropenem,<=,1,mg/L,BD Phoenix
A221,ciprofloxacin,>,2,mg/L,BD Phoenix
A221,gentamicin,>,8,mg/L,BD Phoenix
A221,tetracycline,>,8,mg/L,BD Phoenix
A222,cefotaxime,>,32,mg/L,BD Phoenix
A222,ceftazidime,>,16,mg/L,BD Phoenix
A222,meropenem,<=,1,mg/L,BD Phoenix
A222,ciprofloxacin,>,2,mg/L,BD Phoenix
A222,gentamicin,>,8,mg/L,BD Phoenix
A222,tetracycline,>,8,mg/L,BD Phoenix
A223,cefotaxime,<=,1,mg/L,BD Phoenix
A223,ceftazidime,<=,1,mg/L,BD Phoenix
A223,meropenem,<=,1,mg/L,BD Phoenix
A223,ciprofloxacin,>,2,mg/L,BD Phoenix
A223,gentamicin,>,8,mg/L,BD Phoenix
A223,tetracycline,>,8,mg/L,BD Phoenix
A224,cefotaxime,<=,1,mg/L,BD Phoenix
A224,ceftazidime,<=,1,mg/L,BD Phoenix
A224,meropenem,<=,1,mg/L,BD Phoenix
A224,ciprofloxacin,,1,mg/L,BD Phoenix
A224,gentamicin,<=,2,mg/L,BD Phoenix
A224,tetracycline,>,8,mg/L,BD Phoenix
A225,cefotaxime,>,32,mg/L,BD Phoenix
A225,ceftazidime,<=,1,mg/L,BD Phoenix
A225,meropenem,<=,1,mg/L,BD Phoenix
A225,ciprofloxacin,>,2,mg/L,BD Phoenix
A225,gentamicin,>,8,mg/L,BD Phoenix
A225,tetracycline,>,8,mg/L,BD Phoenix
A226,cefotaxime,>,32,mg/L,BD Phoenix
A226,ceftazidime,,2,mg/L,BD Phoenix
A226,meropenem,<=,1,mg/L,BD Phoenix
A226,ciprofloxacin,>,2,mg/L,BD Phoenix
A226,gentamicin,>,8,mg/L,BD Phoenix
A226,tetracycline,>,8,mg/L,BD Phoenix
A227,cefotaxime,>,32,mg/L,BD Phoenix
A227,ceftazidime,>,16,mg/L,BD Phoenix
A227,meropenem,<=,1,mg/L,BD Phoenix
A227,ciprofloxacin,>,2,mg/L,BD Phoenix
A227,gentamicin,>,8,mg/L,BD Phoenix
A227,tetracycline,>,8,mg/L,BD Phoenix
A228,cefotaxime,,2,mg/L,BD Phoenix
A228,ceftazidime,,2,mg/L,BD Phoenix
A228,meropenem,<=,1,mg/L,BD Phoenix
A228,ciprofloxacin,>,2,mg/L,BD Phoenix
A228,gentamicin,>,8,mg/L,BD Phoenix
A228,tetracycline,>,8,mg/L,BD Phoenix
A229,cefotaxime,>,32,mg/L,BD Phoenix
A229,ceftazidime,,8,mg/L,BD Phoenix
A229,meropenem,<=,1,mg/L,BD Phoenix
A229,ciprofloxacin,>,2,mg/L,BD Phoenix
A229,gentamicin,>,8,mg/L,BD Phoenix
A229,tetracycline,>,8,mg/L,BD Phoenix
A23,cefotaxime,>,32,mg/L,BD Phoenix
A23,ceftazidime,,16,mg/L,BD Phoenix
A23,meropenem,<=,1,mg/L,BD Phoenix
A23,ciprofloxacin,>,2,mg/L,BD Phoenix
A23,gentamicin,>,8,mg/L,BD Phoenix
A23,tetracycline,>,8,mg/L,BD Phoenix
A230,cefotaxime,>,32,mg/L,BD Phoenix
A230,ceftazidime,,4,mg/L,BD Phoenix
A230,meropenem,<=,1,mg/L,BD Phoenix
A230,ciprofloxacin,>,2,mg/L,BD Phoenix
A230,gentamicin,>,8,mg/L,BD Phoenix
A230,tetracycline,>,8,mg/L,BD Phoenix
A231,cefotaxime,<=,1,mg/L,BD Phoenix
A231,ceftazidime,<=,1,mg/L,BD Phoenix
A231,meropenem,<=,1,mg/L,BD Phoenix
A231,ciprofloxacin,<=,0.5,mg/L,BD Phoenix
A231,gentamicin,<=,2,mg/L,BD Phoenix
A231,tetracycline,>,8,mg/L,BD Phoenix
A232,cefotaxime,>,32,mg/L,BD Phoenix
A232,ceftazidime,>,16,mg/L,BD Phoenix
A232,meropenem,<=,1,mg/L,BD Phoenix
A232,ciprofloxacin,>,2,mg/L,BD Phoenix
A232,gentamicin,>,8,mg/L,BD Phoenix
A232,tetracycline,>,8,mg/L,BD Phoenix
A233,cefotaxime,<=,1,mg/L,BD Phoenix
A233,ceftazidime,<=,1,mg/L,BD Phoenix
A233,meropenem,<=,1,mg/L,BD Phoenix
A233,ciprofloxacin,>,2,mg/L,BD Phoenix
A233,gentamicin,<=,2,mg/L,BD Phoenix
A233,tetracycline,>,8,mg/L,BD Phoenix
A234,cefotaxime,<=,1,mg/L,BD Phoenix
A234,ceftazidime,<=,1,mg/L,BD Phoenix
A234,meropenem,<=,1,mg/L,BD Phoenix
A234,ciprofloxacin,>,2,mg/L,BD Phoenix
A234,gentamicin,>,8,mg/L,BD Phoenix
A234,tetracycline,>,8,mg/L,BD Phoenix
A235,cefotaxime,>,32,mg/L,BD Phoenix
A235,ceftazidime,<=,1,mg/L,BD Phoenix
A235,meropenem,<=,1,mg/L,BD Phoenix
A235,ciprofloxacin,,2,mg/L,BD Phoenix
A235,gentamicin,>,8,mg/L,BD Phoenix
A235,tetracycline,>,8,mg/L,BD Phoenix
A236,cefotaxime,>,32,mg/L,BD Phoenix
A236,ceftazidime,,8,mg/L,BD Phoenix
A236,meropenem,<=,1,mg/L,BD Phoenix
A236,ciprofloxacin,>,2,mg/L,BD Phoenix
A236,gentamicin,>,8,mg/L,BD Phoenix
A236,tetracycline,>,8,mg/L,BD Phoenix
A237,cefotaxime,<=,1,mg/L,BD Phoenix
A237,ceftazidime,<=,1,mg/L,BD Phoenix
A237,meropenem,<=,1,mg/L,BD Phoenix
A237,ciprofloxacin,>,2,mg/L,BD Phoenix
A237,gentamicin,>,8,mg/L,BD Phoenix
A237,tetracycline,<=,2,mg/L,BD Phoenix
A238,cefotaxime,>,32,mg/L,BD Phoenix
A238,ceftazidime,<=,1,mg/L,BD Phoenix
A238,meropenem,<=,1,mg/L,BD Phoenix
A238,ciprofloxacin,>,2,mg/L,BD Phoenix
A238,gentamicin,>,8,mg/L,BD Phoenix
A238,tetracycline,>,8,mg/L,BD Phoenix
A239,cefotaxime,>,32,mg/L,BD Phoenix
A239,ceftazidime,<=,1,mg/L,BD Phoenix
A239,meropenem,<=,1,mg/L,BD Phoenix
A239,ciprofloxacin,>,2,mg/L,BD Phoenix
A239,gentamicin,>,8,mg/L,BD Phoenix
A239,tetracycline,>,8,mg/L,BD Phoenix
A240,cefotaxime,>,32,mg/L,BD Phoenix
A240,ceftazidime,<=,1,mg/L,BD Phoenix
A240,meropenem,<=,1,mg/L,BD Phoenix
A240,ciprofloxacin,<=,0.5,mg/L,BD Phoenix
A240,gentamicin,>,8,mg/L,BD Phoenix
A240,tetracycline,>,8,mg/L,BD Phoenix
A241,cefotaxime,<=,1,mg/L,BD Phoenix
A241,ceftazidime,<=,1,mg/L,BD Phoenix
A241,meropenem,<=,1,mg/L,BD Phoenix
A241,ciprofloxacin,>,2,mg/L,BD Phoenix
A241,gentamicin,<=,2,mg/L,BD Phoenix
A241,tetracycline,>,8,mg/L,BD Phoenix
A242,cefotaxime,,32,mg/L,BD Phoenix
A242,ceftazidime,<=,1,mg/L,BD Phoenix
A242,meropenem,<=,1,mg/L,BD Phoenix
A242,ciprofloxacin,>,2,mg/L,BD Phoenix
A242,gentamicin,<=,2,mg/L,BD Phoenix
A242,tetracycline,>,8,mg/L,BD Phoenix
A243,cefotaxime,<=,1,mg/L,BD Phoenix
A243,ceftazidime,<=,1,mg/L,BD Phoenix
A243,meropenem,<=,1,mg/L,BD Phoenix
A243,ciprofloxacin,,1,mg/L,BD Phoenix
A243,gentamicin,>,8,mg/L,BD Phoenix
A243,tetracycline,<=,2,mg/L,BD Phoenix
A244,cefotaxime,<=,1,mg/L,BD Phoenix
A244,ceftazidime,<=,1,mg/L,BD Phoenix
A244,meropenem,<=,1,mg/L,BD Phoenix
A244,ciprofloxacin,>,2,mg/L,BD Phoenix
A244,gentamicin,>,8,mg/L,BD Phoenix
A244,tetracycline,>,8,mg/L,BD Phoenix
A245,cefotaxime,<=,1,mg/L,BD Phoenix
A245,ceftazidime,<=,1,mg/L,BD Phoenix
A245,meropenem,<=,1,mg/L,BD Phoenix
A245,ciprofloxacin,>,2,mg/L,BD Phoenix
A245,gentamicin,>,8,mg/L,BD Phoenix
A245,tetracycline,>,8,mg/L,BD Phoenix
A246,cefotaxime,>,32,mg/L,BD Phoenix
A246,ceftazidime,,2,mg/L,BD Phoenix
A246,meropenem,<=,1,mg/L,BD Phoenix
A246,ciprofloxacin,>,2,mg/L,BD Phoenix
A246,gentamicin,>,8,mg/L,BD Phoenix
A246,tetracycline,>,8,mg/L,BD Phoenix
A247,cefotaxime,<=,1,mg/L,BD Phoenix
A247,ceftazidime,<=,1,mg/L,BD Phoenix
A247,meropenem,<=,1,mg/L,BD Phoenix
A247,ciprofloxacin,<=,0.5,mg/L,BD Phoenix
A247,gentamicin,<=,2,mg/L,BD Phoenix
A247,tetracycline,>,8,mg/L,BD Phoenix
A248,cefotaxime,>,32,mg/L,BD Phoenix
A248,ceftazidime,<=,1,mg/L,BD Phoenix
A248,meropenem,<=,1,mg/L,BD Phoenix
A248,ciprofloxacin,>,2,mg/L,BD Phoenix
A248,gentamicin,<=,2,mg/L,BD Phoenix
A248,tetracycline,>,8,mg/L,BD Phoenix
A249,cefotaxime,,16,mg/L,BD Phoenix
A249,ceftazidime,<=,1,mg/L,BD Phoenix
A249,meropenem,<=,1,mg/L,BD Phoenix
A249,ciprofloxacin,>,2,mg/L,BD Phoenix
A249,gentamicin,>,8,mg/L,BD Phoenix
A249,tetracycline,>,8,mg/L,BD Phoenix
A25,cefotaxime,<=,1,mg/L,BD Phoenix
A25,ceftazidime,<=,1,mg/L,BD Phoenix
A25,meropenem,<=,1,mg/L,BD Phoenix
A25,ciprofloxacin,>,2,mg/L,BD Phoenix
A25,gentamicin,>,8,mg/L,BD Phoenix
A25,tetracycline,>,8,mg/L,BD Phoenix
A250,cefotaxime,>,32,mg/L,BD Phoenix
A250,ceftazidime,,2,mg/L,BD Phoenix
A250,meropenem,<=,1,mg/L,BD Phoenix
A250,ciprofloxacin,>,2,mg/L,BD Phoenix
A250,gentamicin,>,8,mg/L,BD Phoenix
A250,tetracycline,>,8,mg/L,BD Phoenix
A251,cefotaxime,<=,1,mg/L,BD Phoenix
A251,ceftazidime,<=,1,mg/L,BD Phoenix
A251,meropenem,<=,1,mg/L,BD Phoenix
A251,ciprofloxacin,<=,0.5,mg/L,BD Phoenix
A251,gentamicin,>,8,mg/L,BD Phoenix
A251,tetracycline,>,8,mg/L,BD Phoenix
A252,cefotaxime,<=,1,mg/L,BD Phoenix
A252,ceftazidime,<=,1,mg/L,BD Phoenix
A252,meropenem,<=,1,mg/L,BD Phoenix
A252,ciprofloxacin,<=,0.5,mg/L,BD Phoenix
A252,gentamicin,<=,2,mg/L,BD Phoenix
A252,tetracycline,>,8,mg/L,BD Phoenix
A253,cefotaxime,>,32,mg/L,BD Phoenix
A253,ceftazidime,,2,mg/L,BD Phoenix
A253,meropenem,<=,1,mg/L,BD Phoenix
A253,ciprofloxacin,<=,0.5,mg/L,BD Phoenix
A253,gentamicin,<=,2,mg/L,BD Phoenix
A253,tetracycline,<=,2,mg/L,BD Phoenix
A254,cefotaxime,,16,mg/L,BD Phoenix
A254,ceftazidime,<=,1,mg/L,BD Phoenix
A254,meropenem,<=,1,mg/L,BD Phoenix
A254,ciprofloxacin,>,2,mg/L,BD Phoenix
A254,gentamicin,>,8,mg/L,BD Phoenix
A254,tetracycline,>,8,mg/L,BD Phoenix
A255,cefotaxime,>,32,mg/L,BD Phoenix
A255,ceftazidime,<=,1,mg/L,BD Phoenix
A255,meropenem,<=,1,mg/L,BD Phoenix
A255,ciprofloxacin,>,2,mg/L,BD Phoenix
A255,gentamicin,>,8,mg/L,BD Phoenix
A255,tetracycline,>,8,mg/L,BD Phoenix
A256,cefotaxime,<=,1,mg/L,BD Phoenix
A256,ceftazidime,<=,1,mg/L,BD Phoenix
A256,meropenem,<=,1,mg/L,BD Phoenix
A256,ciprofloxacin,>,2,mg/L,BD Phoenix
A256,gentamicin,>,8,mg/L,BD Phoenix
A256,tetracycline,>,8,mg/L,BD Phoenix
A257,cefotaxime,<=,1,mg/L,BD Phoenix
A257,ceftazidime,<=,1,mg/L,BD Phoenix
A257,meropenem,<=,1,mg/L,BD Phoenix
A257,ciprofloxacin,>,2,mg/L,BD Phoenix
A257,gentamicin,>,8,mg/L,BD Phoenix
A257,tetracycline,>,8,mg/L,BD Phoenix
A258,cefotaxime,>,32,mg/L,BD Phoenix
A258,ceftazidime,<=,1,mg/L,BD Phoenix
A258,meropenem,<=,1,mg/L,BD Phoenix
A258,ciprofloxacin,>,2,mg/L,BD Phoenix
A258,gentamicin,>,8,mg/L,BD Phoenix
A258,tetracycline,>,8,mg/L,BD Phoenix
A259,cefotaxime,>,32,mg/L,BD Phoenix
A259,ceftazidime,>,16,mg/L,BD Phoenix
A259,meropenem,<=,1,mg/L,BD Phoenix
A259,ciprofloxacin,>,2,mg/L,BD Phoenix
A259,gentamicin,>,8,mg/L,BD Phoenix
A259,tetracycline,>,8,mg/L,BD Phoenix
A26,cefotaxime,>,32,mg/L,BD Phoenix
A26,ceftazidime,<=,1,mg/L,BD Phoenix
A26,meropenem,<=,1,mg/L,BD Phoenix
A26,ciprofloxacin,>,2,mg/L,BD Phoenix
A26,gentamicin,>,8,mg/L,BD Phoenix
A26,tetracycline,>,8,mg/L,BD Phoenix
A260,cefotaxime,>,32,mg/L,BD Phoenix
A260,ceftazidime,<=,1,mg/L,BD Phoenix
A260,meropenem,<=,1,mg/L,BD Phoenix
A260,ciprofloxacin,>,2,mg/L,BD Phoenix
A260,gentamicin,>,8,mg/L,BD Phoenix
A260,tetracycline,>,8,mg/L,BD Phoenix
A262,cefotaxime,>,32,mg/L,BD Phoenix
A262,ceftazidime,<=,1,mg/L,BD Phoenix
A262,meropenem,<=,1,mg/L,BD Phoenix
A262,ciprofloxacin,>,2,mg/L,BD Phoenix
A262,gentamicin,>,8,mg/L,BD Phoenix
A262,tetracycline,>,8,mg/L,BD Phoenix
A263,cefotaxime,<=,1,mg/L,BD Phoenix
A263,ceftazidime,<=,1,mg/L,BD Phoenix
A263,meropenem,<=,1,mg/L,BD Phoenix
A263,ciprofloxacin,>,2,mg/L,BD Phoenix
A263,gentamicin,>,8,mg/L,BD Phoenix
A263,tetracycline,>,8,mg/L,BD Phoenix
A264,cefotaxime,<=,1,mg/L,BD Phoenix
A264,ceftazidime,<=,1,mg/L,BD Phoenix
A264,meropenem,<=,1,mg/L,BD Phoenix
A264,ciprofloxacin,<=,0.5,mg/L,BD Phoenix
A264,gentamicin,<=,2,mg/L,BD Phoenix
A264,tetracycline,<=,2,mg/L,BD Phoenix
A265,cefotaxime,>,32,mg/L,BD Phoenix
A265,ceftazidime,,4,mg/L,BD Phoenix
A265,meropenem,<=,1,mg/L,BD Phoenix
A265,ciprofloxacin,,1,mg/L,BD Phoenix
A265,gentamicin,>,8,mg/L,BD Phoenix
A265,tetracycline,>,8,mg/L,BD Phoenix
A266,cefotaxime,>,32,mg/L,BD Phoenix
A266,ceftazidime,<=,1,mg/L,BD Phoenix
A266,meropenem,<=,1,mg/L,BD Phoenix
A266,ciprofloxacin,>,2,mg/L,BD Phoenix
A266,gentamicin,>,8,mg/L,BD Phoenix
A266,tetracycline,>,8,mg/L,BD Phoenix
A267,cefotaxime,>,32,mg/L,BD Phoenix
A267,ceftazidime,<=,1,mg/L,BD Phoenix
A267,meropenem,<=,1,mg/L,BD Phoenix
A267,ciprofloxacin,>,2,mg/L,BD Phoenix
A267,gentamicin,>,8,mg/L,BD Phoenix
A267,tetracycline,>,8,mg/L,BD Phoenix
A268,cefotaxime,<=,1,mg/L,BD Phoenix
A268,ceftazidime,<=,1,mg/L,BD Phoenix
A268,meropenem,<=,1,mg/L,BD Phoenix
A268,ciprofloxacin,,1,mg/L,BD Phoenix
A268,gentamicin,>,8,mg/L,BD Phoenix
A268,tetracycline,>,8,mg/L,BD Phoenix
A269,cefotaxime,>,32,mg/L,BD Phoenix
A269,ceftazidime,,8,mg/L,BD Phoenix
A269,meropenem,<=,1,mg/L,BD Phoenix
A269,ciprofloxacin,>,2,mg/L,BD Phoenix
A269,gentamicin,>,8,mg/L,BD Phoenix
A269,tetracycline,>,8,mg/L,BD Phoenix
A27,cefotaxime,>,32,mg/L,BD Phoenix
A27,ceftazidime,,8,mg/L,BD Phoenix
A27,meropenem,<=,1,mg/L,BD Phoenix
A27,ciprofloxacin,>,2,mg/L,BD Phoenix
A27,gentamicin,>,8,mg/L,BD Phoenix
A27,tetracycline,>,8,mg/L,BD Phoenix
A271,cefotaxime,,16,mg/L,BD Phoenix
A271,ceftazidime,,2,mg/L,BD Phoenix
A271,meropenem,<=,1,mg/L,BD Phoenix
A271,ciprofloxacin,,1,mg/L,BD Phoenix
A271,gentamicin,>,8,mg/L,BD Phoenix
A271,tetracycline,>,8,mg/L,BD Phoenix
A272,cefotaxime,<=,1,mg/L,BD Phoenix
A272,ceftazidime,<=,1,mg/L,BD Phoenix
A272,meropenem,<=,1,mg/L,BD Phoenix
A272,ciprofloxacin,>,2,mg/L,BD Phoenix
A272,gentamicin,>,8,mg/L,BD Phoenix
A272,tetracycline,>,8,mg/L,BD Phoenix
A273,cefotaxime,<=,1,mg/L,BD Phoenix
A273,ceftazidime,<=,1,mg/L,BD Phoenix
A273,meropenem,<=,1,mg/L,BD Phoenix
A273,ciprofloxacin,<=,0.5,mg/L,BD Phoenix
A273,gentamicin,<=,2,mg/L,BD Phoenix
A273,tetracycline,>,8,mg/L,BD Phoenix
A274,cefotaxime,<=,1,mg/L,BD Phoenix
A274,ceftazidime,<=,1,mg/L,BD Phoenix
A274,meropenem,<=,1,mg/L,BD Phoenix
A274,ciprofloxacin,<=,0.5,mg/L,BD Phoenix
A274,gentamicin,<=,2,mg/L,BD Phoenix
A274,tetracycline,<=,2,mg/L,BD Phoenix
A275,cefotaxime,<=,1,mg/L,BD Phoenix
A275,ceftazidime,<=,1,mg/L,BD Phoenix
A275,meropenem,<=,1,mg/L,BD Phoenix
A275,ciprofloxacin,>,2,mg/L,BD Phoenix
A275,gentamicin,>,8,mg/L,BD Phoenix
A275,tetracycline,>,8,mg/L,BD Phoenix
A276,cefotaxime,>,32,mg/L,BD Phoenix
A276,ceftazidime,<=,1,mg/L,BD Phoenix
A276,meropenem,<=,1,mg/L,BD Phoenix
A276,ciprofloxacin,>,2,mg/L,BD Phoenix
A276,gentamicin,>,8,mg/L,BD Phoenix
A276,tetracycline,>,8,mg/L,BD Phoenix
A277,cefotaxime,<=,1,mg/L,BD Phoenix
A277,ceftazidime,<=,1,mg/L,BD Phoenix
A277,meropenem,<=,1,mg/L,BD Phoenix
A277,ciprofloxacin,>,2,mg/L,BD Phoenix
A277,gentamicin,<=,2,mg/L,BD Phoenix
A277,tetracycline,>,8,mg/L,BD Phoenix
A278,cefotaxime,<=,1,mg/L,BD Phoenix
A278,ceftazidime,<=,1,mg/L,BD Phoenix
A278,meropenem,<=,1,mg/L,BD Phoenix
A278,ciprofloxacin,,1,mg/L,BD Phoenix
A278,gentamicin,<=,2,mg/L,BD Phoenix
A278,tetracycline,>,8,mg/L,BD Phoenix
A279,cefotaxime,>,32,mg/L,BD Phoenix
A279,ceftazidime,,2,mg/L,BD Phoenix
A279,meropenem,<=,1,mg/L,BD Phoenix
A279,ciprofloxacin,<=,0.5,mg/L,BD Phoenix
A279,gentamicin,<=,2,mg/L,BD Phoenix
A279,tetracycline,>,8,mg/L,BD Phoenix
A28,cefotaxime,<=,1,mg/L,BD Phoenix
A28,ceftazidime,<=,1,mg/L,BD Phoenix
A28,meropenem,<=,1,mg/L,BD Phoenix
A28,ciprofloxacin,<=,0.5,mg/L,BD Phoenix
A28,gentamicin,<=,2,mg/L,BD Phoenix
A28,tetracycline,>,8,mg/L,BD Phoenix
A280,cefotaxime,>,32,mg/L,BD Phoenix
A280,ceftazidime,<=,1,mg/L,BD Phoenix
A280,meropenem,<=,1,mg/L,BD Phoenix
A280,ciprofloxacin,<=,0.5,mg/L,BD Phoenix
A280,gentamicin,<=,2,mg/L,BD Phoenix
A280,tetracycline,>,8,mg/L,BD Phoenix
A281,cefotaxime,>,32,mg/L,BD Phoenix
A281,ceftazidime,,8,mg/L,BD Phoenix
A281,meropenem,<=,1,mg/L,BD Phoenix
A281,ciprofloxacin,>,2,mg/L,BD Phoenix
A281,gentamicin,>,8,mg/L,BD Phoenix
A281,tetracycline,>,8,mg/L,BD Phoenix
A282,cefotaxime,<=,1,mg/L,BD Phoenix
A282,ceftazidime,<=,1,mg/L,BD Phoenix
A282,meropenem,<=,1,mg/L,BD Phoenix
A282,ciprofloxacin,>,2,mg/L,BD Phoenix
A282,gentamicin,>,8,mg/L,BD Phoenix
A282,tetracycline,>,8,mg/L,BD Phoenix
A283,cefotaxime,<=,1,mg/L,BD Phoenix
A283,ceftazidime,<=,1,mg/L,BD Phoenix
A283,meropenem,<=,1,mg/L,BD Phoenix
A283,ciprofloxacin,,2,mg/L,BD Phoenix
A283,gentamicin,<=,2,mg/L,BD Phoenix
A283,tetracycline,>,8,mg/L,BD Phoenix
A284,cefotaxime,<=,1,mg/L,BD Phoenix
A284,ceftazidime,<=,1,mg/L,BD Phoenix
A284,meropenem,<=,1,mg/L,BD Phoenix
A284,ciprofloxacin,>,2,mg/L,BD Phoenix
A284,gentamicin,<=,2,mg/L,BD Phoenix
A284,tetracycline,>,8,mg/L,BD Phoenix
A285,cefotaxime,>,32,mg/L,BD Phoenix
A285,ceftazidime,<=,1,mg/L,BD Phoenix
A285,meropenem,<=,1,mg/L,BD Phoenix
A285,ciprofloxacin,<=,0.5,mg/L,BD Phoenix
A285,gentamicin,>,8,mg/L,BD Phoenix
A285,tetracycline,>,8,mg/L,BD Phoenix
A286,cefotaxime,>,32,mg/L,BD Phoenix
A286,ceftazidime,,8,mg/L,BD Phoenix
A286,meropenem,<=,1,mg/L,BD Phoenix
A286,ciprofloxacin,>,2,mg/L,BD Phoenix
A286,gentamicin,>,8,mg/L,BD Phoenix
A286,tetracycline,>,8,mg/L,BD Phoenix
A287,cefotaxime,>,32,mg/L,BD Phoenix
A287,ceftazidime,,8,mg/L,BD Phoenix
A287,meropenem,<=,1,mg/L,BD Phoenix
A287,ciprofloxacin,<=,0.5,mg/L,BD Phoenix
A287,gentamicin,<=,2,mg/L,BD Phoenix
A287,tetracycline,>,8,mg/L,BD Phoenix
A288,cefotaxime,>,32,mg/L,BD Phoenix
A288,ceftazidime,<=,1,mg/L,BD Phoenix
A288,meropenem,<=,1,mg/L,BD Phoenix
A288,ciprofloxacin,>,2,mg/L,BD Phoenix
A288,gentamicin,>,8,mg/L,BD Phoenix
A288,tetracycline,,4,mg/L,BD Phoenix
A29,cefotaxime,<=,1,mg/L,BD Phoenix
A29,ceftazidime,<=,1,mg/L,BD Phoenix
A29,meropenem,<=,1,mg/L,BD Phoenix
A29,ciprofloxacin,>,2,mg/L,BD Phoenix
A29,gentamicin,>,8,mg/L,BD Phoenix
A29,tetracycline,>,8,mg/L,BD Phoenix
A290,cefotaxime,>,32,mg/L,BD Phoenix
A290,ceftazidime,>,16,mg/L,BD Phoenix
A290,meropenem,<=,1,mg/L,BD Phoenix
A290,ciprofloxacin,>,2,mg/L,BD Phoenix
A290,gentamicin,>,8,mg/L,BD Phoenix
A290,tetracycline,>,8,mg/L,BD Phoenix
A291,cefotaxime,<=,1,mg/L,BD Phoenix
A291,ceftazidime,<=,1,mg/L,BD Phoenix
A291,meropenem,<=,1,mg/L,BD Phoenix
A291,ciprofloxacin,<=,0.5,mg/L,BD Phoenix
A291,gentamicin,>,8,mg/L,BD Phoenix
A291,tetracycline,>,8,mg/L,BD Phoenix
A292,cefotaxime,<=,1,mg/L,BD Phoenix
A292,ceftazidime,<=,1,mg/L,BD Phoenix
A292,meropenem,<=,1,mg/L,BD Phoenix
A292,ciprofloxacin,<=,0.5,mg/L,BD Phoenix
A292,gentamicin,>,8,mg/L,BD Phoenix
A292,tetracycline,>,8,mg/L,BD Phoenix
A293,cefotaxime,>,32,mg/L,BD Phoenix
A293,ceftazidime,>,16,mg/L,BD Phoenix
A293,meropenem,<=,1,mg/L,BD Phoenix
A293,ciprofloxacin,>,2,mg/L,BD Phoenix
A293,gentamicin,>,8,mg/L,BD Phoenix
A293,tetracycline,>,8,mg/L,BD Phoenix
A294,cefotaxime,>,32,mg/L,BD Phoenix
A294,ceftazidime,,2,mg/L,BD Phoenix
A294,meropenem,<=,1,mg/L,BD Phoenix
A294,ciprofloxacin,,1,mg/L,BD Phoenix
A294,gentamicin,>,8,mg/L,BD Phoenix
A294,tetracycline,>,8,mg/L,BD Phoenix
A295,cefotaxime,<=,1,mg/L,BD Phoenix
A295,ceftazidime,<=,1,mg/L,BD Phoenix
A295,meropenem,<=,1,mg/L,BD Phoenix
A295,ciprofloxacin,>,2,mg/L,BD Phoenix
A295,gentamicin,>,8,mg/L,BD Phoenix
A295,tetracycline,<=,2,mg/L,BD Phoenix
A296,cefotaxime,>,32,mg/L,BD Phoenix
A296,ceftazidime,,4,mg/L,BD Phoenix
A296,meropenem,<=,1,mg/L,BD Phoenix
A296,ciprofloxacin,<=,0.5,mg/L,BD Phoenix
A296,gentamicin,<=,2,mg/L,BD Phoenix
A296,tetracycline,<=,2,mg/L,BD Phoenix
A297,cefotaxime,>,32,mg/L,BD Phoenix
A297,ceftazidime,<=,1,mg/L,BD Phoenix
A297,meropenem,<=,1,mg/L,BD Phoenix
A297,ciprofloxacin,>,2,mg/L,BD Phoenix
A297,gentamicin,>,8,mg/L,BD Phoenix
A297,tetracycline,>,8,mg/L,BD Phoenix
A298,cefotaxime,>,32,mg/L,BD Phoenix
A298,ceftazidime,,4,mg/L,BD Phoenix
A298,meropenem,<=,1,mg/L,BD Phoenix
A298,ciprofloxacin,<=,0.5,mg/L,BD Phoenix
A298,gentamicin,>,8,mg/L,BD Phoenix
A298,tetracycline,>,8,mg/L,BD Phoenix
A299,cefotaxime,,8,mg/L,BD Phoenix
A299,ceftazidime,,16,mg/L,BD Phoenix
A299,meropenem,<=,1,mg/L,BD Phoenix
A299,ciprofloxacin,>,2,mg/L,BD Phoenix
A299,gentamicin,>,8,mg/L,BD Phoenix
A299,tetracycline,,4,mg/L,BD Phoenix
A3,cefotaxime,,32,mg/L,BD Phoenix
A3,ceftazidime,,16,mg/L,BD Phoenix
A3,meropenem,<=,1,mg/L,BD Phoenix
A3,ciprofloxacin,>,2,mg/L,BD Phoenix
A3,gentamicin,>,8,mg/L,BD Phoenix
A3,tetracycline,>,8,mg/L,BD Phoenix
A30,cefotaxime,>,32,mg/L,BD Phoenix
A30,ceftazidime,,2,mg/L,BD Phoenix
A30,meropenem,<=,1,mg/L,BD Phoenix
A30,ciprofloxacin,>,2,mg/L,BD Phoenix
A30,gentamicin,>,8,mg/L,BD Phoenix
A30,tetracycline,>,8,mg/L,BD Phoenix
A300,cefotaxime,<=,1,mg/L,BD Phoenix
A300,ceftazidime,<=,1,mg/L,BD Phoenix
A300,meropenem,<=,1,mg/L,BD Phoenix
A300,ciprofloxacin,<=,0.5,mg/L,BD Phoenix
A300,gentamicin,<=,2,mg/L,BD Phoenix
A300,tetracycline,>,8,mg/L,BD Phoenix
A301,cefotaxime,>,32,mg/L,BD Phoenix
A301,ceftazidime,<=,1,mg/L,BD Phoenix
A301,meropenem,<=,1,mg/L,BD Phoenix
A301,ciprofloxacin,>,2,mg/L,BD Phoenix
A301,gentamicin,>,8,mg/L,BD Phoenix
A301,tetracycline,>,8,mg/L,BD Phoenix
A302,cefotaxime,>,32,mg/L,BD Phoenix
A302,ceftazidime,,8,mg/L,BD Phoenix
A302,meropenem,<=,1,mg/L,BD Phoenix
A302,ciprofloxacin,>,2,mg/L,BD Phoenix
A302,gentamicin,>,8,mg/L,BD Phoenix
A302,tetracycline,>,8,mg/L,BD Phoenix
A303,cefotaxime,<=,1,mg/L,BD Phoenix
A303,ceftazidime,<=,1,mg/L,BD Phoenix
A303,meropenem,<=,1,mg/L,BD Phoenix
A303,ciprofloxacin,>,2,mg/L,BD Phoenix
A303,gentamicin,>,8,mg/L,BD Phoenix
A303,tetracycline,>,8,mg/L,BD Phoenix
A304,cefotaxime,>,32,mg/L,BD Phoenix
A304,ceftazidime,>,16,mg/L,BD Phoenix
A304,meropenem,<=,1,mg/L,BD Phoenix
A304,ciprofloxacin,>,2,mg/L,BD Phoenix
A304,gentamicin,>,8,mg/L,BD Phoenix
A304,tetracycline,>,8,mg/L,BD Phoenix
A305,cefotaxime,<=,1,mg/L,BD Phoenix
A305,ceftazidime,<=,1,mg/L,BD Phoenix
A305,meropenem,<=,1,mg/L,BD Phoenix
A305,ciprofloxacin,>,2,mg/L,BD Phoenix
A305,gentamicin,>,8,mg/L,BD Phoenix
A305,tetracycline,>,8,mg/L,BD Phoenix
A307,cefotaxime,>,32,mg/L,BD Phoenix
A307,ceftazidime,,8,mg/L,BD Phoenix
A307,meropenem,<=,1,mg/L,BD Phoenix
A307,ciprofloxacin,<=,0.5,mg/L,BD Phoenix
A307,gentamicin,>,8,mg/L,BD Phoenix
A307,tetracycline,>,8,mg/L,BD Phoenix
A308,cefotaxime,<=,1,mg/L,BD Phoenix
A308,ceftazidime,<=,1,mg/L,BD Phoenix
A308,meropenem,<=,1,mg/L,BD Phoenix
A308,ciprofloxacin,>,2,mg/L,BD Phoenix
A308,gentamicin,>,8,mg/L,BD Phoenix
A308,tetracycline,>,8,mg/L,BD Phoenix
A309,cefotaxime,>,32,mg/L,BD Phoenix
A309,ceftazidime,<=,1,mg/L,BD Phoenix
A309,meropenem,<=,1,mg/L,BD Phoenix
A309,ciprofloxacin,,1,mg/L,BD Phoenix
A309,gentamicin,>,8,mg/L,BD Phoenix
A309,tetracycline,>,8,mg/L,BD Phoenix
A31,cefotaxime,<=,1,mg/L,BD Phoenix
A31,ceftazidime,<=,1,mg/L,BD Phoenix
A31,meropenem,<=,1,mg/L,BD Phoenix
A31,ciprofloxacin,>,2,mg/L,BD Phoenix
A31,gentamicin,>,8,mg/L,BD Phoenix
A31,tetracycline,>,8,mg/L,BD Phoenix
A310,cefotaxime,<=,1,mg/L,BD Phoenix
A310,ceftazidime,<=,1,mg/L,BD Phoenix
A310,meropenem,<=,1,mg/L,BD Phoenix
A310,ciprofloxacin,<=,0.5,mg/L,BD Phoenix
A310,gentamicin,<=,2,mg/L,BD Phoenix
A310,tetracycline,>,8,mg/L,BD Phoenix
A312,cefotaxime,>,32,mg/L,BD Phoenix
A312,ceftazidime,<=,1,mg/L,BD Phoenix
A312,meropenem,<=,1,mg/L,BD Phoenix
A312,ciprofloxacin,>,2,mg/L,BD Phoenix
A312,gentamicin,>,8,mg/L,BD Phoenix
A312,tetracycline,>,8,mg/L,BD Phoenix
A313,cefotaxime,>,32,mg/L,BD Phoenix
A313,ceftazidime,<=,1,mg/L,BD Phoenix
A313,meropenem,<=,1,mg/L,BD Phoenix
A313,ciprofloxacin,>,2,mg/L,BD Phoenix
A313,gentamicin,>,8,mg/L,BD Phoenix
A313,tetracycline,>,8,mg/L,BD Phoenix
A314,cefotaxime,>,32,mg/L,BD Phoenix
A314,ceftazidime,,16,mg/L,BD Phoenix
A314,meropenem,<=,1,mg/L,BD Phoenix
A314,ciprofloxacin,>,2,mg/L,BD Phoenix
A314,gentamicin,>,8,mg/L,BD Phoenix
A314,tetracycline,>,8,mg/L,BD Phoenix
A315,cefotaxime,<=,1,mg/L,BD Phoenix
A315,ceftazidime,<=,1,mg/L,BD Phoenix
A315,meropenem,<=,1,mg/L,BD Phoenix
A315,ciprofloxacin,<=,0.5,mg/L,BD Phoenix
A315,gentamicin,<=,2,mg/L,BD Phoenix
A315,tetracycline,>,8,mg/L,BD Phoenix
A316,cefotaxime,<=,1,mg/L,BD Phoenix
A316,ceftazidime,<=,1,mg/L,BD Phoenix
A316,meropenem,<=,1,mg/L,BD Phoenix
A316,ciprofloxacin,<=,0.5,mg/L,BD Phoenix
A316,gentamicin,<=,2,mg/L,BD Phoenix
A316,tetracycline,>,8,mg/L,BD Phoenix
A317,cefotaxime,>,32,mg/L,BD Phoenix
A317,ceftazidime,,4,mg/L,BD Phoenix
A317,meropenem,<=,1,mg/L,BD Phoenix
A317,ciprofloxacin,<=,0.5,mg/L,BD Phoenix
A317,gentamicin,<=,2,mg/L,BD Phoenix
A317,tetracycline,<=,2,mg/L,BD Phoenix
A318,cefotaxime,>,32,mg/L,BD Phoenix
A318,ceftazidime,,8,mg/L,BD Phoenix
A318,meropenem,<=,1,mg/L,BD Phoenix
A318,ciprofloxacin,>,2,mg/L,BD Phoenix
A318,gentamicin,>,8,mg/L,BD Phoenix
A318,tetracycline,>,8,mg/L,BD Phoenix
A319,cefotaxime,>,32,mg/L,BD Phoenix
A319,ceftazidime,,4,mg/L,BD Phoenix
A319,meropenem,<=,1,mg/L,BD Phoenix
A319,ciprofloxacin,>,2,mg/L,BD Phoenix
A319,gentamicin,>,8,mg/L,BD Phoenix
A319,tetracycline,>,8,mg/L,BD Phoenix
A32,cefotaxime,<=,1,mg/L,BD Phoenix
A32,ceftazidime,<=,1,mg/L,BD Phoenix
A32,meropenem,<=,1,mg/L,BD Phoenix
A32,ciprofloxacin,>,2,mg/L,BD Phoenix
A32,gentamicin,<=,2,mg/L,BD Phoenix
A32,tetracycline,>,8,mg/L,BD Phoenix
A320,cefotaxime,<=,1,mg/L,BD Phoenix
A320,ceftazidime,<=,1,mg/L,BD Phoenix
A320,meropenem,<=,1,mg/L,BD Phoenix
A320,ciprofloxacin,>,2,mg/L,BD Phoenix
A320,gentamicin,>,8,mg/L,BD Phoenix
A320,tetracycline,>,8,mg/L,BD Phoenix
A321,cefotaxime,<=,1,mg/L,BD Phoenix
A321,ceftazidime,<=,1,mg/L,BD Phoenix
A321,meropenem,<=,1,mg/L,BD Phoenix
A321,ciprofloxacin,>,2,mg/L,BD Phoenix
A321,gentamicin,>,8,mg/L,BD Phoenix
A321,tetracycline,>,8,mg/L,BD Phoenix
A322,cefotaxime,<=,1,mg/L,BD Phoenix
A322,ceftazidime,<=,1,mg/L,BD Phoenix
A322,meropenem,<=,1,mg/L,BD Phoenix
A322,ciprofloxacin,<=,0.5,mg/L,BD Phoenix
A322,gentamicin,<=,2,mg/L,BD Phoenix
A322,tetracycline,>,8,mg/L,BD Phoenix
A323,cefotaxime,,8,mg/L,BD Phoenix
A323,ceftazidime,<=,1,mg/L,BD Phoenix
A323,meropenem,<=,1,mg/L,BD Phoenix
A323,ciprofloxacin,>,2,mg/L,BD Phoenix
A323,gentamicin,>,8,mg/L,BD Phoenix
A323,tetracycline,>,8,mg/L,BD Phoenix
A324,cefotaxime,<=,1,mg/L,BD Phoenix
A324,ceftazidime,<=,1,mg/L,BD Phoenix
A324,meropenem,<=,1,mg/L,BD Phoenix
A324,ciprofloxacin,<=,0.5,mg/L,BD Phoenix
A324,gentamicin,>,8,mg/L,BD Phoenix
A324,tetracycline,>,8,mg/L,BD Phoenix
A325,cefotaxime,,8,mg/L,BD Phoenix
A325,ceftazidime,,8,mg/L,BD Phoenix
A325,meropenem,<=,1,mg/L,BD Phoenix
A325,ciprofloxacin,>,2,mg/L,BD Phoenix
A325,gentamicin,<=,2,mg/L,BD Phoenix
A325,tetracycline,>,8,mg/L,BD Phoenix
A326,cefotaxime,<=,1,mg/L,BD Phoenix
A326,ceftazidime,<=,1,mg/L,BD Phoenix
A326,meropenem,<=,1,mg/L,BD Phoenix
A326,ciprofloxacin,>,2,mg/L,BD Phoenix
A326,gentamicin,<=,2,mg/L,BD Phoenix
A326,tetracycline,>,8,mg/L,BD Phoenix
A327,cefotaxime,<=,1,mg/L,BD Phoenix
A327,ceftazidime,<=,1,mg/L,BD Phoenix
A327,meropenem,<=,1,mg/L,BD Phoenix
A327,ciprofloxacin,>,2,mg/L,BD Phoenix
A327,gentamicin,>,8,mg/L,BD Phoenix
A327,tetracycline,>,8,mg/L,BD Phoenix
A328,cefotaxime,<=,1,mg/L,BD Phoenix
A328,ceftazidime,<=,1,mg/L,BD Phoenix
A328,meropenem,<=,1,mg/L,BD Phoenix
A328,ciprofloxacin,>,2,mg/L,BD Phoenix
A328,gentamicin,>,8,mg/L,BD Phoenix
A328,tetracycline,>,8,mg/L,BD Phoenix
A329,cefotaxime,<=,1,mg/L,BD Phoenix
A329,ceftazidime,<=,1,mg/L,BD Phoenix
A329,meropenem,<=,1,mg/L,BD Phoenix
A329,ciprofloxacin,>,2,mg/L,BD Phoenix
A329,gentamicin,>,8,mg/L,BD Phoenix
A329,tetracycline,>,8,mg/L,BD Phoenix
A33,cefotaxime,<=,1,mg/L,BD Phoenix
A33,ceftazidime,<=,1,mg/L,BD Phoenix
A33,meropenem,<=,1,mg/L,BD Phoenix
A33,ciprofloxacin,,1,mg/L,BD Phoenix
A33,gentamicin,>,8,mg/L,BD Phoenix
A33,tetracycline,>,8,mg/L,BD Phoenix
A330,cefotaxime,>,32,mg/L,BD Phoenix
A330,ceftazidime,<=,1,mg/L,BD Phoenix
A330,meropenem,<=,1,mg/L,BD Phoenix
A330,ciprofloxacin,>,2,mg/L,BD Phoenix
A330,gentamicin,>,8,mg/L,BD Phoenix
A330,tetracycline,>,8,mg/L,BD Phoenix
A331,cefotaxime,>,32,mg/L,BD Phoenix
A331,ceftazidime,<=,1,mg/L,BD Phoenix
A331,meropenem,<=,1,mg/L,BD Phoenix
A331,ciprofloxacin,>,2,mg/L,BD Phoenix
A331,gentamicin,<=,2,mg/L,BD Phoenix
A331,tetracycline,>,8,mg/L,BD Phoenix
A332,cefotaxime,<=,1,mg/L,BD Phoenix
A332,ceftazidime,<=,1,mg/L,BD Phoenix
A332,meropenem,<=,1,mg/L,BD Phoenix
A332,ciprofloxacin,>,2,mg/L,BD Phoenix
A332,gentamicin,>,8,mg/L,BD Phoenix
A332,tetracycline,>,8,mg/L,BD Phoenix
A333,cefotaxime,>,32,mg/L,BD Phoenix
A333,ceftazidime,<=,1,mg/L,BD Phoenix
A333,meropenem,<=,1,mg/L,BD Phoenix
A333,ciprofloxacin,>,2,mg/L,BD Phoenix
A333,gentamicin,>,8,mg/L,BD Phoenix
A333,tetracycline,>,8,mg/L,BD Phoenix
A334,cefotaxime,>,32,mg/L,BD Phoenix
A334,ceftazidime,<=,1,mg/L,BD Phoenix
A334,meropenem,<=,1,mg/L,BD Phoenix
A334,ciprofloxacin,>,2,mg/L,BD Phoenix
A334,gentamicin,>,8,mg/L,BD Phoenix
A334,tetracycline,>,8,mg/L,BD Phoenix
A335,cefotaxime,>,32,mg/L,BD Phoenix
A335,ceftazidime,>,16,mg/L,BD Phoenix
A335,meropenem,<=,1,mg/L,BD Phoenix
A335,ciprofloxacin,,1,mg/L,BD Phoenix
A335,gentamicin,>,8,mg/L,BD Phoenix
A335,tetracycline,>,8,mg/L,BD Phoenix
A336,cefotaxime,>,32,mg/L,BD Phoenix
A336,ceftazidime,<=,1,mg/L,BD Phoenix
A336,meropenem,<=,1,mg/L,BD Phoenix
A336,ciprofloxacin,>,2,mg/L,BD Phoenix
A336,gentamicin,>,8,mg/L,BD Phoenix
A336,tetracycline,>,8,mg/L,BD Phoenix
A337,cefotaxime,<=,1,mg/L,BD Phoenix
A337,ceftazidime,<=,1,mg/L,BD Phoenix
A337,meropenem,<=,1,mg/L,BD Phoenix
A337,ciprofloxacin,<=,0.5,mg/L,BD Phoenix
A337,gentamicin,<=,2,mg/L,BD Phoenix
A337,tetracycline,>,8,mg/L,BD Phoenix
A338,cefotaxime,<=,1,mg/L,BD Phoenix
A338,ceftazidime,<=,1,mg/L,BD Phoenix
A338,meropenem,<=,1,mg/L,BD Phoenix
A338,ciprofloxacin,>,2,mg/L,BD Phoenix
A338,gentamicin,>,8,mg/L,BD Phoenix
A338,tetracycline,>,8,mg/L,BD Phoenix
A339,cefotaxime,<=,1,mg/L,BD Phoenix
A339,ceftazidime,<=,1,mg/L,BD Phoenix
A339,meropenem,<=,1,mg/L,BD Phoenix
A339,ciprofloxacin,>,2,mg/L,BD Phoenix
A339,gentamicin,>,8,mg/L,BD Phoenix
A339,tetracycline,>,8,mg/L,BD Phoenix
A34,cefotaxime,>,32,mg/L,BD Phoenix
A34,ceftazidime,,2,mg/L,BD Phoenix
A34,meropenem,<=,1,mg/L,BD Phoenix
A34,ciprofloxacin,>,2,mg/L,BD Phoenix
A34,gentamicin,>,8,mg/L,BD Phoenix
A34,tetracycline,>,8,mg/L,BD Phoenix
A340,cefotaxime,<=,1,mg/L,BD Phoenix
A340,ceftazidime,<=,1,mg/L,BD Phoenix
A340,meropenem,<=,1,mg/L,BD Phoenix
A340,ciprofloxacin,>,2,mg/L,BD Phoenix
A340,gentamicin,>,8,mg/L,BD Phoenix
A340,tetracycline,>,8,mg/L,BD Phoenix
A341,cefotaxime,>,32,mg/L,BD Phoenix
A341,ceftazidime,,8,mg/L,BD Phoenix
A341,meropenem,<=,1,mg/L,BD Phoenix
A341,ciprofloxacin,>,2,mg/L,BD Phoenix
A341,gentamicin,>,8,mg/L,BD Phoenix
A341,tetracycline,>,8,mg/L,BD Phoenix
A342,cefotaxime,<=,1,mg/L,BD Phoenix
A342,ceftazidime,<=,1,mg/L,BD Phoenix
A342,meropenem,<=,1,mg/L,BD Phoenix
A342,ciprofloxacin,>,2,mg/L,BD Phoenix
A342,gentamicin,<=,2,mg/L,BD Phoenix
A342,tetracycline,>,8,mg/L,BD Phoenix
A343,cefotaxime,>,32,mg/L,BD Phoenix
A343,ceftazidime,>,16,mg/L,BD Phoenix
A343,meropenem,<=,1,mg/L,BD Phoenix
A343,ciprofloxacin,>,2,mg/L,BD Phoenix
A343,gentamicin,<=,2,mg/L,BD Phoenix
A343,tetracycline,>,8,mg/L,BD Phoenix
A344,cefotaxime,<=,1,mg/L,BD Phoenix
A344,ceftazidime,<=,1,mg/L,BD Phoenix
A344,meropenem,<=,1,mg/L,BD Phoenix
A344,ciprofloxacin,>,2,mg/L,BD Phoenix
A344,gentamicin,>,8,mg/L,BD Phoenix
A344,tetracycline,>,8,mg/L,BD Phoenix
A345,cefotaxime,>,32,mg/L,BD Phoenix
A345,ceftazidime,,2,mg/L,BD Phoenix
A345,meropenem,<=,1,mg/L,BD Phoenix
A345,ciprofloxacin,>,2,mg/L,BD Phoenix
A345,gentamicin,>,8,mg/L,BD Phoenix
A345,tetracycline,>,8,mg/L,BD Phoenix
A346,cefotaxime,<=,1,mg/L,BD Phoenix
A346,ceftazidime,<=,1,mg/L,BD Phoenix
A346,meropenem,<=,1,mg/L,BD Phoenix
A346,ciprofloxacin,>,2,mg/L,BD Phoenix
A346,gentamicin,>,8,mg/L,BD Phoenix
A346,tetracycline,>,8,mg/L,BD Phoenix
A347,cefotaxime,<=,1,mg/L,BD Phoenix
A347,ceftazidime,<=,1,mg/L,BD Phoenix
A347,meropenem,<=,1,mg/L,BD Phoenix
A347,ciprofloxacin,>,2,mg/L,BD Phoenix
A347,gentamicin,>,8,mg/L,BD Phoenix
A347,tetracycline,>,8,mg/L,BD Phoenix
A348,cefotaxime,<=,1,mg/L,BD Phoenix
A348,ceftazidime,<=,1,mg/L,BD Phoenix
A348,meropenem,<=,1,mg/L,BD Phoenix
A348,ciprofloxacin,<=,0.5,mg/L,BD Phoenix
A348,gentamicin,>,8,mg/L,BD Phoenix
A348,tetracycline,>,8,mg/L,BD Phoenix
A349,cefotaxime,<=,1,mg/L,BD Phoenix
A349,ceftazidime,<=,1,mg/L,BD Phoenix
A349,meropenem,<=,1,mg/L,BD Phoenix
A349,ciprofloxacin,>,2,mg/L,BD Phoenix
A349,gentamicin,>,8,mg/L,BD Phoenix
A349,tetracycline,>,8,mg/L,BD Phoenix
A35,cefotaxime,,16,mg/L,BD Phoenix
A35,ceftazidime,,16,mg/L,BD Phoenix
A35,meropenem,<=,1,mg/L,BD Phoenix
A35,ciprofloxacin,>,2,mg/L,BD Phoenix
A35,gentamicin,>,8,mg/L,BD Phoenix
A35,tetracycline,>,8,mg/L,BD Phoenix
A351,cefotaxime,<=,1,mg/L,BD Phoenix
A351,ceftazidime,<=,1,mg/L,BD Phoenix
A351,meropenem,<=,1,mg/L,BD Phoenix
A351,ciprofloxacin,>,2,mg/L,BD Phoenix
A351,gentamicin,>,8,mg/L,BD Phoenix
A351,tetracycline,>,8,mg/L,BD Phoenix
A352,cefotaxime,>,32,mg/L,BD Phoenix
A352,ceftazidime,,8,mg/L,BD Phoenix
A352,meropenem,<=,1,mg/L,BD Phoenix
A352,ciprofloxacin,>,2,mg/L,BD Phoenix
A352,gentamicin,>,8,mg/L,BD Phoenix
A352,tetracycline,>,8,mg/L,BD Phoenix
A353,cefotaxime,>,32,mg/L,BD Phoenix
A353,ceftazidime,,16,mg/L,BD Phoenix
A353,meropenem,<=,1,mg/L,BD Phoenix
A353,ciprofloxacin,>,2,mg/L,BD Phoenix
A353,gentamicin,>,8,mg/L,BD Phoenix
A353,tetracycline,>,8,mg/L,BD Phoenix
A354,cefotaxime,>,32,mg/L,BD Phoenix
A354,ceftazidime,,8,mg/L,BD Phoenix
A354,meropenem,<=,1,mg/L,BD Phoenix
A354,ciprofloxacin,>,2,mg/L,BD Phoenix
A354,gentamicin,<=,2,mg/L,BD Phoenix
A354,tetracycline,>,8,mg/L,BD Phoenix
A355,cefotaxime,>,32,mg/L,BD Phoenix
A355,ceftazidime,,2,mg/L,BD Phoenix
A355,meropenem,<=,1,mg/L,BD Phoenix
A355,ciprofloxacin,>,2,mg/L,BD Phoenix
A355,gentamicin,>,8,mg/L,BD Phoenix
A355,tetracycline,>,8,mg/L,BD Phoenix
A357,cefotaxime,>,32,mg/L,BD Phoenix
A357,ceftazidime,<=,1,mg/L,BD Phoenix
A357,meropenem,<=,1,mg/L,BD Phoenix
A357,ciprofloxacin,>,2,mg/L,BD Phoenix
A357,gentamicin,>,8,mg/L,BD Phoenix
A357,tetracycline,>,8,mg/L,BD Phoenix
A358,cefotaxime,<=,1,mg/L,BD Phoenix
A358,ceftazidime,<=,1,mg/L,BD Phoenix
A358,meropenem,<=,1,mg/L,BD Phoenix
A358,ciprofloxacin,>,2,mg/L,BD Phoenix
A358,gentamicin,>,8,mg/L,BD Phoenix
A358,tetracycline,>,8,mg/L,BD Phoenix
A359,cefotaxime,<=,1,mg/L,BD Phoenix
A359,ceftazidime,<=,1,mg/L,BD Phoenix
A359,meropenem,<=,1,mg/L,BD Phoenix
A359,ciprofloxacin,>,2,mg/L,BD Phoenix
A359,gentamicin,>,8,mg/L,BD Phoenix
A359,tetracycline,>,8,mg/L,BD Phoenix
A36,cefotaxime,>,32,mg/L,BD Phoenix
A36,ceftazidime,,2,mg/L,BD Phoenix
A36,meropenem,<=,1,mg/L,BD Phoenix
A36,ciprofloxacin,>,2,mg/L,BD Phoenix
A36,gentamicin,>,8,mg/L,BD Phoenix
A36,tetracycline,>,8,mg/L,BD Phoenix
A360,cefotaxime,,4,mg/L,BD Phoenix
A360,ceftazidime,,8,mg/L,BD Phoenix
A360,meropenem,<=,1,mg/L,BD Phoenix
A360,ciprofloxacin,,1,mg/L,BD Phoenix
A360,gentamicin,<=,2,mg/L,BD Phoenix
A360,tetracycline,>,8,mg/L,BD Phoenix
A361,cefotaxime,<=,1,mg/L,BD Phoenix
A361,ceftazidime,<=,1,mg/L,BD Phoenix
A361,meropenem,<=,1,mg/L,BD Phoenix
A361,ciprofloxacin,<=,0.5,mg/L,BD Phoenix
A361,gentamicin,>,8,mg/L,BD Phoenix
A361,tetracycline,>,8,mg/L,BD Phoenix
A362,cefotaxime,<=,1,mg/L,BD Phoenix
A362,ceftazidime,<=,1,mg/L,BD Phoenix
A362,meropenem,<=,1,mg/L,BD Phoenix
A362,ciprofloxacin,>,2,mg/L,BD Phoenix
A362,gentamicin,<=,2,mg/L,BD Phoenix
A362,tetracycline,>,8,mg/L,BD Phoenix
A363,cefotaxime,>,32,mg/L,BD Phoenix
A363,ceftazidime,<=,1,mg/L,BD Phoenix
A363,meropenem,<=,1,mg/L,BD Phoenix
A363,ciprofloxacin,>,2,mg/L,BD Phoenix
A363,gentamicin,>,8,mg/L,BD Phoenix
A363,tetracycline,>,8,mg/L,BD Phoenix
A364,cefotaxime,,16,mg/L,BD Phoenix
A364,ceftazidime,,2,mg/L,BD Phoenix
A364,meropenem,<=,1,mg/L,BD Phoenix
A364,ciprofloxacin,>,2,mg/L,BD Phoenix
A364,gentamicin,>,8,mg/L,BD Phoenix
A364,tetracycline,>,8,mg/L,BD Phoenix
A365,cefotaxime,>,32,mg/L,BD Phoenix
A365,ceftazidime,>,16,mg/L,BD Phoenix
A365,meropenem,<=,1,mg/L,BD Phoenix
A365,ciprofloxacin,,1,mg/L,BD Phoenix
A365,gentamicin,>,8,mg/L,BD Phoenix
A365,tetracycline,>,8,mg/L,BD Phoenix
A366,cefotaxime,>,32,mg/L,BD Phoenix
A366,ceftazidime,,16,mg/L,BD Phoenix
A366,meropenem,<=,1,mg/L,BD Phoenix
A366,ciprofloxacin,>,2,mg/L,BD Phoenix
A366,gentamicin,<=,2,mg/L,BD Phoenix
A366,tetracycline,>,8,mg/L,BD Phoenix
A367,cefotaxime,<=,1,mg/L,BD Phoenix
A367,ceftazidime,<=,1,mg/L,BD Phoenix
A367,meropenem,<=,1,mg/L,BD Phoenix
A367,ciprofloxacin,<=,0.5,mg/L,BD Phoenix
A367,gentamicin,<=,2,mg/L,BD Phoenix
A367,tetracycline,>,8,mg/L,BD Phoenix
A368,cefotaxime,<=,1,mg/L,BD Phoenix
A368,ceftazidime,<=,1,mg/L,BD Phoenix
A368,meropenem,<=,1,mg/L,BD Phoenix
A368,ciprofloxacin,<=,0.5,mg/L,BD Phoenix
A368,gentamicin,<=,2,mg/L,BD Phoenix
A368,tetracycline,>,8,mg/L,BD Phoenix
A369,cefotaxime,>,32,mg/L,BD Phoenix
A369,ceftazidime,,8,mg/L,BD Phoenix
A369,meropenem,<=,1,mg/L,BD Phoenix
A369,ciprofloxacin,>,2,mg/L,BD Phoenix
A369,gentamicin,,8,mg/L,BD Phoenix
A369,tetracycline,>,8,mg/L,BD Phoenix
A37,cefotaxime,<=,1,mg/L,BD Phoenix
A37,ceftazidime,<=,1,mg/L,BD Phoenix
A37,meropenem,<=,1,mg/L,BD Phoenix
A37,ciprofloxacin,>,2,mg/L,BD Phoenix
A37,gentamicin,<=,2,mg/L,BD Phoenix
A37,tetracycline,>,8,mg/L,BD Phoenix
A370,cefotaxime,<=,1,mg/L,BD Phoenix
A370,ceftazidime,<=,1,mg/L,BD Phoenix
A370,meropenem,<=,1,mg/L,BD Phoenix
A370,ciprofloxacin,>,2,mg/L,BD Phoenix
A370,gentamicin,<=,2,mg/L,BD Phoenix
A370,tetracycline,>,8,mg/L,BD Phoenix
A371,cefotaxime,<=,1,mg/L,BD Phoenix
A371,ceftazidime,<=,1,mg/L,BD Phoenix
A371,meropenem,<=,1,mg/L,BD Phoenix
A371,ciprofloxacin,<=,0.5,mg/L,BD Phoenix
A371,gentamicin,<=,2,mg/L,BD Phoenix
A371,tetracycline,>,8,mg/L,BD Phoenix
A372,cefotaxime,>,32,mg/L,BD Phoenix
A372,ceftazidime,,2,mg/L,BD Phoenix
A372,meropenem,<=,1,mg/L,BD Phoenix
A372,ciprofloxacin,>,2,mg/L,BD Phoenix
A372,gentamicin,>,8,mg/L,BD Phoenix
A372,tetracycline,>,8,mg/L,BD Phoenix
A373,cefotaxime,>,32,mg/L,BD Phoenix
A373,ceftazidime,<=,1,mg/L,BD Phoenix
A373,meropenem,<=,1,mg/L,BD Phoenix
A373,ciprofloxacin,>,2,mg/L,BD Phoenix
A373,gentamicin,>,8,mg/L,BD Phoenix
A373,tetracycline,<=,2,mg/L,BD Phoenix
A374,cefotaxime,<=,1,mg/L,BD Phoenix
A374,ceftazidime,<=,1,mg/L,BD Phoenix
A374,meropenem,<=,1,mg/L,BD Phoenix
A374,ciprofloxacin,,1,mg/L,BD Phoenix
A374,gentamicin,<=,2,mg/L,BD Phoenix
A374,tetracycline,>,8,mg/L,BD Phoenix
A375,cefotaxime,<=,1,mg/L,BD Phoenix
A375,ceftazidime,<=,1,mg/L,BD Phoenix
A375,meropenem,<=,1,mg/L,BD Phoenix
A375,ciprofloxacin,<=,0.5,mg/L,BD Phoenix
A375,gentamicin,<=,2,mg/L,BD Phoenix
A375,tetracycline,>,8,mg/L,BD Phoenix
A376,cefotaxime,>,32,mg/L,BD Phoenix
A376,ceftazidime,>,16,mg/L,BD Phoenix
A376,meropenem,>,8,mg/L,BD Phoenix
A376,ciprofloxacin,>,2,mg/L,BD Phoenix
A376,gentamicin,>,8,mg/L,BD Phoenix
A376,tetracycline,>,8,mg/L,BD Phoenix
A377,cefotaxime,>,32,mg/L,BD Phoenix
A377,ceftazidime,<=,1,mg/L,BD Phoenix
A377,meropenem,<=,1,mg/L,BD Phoenix
A377,ciprofloxacin,>,2,mg/L,BD Phoenix
A377,gentamicin,>,8,mg/L,BD Phoenix
A377,tetracycline,>,8,mg/L,BD Phoenix
A378,cefotaxime,,16,mg/L,BD Phoenix
A378,ceftazidime,,16,mg/L,BD Phoenix
A378,meropenem,<=,1,mg/L,BD Phoenix
A378,ciprofloxacin,,1,mg/L,BD Phoenix
A378,gentamicin,>,8,mg/L,BD Phoenix
A378,tetracycline,>,8,mg/L,BD Phoenix
A379,cefotaxime,<=,1,mg/L,BD Phoenix
A379,ceftazidime,<=,1,mg/L,BD Phoenix
A379,meropenem,<=,1,mg/L,BD Phoenix
A379,ciprofloxacin,>,2,mg/L,BD Phoenix
A379,gentamicin,>,8,mg/L,BD Phoenix
A379,tetracycline,>,8,mg/L,BD Phoenix
A38,cefotaxime,>,32,mg/L,BD Phoenix
A38,ceftazidime,,8,mg/L,BD Phoenix
A38,meropenem,<=,1,mg/L,BD Phoenix
A38,ciprofloxacin,>,2,mg/L,BD Phoenix
A38,gentamicin,>,8,mg/L,BD Phoenix
A38,tetracycline,>,8,mg/L,BD Phoenix
A380,cefotaxime,>,32,mg/L,BD Phoenix
A380,ceftazidime,,2,mg/L,BD Phoenix
A380,meropenem,<=,1,mg/L,BD Phoenix
A380,ciprofloxacin,>,2,mg/L,BD Phoenix
A380,gentamicin,>,8,mg/L,BD Phoenix
A380,tetracycline,>,8,mg/L,BD Phoenix
A381,cefotaxime,>,32,mg/L,BD Phoenix
A381,ceftazidime,<=,1,mg/L,BD Phoenix
A381,meropenem,<=,1,mg/L,BD Phoenix
A381,ciprofloxacin,>,2,mg/L,BD Phoenix
A381,gentamicin,>,8,mg/L,BD Phoenix
A381,tetracycline,>,8,mg/L,BD Phoenix
A382,cefotaxime,>,32,mg/L,BD Phoenix
A382,ceftazidime,>,16,mg/L,BD Phoenix
A382,meropenem,>,8,mg/L,BD Phoenix
A382,ciprofloxacin,>,2,mg/L,BD Phoenix
A382,gentamicin,>,8,mg/L,BD Phoenix
A382,tetracycline,>,8,mg/L,BD Phoenix
A383,cefotaxime,<=,1,mg/L,BD Phoenix
A383,ceftazidime,<=,1,mg/L,BD Phoenix
A383,meropenem,<=,1,mg/L,BD Phoenix
A383,ciprofloxacin,>,2,mg/L,BD Phoenix
A383,gentamicin,>,8,mg/L,BD Phoenix
A383,tetracycline,>,8,mg/L,BD Phoenix
A384,cefotaxime,<=,1,mg/L,BD Phoenix
A384,ceftazidime,<=,1,mg/L,BD Phoenix
A384,meropenem,<=,1,mg/L,BD Phoenix
A384,ciprofloxacin,,1,mg/L,BD Phoenix
A384,gentamicin,<=,2,mg/L,BD Phoenix
A384,tetracycline,>,8,mg/L,BD Phoenix
A385,cefotaxime,>,32,mg/L,BD Phoenix
A385,ceftazidime,,8,mg/L,BD Phoenix
A385,meropenem,<=,1,mg/L,BD Phoenix
A385,ciprofloxacin,>,2,mg/L,BD Phoenix
A385,gentamicin,>,8,mg/L,BD Phoenix
A385,tetracycline,>,8,mg/L,BD Phoenix
A386,cefotaxime,>,32,mg/L,BD Phoenix
A386,ceftazidime,>,16,mg/L,BD Phoenix
A386,meropenem,>,8,mg/L,BD Phoenix
A386,ciprofloxacin,>,2,mg/L,BD Phoenix
A386,gentamicin,>,8,mg/L,BD Phoenix
A386,tetracycline,<=,2,mg/L,BD Phoenix
A387,cefotaxime,<=,1,mg/L,BD Phoenix
A387,ceftazidime,<=,1,mg/L,BD Phoenix
A387,meropenem,<=,1,mg/L,BD Phoenix
A387,ciprofloxacin,<=,0.5,mg/L,BD Phoenix
A387,gentamicin,<=,2,mg/L,BD Phoenix
A387,tetracycline,>,8,mg/L,BD Phoenix
A388,cefotaxime,<=,1,mg/L,BD Phoenix
A388,ceftazidime,<=,1,mg/L,BD Phoenix
A388,meropenem,<=,1,mg/L,BD Phoenix
A388,ciprofloxacin,,1,mg/L,BD Phoenix
A388,gentamicin,<=,2,mg/L,BD Phoenix
A388,tetracycline,>,8,mg/L,BD Phoenix
A389,cefotaxime,>,32,mg/L,BD Phoenix
A389,ceftazidime,,2,mg/L,BD Phoenix
A389,meropenem,<=,1,mg/L,BD Phoenix
A389,ciprofloxacin,>,2,mg/L,BD Phoenix
A389,gentamicin,>,8,mg/L,BD Phoenix
A389,tetracycline,>,8,mg/L,BD Phoenix
A39,cefotaxime,>,32,mg/L,BD Phoenix
A39,ceftazidime,<=,1,mg/L,BD Phoenix
A39,meropenem,<=,1,mg/L,BD Phoenix
A39,ciprofloxacin,>,2,mg/L,BD Phoenix
A39,gentamicin,>,8,mg/L,BD Phoenix
A39,tetracycline,>,8,mg/L,BD Phoenix
A390,cefotaxime,<=,1,mg/L,BD Phoenix
A390,ceftazidime,<=,1,mg/L,BD Phoenix
A390,meropenem,<=,1,mg/L,BD Phoenix
A390,ciprofloxacin,<=,0.5,mg/L,BD Phoenix
A390,gentamicin,<=,2,mg/L,BD Phoenix
A390,tetracycline,>,8,mg/L,BD Phoenix
A391,cefotaxime,>,32,mg/L,BD Phoenix
A391,ceftazidime,>,16,mg/L,BD Phoenix
A391,meropenem,<=,1,mg/L,BD Phoenix
A391,ciprofloxacin,>,2,mg/L,BD Phoenix
A391,gentamicin,>,8,mg/L,BD Phoenix
A391,tetracycline,>,8,mg/L,BD Phoenix
A392,cefotaxime,>,32,mg/L,BD Phoenix
A392,ceftazidime,,8,mg/L,BD Phoenix
A392,meropenem,<=,1,mg/L,BD Phoenix
A392,ciprofloxacin,>,2,mg/L,BD Phoenix
A392,gentamicin,>,8,mg/L,BD Phoenix
A392,tetracycline,>,8,mg/L,BD Phoenix
A393,cefotaxime,,32,mg/L,BD Phoenix
A393,ceftazidime,,8,mg/L,BD Phoenix
A393,meropenem,<=,1,mg/L,BD Phoenix
A393,ciprofloxacin,>,2,mg/L,BD Phoenix
A393,gentamicin,>,8,mg/L,BD Phoenix
A393,tetracycline,>,8,mg/L,BD Phoenix
A394,cefotaxime,<=,1,mg/L,BD Phoenix
A394,ceftazidime,<=,1,mg/L,BD Phoenix
A394,meropenem,<=,1,mg/L,BD Phoenix
A394,ciprofloxacin,>,2,mg/L,BD Phoenix
A394,gentamicin,>,8,mg/L,BD Phoenix
A394,tetracycline,>,8,mg/L,BD Phoenix
A395,cefotaxime,<=,1,mg/L,BD Phoenix
A395,ceftazidime,<=,1,mg/L,BD Phoenix
A395,meropenem,<=,1,mg/L,BD Phoenix
A395,ciprofloxacin,>,2,mg/L,BD Phoenix
A395,gentamicin,>,8,mg/L,BD Phoenix
A395,tetracycline,>,8,mg/L,BD Phoenix
A396,cefotaxime,<=,1,mg/L,BD Phoenix
A396,ceftazidime,<=,1,mg/L,BD Phoenix
A396,meropenem,<=,1,mg/L,BD Phoenix
A396,ciprofloxacin,<=,0.5,mg/L,BD Phoenix
A396,gentamicin,<=,2,mg/L,BD Phoenix
A396,tetracycline,<=,2,mg/L,BD Phoenix
A397,cefotaxime,,8,mg/L,BD Phoenix
A397,ceftazidime,<=,1,mg/L,BD Phoenix
A397,meropenem,<=,1,mg/L,BD Phoenix
A397,ciprofloxacin,>,2,mg/L,BD Phoenix
A397,gentamicin,>,8,mg/L,BD Phoenix
A397,tetracycline,>,8,mg/L,BD Phoenix
A398,cefotaxime,>,32,mg/L,BD Phoenix
A398,ceftazidime,,8,mg/L,BD Phoenix
A398,meropenem,<=,1,mg/L,BD Phoenix
A398,ciprofloxacin,>,2,mg/L,BD Phoenix
A398,gentamicin,<=,2,mg/L,BD Phoenix
A398,tetracycline,>,8,mg/L,BD Phoenix
A399,cefotaxime,<=,1,mg/L,BD Phoenix
A399,ceftazidime,<=,1,mg/L,BD Phoenix
A399,meropenem,<=,1,mg/L,BD Phoenix
A399,ciprofloxacin,>,2,mg/L,BD Phoenix
A399,gentamicin,<=,2,mg/L,BD Phoenix
A399,tetracycline,>,8,mg/L,BD Phoenix
A4,cefotaxime,<=,1,mg/L,BD Phoenix
A4,ceftazidime,<=,1,mg/L,BD Phoenix
A4,meropenem,<=,1,mg/L,BD Phoenix
A4,ciprofloxacin,>,2,mg/L,BD Phoenix
A4,gentamicin,>,8,mg/L,BD Phoenix
A4,tetracycline,>,8,mg/L,BD Phoenix
A40,cefotaxime,<=,1,mg/L,BD Phoenix
A40,ceftazidime,<=,1,mg/L,BD Phoenix
A40,meropenem,<=,1,mg/L,BD Phoenix
A40,ciprofloxacin,>,2,mg/L,BD Phoenix
A40,gentamicin,>,8,mg/L,BD Phoenix
A40,tetracycline,>,8,mg/L,BD Phoenix
A400,cefotaxime,>,32,mg/L,BD Phoenix
A400,ceftazidime,,16,mg/L,BD Phoenix
A400,meropenem,<=,1,mg/L,BD Phoenix
A400,ciprofloxacin,>,2,mg/L,BD Phoenix
A400,gentamicin,>,8,mg/L,BD Phoenix
A400,tetracycline,>,8,mg/L,BD Phoenix
A401,cefotaxime,>,32,mg/L,BD Phoenix
A401,ceftazidime,<=,1,mg/L,BD Phoenix
A401,meropenem,<=,1,mg/L,BD Phoenix
A401,ciprofloxacin,>,2,mg/L,BD Phoenix
A401,gentamicin,>,8,mg/L,BD Phoenix
A401,tetracycline,<=,2,mg/L,BD Phoenix
A402,cefotaxime,>,32,mg/L,BD Phoenix
A402,ceftazidime,,16,mg/L,BD Phoenix
A402,meropenem,<=,1,mg/L,BD Phoenix
A402,ciprofloxacin,<=,0.5,mg/L,BD Phoenix
A402,gentamicin,<=,2,mg/L,BD Phoenix
A402,tetracycline,>,8,mg/L,BD Phoenix
A403,cefotaxime,<=,1,mg/L,BD Phoenix
A403,ceftazidime,<=,1,mg/L,BD Phoenix
A403,meropenem,<=,1,mg/L,BD Phoenix
A403,ciprofloxacin,>,2,mg/L,BD Phoenix
A403,gentamicin,<=,2,mg/L,BD Phoenix
A403,tetracycline,>,8,mg/L,BD Phoenix
A404,cefotaxime,,8,mg/L,BD Phoenix
A404,ceftazidime,<=,1,mg/L,BD Phoenix
A404,meropenem,<=,1,mg/L,BD Phoenix
A404,ciprofloxacin,>,2,mg/L,BD Phoenix
A404,gentamicin,>,8,mg/L,BD Phoenix
A404,tetracycline,>,8,mg/L,BD Phoenix
A405,cefotaxime,<=,1,mg/L,BD Phoenix
A405,ceftazidime,<=,1,mg/L,BD Phoenix
A405,meropenem,<=,1,mg/L,BD Phoenix
A405,ciprofloxacin,<=,0.5,mg/L,BD Phoenix
A405,gentamicin,<=,2,mg/L,BD Phoenix
A405,tetracycline,>,8,mg/L,BD Phoenix
A407,cefotaxime,<=,1,mg/L,BD Phoenix
A407,ceftazidime,<=,1,mg/L,BD Phoenix
A407,meropenem,<=,1,mg/L,BD Phoenix
A407,ciprofloxacin,<=,0.5,mg/L,BD Phoenix
A407,gentamicin,>,8,mg/L,BD Phoenix
A407,tetracycline,<=,2,mg/L,BD Phoenix
A408,cefotaxime,,8,mg/L,BD Phoenix
A408,ceftazidime,,16,mg/L,BD Phoenix
A408,meropenem,<=,1,mg/L,BD Phoenix
A408,ciprofloxacin,<=,0.5,mg/L,BD Phoenix
A408,gentamicin,<=,2,mg/L,BD Phoenix
A408,tetracycline,>,8,mg/L,BD Phoenix
A409,cefotaxime,<=,1,mg/L,BD Phoenix
A409,ceftazidime,<=,1,mg/L,BD Phoenix
A409,meropenem,<=,1,mg/L,BD Phoenix
A409,ciprofloxacin,>,2,mg/L,BD Phoenix
A409,gentamicin,>,8,mg/L,BD Phoenix
A409,tetracycline,>,8,mg/L,BD Phoenix
A41,cefotaxime,<=,1,mg/L,BD Phoenix
A41,ceftazidime,<=,1,mg/L,BD Phoenix
A41,meropenem,<=,1,mg/L,BD Phoenix
A41,ciprofloxacin,>,2,mg/L,BD Phoenix
A41,gentamicin,>,8,mg/L,BD Phoenix
A41,tetracycline,>,8,mg/L,BD Phoenix
A410,cefotaxime,>,32,mg/L,BD Phoenix
A410,ceftazidime,,4,mg/L,BD Phoenix
A410,meropenem,<=,1,mg/L,BD Phoenix
A410,ciprofloxacin,>,2,mg/L,BD Phoenix
A410,gentamicin,<=,2,mg/L,BD Phoenix
A410,tetracycline,>,8,mg/L,BD Phoenix
A411,cefotaxime,>,32,mg/L,BD Phoenix
A411,ceftazidime,<=,1,mg/L,BD Phoenix
A411,meropenem,<=,1,mg/L,BD Phoenix
A411,ciprofloxacin,>,2,mg/L,BD Phoenix
A411,gentamicin,<=,2,mg/L,BD Phoenix
A411,tetracycline,>,8,mg/L,BD Phoenix
A412,cefotaxime,>,32,mg/L,BD Phoenix
A412,ceftazidime,<=,1,mg/L,BD Phoenix
A412,meropenem,<=,1,mg/L,BD Phoenix
A412,ciprofloxacin,>,2,mg/L,BD Phoenix
A412,gentamicin,>,8,mg/L,BD Phoenix
A412,tetracycline,>,8,mg/L,BD Phoenix
A413,cefotaxime,>,32,mg/L,BD Phoenix
A413,ceftazidime,<=,1,mg/L,BD Phoenix
A413,meropenem,<=,1,mg/L,BD Phoenix
A413,ciprofloxacin,>,2,mg/L,BD Phoenix
A413,gentamicin,,4,mg/L,BD Phoenix
A413,tetracycline,>,8,mg/L,BD Phoenix
A414,cefotaxime,>,32,mg/L,BD Phoenix
A414,ceftazidime,,8,mg/L,BD Phoenix
A414,meropenem,<=,1,mg/L,BD Phoenix
A414,ciprofloxacin,>,2,mg/L,BD Phoenix
A414,gentamicin,>,8,mg/L,BD Phoenix
A414,tetracycline,>,8,mg/L,BD Phoenix
A415,cefotaxime,>,32,mg/L,BD Phoenix
A415,ceftazidime,<=,1,mg/L,BD Phoenix
A415,meropenem,<=,1,mg/L,BD Phoenix
A415,ciprofloxacin,>,2,mg/L,BD Phoenix
A415,gentamicin,>,8,mg/L,BD Phoenix
A415,tetracycline,>,8,mg/L,BD Phoenix
A416,cefotaxime,>,32,mg/L,BD Phoenix
A416,ceftazidime,,8,mg/L,BD Phoenix
A416,meropenem,<=,1,mg/L,BD Phoenix
A416,ciprofloxacin,>,2,mg/L,BD Phoenix
A416,gentamicin,<=,2,mg/L,BD Phoenix
A416,tetracycline,>,8,mg/L,BD Phoenix
A417,cefotaxime,<=,1,mg/L,BD Phoenix
A417,ceftazidime,<=,1,mg/L,BD Phoenix
A417,meropenem,<=,1,mg/L,BD Phoenix
A417,ciprofloxacin,>,2,mg/L,BD Phoenix
A417,gentamicin,>,8,mg/L,BD Phoenix
A417,tetracycline,>,8,mg/L,BD Phoenix
A419,cefotaxime,<=,1,mg/L,BD Phoenix
A419,ceftazidime,<=,1,mg/L,BD Phoenix
A419,meropenem,<=,1,mg/L,BD Phoenix
A419,ciprofloxacin,<=,0.5,mg/L,BD Phoenix
A419,gentamicin,>,8,mg/L,BD Phoenix
A419,tetracycline,>,8,mg/L,BD Phoenix
A42,cefotaxime,,32,mg/L,BD Phoenix
A42,ceftazidime,>,16,mg/L,BD Phoenix
A42,meropenem,<=,1,mg/L,BD Phoenix
A42,ciprofloxacin,>,2,mg/L,BD Phoenix
A42,gentamicin,<=,2,mg/L,BD Phoenix
A42,tetracycline,>,8,mg/L,BD Phoenix
A420,cefotaxime,>,32,mg/L,BD Phoenix
A420,ceftazidime,,2,mg/L,BD Phoenix
A420,meropenem,<=,1,mg/L,BD Phoenix
A420,ciprofloxacin,<=,0.5,mg/L,BD Phoenix
A420,gentamicin,<=,2,mg/L,BD Phoenix
A420,tetracycline,>,8,mg/L,BD Phoenix
A421,cefotaxime,>,32,mg/L,BD Phoenix
A421,ceftazidime,,4,mg/L,BD Phoenix
A421,meropenem,<=,1,mg/L,BD Phoenix
A421,ciprofloxacin,,2,mg/L,BD Phoenix
A421,gentamicin,>,8,mg/L,BD Phoenix
A421,tetracycline,<=,2,mg/L,BD Phoenix
A422,cefotaxime,<=,1,mg/L,BD Phoenix
A422,ceftazidime,<=,1,mg/L,BD Phoenix
A422,meropenem,<=,1,mg/L,BD Phoenix
A422,ciprofloxacin,<=,0.5,mg/L,BD Phoenix
A422,gentamicin,<=,2,mg/L,BD Phoenix
A422,tetracycline,>,8,mg/L,BD Phoenix
A423,cefotaxime,>,32,mg/L,BD Phoenix
A423,ceftazidime,,8,mg/L,BD Phoenix
A423,meropenem,<=,1,mg/L,BD Phoenix
A423,ciprofloxacin,>,2,mg/L,BD Phoenix
A423,gentamicin,>,8,mg/L,BD Phoenix
A423,tetracycline,>,8,mg/L,BD Phoenix
A424,cefotaxime,>,32,mg/L,BD Phoenix
A424,ceftazidime,,16,mg/L,BD Phoenix
A424,meropenem,<=,1,mg/L,BD Phoenix
A424,ciprofloxacin,>,2,mg/L,BD Phoenix
A424,gentamicin,>,8,mg/L,BD Phoenix
A424,tetracycline,>,8,mg/L,BD Phoenix
A425,cefotaxime,,4,mg/L,BD Phoenix
A425,ceftazidime,,4,mg/L,BD Phoenix
A425,meropenem,<=,1,mg/L,BD Phoenix
A425,ciprofloxacin,>,2,mg/L,BD Phoenix
A425,gentamicin,>,8,mg/L,BD Phoenix
A425,tetracycline,>,8,mg/L,BD Phoenix
A426,cefotaxime,<=,1,mg/L,BD Phoenix
A426,ceftazidime,<=,1,mg/L,BD Phoenix
A426,meropenem,<=,1,mg/L,BD Phoenix
A426,ciprofloxacin,>,2,mg/L,BD Phoenix
A426,gentamicin,>,8,mg/L,BD Phoenix
A426,tetracycline,>,8,mg/L,BD Phoenix
A427,cefotaxime,>,32,mg/L,BD Phoenix
A427,ceftazidime,<=,1,mg/L,BD Phoenix
A427,meropenem,<=,1,mg/L,BD Phoenix
A427,ciprofloxacin,>,2,mg/L,BD Phoenix
A427,gentamicin,>,8,mg/L,BD Phoenix
A427,tetracycline,>,8,mg/L,BD Phoenix
A428,cefotaxime,>,32,mg/L,BD Phoenix
A428,ceftazidime,,2,mg/L,BD Phoenix
A428,meropenem,<=,1,mg/L,BD Phoenix
A428,ciprofloxacin,>,2,mg/L,BD Phoenix
A428,gentamicin,<=,2,mg/L,BD Phoenix
A428,tetracycline,>,8,mg/L,BD Phoenix
A429,cefotaxime,>,32,mg/L,BD Phoenix
A429,ceftazidime,>,16,mg/L,BD Phoenix
A429,meropenem,<=,1,mg/L,BD Phoenix
A429,ciprofloxacin,,2,mg/L,BD Phoenix
A429,gentamicin,<=,2,mg/L,BD Phoenix
A429,tetracycline,>,8,mg/L,BD Phoenix
A43,cefotaxime,,32,mg/L,BD Phoenix
A43,ceftazidime,<=,1,mg/L,BD Phoenix
A43,meropenem,<=,1,mg/L,BD Phoenix
A43,ciprofloxacin,>,2,mg/L,BD Phoenix
A43,gentamicin,>,8,mg/L,BD Phoenix
A43,tetracycline,>,8,mg/L,BD Phoenix
A430,cefotaxime,>,32,mg/L,BD Phoenix
A430,ceftazidime,,16,mg/L,BD Phoenix
A430,meropenem,<=,1,mg/L,BD Phoenix
A430,ciprofloxacin,>,2,mg/L,BD Phoenix
A430,gentamicin,>,8,mg/L,BD Phoenix
A430,tetracycline,>,8,mg/L,BD Phoenix
A431,cefotaxime,<=,1,mg/L,BD Phoenix
A431,ceftazidime,<=,1,mg/L,BD Phoenix
A431,meropenem,<=,1,mg/L,BD Phoenix
A431,ciprofloxacin,>,2,mg/L,BD Phoenix
A431,gentamicin,>,8,mg/L,BD Phoenix
A431,tetracycline,>,8,mg/L,BD Phoenix
A432,cefotaxime,>,32,mg/L,BD Phoenix
A432,ceftazidime,,4,mg/L,BD Phoenix
A432,meropenem,<=,1,mg/L,BD Phoenix
A432,ciprofloxacin,>,2,mg/L,BD Phoenix
A432,gentamicin,>,8,mg/L,BD Phoenix
A432,tetracycline,>,8,mg/L,BD Phoenix
A433,cefotaxime,<=,1,mg/L,BD Phoenix
A433,ceftazidime,<=,1,mg/L,BD Phoenix
A433,meropenem,<=,1,mg/L,BD Phoenix
A433,ciprofloxacin,,1,mg/L,BD Phoenix
A433,gentamicin,<=,2,mg/L,BD Phoenix
A433,tetracycline,>,8,mg/L,BD Phoenix
A436,cefotaxime,,4,mg/L,BD Phoenix
A436,ceftazidime,,4,mg/L,BD Phoenix
A436,meropenem,<=,1,mg/L,BD Phoenix
A436,ciprofloxacin,>,2,mg/L,BD Phoenix
A436,gentamicin,>,8,mg/L,BD Phoenix
A436,tetracycline,>,8,mg/L,BD Phoenix
A437,cefotaxime,>,32,mg/L,BD Phoenix
A437,ceftazidime,<=,1,mg/L,BD Phoenix
A437,meropenem,<=,1,mg/L,BD Phoenix
A437,ciprofloxacin,>,2,mg/L,BD Phoenix
A437,gentamicin,<=,2,mg/L,BD Phoenix
A437,tetracycline,>,8,mg/L,BD Phoenix
A438,cefotaxime,<=,1,mg/L,BD Phoenix
A438,ceftazidime,<=,1,mg/L,BD Phoenix
A438,meropenem,<=,1,mg/L,BD Phoenix
A438,ciprofloxacin,<=,0.5,mg/L,BD Phoenix
A438,gentamicin,>,8,mg/L,BD Phoenix
A438,tetracycline,>,8,mg/L,BD Phoenix
A439,cefotaxime,>,32,mg/L,BD Phoenix
A439,ceftazidime,,16,mg/L,BD Phoenix
A439,meropenem,<=,1,mg/L,BD Phoenix
A439,ciprofloxacin,>,2,mg/L,BD Phoenix
A439,gentamicin,>,8,mg/L,BD Phoenix
A439,tetracycline,>,8,mg/L,BD Phoenix
A44,cefotaxime,>,32,mg/L,BD Phoenix
A44,ceftazidime,,2,mg/L,BD Phoenix
A44,meropenem,<=,1,mg/L,BD Phoenix
A44,ciprofloxacin,>,2,mg/L,BD Phoenix
A44,gentamicin,<=,2,mg/L,BD Phoenix
A44,tetracycline,>,8,mg/L,BD Phoenix
A440,cefotaxime,<=,1,mg/L,BD Phoenix
A440,ceftazidime,<=,1,mg/L,BD Phoenix
A440,meropenem,<=,1,mg/L,BD Phoenix
A440,ciprofloxacin,,1,mg/L,BD Phoenix
A440,gentamicin,>,8,mg/L,BD Phoenix
A440,tetracycline,>,8,mg/L,BD Phoenix
A441,cefotaxime,<=,1,mg/L,BD Phoenix
A441,ceftazidime,<=,1,mg/L,BD Phoenix
A441,meropenem,<=,1,mg/L,BD Phoenix
A441,ciprofloxacin,<=,0.5,mg/L,BD Phoenix
A441,gentamicin,<=,2,mg/L,BD Phoenix
A441,tetracycline,>,8,mg/L,BD Phoenix
A442,cefotaxime,<=,1,mg/L,BD Phoenix
A442,ceftazidime,<=,1,mg/L,BD Phoenix
A442,meropenem,<=,1,mg/L,BD Phoenix
A442,ciprofloxacin,>,2,mg/L,BD Phoenix
A442,gentamicin,<=,2,mg/L,BD Phoenix
A442,tetracycline,>,8,mg/L,BD Phoenix
A444,cefotaxime,<=,1,mg/L,BD Phoenix
A444,ceftazidime,<=,1,mg/L,BD Phoenix
A444,meropenem,<=,1,mg/L,BD Phoenix
A444,ciprofloxacin,>,2,mg/L,BD Phoenix
A444,gentamicin,>,8,mg/L,BD Phoenix
A444,tetracycline,>,8,mg/L,BD Phoenix
A445,cefotaxime,<=,1,mg/L,BD Phoenix
A445,ceftazidime,<=,1,mg/L,BD Phoenix
A445,meropenem,<=,1,mg/L,BD Phoenix
A445,ciprofloxacin,>,2,mg/L,BD Phoenix
A445,gentamicin,>,8,mg/L,BD Phoenix
A445,tetracycline,>,8,mg/L,BD Phoenix
A446,cefotaxime,,16,mg/L,BD Phoenix
A446,ceftazidime,,16,mg/L,BD Phoenix
A446,meropenem,<=,1,mg/L,BD Phoenix
A446,ciprofloxacin,>,2,mg/L,BD Phoenix
A446,gentamicin,>,8,mg/L,BD Phoenix
A446,tetracycline,>,8,mg/L,BD Phoenix
A447,cefotaxime,<=,1,mg/L,BD Phoenix
A447,ceftazidime,<=,1,mg/L,BD Phoenix
A447,meropenem,<=,1,mg/L,BD Phoenix
A447,ciprofloxacin,>,2,mg/L,BD Phoenix
A447,gentamicin,>,8,mg/L,BD Phoenix
A447,tetracycline,>,8,mg/L,BD Phoenix
A448,cefotaxime,<=,1,mg/L,BD Phoenix
A448,ceftazidime,<=,1,mg/L,BD Phoenix
A448,meropenem,<=,1,mg/L,BD Phoenix
A448,ciprofloxacin,>,2,mg/L,BD Phoenix
A448,gentamicin,>,8,mg/L,BD Phoenix
A448,tetracycline,>,8,mg/L,BD Phoenix
A449,cefotaxime,>,32,mg/L,BD Phoenix
A449,ceftazidime,,8,mg/L,BD Phoenix
A449,meropenem,<=,1,mg/L,BD Phoenix
A449,ciprofloxacin,>,2,mg/L,BD Phoenix
A449,gentamicin,>,8,mg/L,BD Phoenix
A449,tetracycline,>,8,mg/L,BD Phoenix
A45,cefotaxime,>,32,mg/L,BD Phoenix
A45,ceftazidime,,8,mg/L,BD Phoenix
A45,meropenem,<=,1,mg/L,BD Phoenix
A45,ciprofloxacin,>,2,mg/L,BD Phoenix
A45,gentamicin,>,8,mg/L,BD Phoenix
A45,tetracycline,>,8,mg/L,BD Phoenix
A450,cefotaxime,,8,mg/L,BD Phoenix
A450,ceftazidime,,16,mg/L,BD Phoenix
A450,meropenem,<=,1,mg/L,BD Phoenix
A450,ciprofloxacin,>,2,mg/L,BD Phoenix
A450,gentamicin,>,8,mg/L,BD Phoenix
A450,tetracycline,>,8,mg/L,BD Phoenix
A451,cefotaxime,>,32,mg/L,BD Phoenix
A451,ceftazidime,,8,mg/L,BD Phoenix
A451,meropenem,<=,1,mg/L,BD Phoenix
A451,ciprofloxacin,>,2,mg/L,BD Phoenix
A451,gentamicin,<=,2,mg/L,BD Phoenix
A451,tetracycline,>,8,mg/L,BD Phoenix
A452,cefotaxime,<=,1,mg/L,BD Phoenix
A452,ceftazidime,<=,1,mg/L,BD Phoenix
A452,meropenem,<=,1,mg/L,BD Phoenix
A452,ciprofloxacin,>,2,mg/L,BD Phoenix
A452,gentamicin,>,8,mg/L,BD Phoenix
A452,tetracycline,>,8,mg/L,BD Phoenix
A453,cefotaxime,<=,1,mg/L,BD Phoenix
A453,ceftazidime,<=,1,mg/L,BD Phoenix
A453,meropenem,<=,1,mg/L,BD Phoenix
A453,ciprofloxacin,>,2,mg/L,BD Phoenix
A453,gentamicin,>,8,mg/L,BD Phoenix
A453,tetracycline,>,8,mg/L,BD Phoenix
A454,cefotaxime,<=,1,mg/L,BD Phoenix
A454,ceftazidime,<=,1,mg/L,BD Phoenix
A454,meropenem,<=,1,mg/L,BD Phoenix
A454,ciprofloxacin,>,2,mg/L,BD Phoenix
A454,gentamicin,>,8,mg/L,BD Phoenix
A454,tetracycline,>,8,mg/L,BD Phoenix
A455,cefotaxime,>,32,mg/L,BD Phoenix
A455,ceftazidime,,4,mg/L,BD Phoenix
A455,meropenem,<=,1,mg/L,BD Phoenix
A455,ciprofloxacin,>,2,mg/L,BD Phoenix
A455,gentamicin,>,8,mg/L,BD Phoenix
A455,tetracycline,>,8,mg/L,BD Phoenix
A456,cefotaxime,,16,mg/L,BD Phoenix
A456,ceftazidime,,16,mg/L,BD Phoenix
A456,meropenem,<=,1,mg/L,BD Phoenix
A456,ciprofloxacin,>,2,mg/L,BD Phoenix
A456,gentamicin,>,8,mg/L,BD Phoenix
A456,tetracycline,>,8,mg/L,BD Phoenix
A457,cefotaxime,<=,1,mg/L,BD Phoenix
A457,ceftazidime,,4,mg/L,BD Phoenix
A457,meropenem,<=,1,mg/L,BD Phoenix
A457,ciprofloxacin,>,2,mg/L,BD Phoenix
A457,gentamicin,>,8,mg/L,BD Phoenix
A457,tetracycline,>,8,mg/L,BD Phoenix
A458,cefotaxime,,8,mg/L,BD Phoenix
A458,ceftazidime,,8,mg/L,BD Phoenix
A458,meropenem,<=,1,mg/L,BD Phoenix
A458,ciprofloxacin,,2,mg/L,BD Phoenix
A458,gentamicin,>,8,mg/L,BD Phoenix
A458,tetracycline,>,8,mg/L,BD Phoenix
A459,cefotaxime,<=,1,mg/L,BD Phoenix
A459,ceftazidime,<=,1,mg/L,BD Phoenix
A459,meropenem,<=,1,mg/L,BD Phoenix
A459,ciprofloxacin,>,2,mg/L,BD Phoenix
A459,gentamicin,>,8,mg/L,BD Phoenix
A459,tetracycline,>,8,mg/L,BD Phoenix
A46,cefotaxime,,16,mg/L,BD Phoenix
A46,ceftazidime,<=,1,mg/L,BD Phoenix
A46,meropenem,<=,1,mg/L,BD Phoenix
A46,ciprofloxacin,>,2,mg/L,BD Phoenix
A46,gentamicin,<=,2,mg/L,BD Phoenix
A46,tetracycline,<=,2,mg/L,BD Phoenix
A460,cefotaxime,>,32,mg/L,BD Phoenix
A460,ceftazidime,<=,1,mg/L,BD Phoenix
A460,meropenem,<=,1,mg/L,BD Phoenix
A460,ciprofloxacin,>,2,mg/L,BD Phoenix
A460,gentamicin,<=,2,mg/L,BD Phoenix
A460,tetracycline,>,8,mg/L,BD Phoenix
A461,cefotaxime,<=,1,mg/L,BD Phoenix
A461,ceftazidime,<=,1,mg/L,BD Phoenix
A461,meropenem,<=,1,mg/L,BD Phoenix
A461,ciprofloxacin,<=,0.5,mg/L,BD Phoenix
A461,gentamicin,>,8,mg/L,BD Phoenix
A461,tetracycline,>,8,mg/L,BD Phoenix
A462,cefotaxime,,4,mg/L,BD Phoenix
A462,ceftazidime,,8,mg/L,BD Phoenix
A462,meropenem,<=,1,mg/L,BD Phoenix
A462,ciprofloxacin,>,2,mg/L,BD Phoenix
A462,gentamicin,>,8,mg/L,BD Phoenix
A462,tetracycline,>,8,mg/L,BD Phoenix
A463,cefotaxime,>,32,mg/L,BD Phoenix
A463,ceftazidime,<=,1,mg/L,BD Phoenix
A463,meropenem,<=,1,mg/L,BD Phoenix
A463,ciprofloxacin,>,2,mg/L,BD Phoenix
A463,gentamicin,>,8,mg/L,BD Phoenix
A463,tetracycline,>,8,mg/L,BD Phoenix
A464,cefotaxime,<=,1,mg/L,BD Phoenix
A464,ceftazidime,<=,1,mg/L,BD Phoenix
A464,meropenem,<=,1,mg/L,BD Phoenix
A464,ciprofloxacin,,1,mg/L,BD Phoenix
A464,gentamicin,<=,2,mg/L,BD Phoenix
A464,tetracycline,<=,2,mg/L,BD Phoenix
A465,cefotaxime,>,32,mg/L,BD Phoenix
A465,ceftazidime,>,16,mg/L,BD Phoenix
A465,meropenem,<=,1,mg/L,BD Phoenix
A465,ciprofloxacin,>,2,mg/L,BD Phoenix
A465,gentamicin,>,8,mg/L,BD Phoenix
A465,tetracycline,>,8,mg/L,BD Phoenix
A466,cefotaxime,<=,1,mg/L,BD Phoenix
A466,ceftazidime,<=,1,mg/L,BD Phoenix
A466,meropenem,<=,1,mg/L,BD Phoenix
A466,ciprofloxacin,>,2,mg/L,BD Phoenix
A466,gentamicin,>,8,mg/L,BD Phoenix
A466,tetracycline,>,8,mg/L,BD Phoenix
A467,cefotaxime,<=,1,mg/L,BD Phoenix
A467,ceftazidime,<=,1,mg/L,BD Phoenix
A467,meropenem,<=,1,mg/L,BD Phoenix
A467,ciprofloxacin,>,2,mg/L,BD Phoenix
A467,gentamicin,>,8,mg/L,BD Phoenix
A467,tetracycline,>,8,mg/L,BD Phoenix
A468,cefotaxime,<=,1,mg/L,BD Phoenix
A468,ceftazidime,<=,1,mg/L,BD Phoenix
A468,meropenem,<=,1,mg/L,BD Phoenix
A468,ciprofloxacin,<=,0.5,mg/L,BD Phoenix
A468,gentamicin,>,8,mg/L,BD Phoenix
A468,tetracycline,>,8,mg/L,BD Phoenix
A469,cefotaxime,<=,1,mg/L,BD Phoenix
A469,ceftazidime,<=,1,mg/L,BD Phoenix
A469,meropenem,<=,1,mg/L,BD Phoenix
A469,ciprofloxacin,>,2,mg/L,BD Phoenix
A469,gentamicin,>,8,mg/L,BD Phoenix
A469,tetracycline,>,8,mg/L,BD Phoenix
A47,cefotaxime,>,32,mg/L,BD Phoenix
A47,ceftazidime,<=,1,mg/L,BD Phoenix
A47,meropenem,<=,1,mg/L,BD Phoenix
A47,ciprofloxacin,>,2,mg/L,BD Phoenix
A47,gentamicin,>,8,mg/L,BD Phoenix
A47,tetracycline,>,8,mg/L,BD Phoenix
A470,cefotaxime,<=,1,mg/L,BD Phoenix
A470,ceftazidime,<=,1,mg/L,BD Phoenix
A470,meropenem,<=,1,mg/L,BD Phoenix
A470,ciprofloxacin,>,2,mg/L,BD Phoenix
A470,gentamicin,>,8,mg/L,BD Phoenix
A470,tetracycline,>,8,mg/L,BD Phoenix
A471,cefotaxime,<=,1,mg/L,BD Phoenix
A471,ceftazidime,<=,1,mg/L,BD Phoenix
A471,meropenem,<=,1,mg/L,BD Phoenix
A471,ciprofloxacin,<=,0.5,mg/L,BD Phoenix
A471,gentamicin,>,8,mg/L,BD Phoenix
A471,tetracycline,>,8,mg/L,BD Phoenix
A472,cefotaxime,>,32,mg/L,BD Phoenix
A472,ceftazidime,,4,mg/L,BD Phoenix
A472,meropenem,<=,1,mg/L,BD Phoenix
A472,ciprofloxacin,>,2,mg/L,BD Phoenix
A472,gentamicin,>,8,mg/L,BD Phoenix
A472,tetracycline,>,8,mg/L,BD Phoenix
A473,cefotaxime,>,32,mg/L,BD Phoenix
A473,ceftazidime,,2,mg/L,BD Phoenix
A473,meropenem,<=,1,mg/L,BD Phoenix
A473,ciprofloxacin,>,2,mg/L,BD Phoenix
A473,gentamicin,>,8,mg/L,BD Phoenix
A473,tetracycline,>,8,mg/L,BD Phoenix
A474,cefotaxime,<=,1,mg/L,BD Phoenix
A474,ceftazidime,<=,1,mg/L,BD Phoenix
A474,meropenem,<=,1,mg/L,BD Phoenix
A474,ciprofloxacin,<=,0.5,mg/L,BD Phoenix
A474,gentamicin,>,8,mg/L,BD Phoenix
A474,tetracycline,>,8,mg/L,BD Phoenix
A475,cefotaxime,>,32,mg/L,BD Phoenix
A475,ceftazidime,,2,mg/L,BD Phoenix
A475,meropenem,<=,1,mg/L,BD Phoenix
A475,ciprofloxacin,>,2,mg/L,BD Phoenix
A475,gentamicin,>,8,mg/L,BD Phoenix
A475,tetracycline,>,8,mg/L,BD Phoenix
A476,cefotaxime,>,32,mg/L,BD Phoenix
A476,ceftazidime,,2,mg/L,BD Phoenix
A476,meropenem,<=,1,mg/L,BD Phoenix
A476,ciprofloxacin,>,2,mg/L,BD Phoenix
A476,gentamicin,>,8,mg/L,BD Phoenix
A476,tetracycline,>,8,mg/L,BD Phoenix
A477,cefotaxime,<=,1,mg/L,BD Phoenix
A477,ceftazidime,<=,1,mg/L,BD Phoenix
A477,meropenem,<=,1,mg/L,BD Phoenix
A477,ciprofloxacin,>,2,mg/L,BD Phoenix
A477,gentamicin,<=,2,mg/L,BD Phoenix
A477,tetracycline,>,8,mg/L,BD Phoenix
A478,cefotaxime,<=,1,mg/L,BD Phoenix
A478,ceftazidime,<=,1,mg/L,BD Phoenix
A478,meropenem,<=,1,mg/L,BD Phoenix
A478,ciprofloxacin,>,2,mg/L,BD Phoenix
A478,gentamicin,>,8,mg/L,BD Phoenix
A478,tetracycline,>,8,mg/L,BD Phoenix
A479,cefotaxime,<=,1,mg/L,BD Phoenix
A479,ceftazidime,<=,1,mg/L,BD Phoenix
A479,meropenem,<=,1,mg/L,BD Phoenix
A479,ciprofloxacin,,2,mg/L,BD Phoenix
A479,gentamicin,<=,2,mg/L,BD Phoenix
A479,tetracycline,>,8,mg/L,BD Phoenix
A48,cefotaxime,<=,1,mg/L,BD Phoenix
A48,ceftazidime,<=,1,mg/L,BD Phoenix
A48,meropenem,<=,1,mg/L,BD Phoenix
A48,ciprofloxacin,<=,0.5,mg/L,BD Phoenix
A48,gentamicin,>,8,mg/L,BD Phoenix
A48,tetracycline,>,8,mg/L,BD Phoenix
A480,cefotaxime,<=,1,mg/L,BD Phoenix
A480,ceftazidime,<=,1,mg/L,BD Phoenix
A480,meropenem,<=,1,mg/L,BD Phoenix
A480,ciprofloxacin,,2,mg/L,BD Phoenix
A480,gentamicin,<=,2,mg/L,BD Phoenix
A480,tetracycline,>,8,mg/L,BD Phoenix
A481,cefotaxime,>,32,mg/L,BD Phoenix
A481,ceftazidime,<=,1,mg/L,BD Phoenix
A481,meropenem,<=,1,mg/L,BD Phoenix
A481,ciprofloxacin,>,2,mg/L,BD Phoenix
A481,gentamicin,<=,2,mg/L,BD Phoenix
A481,tetracycline,>,8,mg/L,BD Phoenix
A482,cefotaxime,>,32,mg/L,BD Phoenix
A482,ceftazidime,,8,mg/L,BD Phoenix
A482,meropenem,<=,1,mg/L,BD Phoenix
A482,ciprofloxacin,<=,0.5,mg/L,BD Phoenix
A482,gentamicin,>,8,mg/L,BD Phoenix
A482,tetracycline,>,8,mg/L,BD Phoenix
A483,cefotaxime,<=,1,mg/L,BD Phoenix
A483,ceftazidime,<=,1,mg/L,BD Phoenix
A483,meropenem,<=,1,mg/L,BD Phoenix
A483,ciprofloxacin,>,2,mg/L,BD Phoenix
A483,gentamicin,<=,2,mg/L,BD Phoenix
A483,tetracycline,>,8,mg/L,BD Phoenix
A484,cefotaxime,<=,1,mg/L,BD Phoenix
A484,ceftazidime,<=,1,mg/L,BD Phoenix
A484,meropenem,<=,1,mg/L,BD Phoenix
A484,ciprofloxacin,<=,0.5,mg/L,BD Phoenix
A484,gentamicin,>,8,mg/L,BD Phoenix
A484,tetracycline,>,8,mg/L,BD Phoenix
A485,cefotaxime,<=,1,mg/L,BD Phoenix
A485,ceftazidime,<=,1,mg/L,BD Phoenix
A485,meropenem,<=,1,mg/L,BD Phoenix
A485,ciprofloxacin,>,2,mg/L,BD Phoenix
A485,gentamicin,>,8,mg/L,BD Phoenix
A485,tetracycline,>,8,mg/L,BD Phoenix
A486,cefotaxime,<=,1,mg/L,BD Phoenix
A486,ceftazidime,<=,1,mg/L,BD Phoenix
A486,meropenem,<=,1,mg/L,BD Phoenix
A486,ciprofloxacin,>,2,mg/L,BD Phoenix
A486,gentamicin,>,8,mg/L,BD Phoenix
A486,tetracycline,>,8,mg/L,BD Phoenix
A487,cefotaxime,<=,1,mg/L,BD Phoenix
A487,ceftazidime,<=,1,mg/L,BD Phoenix
A487,meropenem,<=,1,mg/L,BD Phoenix
A487,ciprofloxacin,>,2,mg/L,BD Phoenix
A487,gentamicin,>,8,mg/L,BD Phoenix
A487,tetracycline,>,8,mg/L,BD Phoenix
A488,cefotaxime,>,32,mg/L,BD Phoenix
A488,ceftazidime,<=,1,mg/L,BD Phoenix
A488,meropenem,<=,1,mg/L,BD Phoenix
A488,ciprofloxacin,,2,mg/L,BD Phoenix
A488,gentamicin,>,8,mg/L,BD Phoenix
A488,tetracycline,>,8,mg/L,BD Phoenix
A489,cefotaxime,<=,1,mg/L,BD Phoenix
A489,ceftazidime,<=,1,mg/L,BD Phoenix
A489,meropenem,<=,1,mg/L,BD Phoenix
A489,ciprofloxacin,<=,0.5,mg/L,BD Phoenix
A489,gentamicin,>,8,mg/L,BD Phoenix
A489,tetracycline,>,8,mg/L,BD Phoenix
A49,cefotaxime,<=,1,mg/L,BD Phoenix
A49,ceftazidime,<=,1,mg/L,BD Phoenix
A49,meropenem,<=,1,mg/L,BD Phoenix
A49,ciprofloxacin,>,2,mg/L,BD Phoenix
A49,gentamicin,>,8,mg/L,BD Phoenix
A49,tetracycline,>,8,mg/L,BD Phoenix
A492,cefotaxime,<=,1,mg/L,BD Phoenix
A492,ceftazidime,<=,1,mg/L,BD Phoenix
A492,meropenem,<=,1,mg/L,BD Phoenix
A492,ciprofloxacin,<=,0.5,mg/L,BD Phoenix
A492,gentamicin,>,8,mg/L,BD Phoenix
A492,tetracycline,>,8,mg/L,BD Phoenix
A493,cefotaxime,>,32,mg/L,BD Phoenix
A493,ceftazidime,,8,mg/L,BD Phoenix
A493,meropenem,<=,1,mg/L,BD Phoenix
A493,ciprofloxacin,>,2,mg/L,BD Phoenix
A493,gentamicin,>,8,mg/L,BD Phoenix
A493,tetracycline,>,8,mg/L,BD Phoenix
A494,cefotaxime,<=,1,mg/L,BD Phoenix
A494,ceftazidime,<=,1,mg/L,BD Phoenix
A494,meropenem,<=,1,mg/L,BD Phoenix
A494,ciprofloxacin,>,2,mg/L,BD Phoenix
A494,gentamicin,<=,2,mg/L,BD Phoenix
A494,tetracycline,>,8,mg/L,BD Phoenix
A495,cefotaxime,>,32,mg/L,BD Phoenix
A495,ceftazidime,,8,mg/L,BD Phoenix
A495,meropenem,<=,1,mg/L,BD Phoenix
A495,ciprofloxacin,>,2,mg/L,BD Phoenix
A495,gentamicin,>,8,mg/L,BD Phoenix
A495,tetracycline,>,8,mg/L,BD Phoenix
A496,cefotaxime,>,32,mg/L,BD Phoenix
A496,ceftazidime,<=,1,mg/L,BD Phoenix
A496,meropenem,<=,1,mg/L,BD Phoenix
A496,ciprofloxacin,>,2,mg/L,BD Phoenix
A496,gentamicin,>,8,mg/L,BD Phoenix
A496,tetracycline,>,8,mg/L,BD Phoenix
A497,cefotaxime,<=,1,mg/L,BD Phoenix
A497,ceftazidime,<=,1,mg/L,BD Phoenix
A497,meropenem,<=,1,mg/L,BD Phoenix
A497,ciprofloxacin,>,2,mg/L,BD Phoenix
A497,gentamicin,<=,2,mg/L,BD Phoenix
A497,tetracycline,>,8,mg/L,BD Phoenix
A498,cefotaxime,<=,1,mg/L,BD Phoenix
A498,ceftazidime,<=,1,mg/L,BD Phoenix
A498,meropenem,<=,1,mg/L,BD Phoenix
A498,ciprofloxacin,<=,0.5,mg/L,BD Phoenix
A498,gentamicin,>,8,mg/L,BD Phoenix
A498,tetracycline,>,8,mg/L,BD Phoenix
A499,cefotaxime,>,32,mg/L,BD Phoenix
A499,ceftazidime,>,16,mg/L,BD Phoenix
A499,meropenem,>,8,mg/L,BD Phoenix
A499,ciprofloxacin,>,2,mg/L,BD Phoenix
A499,gentamicin,>,8,mg/L,BD Phoenix
A499,tetracycline,<=,2,mg/L,BD Phoenix
A5,cefotaxime,<=,1,mg/L,BD Phoenix
A5,ceftazidime,<=,1,mg/L,BD Phoenix
A5,meropenem,<=,1,mg/L,BD Phoenix
A5,ciprofloxacin,>,2,mg/L,BD Phoenix
A5,gentamicin,<=,2,mg/L,BD Phoenix
A5,tetracycline,>,8,mg/L,BD Phoenix
A500,cefotaxime,<=,1,mg/L,BD Phoenix
A500,ceftazidime,<=,1,mg/L,BD Phoenix
A500,meropenem,<=,1,mg/L,BD Phoenix
A500,ciprofloxacin,>,2,mg/L,BD Phoenix
A500,gentamicin,>,8,mg/L,BD Phoenix
A500,tetracycline,>,8,mg/L,BD Phoenix
A501,cefotaxime,>,32,mg/L,BD Phoenix
A501,ceftazidime,,2,mg/L,BD Phoenix
A501,meropenem,<=,1,mg/L,BD Phoenix
A501,ciprofloxacin,>,2,mg/L,BD Phoenix
A501,gentamicin,>,8,mg/L,BD Phoenix
A501,tetracycline,>,8,mg/L,BD Phoenix
A502,cefotaxime,,2,mg/L,BD Phoenix
A502,ceftazidime,,2,mg/L,BD Phoenix
A502,meropenem,<=,1,mg/L,BD Phoenix
A502,ciprofloxacin,>,2,mg/L,BD Phoenix
A502,gentamicin,>,8,mg/L,BD Phoenix
A502,tetracycline,>,8,mg/L,BD Phoenix
A503,cefotaxime,<=,1,mg/L,BD Phoenix
A503,ceftazidime,<=,1,mg/L,BD Phoenix
A503,meropenem,<=,1,mg/L,BD Phoenix
A503,ciprofloxacin,,2,mg/L,BD Phoenix
A503,gentamicin,>,8,mg/L,BD Phoenix
A503,tetracycline,>,8,mg/L,BD Phoenix
A504,cefotaxime,<=,1,mg/L,BD Phoenix
A504,ceftazidime,<=,1,mg/L,BD Phoenix
A504,meropenem,<=,1,mg/L,BD Phoenix
A504,ciprofloxacin,<=,0.5,mg/L,BD Phoenix
A504,gentamicin,>,8,mg/L,BD Phoenix
A504,tetracycline,>,8,mg/L,BD Phoenix
A505,cefotaxime,<=,1,mg/L,BD Phoenix
A505,ceftazidime,<=,1,mg/L,BD Phoenix
A505,meropenem,<=,1,mg/L,BD Phoenix
A505,ciprofloxacin,<=,0.5,mg/L,BD Phoenix
A505,gentamicin,>,8,mg/L,BD Phoenix
A505,tetracycline,>,8,mg/L,BD Phoenix
A506,cefotaxime,,4,mg/L,BD Phoenix
A506,ceftazidime,,4,mg/L,BD Phoenix
A506,meropenem,<=,1,mg/L,BD Phoenix
A506,ciprofloxacin,>,2,mg/L,BD Phoenix
A506,gentamicin,>,8,mg/L,BD Phoenix
A506,tetracycline,>,8,mg/L,BD Phoenix
A51,cefotaxime,<=,1,mg/L,BD Phoenix
A51,ceftazidime,<=,1,mg/L,BD Phoenix
A51,meropenem,<=,1,mg/L,BD Phoenix
A51,ciprofloxacin,>,2,mg/L,BD Phoenix
A51,gentamicin,<=,2,mg/L,BD Phoenix
A51,tetracycline,>,8,mg/L,BD Phoenix
A52,cefotaxime,<=,1,mg/L,BD Phoenix
A52,ceftazidime,<=,1,mg/L,BD Phoenix
A52,meropenem,<=,1,mg/L,BD Phoenix
A52,ciprofloxacin,,1,mg/L,BD Phoenix
A52,gentamicin,>,8,mg/L,BD Phoenix
A52,tetracycline,>,8,mg/L,BD Phoenix
A53,cefotaxime,>,32,mg/L,BD Phoenix
A53,ceftazidime,<=,1,mg/L,BD Phoenix
A53,meropenem,<=,1,mg/L,BD Phoenix
A53,ciprofloxacin,>,2,mg/L,BD Phoenix
A53,gentamicin,>,8,mg/L,BD Phoenix
A53,tetracycline,>,8,mg/L,BD Phoenix
A54,cefotaxime,<=,1,mg/L,BD Phoenix
A54,ceftazidime,<=,1,mg/L,BD Phoenix
A54,meropenem,<=,1,mg/L,BD Phoenix
A54,ciprofloxacin,>,2,mg/L,BD Phoenix
A54,gentamicin,<=,2,mg/L,BD Phoenix
A54,tetracycline,>,8,mg/L,BD Phoenix
A55,cefotaxime,<=,1,mg/L,BD Phoenix
A55,ceftazidime,<=,1,mg/L,BD Phoenix
A55,meropenem,<=,1,mg/L,BD Phoenix
A55,ciprofloxacin,>,2,mg/L,BD Phoenix
A55,gentamicin,>,8,mg/L,BD Phoenix
A55,tetracycline,>,8,mg/L,BD Phoenix
A56,cefotaxime,>,32,mg/L,BD Phoenix
A56,ceftazidime,<=,1,mg/L,BD Phoenix
A56,meropenem,<=,1,mg/L,BD Phoenix
A56,ciprofloxacin,>,2,mg/L,BD Phoenix
A56,gentamicin,<=,2,mg/L,BD Phoenix
A56,tetracycline,>,8,mg/L,BD Phoenix
A57,cefotaxime,>,32,mg/L,BD Phoenix
A57,ceftazidime,,16,mg/L,BD Phoenix
A57,meropenem,<=,1,mg/L,BD Phoenix
A57,ciprofloxacin,>,2,mg/L,BD Phoenix
A57,gentamicin,>,8,mg/L,BD Phoenix
A57,tetracycline,>,8,mg/L,BD Phoenix
A58,cefotaxime,>,32,mg/L,BD Phoenix
A58,ceftazidime,,16,mg/L,BD Phoenix
A58,meropenem,<=,1,mg/L,BD Phoenix
A58,ciprofloxacin,>,2,mg/L,BD Phoenix
A58,gentamicin,>,8,mg/L,BD Phoenix
A58,tetracycline,>,8,mg/L,BD Phoenix
A59,cefotaxime,>,32,mg/L,BD Phoenix
A59,ceftazidime,,16,mg/L,BD Phoenix
A59,meropenem,<=,1,mg/L,BD Phoenix
A59,ciprofloxacin,>,2,mg/L,BD Phoenix
A59,gentamicin,>,8,mg/L,BD Phoenix
A59,tetracycline,>,8,mg/L,BD Phoenix
A6,cefotaxime,>,32,mg/L,BD Phoenix
A6,ceftazidime,,2,mg/L,BD Phoenix
A6,meropenem,<=,1,mg/L,BD Phoenix
A6,ciprofloxacin,>,2,mg/L,BD Phoenix
A6,gentamicin,>,8,mg/L,BD Phoenix
A6,tetracycline,>,8,mg/L,BD Phoenix
A60,cefotaxime,<=,1,mg/L,BD Phoenix
A60,ceftazidime,<=,1,mg/L,BD Phoenix
A60,meropenem,<=,1,mg/L,BD Phoenix
A60,ciprofloxacin,>,2,mg/L,BD Phoenix
A60,gentamicin,>,8,mg/L,BD Phoenix
A60,tetracycline,>,8,mg/L,BD Phoenix
A61,cefotaxime,<=,1,mg/L,BD Phoenix
A61,ceftazidime,<=,1,mg/L,BD Phoenix
A61,meropenem,<=,1,mg/L,BD Phoenix
A61,ciprofloxacin,>,2,mg/L,BD Phoenix
A61,gentamicin,<=,2,mg/L,BD Phoenix
A61,tetracycline,>,8,mg/L,BD Phoenix
A63,cefotaxime,>,32,mg/L,BD Phoenix
A63,ceftazidime,,16,mg/L,BD Phoenix
A63,meropenem,<=,1,mg/L,BD Phoenix
A63,ciprofloxacin,>,2,mg/L,BD Phoenix
A63,gentamicin,>,8,mg/L,BD Phoenix
A63,tetracycline,>,8,mg/L,BD Phoenix
A64,cefotaxime,<=,1,mg/L,BD Phoenix
A64,ceftazidime,<=,1,mg/L,BD Phoenix
A64,meropenem,<=,1,mg/L,BD Phoenix
A64,ciprofloxacin,,1,mg/L,BD Phoenix
A64,gentamicin,>,8,mg/L,BD Phoenix
A64,tetracycline,>,8,mg/L,BD Phoenix
A65,cefotaxime,>,32,mg/L,BD Phoenix
A65,ceftazidime,<=,1,mg/L,BD Phoenix
A65,meropenem,<=,1,mg/L,BD Phoenix
A65,ciprofloxacin,>,2,mg/L,BD Phoenix
A65,gentamicin,>,8,mg/L,BD Phoenix
A65,tetracycline,>,8,mg/L,BD Phoenix
A66,cefotaxime,<=,1,mg/L,BD Phoenix
A66,ceftazidime,<=,1,mg/L,BD Phoenix
A66,meropenem,<=,1,mg/L,BD Phoenix
A66,ciprofloxacin,>,2,mg/L,BD Phoenix
A66,gentamicin,>,8,mg/L,BD Phoenix
A66,tetracycline,>,8,mg/L,BD Phoenix
A67,cefotaxime,>,32,mg/L,BD Phoenix
A67,ceftazidime,>,16,mg/L,BD Phoenix
A67,meropenem,<=,1,mg/L,BD Phoenix
A67,ciprofloxacin,>,2,mg/L,BD Phoenix
A67,gentamicin,>,8,mg/L,BD Phoenix
A67,tetracycline,>,8,mg/L,BD Phoenix
A68,cefotaxime,>,32,mg/L,BD Phoenix
A68,ceftazidime,<=,1,mg/L,BD Phoenix
A68,meropenem,<=,1,mg/L,BD Phoenix
A68,ciprofloxacin,>,2,mg/L,BD Phoenix
A68,gentamicin,>,8,mg/L,BD Phoenix
A68,tetracycline,>,8,mg/L,BD Phoenix
A69,cefotaxime,,4,mg/L,BD Phoenix
A69,ceftazidime,,8,mg/L,BD Phoenix
A69,meropenem,<=,1,mg/L,BD Phoenix
A69,ciprofloxacin,>,2,mg/L,BD Phoenix
A69,gentamicin,>,8,mg/L,BD Phoenix
A69,tetracycline,>,8,mg/L,BD Phoenix
A7,cefotaxime,>,32,mg/L,BD Phoenix
A7,ceftazidime,,16,mg/L,BD Phoenix
A7,meropenem,<=,1,mg/L,BD Phoenix
A7,ciprofloxacin,>,2,mg/L,BD Phoenix
A7,gentamicin,>,8,mg/L,BD Phoenix
A7,tetracycline,>,8,mg/L,BD Phoenix
A70,cefotaxime,<=,1,mg/L,BD Phoenix
A70,ceftazidime,<=,1,mg/L,BD Phoenix
A70,meropenem,<=,1,mg/L,BD Phoenix
A70,ciprofloxacin,,1,mg/L,BD Phoenix
A70,gentamicin,<=,2,mg/L,BD Phoenix
A70,tetracycline,>,8,mg/L,BD Phoenix
A72,cefotaxime,,32,mg/L,BD Phoenix
A72,ceftazidime,<=,1,mg/L,BD Phoenix
A72,meropenem,<=,1,mg/L,BD Phoenix
A72,ciprofloxacin,>,2,mg/L,BD Phoenix
A72,gentamicin,>,8,mg/L,BD Phoenix
A72,tetracycline,>,8,mg/L,BD Phoenix
A73,cefotaxime,,2,mg/L,BD Phoenix
A73,ceftazidime,,2,mg/L,BD Phoenix
A73,meropenem,<=,1,mg/L,BD Phoenix
A73,ciprofloxacin,>,2,mg/L,BD Phoenix
A73,gentamicin,>,8,mg/L,BD Phoenix
A73,tetracycline,>,8,mg/L,BD Phoenix
A74,cefotaxime,>,32,mg/L,BD Phoenix
A74,ceftazidime,,2,mg/L,BD Phoenix
A74,meropenem,<=,1,mg/L,BD Phoenix
A74,ciprofloxacin,<=,0.5,mg/L,BD Phoenix
A74,gentamicin,<=,2,mg/L,BD Phoenix
A74,tetracycline,<=,2,mg/L,BD Phoenix
A75,cefotaxime,>,32,mg/L,BD Phoenix
A75,ceftazidime,,16,mg/L,BD Phoenix
A75,meropenem,<=,1,mg/L,BD Phoenix
A75,ciprofloxacin,>,2,mg/L,BD Phoenix
A75,gentamicin,>,8,mg/L,BD Phoenix
A75,tetracycline,>,8,mg/L,BD Phoenix
A76,cefotaxime,>,32,mg/L,BD Phoenix
A76,ceftazidime,<=,1,mg/L,BD Phoenix
A76,meropenem,<=,1,mg/L,BD Phoenix
A76,ciprofloxacin,>,2,mg/L,BD Phoenix
A76,gentamicin,>,8,mg/L,BD Phoenix
A76,tetracycline,>,8,mg/L,BD Phoenix
A77,cefotaxime,,32,mg/L,BD Phoenix
A77,ceftazidime,>,16,mg/L,BD Phoenix
A77,meropenem,<=,1,mg/L,BD Phoenix
A77,ciprofloxacin,,2,mg/L,BD Phoenix
A77,gentamicin,>,8,mg/L,BD Phoenix
A77,tetracycline,>,8,mg/L,BD Phoenix
A78,cefotaxime,>,32,mg/L,BD Phoenix
A78,ceftazidime,<=,1,mg/L,BD Phoenix
A78,meropenem,<=,1,mg/L,BD Phoenix
A78,ciprofloxacin,>,2,mg/L,BD Phoenix
A78,gentamicin,>,8,mg/L,BD Phoenix
A78,tetracycline,>,8,mg/L,BD Phoenix
A79,cefotaxime,>,32,mg/L,BD Phoenix
A79,ceftazidime,,4,mg/L,BD Phoenix
A79,meropenem,<=,1,mg/L,BD Phoenix
A79,ciprofloxacin,>,2,mg/L,BD Phoenix
A79,gentamicin,>,8,mg/L,BD Phoenix
A79,tetracycline,>,8,mg/L,BD Phoenix
A8,cefotaxime,>,32,mg/L,BD Phoenix
A8,ceftazidime,,16,mg/L,BD Phoenix
A8,meropenem,<=,1,mg/L,BD Phoenix
A8,ciprofloxacin,>,2,mg/L,BD Phoenix
A8,gentamicin,>,8,mg/L,BD Phoenix
A8,tetracycline,>,8,mg/L,BD Phoenix
A80,cefotaxime,<=,1,mg/L,BD Phoenix
A80,ceftazidime,<=,1,mg/L,BD Phoenix
A80,meropenem,<=,1,mg/L,BD Phoenix
A80,ciprofloxacin,>,2,mg/L,BD Phoenix
A80,gentamicin,<=,2,mg/L,BD Phoenix
A80,tetracycline,>,8,mg/L,BD Phoenix
A81,cefotaxime,<=,1,mg/L,BD Phoenix
A81,ceftazidime,<=,1,mg/L,BD Phoenix
A81,meropenem,<=,1,mg/L,BD Phoenix
A81,ciprofloxacin,<=,0.5,mg/L,BD Phoenix
A81,gentamicin,<=,2,mg/L,BD Phoenix
A81,tetracycline,>,8,mg/L,BD Phoenix
A82,cefotaxime,<=,1,mg/L,BD Phoenix
A82,ceftazidime,<=,1,mg/L,BD Phoenix
A82,meropenem,<=,1,mg/L,BD Phoenix
A82,ciprofloxacin,>,2,mg/L,BD Phoenix
A82,gentamicin,>,8,mg/L,BD Phoenix
A82,tetracycline,>,8,mg/L,BD Phoenix
A83,cefotaxime,<=,1,mg/L,BD Phoenix
A83,ceftazidime,<=,1,mg/L,BD Phoenix
A83,meropenem,<=,1,mg/L,BD Phoenix
A83,ciprofloxacin,>,2,mg/L,BD Phoenix
A83,gentamicin,>,8,mg/L,BD Phoenix
A83,tetracycline,>,8,mg/L,BD Phoenix
A84,cefotaxime,<=,1,mg/L,BD Phoenix
A84,ceftazidime,<=,1,mg/L,BD Phoenix
A84,meropenem,<=,1,mg/L,BD Phoenix
A84,ciprofloxacin,<=,0.5,mg/L,BD Phoenix
A84,gentamicin,<=,2,mg/L,BD Phoenix
A84,tetracycline,>,8,mg/L,BD Phoenix
A85,cefotaxime,,4,mg/L,BD Phoenix
A85,ceftazidime,,8,mg/L,BD Phoenix
A85,meropenem,<=,1,mg/L,BD Phoenix
A85,ciprofloxacin,>,2,mg/L,BD Phoenix
A85,gentamicin,>,8,mg/L,BD Phoenix
A85,tetracycline,>,8,mg/L,BD Phoenix
A86,cefotaxime,<=,1,mg/L,BD Phoenix
A86,ceftazidime,<=,1,mg/L,BD Phoenix
A86,meropenem,<=,1,mg/L,BD Phoenix
A86,ciprofloxacin,>,2,mg/L,BD Phoenix
A86,gentamicin,<=,2,mg/L,BD Phoenix
A86,tetracycline,<=,2,mg/L,BD Phoenix
A87,cefotaxime,>,32,mg/L,BD Phoenix
A87,ceftazidime,>,16,mg/L,BD Phoenix
A87,meropenem,<=,1,mg/L,BD Phoenix
A87,ciprofloxacin,>,2,mg/L,BD Phoenix
A87,gentamicin,>,8,mg/L,BD Phoenix
A87,tetracycline,>,8,mg/L,BD Phoenix
A88,cefotaxime,>,32,mg/L,BD Phoenix
A88,ceftazidime,,16,mg/L,BD Phoenix
A88,meropenem,<=,1,mg/L,BD Phoenix
A88,ciprofloxacin,>,2,mg/L,BD Phoenix
A88,gentamicin,>,8,mg/L,BD Phoenix
A88,tetracycline,>,8,mg/L,BD Phoenix
A89,cefotaxime,<=,1,mg/L,BD Phoenix
A89,ceftazidime,<=,1,mg/L,BD Phoenix
A89,meropenem,<=,1,mg/L,BD Phoenix
A89,ciprofloxacin,>,2,mg/L,BD Phoenix
A89,gentamicin,>,8,mg/L,BD Phoenix
A89,tetracycline,>,8,mg/L,BD Phoenix
A9,cefotaxime,<=,1,mg/L,BD Phoenix
A9,ceftazidime,<=,1,mg/L,BD Phoenix
A9,meropenem,<=,1,mg/L,BD Phoenix
A9,ciprofloxacin,<=,0.5,mg/L,BD Phoenix
A9,gentamicin,>,8,mg/L,BD Phoenix
A9,tetracycline,>,8,mg/L,BD Phoenix
A90,cefotaxime,<=,1,mg/L,BD Phoenix
A90,ceftazidime,<=,1,mg/L,BD Phoenix
A90,meropenem,<=,1,mg/L,BD Phoenix
A90,ciprofloxacin,,1,mg/L,BD Phoenix
A90,gentamicin,>,8,mg/L,BD Phoenix
A90,tetracycline,>,8,mg/L,BD Phoenix
A91,cefotaxime,>,32,mg/L,BD Phoenix
A91,ceftazidime,,16,mg/L,BD Phoenix
A91,meropenem,<=,1,mg/L,BD Phoenix
A91,ciprofloxacin,,2,mg/L,BD Phoenix
A91,gentamicin,>,8,mg/L,BD Phoenix
A91,tetracycline,>,8,mg/L,BD Phoenix
A92,cefotaxime,<=,1,mg/L,BD Phoenix
A92,ceftazidime,<=,1,mg/L,BD Phoenix
A92,meropenem,<=,1,mg/L,BD Phoenix
A92,ciprofloxacin,>,2,mg/L,BD Phoenix
A92,gentamicin,>,8,mg/L,BD Phoenix
A92,tetracycline,>,8,mg/L,BD Phoenix
A93,cefotaxime,,32,mg/L,BD Phoenix
A93,ceftazidime,,16,mg/L,BD Phoenix
A93,meropenem,<=,1,mg/L,BD Phoenix
A93,ciprofloxacin,>,2,mg/L,BD Phoenix
A93,gentamicin,,4,mg/L,BD Phoenix
A93,tetracycline,>,8,mg/L,BD Phoenix
A94,cefotaxime,<=,1,mg/L,BD Phoenix
A94,ceftazidime,<=,1,mg/L,BD Phoenix
A94,meropenem,<=,1,mg/L,BD Phoenix
A94,ciprofloxacin,<=,0.5,mg/L,BD Phoenix
A94,gentamicin,<=,2,mg/L,BD Phoenix
A94,tetracycline,>,8,mg/L,BD Phoenix
A95,cefotaxime,>,32,mg/L,BD Phoenix
A95,ceftazidime,,16,mg/L,BD Phoenix
A95,meropenem,<=,1,mg/L,BD Phoenix
A95,ciprofloxacin,>,2,mg/L,BD Phoenix
A95,gentamicin,>,8,mg/L,BD Phoenix
A95,tetracycline,>,8,mg/L,BD Phoenix
A96,cefotaxime,<=,1,mg/L,BD Phoenix
A96,ceftazidime,<=,1,mg/L,BD Phoenix
A96,meropenem,<=,1,mg/L,BD Phoenix
A96,ciprofloxacin,>,2,mg/L,BD Phoenix
A96,gentamicin,>,8,mg/L,BD Phoenix
A96,tetracycline,>,8,mg/L,BD Phoenix
A97,cefotaxime,<=,1,mg/L,BD Phoenix
A97,ceftazidime,<=,1,mg/L,BD Phoenix
A97,meropenem,<=,1,mg/L,BD Phoenix
A97,ciprofloxacin,>,2,mg/L,BD Phoenix
A97,gentamicin,>,8,mg/L,BD Phoenix
A97,tetracycline,>,8,mg/L,BD Phoenix
A98,cefotaxime,>,32,mg/L,BD Phoenix
A98,ceftazidime,,16,mg/L,BD Phoenix
A98,meropenem,<=,1,mg/L,BD Phoenix
A98,ciprofloxacin,>,2,mg/L,BD Phoenix
A98,gentamicin,>,8,mg/L,BD Phoenix
A98,tetracycline,>,8,mg/L,BD Phoenix
A99,cefotaxime,<=,1,mg/L,BD Phoenix
A99,ceftazidime,<=,1,mg/L,BD Phoenix
A99,meropenem,<=,1,mg/L,BD Phoenix
A99,ciprofloxacin,<=,0.5,mg/L,BD Phoenix
A99,gentamicin,<=,2,mg/L,BD Phoenix
A99,tetracycline,>,8,mg/L,BD Phoenix
