isolate_id,agent,operator,measurement,unit,panel
A1,cefotaxime,>,4,mg/L,BD Phoenix
A1,ceftazidime,>,4,mg/L,BD Phoenix
A1,meropenem,<=,2,mg/L,BD Phoenix
A1,ciprofloxacin,>,1,mg/L,BD Phoenix
A1,gentamicin,>,4,mg/L,BD Phoenix
A1,tetracycline,>,4,mg/L,BD Phoenix
A10,cefotaxime,<=,4,mg/L,BD Phoenix
A10,ceftazidime,<=,4,mg/L,BD Phoenix
A10,meropenem,<=,2,mg/L,BD Phoenix
A10,ciprofloxacin,>,1,mg/L,BD Phoenix
A10,gentamicin,<=,4,mg/L,BD Phoenix
A10,tetracycline,>,4,mg/L,BD Phoenix
A100,cefotaxime,<=,4,mg/L,BD Phoenix
A100,ceftazidime,<=,4,mg/L,BD Phoenix
A100,meropenem,<=,2,mg/L,BD Phoenix
A100,ciprofloxacin,<=,1,mg/L,BD Phoenix
A100,gentamicin,>,4,mg/L,BD Phoenix
A100,tetracycline,>,4,mg/L,BD Phoenix
A101,cefotaxime,>,4,mg/L,BD Phoenix
A101,ceftazidime,>,4,mg/L,BD Phoenix
A101,meropenem,<=,2,mg/L,BD Phoenix
A101,ciprofloxacin,>,1,mg/L,BD Phoenix
A101,gentamicin,<=,4,mg/L,BD Phoenix
A101,tetracycline,>,4,mg/L,BD Phoenix
A102,cefotaxime,<=,4,mg/L,BD Phoenix
A102,ceftazidime,<=,4,mg/L,BD Phoenix
A102,meropenem,<=,2,mg/L,BD Phoenix
A102,ciprofloxacin,<=,1,mg/L,BD Phoenix
A102,gentamicin,<=,4,mg/L,BD Phoenix
A102,tetracycline,>,4,mg/L,BD Phoenix
A104,cefotaxime,>,4,mg/L,BD Phoenix
A104,ceftazidime,>,4,mg/L,BD Phoenix
A104,meropenem,<=,2,mg/L,BD Phoenix
A104,ciprofloxacin,>,1,mg/L,BD Phoenix
A104,gentamicin,>,4,mg/L,BD Phoenix
A104,tetracycline,>,4,mg/L,BD Phoenix
A105,cefotaxime,<=,4,mg/L,BD Phoenix
A105,ceftazidime,<=,4,mg/L,BD Phoenix
A105,meropenem,<=,2,mg/L,BD Phoenix
A105,ciprofloxacin,<=,1,mg/L,BD Phoenix
A105,gentamicin,<=,4,mg/L,BD Phoenix
A105,tetracycline,>,4,mg/L,BD Phoenix
A106,cefotaxime,>,4,mg/L,BD Phoenix
A106,ceftazidime,<=,4,mg/L,BD Phoenix
A106,meropenem,<=,2,mg/L,BD Phoenix
A106,ciprofloxacin,>,1,mg/L,BD Phoenix
A106,gentamicin,>,4,mg/L,BD Phoenix
A106,tetracycline,>,4,mg/L,BD Phoenix
A107,cefotaxime,<=,4,mg/L,BD Phoenix
A107,ceftazidime,<=,4,mg/L,BD Phoenix
A107,meropenem,<=,2,mg/L,BD Phoenix
A107,ciprofloxacin,>,1,mg/L,BD Phoenix
A107,gentamicin,>,4,mg/L,BD Phoenix
A107,tetracycline,>,4,mg/L,BD Phoenix
A108,cefotaxime,<=,4,mg/L,BD Phoenix
A108,ceftazidime,<=,4,mg/L,BD Phoenix
A108,meropenem,<=,2,mg/L,BD Phoenix
A108,ciprofloxacin,<=,1,mg/L,BD Phoenix
A108,gentamicin,<=,4,mg/L,BD Phoenix
A108,tetracycline,>,4,mg/L,BD Phoenix
A109,cefotaxime,<=,4,mg/L,BD Phoenix
A109,ceftazidime,<=,4,mg/L,BD Phoenix
A109,meropenem,<=,2,mg/L,BD Phoenix
A109,ciprofloxacin,<=,1,mg/L,BD Phoenix
A109,gentamicin,<=,4,mg/L,BD Phoenix
A109,tetracycline,>,4,mg/L,BD Phoenix
A11,cefotaxime,>,4,mg/L,BD Phoenix
A11,ceftazidime,<=,4,mg/L,BD Phoenix
A11,meropenem,<=,2,mg/L,BD Phoenix
A11,ciprofloxacin,>,1,mg/L,BD Phoenix
A11,gentamicin,<=,4,mg/L,BD Phoenix
A11,tetracycline,>,4,mg/L,BD Phoenix
A110,cefotaxime,<=,4,mg/L,BD Phoenix
A110,ceftazidime,<=,4,mg/L,BD Phoenix
A110,meropenem,<=,2,mg/L,BD Phoenix
A110,ciprofloxacin,>,1,mg/L,BD Phoenix
A110,gentamicin,<=,4,mg/L,BD Phoenix
A110,tetracycline,>,4,mg/L,BD Phoenix
A111,cefotaxime,<=,4,mg/L,BD Phoenix
A111,ceftazidime,<=,4,mg/L,BD Phoenix
A111,meropenem,<=,2,mg/L,BD Phoenix
A111,ciprofloxacin,>,1,mg/L,BD Phoenix
A111,gentamicin,<=,4,mg/L,BD Phoenix
A111,tetracycline,>,4,mg/L,BD Phoenix
A112,cefotaxime,<=,4,mg/L,BD Phoenix
A112,ceftazidime,<=,4,mg/L,BD Phoenix
A112,meropenem,<=,2,mg/L,BD Phoenix
A112,ciprofloxacin,<=,1,mg/L,BD Phoenix
A112,gentamicin,>,4,mg/L,BD Phoenix
A112,tetracycline,>,4,mg/L,BD Phoenix
A113,cefotaxime,>,4,mg/L,BD Phoenix
A113,ceftazidime,<=,4,mg/L,BD Phoenix
A113,meropenem,<=,2,mg/L,BD Phoenix
A113,ciprofloxacin,<=,1,mg/L,BD Phoenix
A113,gentamicin,<=,4,mg/L,BD Phoenix
A113,tetracycline,>,4,mg/L,BD Phoenix
A114,cefotaxime,<=,4,mg/L,BD Phoenix
A114,ceftazidime,<=,4,mg/L,BD Phoenix
A114,meropenem,<=,2,mg/L,BD Phoenix
A114,ciprofloxacin,<=,1,mg/L,BD Phoenix
A114,gentamicin,<=,4,mg/L,BD Phoenix
A114,tetracycline,>,4,mg/L,BD Phoenix
A115,cefotaxime,>,4,mg/L,BD Phoenix
A115,ceftazidime,<=,4,mg/L,BD Phoenix
A115,meropenem,<=,2,mg/L,BD Phoenix
A115,ciprofloxacin,>,1,mg/L,BD Phoenix
A115,gentamicin,>,4,mg/L,BD Phoenix
A115,tetracycline,>,4,mg/L,BD Phoenix
A116,cefotaxime,>,4,mg/L,BD Phoenix
A116,ceftazidime,>,4,mg/L,BD Phoenix
A116,meropenem,<=,2,mg/L,BD Phoenix
A116,ciprofloxacin,>,1,mg/L,BD Phoenix
A116,gentamicin,<=,4,mg/L,BD Phoenix
A116,tetracycline,>,4,mg/L,BD Phoenix
A117,cefotaxime,>,4,mg/L,BD Phoenix
A117,ceftazidime,<=,4,mg/L,BD Phoenix
A117,meropenem,<=,2,mg/L,BD Phoenix
A117,ciprofloxacin,>,1,mg/L,BD Phoenix
A117,gentamicin,<=,4,mg/L,BD Phoenix
A117,tetracycline,>,4,mg/L,BD Phoenix
A118,cefotaxime,>,4,mg/L,BD Phoenix
A118,ceftazidime,<=,4,mg/L,BD Phoenix
A118,meropenem,<=,2,mg/L,BD Phoenix
A118,ciprofloxacin,>,1,mg/L,BD Phoenix
A118,gentamicin,>,4,mg/L,BD Phoenix
A118,tetracycline,>,4,mg/L,BD Phoenix
A119,cefotaxime,>,4,mg/L,BD Phoenix
A119,ceftazidime,<=,4,mg/L,BD Phoenix
A119,meropenem,<=,2,mg/L,BD Phoenix
A119,ciprofloxacin,>,1,mg/L,BD Phoenix
A119,gentamicin,>,4,mg/L,BD Phoenix
A119,tetracycline,>,4,mg/L,BD Phoenix
A12,cefotaxime,<=,4,mg/L,BD Phoenix
A12,ceftazidime,<=,4,mg/L,BD Phoenix
A12,meropenem,<=,2,mg/L,BD Phoenix
A12,ciprofloxacin,>,1,mg/L,BD Phoenix
A12,gentamicin,<=,4,mg/L,BD Phoenix
A12,tetracycline,>,4,mg/L,BD Phoenix
A120,cefotaxime,>,4,mg/L,BD Phoenix
A120,ceftazidime,<=,4,mg/L,BD Phoenix
A120,meropenem,<=,2,mg/L,BD Phoenix
A120,ciprofloxacin,>,1,mg/L,BD Phoenix
A120,gentamicin,>,4,mg/L,BD Phoenix
A120,tetracycline,>,4,mg/L,BD Phoenix
A121,cefotaxime,>,4,mg/L,BD Phoenix
A121,ceftazidime,<=,4,mg/L,BD Phoenix
A121,meropenem,<=,2,mg/L,BD Phoenix
A121,ciprofloxacin,>,1,mg/L,BD Phoenix
A121,gentamicin,>,4,mg/L,BD Phoenix
A121,tetracycline,>,4,mg/L,BD Phoenix
A122,cefotaxime,<=,4,mg/L,BD Phoenix
A122,ceftazidime,<=,4,mg/L,BD Phoenix
A122,meropenem,<=,2,mg/L,BD Phoenix
A122,ciprofloxacin,>,1,mg/L,BD Phoenix
A122,gentamicin,>,4,mg/L,BD Phoenix
A122,tetracycline,>,4,mg/L,BD Phoenix
A123,cefotaxime,>,4,mg/L,BD Phoenix
A123,ceftazidime,<=,4,mg/L,BD Phoenix
A123,meropenem,<=,2,mg/L,BD Phoenix
A123,ciprofloxacin,>,1,mg/L,BD Phoenix
A123,gentamicin,>,4,mg/L,BD Phoenix
A123,tetracycline,>,4,mg/L,BD Phoenix
A124,cefotaxime,>,4,mg/L,BD Phoenix
A124,ceftazidime,>,4,mg/L,BD Phoenix
A124,meropenem,<=,2,mg/L,BD Phoenix
A124,ciprofloxacin,>,1,mg/L,BD Phoenix
A124,gentamicin,>,4,mg/L,BD Phoenix
A124,tetracycline,>,4,mg/L,BD Phoenix
A125,cefotaxime,<=,4,mg/L,BD Phoenix
A125,ceftazidime,<=,4,mg/L,BD Phoenix
A125,meropenem,<=,2,mg/L,BD Phoenix
A125,ciprofloxacin,<=,1,mg/L,BD Phoenix
A125,gentamicin,<=,4,mg/L,BD Phoenix
A125,tetracycline,>,4,mg/L,BD Phoenix
A126,cefotaxime,<=,4,mg/L,BD Phoenix
A126,ceftazidime,<=,4,mg/L,BD Phoenix
A126,meropenem,<=,2,mg/L,BD Phoenix
A126,ciprofloxacin,>,1,mg/L,BD Phoenix
A126,gentamicin,>,4,mg/L,BD Phoenix
A126,tetracycline,>,4,mg/L,BD Phoenix
A127,cefotaxime,<=,4,mg/L,BD Phoenix
A127,ceftazidime,<=,4,mg/L,BD Phoenix
A127,meropenem,<=,2,mg/L,BD Phoenix
A127,ciprofloxacin,>,1,mg/L,BD Phoenix
A127,gentamicin,>,4,mg/L,BD Phoenix
A127,tetracycline,>,4,mg/L,BD Phoenix
A128,cefotaxime,<=,4,mg/L,BD Phoenix
A128,ceftazidime,<=,4,mg/L,BD Phoenix
A128,meropenem,<=,2,mg/L,BD Phoenix
A128,ciprofloxacin,<=,1,mg/L,BD Phoenix
A128,gentamicin,>,4,mg/L,BD Phoenix
A128,tetracycline,>,4,mg/L,BD Phoenix
A129,cefotaxime,<=,4,mg/L,BD Phoenix
A129,ceftazidime,<=,4,mg/L,BD Phoenix
A129,meropenem,<=,2,mg/L,BD Phoenix
A129,ciprofloxacin,>,1,mg/L,BD Phoenix
A129,gentamicin,<=,4,mg/L,BD Phoenix
A129,tetracycline,>,4,mg/L,BD Phoenix
A13,cefotaxime,>,4,mg/L,BD Phoenix
A13,ceftazidime,<=,4,mg/L,BD Phoenix
A13,meropenem,<=,2,mg/L,BD Phoenix
A13,ciprofloxacin,>,1,mg/L,BD Phoenix
A13,gentamicin,>,4,mg/L,BD Phoenix
A13,tetracycline,>,4,mg/L,BD Phoenix
A130,cefotaxime,<=,4,mg/L,BD Phoenix
A130,ceftazidime,<=,4,mg/L,BD Phoenix
A130,meropenem,<=,2,mg/L,BD Phoenix
A130,ciprofloxacin,>,1,mg/L,BD Phoenix
A130,gentamicin,>,4,mg/L,BD Phoenix
A130,tetracycline,>,4,mg/L,BD Phoenix
A131,cefotaxime,<=,4,mg/L,BD Phoenix
A131,ceftazidime,<=,4,mg/L,BD Phoenix
A131,meropenem,<=,2,mg/L,BD Phoenix
A131,ciprofloxacin,>,1,mg/L,BD Phoenix
A131,gentamicin,>,4,mg/L,BD Phoenix
A131,tetracycline,>,4,mg/L,BD Phoenix
A132,cefotaxime,>,4,mg/L,BD Phoenix
A132,ceftazidime,<=,4,mg/L,BD Phoenix
A132,meropenem,<=,2,mg/L,BD Phoenix
A132,ciprofloxacin,>,1,mg/L,BD Phoenix
A132,gentamicin,>,4,mg/L,BD Phoenix
A132,tetracycline,>,4,mg/L,BD Phoenix
A133,cefotaxime,>,4,mg/L,BD Phoenix
A133,ceftazidime,>,4,mg/L,BD Phoenix
A133,meropenem,<=,2,mg/L,BD Phoenix
A133,ciprofloxacin,>,1,mg/L,BD Phoenix
A133,gentamicin,>,4,mg/L,BD Phoenix
A133,tetracycline,>,4,mg/L,BD Phoenix
A134,cefotaxime,<=,4,mg/L,BD Phoenix
A134,ceftazidime,<=,4,mg/L,BD Phoenix
A134,meropenem,<=,2,mg/L,BD Phoenix
A134,ciprofloxacin,<=,1,mg/L,BD Phoenix
A134,gentamicin,<=,4,mg/L,BD Phoenix
A134,tetracycline,>,4,mg/L,BD Phoenix
A135,cefotaxime,<=,4,mg/L,BD Phoenix
A135,ceftazidime,<=,4,mg/L,BD Phoenix
A135,meropenem,<=,2,mg/L,BD Phoenix
A135,ciprofloxacin,<=,1,mg/L,BD Phoenix
A135,gentamicin,<=,4,mg/L,BD Phoenix
A135,tetracycline,>,4,mg/L,BD Phoenix
A136,cefotaxime,>,4,mg/L,BD Phoenix
A136,ceftazidime,<=,4,mg/L,BD Phoenix
A136,meropenem,<=,2,mg/L,BD Phoenix
A136,ciprofloxacin,>,1,mg/L,BD Phoenix
A136,gentamicin,>,4,mg/L,BD Phoenix
A136,tetracycline,>,4,mg/L,BD Phoenix
A137,cefotaxime,>,4,mg/L,BD Phoenix
A137,ceftazidime,>,4,mg/L,BD Phoenix
A137,meropenem,<=,2,mg/L,BD Phoenix
A137,ciprofloxacin,>,1,mg/L,BD Phoenix
A137,gentamicin,>,4,mg/L,BD Phoenix
A137,tetracycline,>,4,mg/L,BD Phoenix
A138,cefotaxime,<=,4,mg/L,BD Phoenix
A138,ceftazidime,<=,4,mg/L,BD Phoenix
A138,meropenem,<=,2,mg/L,BD Phoenix
A138,ciprofloxacin,>,1,mg/L,BD Phoenix
A138,gentamicin,>,4,mg/L,BD Phoenix
A138,tetracycline,>,4,mg/L,BD Phoenix
A139,cefotaxime,<=,4,mg/L,BD Phoenix
A139,ceftazidime,<=,4,mg/L,BD Phoenix
A139,meropenem,<=,2,mg/L,BD Phoenix
A139,ciprofloxacin,<=,1,mg/L,BD Phoenix
A139,gentamicin,<=,4,mg/L,BD Phoenix
A139,tetracycline,>,4,mg/L,BD Phoenix
A14,cefotaxime,>,4,mg/L,BD Phoenix
A14,ceftazidime,<=,4,mg/L,BD Phoenix
A14,meropenem,<=,2,mg/L,BD Phoenix
A14,ciprofloxacin,>,1,mg/L,BD Phoenix
A14,gentamicin,>,4,mg/L,BD Phoenix
A14,tetracycline,>,4,mg/L,BD Phoenix
A140,cefotaxime,>,4,mg/L,BD Phoenix
A140,ceftazidime,<=,4,mg/L,BD Phoenix
A140,meropenem,<=,2,mg/L,BD Phoenix
A140,ciprofloxacin,>,1,mg/L,BD Phoenix
A140,gentamicin,>,4,mg/L,BD Phoenix
A140,tetracycline,>,4,mg/L,BD Phoenix
A141,cefotaxime,<=,4,mg/L,BD Phoenix
A141,ceftazidime,<=,4,mg/L,BD Phoenix
A141,meropenem,<=,2,mg/L,BD Phoenix
A141,ciprofloxacin,>,1,mg/L,BD Phoenix
A141,gentamicin,<=,4,mg/L,BD Phoenix
A141,tetracycline,>,4,mg/L,BD Phoenix
A142,cefotaxime,<=,4,mg/L,BD Phoenix
A142,ceftazidime,<=,4,mg/L,BD Phoenix
A142,meropenem,<=,2,mg/L,BD Phoenix
A142,ciprofloxacin,>,1,mg/L,BD Phoenix
A142,gentamicin,<=,4,mg/L,BD Phoenix
A142,tetracycline,>,4,mg/L,BD Phoenix
A143,cefotaxime,<=,4,mg/L,BD Phoenix
A143,ceftazidime,<=,4,mg/L,BD Phoenix
A143,meropenem,<=,2,mg/L,BD Phoenix
A143,ciprofloxacin,>,1,mg/L,BD Phoenix
A143,gentamicin,>,4,mg/L,BD Phoenix
A143,tetracycline,>,4,mg/L,BD Phoenix
A144,cefotaxime,>,4,mg/L,BD Phoenix
A144,ceftazidime,<=,4,mg/L,BD Phoenix
A144,meropenem,<=,2,mg/L,BD Phoenix
A144,ciprofloxacin,>,1,mg/L,BD Phoenix
A144,gentamicin,>,4,mg/L,BD Phoenix
A144,tetracycline,>,4,mg/L,BD Phoenix
A145,cefotaxime,<=,4,mg/L,BD Phoenix
A145,ceftazidime,<=,4,mg/L,BD Phoenix
A145,meropenem,<=,2,mg/L,BD Phoenix
A145,ciprofloxacin,>,1,mg/L,BD Phoenix
A145,gentamicin,>,4,mg/L,BD Phoenix
A145,tetracycline,>,4,mg/L,BD Phoenix
A146,cefotaxime,>,4,mg/L,BD Phoenix
A146,ceftazidime,>,4,mg/L,BD Phoenix
A146,meropenem,<=,2,mg/L,BD Phoenix
A146,ciprofloxacin,<=,1,mg/L,BD Phoenix
A146,gentamicin,<=,4,mg/L,BD Phoenix
A146,tetracycline,>,4,mg/L,BD Phoenix
A147,cefotaxime,>,4,mg/L,BD Phoenix
A147,ceftazidime,>,4,mg/L,BD Phoenix
A147,meropenem,<=,2,mg/L,BD Phoenix
A147,ciprofloxacin,>,1,mg/L,BD Phoenix
A147,gentamicin,>,4,mg/L,BD Phoenix
A147,tetracycline,>,4,mg/L,BD Phoenix
A148,cefotaxime,<=,4,mg/L,BD Phoenix
A148,ceftazidime,<=,4,mg/L,BD Phoenix
A148,meropenem,<=,2,mg/L,BD Phoenix
A148,ciprofloxacin,>,1,mg/L,BD Phoenix
A148,gentamicin,>,4,mg/L,BD Phoenix
A148,tetracycline,>,4,mg/L,BD Phoenix
A149,cefotaxime,>,4,mg/L,BD Phoenix
A149,ceftazidime,>,4,mg/L,BD Phoenix
A149,meropenem,<=,2,mg/L,BD Phoenix
A149,ciprofloxacin,>,1,mg/L,BD Phoenix
A149,gentamicin,>,4,mg/L,BD Phoenix
A149,tetracycline,>,4,mg/L,BD Phoenix
A15,cefotaxime,>,4,mg/L,BD Phoenix
A15,ceftazidime,<=,4,mg/L,BD Phoenix
A15,meropenem,<=,2,mg/L,BD Phoenix
A15,ciprofloxacin,>,1,mg/L,BD Phoenix
A15,gentamicin,>,4,mg/L,BD Phoenix
A15,tetracycline,>,4,mg/L,BD Phoenix
A151,cefotaxime,<=,4,mg/L,BD Phoenix
A151,ceftazidime,<=,4,mg/L,BD Phoenix
A151,meropenem,<=,2,mg/L,BD Phoenix
A151,ciprofloxacin,<=,1,mg/L,BD Phoenix
A151,gentamicin,<=,4,mg/L,BD Phoenix
A151,tetracycline,<=,4,mg/L,BD Phoenix
A152,cefotaxime,<=,4,mg/L,BD Phoenix
A152,ceftazidime,<=,4,mg/L,BD Phoenix
A152,meropenem,<=,2,mg/L,BD Phoenix
A152,ciprofloxacin,<=,1,mg/L,BD Phoenix
A152,gentamicin,<=,4,mg/L,BD Phoenix
A152,tetracycline,>,4,mg/L,BD Phoenix
A153,cefotaxime,>,4,mg/L,BD Phoenix
A153,ceftazidime,>,4,mg/L,BD Phoenix
A153,meropenem,<=,2,mg/L,BD Phoenix
A153,ciprofloxacin,>,1,mg/L,BD Phoenix
A153,gentamicin,>,4,mg/L,BD Phoenix
A153,tetracycline,>,4,mg/L,BD Phoenix
A155,cefotaxime,>,4,mg/L,BD Phoenix
A155,ceftazidime,<=,4,mg/L,BD Phoenix
A155,meropenem,<=,2,mg/L,BD Phoenix
A155,ciprofloxacin,>,1,mg/L,BD Phoenix
A155,gentamicin,>,4,mg/L,BD Phoenix
A155,tetracycline,>,4,mg/L,BD Phoenix
A156,cefotaxime,<=,4,mg/L,BD Phoenix
A156,ceftazidime,<=,4,mg/L,BD Phoenix
A156,meropenem,<=,2,mg/L,BD Phoenix
A156,ciprofloxacin,>,1,mg/L,BD Phoenix
A156,gentamicin,<=,4,mg/L,BD Phoenix
A156,tetracycline,>,4,mg/L,BD Phoenix
A157,cefotaxime,<=,4,mg/L,BD Phoenix
A157,ceftazidime,<=,4,mg/L,BD Phoenix
A157,meropenem,<=,2,mg/L,BD Phoenix
A157,ciprofloxacin,>,1,mg/L,BD Phoenix
A157,gentamicin,>,4,mg/L,BD Phoenix
A157,tetracycline,>,4,mg/L,BD Phoenix
A158,cefotaxime,>,4,mg/L,BD Phoenix
A158,ceftazidime,>,4,mg/L,BD Phoenix
A158,meropenem,<=,2,mg/L,BD Phoenix
A158,ciprofloxacin,>,1,mg/L,BD Phoenix
A158,gentamicin,>,4,mg/L,BD Phoenix
A158,tetracycline,>,4,mg/L,BD Phoenix
A16,cefotaxime,<=,4,mg/L,BD Phoenix
A16,ceftazidime,<=,4,mg/L,BD Phoenix
A16,meropenem,<=,2,mg/L,BD Phoenix
A16,ciprofloxacin,>,1,mg/L,BD Phoenix
A16,gentamicin,>,4,mg/L,BD Phoenix
A16,tetracycline,>,4,mg/L,BD Phoenix
A161,cefotaxime,>,4,mg/L,BD Phoenix
A161,ceftazidime,>,4,mg/L,BD Phoenix
A161,meropenem,<=,2,mg/L,BD Phoenix
A161,ciprofloxacin,>,1,mg/L,BD Phoenix
A161,gentamicin,>,4,mg/L,BD Phoenix
A161,tetracycline,>,4,mg/L,BD Phoenix
A162,cefotaxime,>,4,mg/L,BD Phoenix
A162,ceftazidime,<=,4,mg/L,BD Phoenix
A162,meropenem,<=,2,mg/L,BD Phoenix
A162,ciprofloxacin,>,1,mg/L,BD Phoenix
A162,gentamicin,>,4,mg/L,BD Phoenix
A162,tetracycline,>,4,mg/L,BD Phoenix
A163,cefotaxime,>,4,mg/L,BD Phoenix
A163,ceftazidime,>,4,mg/L,BD Phoenix
A163,meropenem,<=,2,mg/L,BD Phoenix
A163,ciprofloxacin,>,1,mg/L,BD Phoenix
A163,gentamicin,>,4,mg/L,BD Phoenix
A163,tetracycline,>,4,mg/L,BD Phoenix
A164,cefotaxime,>,4,mg/L,BD Phoenix
A164,ceftazidime,<=,4,mg/L,BD Phoenix
A164,meropenem,<=,2,mg/L,BD Phoenix
A164,ciprofloxacin,>,1,mg/L,BD Phoenix
A164,gentamicin,>,4,mg/L,BD Phoenix
A164,tetracycline,>,4,mg/L,BD Phoenix
A165,cefotaxime,>,4,mg/L,BD Phoenix
A165,ceftazidime,>,4,mg/L,BD Phoenix
A165,meropenem,<=,2,mg/L,BD Phoenix
A165,ciprofloxacin,>,1,mg/L,BD Phoenix
A165,gentamicin,>,4,mg/L,BD Phoenix
A165,tetracycline,>,4,mg/L,BD Phoenix
A166,cefotaxime,>,4,mg/L,BD Phoenix
A166,ceftazidime,<=,4,mg/L,BD Phoenix
A166,meropenem,<=,2,mg/L,BD Phoenix
A166,ciprofloxacin,>,1,mg/L,BD Phoenix
A166,gentamicin,>,4,mg/L,BD Phoenix
A166,tetracycline,>,4,mg/L,BD Phoenix
A167,cefotaxime,<=,4,mg/L,BD Phoenix
A167,ceftazidime,<=,4,mg/L,BD Phoenix
A167,meropenem,<=,2,mg/L,BD Phoenix
A167,ciprofloxacin,<=,1,mg/L,BD Phoenix
A167,gentamicin,>,4,mg/L,BD Phoenix
A167,tetracycline,>,4,mg/L,BD Phoenix
A168,cefotaxime,>,4,mg/L,BD Phoenix
A168,ceftazidime,<=,4,mg/L,BD Phoenix
A168,meropenem,<=,2,mg/L,BD Phoenix
A168,ciprofloxacin,>,1,mg/L,BD Phoenix
A168,gentamicin,<=,4,mg/L,BD Phoenix
A168,tetracycline,>,4,mg/L,BD Phoenix
A169,cefotaxime,>,4,mg/L,BD Phoenix
A169,ceftazidime,>,4,mg/L,BD Phoenix
A169,meropenem,<=,2,mg/L,BD Phoenix
A169,ciprofloxacin,>,1,mg/L,BD Phoenix
A169,gentamicin,<=,4,mg/L,BD Phoenix
A169,tetracycline,>,4,mg/L,BD Phoenix
A17,cefotaxime,>,4,mg/L,BD Phoenix
A17,ceftazidime,<=,4,mg/L,BD Phoenix
A17,meropenem,<=,2,mg/L,BD Phoenix
A17,ciprofloxacin,>,1,mg/L,BD Phoenix
A17,gentamicin,>,4,mg/L,BD Phoenix
A17,tetracycline,>,4,mg/L,BD Phoenix
A170,cefotaxime,>,4,mg/L,BD Phoenix
A170,ceftazidime,<=,4,mg/L,BD Phoenix
A170,meropenem,<=,2,mg/L,BD Phoenix
A170,ciprofloxacin,>,1,mg/L,BD Phoenix
A170,gentamicin,>,4,mg/L,BD Phoenix
A170,tetracycline,>,4,mg/L,BD Phoenix
A171,cefotaxime,>,4,mg/L,BD Phoenix
A171,ceftazidime,>,4,mg/L,BD Phoenix
A171,meropenem,<=,2,mg/L,BD Phoenix
A171,ciprofloxacin,>,1,mg/L,BD Phoenix
A171,gentamicin,>,4,mg/L,BD Phoenix
A171,tetracycline,>,4,mg/L,BD Phoenix
A172,cefotaxime,<=,4,mg/L,BD Phoenix
A172,ceftazidime,<=,4,mg/L,BD Phoenix
A172,meropenem,<=,2,mg/L,BD Phoenix
A172,ciprofloxacin,>,1,mg/L,BD Phoenix
A172,gentamicin,>,4,mg/L,BD Phoenix
A172,tetracycline,>,4,mg/L,BD Phoenix
A173,cefotaxime,<=,4,mg/L,BD Phoenix
A173,ceftazidime,<=,4,mg/L,BD Phoenix
A173,meropenem,<=,2,mg/L,BD Phoenix
A173,ciprofloxacin,>,1,mg/L,BD Phoenix
A173,gentamicin,<=,4,mg/L,BD Phoenix
A173,tetracycline,>,4,mg/L,BD Phoenix
A174,cefotaxime,<=,4,mg/L,BD Phoenix
A174,ceftazidime,<=,4,mg/L,BD Phoenix
A174,meropenem,<=,2,mg/L,BD Phoenix
A174,ciprofloxacin,<=,1,mg/L,BD Phoenix
A174,gentamicin,<=,4,mg/L,BD Phoenix
A174,tetracycline,>,4,mg/L,BD Phoenix
A175,cefotaxime,<=,4,mg/L,BD Phoenix
A175,ceftazidime,<=,4,mg/L,BD Phoenix
A175,meropenem,<=,2,mg/L,BD Phoenix
A175,ciprofloxacin,<=,1,mg/L,BD Phoenix
A175,gentamicin,<=,4,mg/L,BD Phoenix
A175,tetracycline,>,4,mg/L,BD Phoenix
A176,cefotaxime,<=,4,mg/L,BD Phoenix
A176,ceftazidime,<=,4,mg/L,BD Phoenix
A176,meropenem,<=,2,mg/L,BD Phoenix
A176,ciprofloxacin,<=,1,mg/L,BD Phoenix
A176,gentamicin,<=,4,mg/L,BD Phoenix
A176,tetracycline,>,4,mg/L,BD Phoenix
A177,cefotaxime,>,4,mg/L,BD Phoenix
A177,ceftazidime,<=,4,mg/L,BD Phoenix
A177,meropenem,<=,2,mg/L,BD Phoenix
A177,ciprofloxacin,>,1,mg/L,BD Phoenix
A177,gentamicin,>,4,mg/L,BD Phoenix
A177,tetracycline,>,4,mg/L,BD Phoenix
A178,cefotaxime,<=,4,mg/L,BD Phoenix
A178,ceftazidime,<=,4,mg/L,BD Phoenix
A178,meropenem,<=,2,mg/L,BD Phoenix
A178,ciprofloxacin,>,1,mg/L,BD Phoenix
A178,gentamicin,>,4,mg/L,BD Phoenix
A178,tetracycline,>,4,mg/L,BD Phoenix
A179,cefotaxime,<=,4,mg/L,BD Phoenix
A179,ceftazidime,<=,4,mg/L,BD Phoenix
A179,meropenem,<=,2,mg/L,BD Phoenix
A179,ciprofloxacin,<=,1,mg/L,BD Phoenix
A179,gentamicin,<=,4,mg/L,BD Phoenix
A179,tetracycline,>,4,mg/L,BD Phoenix
A18,cefotaxime,>,4,mg/L,BD Phoenix
A18,ceftazidime,<=,4,mg/L,BD Phoenix
A18,meropenem,<=,2,mg/L,BD Phoenix
A18,ciprofloxacin,>,1,mg/L,BD Phoenix
A18,gentamicin,>,4,mg/L,BD Phoenix
A18,tetracycline,>,4,mg/L,BD Phoenix
A180,cefotaxime,<=,4,mg/L,BD Phoenix
A180,ceftazidime,<=,4,mg/L,BD Phoenix
A180,meropenem,<=,2,mg/L,BD Phoenix
A180,ciprofloxacin,<=,1,mg/L,BD Phoenix
A180,gentamicin,<=,4,mg/L,BD Phoenix
A180,tetracycline,>,4,mg/L,BD Phoenix
A181,cefotaxime,<=,4,mg/L,BD Phoenix
A181,ceftazidime,<=,4,mg/L,BD Phoenix
A181,meropenem,<=,2,mg/L,BD Phoenix
A181,ciprofloxacin,>,1,mg/L,BD Phoenix
A181,gentamicin,>,4,mg/L,BD Phoenix
A181,tetracycline,>,4,mg/L,BD Phoenix
A183,cefotaxime,>,4,mg/L,BD Phoenix
A183,ceftazidime,>,4,mg/L,BD Phoenix
A183,meropenem,<=,2,mg/L,BD Phoenix
A183,ciprofloxacin,>,1,mg/L,BD Phoenix
A183,gentamicin,>,4,mg/L,BD Phoenix
A183,tetracycline,>,4,mg/L,BD Phoenix
A184,cefotaxime,<=,4,mg/L,BD Phoenix
A184,ceftazidime,<=,4,mg/L,BD Phoenix
A184,meropenem,<=,2,mg/L,BD Phoenix
A184,ciprofloxacin,>,1,mg/L,BD Phoenix
A184,gentamicin,>,4,mg/L,BD Phoenix
A184,tetracycline,>,4,mg/L,BD Phoenix
A185,cefotaxime,>,4,mg/L,BD Phoenix
A185,ceftazidime,<=,4,mg/L,BD Phoenix
A185,meropenem,<=,2,mg/L,BD Phoenix
A185,ciprofloxacin,>,1,mg/L,BD Phoenix
A185,gentamicin,>,4,mg/L,BD Phoenix
A185,tetracycline,>,4,mg/L,BD Phoenix
A186,cefotaxime,>,4,mg/L,BD Phoenix
A186,ceftazidime,>,4,mg/L,BD Phoenix
A186,meropenem,<=,2,mg/L,BD Phoenix
A186,ciprofloxacin,<=,1,mg/L,BD Phoenix
A186,gentamicin,>,4,mg/L,BD Phoenix
A186,tetracycline,>,4,mg/L,BD Phoenix
A187,cefotaxime,<=,4,mg/L,BD Phoenix
A187,ceftazidime,<=,4,mg/L,BD Phoenix
A187,meropenem,<=,2,mg/L,BD Phoenix
A187,ciprofloxacin,<=,1,mg/L,BD Phoenix
A187,gentamicin,<=,4,mg/L,BD Phoenix
A187,tetracycline,>,4,mg/L,BD Phoenix
A188,cefotaxime,<=,4,mg/L,BD Phoenix
A188,ceftazidime,<=,4,mg/L,BD Phoenix
A188,meropenem,<=,2,mg/L,BD Phoenix
A188,ciprofloxacin,>,1,mg/L,BD Phoenix
A188,gentamicin,>,4,mg/L,BD Phoenix
A188,tetracycline,>,4,mg/L,BD Phoenix
A189,cefotaxime,>,4,mg/L,BD Phoenix
A189,ceftazidime,<=,4,mg/L,BD Phoenix
A189,meropenem,<=,2,mg/L,BD Phoenix
A189,ciprofloxacin,>,1,mg/L,BD Phoenix
A189,gentamicin,>,4,mg/L,BD Phoenix
A189,tetracycline,>,4,mg/L,BD Phoenix
A19,cefotaxime,>,4,mg/L,BD Phoenix
A19,ceftazidime,<=,4,mg/L,BD Phoenix
A19,meropenem,<=,2,mg/L,BD Phoenix
A19,ciprofloxacin,>,1,mg/L,BD Phoenix
A19,gentamicin,>,4,mg/L,BD Phoenix
A19,tetracycline,>,4,mg/L,BD Phoenix
A190,cefotaxime,>,4,mg/L,BD Phoenix
A190,ceftazidime,>,4,mg/L,BD Phoenix
A190,meropenem,<=,2,mg/L,BD Phoenix
A190,ciprofloxacin,>,1,mg/L,BD Phoenix
A190,gentamicin,<=,4,mg/L,BD Phoenix
A190,tetracycline,>,4,mg/L,BD Phoenix
A191,cefotaxime,>,4,mg/L,BD Phoenix
A191,ceftazidime,<=,4,mg/L,BD Phoenix
A191,meropenem,<=,2,mg/L,BD Phoenix
A191,ciprofloxacin,>,1,mg/L,BD Phoenix
A191,gentamicin,>,4,mg/L,BD Phoenix
A191,tetracycline,>,4,mg/L,BD Phoenix
A192,cefotaxime,>,4,mg/L,BD Phoenix
A192,ceftazidime,<=,4,mg/L,BD Phoenix
A192,meropenem,<=,2,mg/L,BD Phoenix
A192,ciprofloxacin,<=,1,mg/L,BD Phoenix
A192,gentamicin,>,4,mg/L,BD Phoenix
A192,tetracycline,>,4,mg/L,BD Phoenix
A193,cefotaxime,<=,4,mg/L,BD Phoenix
A193,ceftazidime,<=,4,mg/L,BD Phoenix
A193,meropenem,<=,2,mg/L,BD Phoenix
A193,ciprofloxacin,>,1,mg/L,BD Phoenix
A193,gentamicin,>,4,mg/L,BD Phoenix
A193,tetracycline,>,4,mg/L,BD Phoenix
A194,cefotaxime,<=,4,mg/L,BD Phoenix
A194,ceftazidime,<=,4,mg/L,BD Phoenix
A194,meropenem,<=,2,mg/L,BD Phoenix
A194,ciprofloxacin,>,1,mg/L,BD Phoenix
A194,gentamicin,<=,4,mg/L,BD Phoenix
A194,tetracycline,>,4,mg/L,BD Phoenix
A195,cefotaxime,<=,4,mg/L,BD Phoenix
A195,ceftazidime,<=,4,mg/L,BD Phoenix
A195,meropenem,<=,2,mg/L,BD Phoenix
A195,ciprofloxacin,<=,1,mg/L,BD Phoenix
A195,gentamicin,>,4,mg/L,BD Phoenix
A195,tetracycline,>,4,mg/L,BD Phoenix
A196,cefotaxime,<=,4,mg/L,BD Phoenix
A196,ceftazidime,<=,4,mg/L,BD Phoenix
A196,meropenem,<=,2,mg/L,BD Phoenix
A196,ciprofloxacin,>,1,mg/L,BD Phoenix
A196,gentamicin,<=,4,mg/L,BD Phoenix
A196,tetracycline,>,4,mg/L,BD Phoenix
A197,cefotaxime,<=,4,mg/L,BD Phoenix
A197,ceftazidime,<=,4,mg/L,BD Phoenix
A197,meropenem,<=,2,mg/L,BD Phoenix
A197,ciprofloxacin,<=,1,mg/L,BD Phoenix
A197,gentamicin,<=,4,mg/L,BD Phoenix
A197,tetracycline,>,4,mg/L,BD Phoenix
A198,cefotaxime,>,4,mg/L,BD Phoenix
A198,ceftazidime,>,4,mg/L,BD Phoenix
A198,meropenem,<=,2,mg/L,BD Phoenix
A198,ciprofloxacin,>,1,mg/L,BD Phoenix
A198,gentamicin,>,4,mg/L,BD Phoenix
A198,tetracycline,>,4,mg/L,BD Phoenix
A199,cefotaxime,>,4,mg/L,BD Phoenix
A199,ceftazidime,<=,4,mg/L,BD Phoenix
A199,meropenem,<=,2,mg/L,BD Phoenix
A199,ciprofloxacin,<=,1,mg/L,BD Phoenix
A199,gentamicin,>,4,mg/L,BD Phoenix
A199,tetracycline,>,4,mg/L,BD Phoenix
A2,cefotaxime,>,4,mg/L,BD Phoenix
A2,ceftazidime,<=,4,mg/L,BD Phoenix
A2,meropenem,<=,2,mg/L,BD Phoenix
A2,ciprofloxacin,>,1,mg/L,BD Phoenix
A2,gentamicin,>,4,mg/L,BD Phoenix
A2,tetracycline,>,4,mg/L,BD Phoenix
A20,cefotaxime,<=,4,mg/L,BD Phoenix
A20,ceftazidime,<=,4,mg/L,BD Phoenix
A20,meropenem,<=,2,mg/L,BD Phoenix
A20,ciprofloxacin,<=,1,mg/L,BD Phoenix
A20,gentamicin,>,4,mg/L,BD Phoenix
A20,tetracycline,>,4,mg/L,BD Phoenix
A201,cefotaxime,<=,4,mg/L,BD Phoenix
A201,ceftazidime,<=,4,mg/L,BD Phoenix
A201,meropenem,<=,2,mg/L,BD Phoenix
A201,ciprofloxacin,<=,1,mg/L,BD Phoenix
A201,gentamicin,<=,4,mg/L,BD Phoenix
A201,tetracycline,>,4,mg/L,BD Phoenix
A202,cefotaxime,<=,4,mg/L,BD Phoenix
A202,ceftazidime,<=,4,mg/L,BD Phoenix
A202,meropenem,<=,2,mg/L,BD Phoenix
A202,ciprofloxacin,>,1,mg/L,BD Phoenix
A202,gentamicin,>,4,mg/L,BD Phoenix
A202,tetracycline,>,4,mg/L,BD Phoenix
A203,cefotaxime,>,4,mg/L,BD Phoenix
A203,ceftazidime,>,4,mg/L,BD Phoenix
A203,meropenem,<=,2,mg/L,BD Phoenix
A203,ciprofloxacin,>,1,mg/L,BD Phoenix
A203,gentamicin,>,4,mg/L,BD Phoenix
A203,tetracycline,>,4,mg/L,BD Phoenix
A204,cefotaxime,<=,4,mg/L,BD Phoenix
A204,ceftazidime,<=,4,mg/L,BD Phoenix
A204,meropenem,<=,2,mg/L,BD Phoenix
A204,ciprofloxacin,<=,1,mg/L,BD Phoenix
A204,gentamicin,>,4,mg/L,BD Phoenix
A204,tetracycline,>,4,mg/L,BD Phoenix
A205,cefotaxime,<=,4,mg/L,BD Phoenix
A205,ceftazidime,<=,4,mg/L,BD Phoenix
A205,meropenem,<=,2,mg/L,BD Phoenix
A205,ciprofloxacin,>,1,mg/L,BD Phoenix
A205,gentamicin,>,4,mg/L,BD Phoenix
A205,tetracycline,>,4,mg/L,BD Phoenix
A206,cefotaxime,<=,4,mg/L,BD Phoenix
A206,ceftazidime,<=,4,mg/L,BD Phoenix
A206,meropenem,<=,2,mg/L,BD Phoenix
A206,ciprofloxacin,<=,1,mg/L,BD Phoenix
A206,gentamicin,>,4,mg/L,BD Phoenix
A206,tetracycline,>,4,mg/L,BD Phoenix
A207,cefotaxime,<=,4,mg/L,BD Phoenix
A207,ceftazidime,<=,4,mg/L,BD Phoenix
A207,meropenem,<=,2,mg/L,BD Phoenix
A207,ciprofloxacin,<=,1,mg/L,BD Phoenix
A207,gentamicin,<=,4,mg/L,BD Phoenix
A207,tetracycline,>,4,mg/L,BD Phoenix
A208,cefotaxime,>,4,mg/L,BD Phoenix
A208,ceftazidime,>,4,mg/L,BD Phoenix
A208,meropenem,<=,2,mg/L,BD Phoenix
A208,ciprofloxacin,>,1,mg/L,BD Phoenix
A208,gentamicin,>,4,mg/L,BD Phoenix
A208,tetracycline,>,4,mg/L,BD Phoenix
A209,cefotaxime,<=,4,mg/L,BD Phoenix
A209,ceftazidime,<=,4,mg/L,BD Phoenix
A209,meropenem,<=,2,mg/L,BD Phoenix
A209,ciprofloxacin,<=,1,mg/L,BD Phoenix
A209,gentamicin,<=,4,mg/L,BD Phoenix
A209,tetracycline,>,4,mg/L,BD Phoenix
A21,cefotaxime,>,4,mg/L,BD Phoenix
A21,ceftazidime,>,4,mg/L,BD Phoenix
A21,meropenem,<=,2,mg/L,BD Phoenix
A21,ciprofloxacin,>,1,mg/L,BD Phoenix
A21,gentamicin,>,4,mg/L,BD Phoenix
A21,tetracycline,>,4,mg/L,BD Phoenix
A210,cefotaxime,<=,4,mg/L,BD Phoenix
A210,ceftazidime,<=,4,mg/L,BD Phoenix
A210,meropenem,<=,2,mg/L,BD Phoenix
A210,ciprofloxacin,<=,1,mg/L,BD Phoenix
A210,gentamicin,>,4,mg/L,BD Phoenix
A210,tetracycline,>,4,mg/L,BD Phoenix
A211,cefotaxime,>,4,mg/L,BD Phoenix
A211,ceftazidime,<=,4,mg/L,BD Phoenix
A211,meropenem,<=,2,mg/L,BD Phoenix
A211,ciprofloxacin,>,1,mg/L,BD Phoenix
A211,gentamicin,<=,4,mg/L,BD Phoenix
A211,tetracycline,>,4,mg/L,BD Phoenix
A212,cefotaxime,>,4,mg/L,BD Phoenix
A212,ceftazidime,>,4,mg/L,BD Phoenix
A212,meropenem,<=,2,mg/L,BD Phoenix
A212,ciprofloxacin,>,1,mg/L,BD Phoenix
A212,gentamicin,>,4,mg/L,BD Phoenix
A212,tetracycline,>,4,mg/L,BD Phoenix
A213,cefotaxime,>,4,mg/L,BD Phoenix
A213,ceftazidime,<=,4,mg/L,BD Phoenix
A213,meropenem,<=,2,mg/L,BD Phoenix
A213,ciprofloxacin,>,1,mg/L,BD Phoenix
A213,gentamicin,>,4,mg/L,BD Phoenix
A213,tetracycline,>,4,mg/L,BD Phoenix
A214,cefotaxime,<=,4,mg/L,BD Phoenix
A214,ceftazidime,<=,4,mg/L,BD Phoenix
A214,meropenem,<=,2,mg/L,BD Phoenix
A214,ciprofloxacin,>,1,mg/L,BD Phoenix
A214,gentamicin,<=,4,mg/L,BD Phoenix
A214,tetracycline,>,4,mg/L,BD Phoenix
A215,cefotaxime,<=,4,mg/L,BD Phoenix
A215,ceftazidime,<=,4,mg/L,BD Phoenix
A215,meropenem,<=,2,mg/L,BD Phoenix
A215,ciprofloxacin,>,1,mg/L,BD Phoenix
A215,gentamicin,>,4,mg/L,BD Phoenix
A215,tetracycline,>,4,mg/L,BD Phoenix
A216,cefotaxime,>,4,mg/L,BD Phoenix
A216,ceftazidime,<=,4,mg/L,BD Phoenix
A216,meropenem,<=,2,mg/L,BD Phoenix
A216,ciprofloxacin,>,1,mg/L,BD Phoenix
A216,gentamicin,>,4,mg/L,BD Phoenix
A216,tetracycline,>,4,mg/L,BD Phoenix
A217,cefotaxime,<=,4,mg/L,BD Phoenix
A217,ceftazidime,<=,4,mg/L,BD Phoenix
A217,meropenem,<=,2,mg/L,BD Phoenix
A217,ciprofloxacin,>,1,mg/L,BD Phoenix
A217,gentamicin,>,4,mg/L,BD Phoenix
A217,tetracycline,>,4,mg/L,BD Phoenix
A218,cefotaxime,<=,4,mg/L,BD Phoenix
A218,ceftazidime,<=,4,mg/L,BD Phoenix
A218,meropenem,<=,2,mg/L,BD Phoenix
A218,ciprofloxacin,<=,1,mg/L,BD Phoenix
A218,gentamicin,<=,4,mg/L,BD Phoenix
A218,tetracycline,>,4,mg/L,BD Phoenix
A219,cefotaxime,>,4,mg/L,BD Phoenix
A219,ceftazidime,<=,4,mg/L,BD Phoenix
A219,meropenem,<=,2,mg/L,BD Phoenix
A219,ciprofloxacin,>,1,mg/L,BD Phoenix
A219,gentamicin,<=,4,mg/L,BD Phoenix
A219,tetracycline,>,4,mg/L,BD Phoenix
A22,cefotaxime,<=,4,mg/L,BD Phoenix
A22,ceftazidime,<=,4,mg/L,BD Phoenix
A22,meropenem,<=,2,mg/L,BD Phoenix
A22,ciprofloxacin,>,1,mg/L,BD Phoenix
A22,gentamicin,>,4,mg/L,BD Phoenix
A22,tetracycline,>,4,mg/L,BD Phoenix
A220,cefotaxime,<=,4,mg/L,BD Phoenix
A220,ceftazidime,<=,4,mg/L,BD Phoenix
A220,meropenem,<=,2,mg/L,BD Phoenix
A220,ciprofloxacin,>,1,mg/L,BD Phoenix
A220,gentamicin,<=,4,mg/L,BD Phoenix
A220,tetracycline,>,4,mg/L,BD Phoenix
A221,cefotaxime,>,4,mg/L,BD Phoenix
A221,ceftazidime,>,4,mg/L,BD Phoenix
A221,meropenem,<=,2,mg/L,BD Phoenix
A221,ciprofloxacin,>,1,mg/L,BD Phoenix
A221,gentamicin,>,4,mg/L,BD Phoenix
A221,tetracycline,>,4,mg/L,BD Phoenix
A222,cefotaxime,>,4,mg/L,BD Phoenix
A222,ceftazidime,>,4,mg/L,BD Phoenix
A222,meropenem,<=,2,mg/L,BD Phoenix
A222,ciprofloxacin,>,1,mg/L,BD Phoenix
A222,gentamicin,>,4,mg/L,BD Phoenix
A222,tetracycline,>,4,mg/L,BD Phoenix
A223,cefotaxime,<=,4,mg/L,BD Phoenix
A223,ceftazidime,<=,4,mg/L,BD Phoenix
A223,meropenem,<=,2,mg/L,BD Phoenix
A223,ciprofloxacin,>,1,mg/L,BD Phoenix
A223,gentamicin,>,4,mg/L,BD Phoenix
A223,tetracycline,>,4,mg/L,BD Phoenix
A224,cefotaxime,<=,4,mg/L,BD Phoenix
A224,ceftazidime,<=,4,mg/L,BD Phoenix
A224,meropenem,<=,2,mg/L,BD Phoenix
A224,ciprofloxacin,<=,1,mg/L,BD Phoenix
A224,gentamicin,<=,4,mg/L,BD Phoenix
A224,tetracycline,>,4,mg/L,BD Phoenix
A225,cefotaxime,>,4,mg/L,BD Phoenix
A225,ceftazidime,<=,4,mg/L,BD Phoenix
A225,meropenem,<=,2,mg/L,BD Phoenix
A225,ciprofloxacin,>,1,mg/L,BD Phoenix
A225,gentamicin,>,4,mg/L,BD Phoenix
A225,tetracycline,>,4,mg/L,BD Phoenix
A226,cefotaxime,>,4,mg/L,BD Phoenix
A226,ceftazidime,<=,4,mg/L,BD Phoenix
A226,meropenem,<=,2,mg/L,BD Phoenix
A226,ciprofloxacin,>,1,mg/L,BD Phoenix
A226,gentamicin,>,4,mg/L,BD Phoenix
A226,tetracycline,>,4,mg/L,BD Phoenix
A227,cefotaxime,>,4,mg/L,BD Phoenix
A227,ceftazidime,>,4,mg/L,BD Phoenix
A227,meropenem,<=,2,mg/L,BD Phoenix
A227,ciprofloxacin,>,1,mg/L,BD Phoenix
A227,gentamicin,>,4,mg/L,BD Phoenix
A227,tetracycline,>,4,mg/L,BD Phoenix
A228,cefotaxime,<=,4,mg/L,BD Phoenix
A228,ceftazidime,<=,4,mg/L,BD Phoenix
A228,meropenem,<=,2,mg/L,BD Phoenix
A228,ciprofloxacin,>,1,mg/L,BD Phoenix
A228,gentamicin,>,4,mg/L,BD Phoenix
A228,tetracycline,>,4,mg/L,BD Phoenix
A229,cefotaxime,>,4,mg/L,BD Phoenix
A229,ceftazidime,>,4,mg/L,BD Phoenix
A229,meropenem,<=,2,mg/L,BD Phoenix
A229,ciprofloxacin,>,1,mg/L,BD Phoenix
A229,gentamicin,>,4,mg/L,BD Phoenix
A229,tetracycline,>,4,mg/L,BD Phoenix
A23,cefotaxime,>,4,mg/L,BD Phoenix
A23,ceftazidime,>,4,mg/L,BD Phoenix
A23,meropenem,<=,2,mg/L,BD Phoenix
A23,ciprofloxacin,>,1,mg/L,BD Phoenix
A23,gentamicin,>,4,mg/L,BD Phoenix
A23,tetracycline,>,4,mg/L,BD Phoenix
A230,cefotaxime,>,4,mg/L,BD Phoenix
A230,ceftazidime,<=,4,mg/L,BD Phoenix
A230,meropenem,<=,2,mg/L,BD Phoenix
A230,ciprofloxacin,>,1,mg/L,BD Phoenix
A230,gentamicin,>,4,mg/L,BD Phoenix
A230,tetracycline,>,4,mg/L,BD Phoenix
A231,cefotaxime,<=,4,mg/L,BD Phoenix
A231,ceftazidime,<=,4,mg/L,BD Phoenix
A231,meropenem,<=,2,mg/L,BD Phoenix
A231,ciprofloxacin,<=,1,mg/L,BD Phoenix
A231,gentamicin,<=,4,mg/L,BD Phoenix
A231,tetracycline,>,4,mg/L,BD Phoenix
A232,cefotaxime,>,4,mg/L,BD Phoenix
A232,ceftazidime,>,4,mg/L,BD Phoenix
A232,meropenem,<=,2,mg/L,BD Phoenix
A232,ciprofloxacin,>,1,mg/L,BD Phoenix
A232,gentamicin,>,4,mg/L,BD Phoenix
A232,tetracycline,>,4,mg/L,BD Phoenix
A233,cefotaxime,<=,4,mg/L,BD Phoenix
A233,ceftazidime,<=,4,mg/L,BD Phoenix
A233,meropenem,<=,2,mg/L,BD Phoenix
A233,ciprofloxacin,>,1,mg/L,BD Phoenix
A233,gentamicin,<=,4,mg/L,BD Phoenix
A233,tetracycline,>,4,mg/L,BD Phoenix
A234,cefotaxime,<=,4,mg/L,BD Phoenix
A234,ceftazidime,<=,4,mg/L,BD Phoenix
A234,meropenem,<=,2,mg/L,BD Phoenix
A234,ciprofloxacin,>,1,mg/L,BD Phoenix
A234,gentamicin,>,4,mg/L,BD Phoenix
A234,tetracycline,>,4,mg/L,BD Phoenix
A235,cefotaxime,>,4,mg/L,BD Phoenix
A235,ceftazidime,<=,4,mg/L,BD Phoenix
A235,meropenem,<=,2,mg/L,BD Phoenix
A235,ciprofloxacin,>,1,mg/L,BD Phoenix
A235,gentamicin,>,4,mg/L,BD Phoenix
A235,tetracycline,>,4,mg/L,BD Phoenix
A236,cefotaxime,>,4,mg/L,BD Phoenix
A236,ceftazidime,>,4,mg/L,BD Phoenix
A236,meropenem,<=,2,mg/L,BD Phoenix
A236,ciprofloxacin,>,1,mg/L,BD Phoenix
A236,gentamicin,>,4,mg/L,BD Phoenix
A236,tetracycline,>,4,mg/L,BD Phoenix
A237,cefotaxime,<=,4,mg/L,BD Phoenix
A237,ceftazidime,<=,4,mg/L,BD Phoenix
A237,meropenem,<=,2,mg/L,BD Phoenix
A237,ciprofloxacin,>,1,mg/L,BD Phoenix
A237,gentamicin,>,4,mg/L,BD Phoenix
A237,tetracycline,<=,4,mg/L,BD Phoenix
A238,cefotaxime,>,4,mg/L,BD Phoenix
A238,ceftazidime,<=,4,mg/L,BD Phoenix
A238,meropenem,<=,2,mg/L,BD Phoenix
A238,ciprofloxacin,>,1,mg/L,BD Phoenix
A238,gentamicin,>,4,mg/L,BD Phoenix
A238,tetracycline,>,4,mg/L,BD Phoenix
A239,cefotaxime,>,4,mg/L,BD Phoenix
A239,ceftazidime,<=,4,mg/L,BD Phoenix
A239,meropenem,<=,2,mg/L,BD Phoenix
A239,ciprofloxacin,>,1,mg/L,BD Phoenix
A239,gentamicin,>,4,mg/L,BD Phoenix
A239,tetracycline,>,4,mg/L,BD Phoenix
A240,cefotaxime,>,4,mg/L,BD Phoenix
A240,ceftazidime,<=,4,mg/L,BD Phoenix
A240,meropenem,<=,2,mg/L,BD Phoenix
A240,ciprofloxacin,<=,1,mg/L,BD Phoenix
A240,gentamicin,>,4,mg/L,BD Phoenix
A240,tetracycline,>,4,mg/L,BD Phoenix
A241,cefotaxime,<=,4,mg/L,BD Phoenix
A241,ceftazidime,<=,4,mg/L,BD Phoenix
A241,meropenem,<=,2,mg/L,BD Phoenix
A241,ciprofloxacin,>,1,mg/L,BD Phoenix
A241,gentamicin,<=,4,mg/L,BD Phoenix
A241,tetracycline,>,4,mg/L,BD Phoenix
A242,cefotaxime,>,4,mg/L,BD Phoenix
A242,ceftazidime,<=,4,mg/L,BD Phoenix
A242,meropenem,<=,2,mg/L,BD Phoenix
A242,ciprofloxacin,>,1,mg/L,BD Phoenix
A242,gentamicin,<=,4,mg/L,BD Phoenix
A242,tetracycline,>,4,mg/L,BD Phoenix
A243,cefotaxime,<=,4,mg/L,BD Phoenix
A243,ceftazidime,<=,4,mg/L,BD Phoenix
A243,meropenem,<=,2,mg/L,BD Phoenix
A243,ciprofloxacin,<=,1,mg/L,BD Phoenix
A243,gentamicin,>,4,mg/L,BD Phoenix
A243,tetracycline,<=,4,mg/L,BD Phoenix
A244,cefotaxime,<=,4,mg/L,BD Phoenix
A244,ceftazidime,<=,4,mg/L,BD Phoenix
A244,meropenem,<=,2,mg/L,BD Phoenix
A244,ciprofloxacin,>,1,mg/L,BD Phoenix
A244,gentamicin,>,4,mg/L,BD Phoenix
A244,tetracycline,>,4,mg/L,BD Phoenix
A245,cefotaxime,<=,4,mg/L,BD Phoenix
A245,ceftazidime,<=,4,mg/L,BD Phoenix
A245,meropenem,<=,2,mg/L,BD Phoenix
A245,ciprofloxacin,>,1,mg/L,BD Phoenix
A245,gentamicin,>,4,mg/L,BD Phoenix
A245,tetracycline,>,4,mg/L,BD Phoenix
A246,cefotaxime,>,4,mg/L,BD Phoenix
A246,ceftazidime,<=,4,mg/L,BD Phoenix
A246,meropenem,<=,2,mg/L,BD Phoenix
A246,ciprofloxacin,>,1,mg/L,BD Phoenix
A246,gentamicin,>,4,mg/L,BD Phoenix
A246,tetracycline,>,4,mg/L,BD Phoenix
A247,cefotaxime,<=,4,mg/L,BD Phoenix
A247,ceftazidime,<=,4,mg/L,BD Phoenix
A247,meropenem,<=,2,mg/L,BD Phoenix
A247,ciprofloxacin,<=,1,mg/L,BD Phoenix
A247,gentamicin,<=,4,mg/L,BD Phoenix
A247,tetracycline,>,4,mg/L,BD Phoenix
A248,cefotaxime,>,4,mg/L,BD Phoenix
A248,ceftazidime,<=,4,mg/L,BD Phoenix
A248,meropenem,<=,2,mg/L,BD Phoenix
A248,ciprofloxacin,>,1,mg/L,BD Phoenix
A248,gentamicin,<=,4,mg/L,BD Phoenix
A248,tetracycline,>,4,mg/L,BD Phoenix
A249,cefotaxime,>,4,mg/L,BD Phoenix
A249,ceftazidime,<=,4,mg/L,BD Phoenix
A249,meropenem,<=,2,mg/L,BD Phoenix
A249,ciprofloxacin,>,1,mg/L,BD Phoenix
A249,gentamicin,>,4,mg/L,BD Phoenix
A249,tetracycline,>,4,mg/L,BD Phoenix
A25,cefotaxime,<=,4,mg/L,BD Phoenix
A25,ceftazidime,<=,4,mg/L,BD Phoenix
A25,meropenem,<=,2,mg/L,BD Phoenix
A25,ciprofloxacin,>,1,mg/L,BD Phoenix
A25,gentamicin,>,4,mg/L,BD Phoenix
A25,tetracycline,>,4,mg/L,BD Phoenix
A250,cefotaxime,>,4,mg/L,BD Phoenix
A250,ceftazidime,<=,4,mg/L,BD Phoenix
A250,meropenem,<=,2,mg/L,BD Phoenix
A250,ciprofloxacin,>,1,mg/L,BD Phoenix
A250,gentamicin,>,4,mg/L,BD Phoenix
A250,tetracycline,>,4,mg/L,BD Phoenix
A251,cefotaxime,<=,4,mg/L,BD Phoenix
A251,ceftazidime,<=,4,mg/L,BD Phoenix
A251,meropenem,<=,2,mg/L,BD Phoenix
A251,ciprofloxacin,<=,1,mg/L,BD Phoenix
A251,gentamicin,>,4,mg/L,BD Phoenix
A251,tetracycline,>,4,mg/L,BD Phoenix
A252,cefotaxime,<=,4,mg/L,BD Phoenix
A252,ceftazidime,<=,4,mg/L,BD Phoenix
A252,meropenem,<=,2,mg/L,BD Phoenix
A252,ciprofloxacin,<=,1,mg/L,BD Phoenix
A252,gentamicin,<=,4,mg/L,BD Phoenix
A252,tetracycline,>,4,mg/L,BD Phoenix
A253,cefotaxime,>,4,mg/L,BD Phoenix
A253,ceftazidime,<=,4,mg/L,BD Phoenix
A253,meropenem,<=,2,mg/L,BD Phoenix
A253,ciprofloxacin,<=,1,mg/L,BD Phoenix
A253,gentamicin,<=,4,mg/L,BD Phoenix
A253,tetracycline,<=,4,mg/L,BD Phoenix
A254,cefotaxime,>,4,mg/L,BD Phoenix
A254,ceftazidime,<=,4,mg/L,BD Phoenix
A254,meropenem,<=,2,mg/L,BD Phoenix
A254,ciprofloxacin,>,1,mg/L,BD Phoenix
A254,gentamicin,>,4,mg/L,BD Phoenix
A254,tetracycline,>,4,mg/L,BD Phoenix
A255,cefotaxime,>,4,mg/L,BD Phoenix
A255,ceftazidime,<=,4,mg/L,BD Phoenix
A255,meropenem,<=,2,mg/L,BD Phoenix
A255,ciprofloxacin,>,1,mg/L,BD Phoenix
A255,gentamicin,>,4,mg/L,BD Phoenix
A255,tetracycline,>,4,mg/L,BD Phoenix
A256,cefotaxime,<=,4,mg/L,BD Phoenix
A256,ceftazidime,<=,4,mg/L,BD Phoenix
A256,meropenem,<=,2,mg/L,BD Phoenix
A256,ciprofloxacin,>,1,mg/L,BD Phoenix
A256,gentamicin,>,4,mg/L,BD Phoenix
A256,tetracycline,>,4,mg/L,BD Phoenix
A257,cefotaxime,<=,4,mg/L,BD Phoenix
A257,ceftazidime,<=,4,mg/L,BD Phoenix
A257,meropenem,<=,2,mg/L,BD Phoenix
A257,ciprofloxacin,>,1,mg/L,BD Phoenix
A257,gentamicin,>,4,mg/L,BD Phoenix
A257,tetracycline,>,4,mg/L,BD Phoenix
A258,cefotaxime,>,4,mg/L,BD Phoenix
A258,ceftazidime,<=,4,mg/L,BD Phoenix
A258,meropenem,<=,2,mg/L,BD Phoenix
A258,ciprofloxacin,>,1,mg/L,BD Phoenix
A258,gentamicin,>,4,mg/L,BD Phoenix
A258,tetracycline,>,4,mg/L,BD Phoenix
A259,cefotaxime,>,4,mg/L,BD Phoenix
A259,ceftazidime,>,4,mg/L,BD Phoenix
A259,meropenem,<=,2,mg/L,BD Phoenix
A259,ciprofloxacin,>,1,mg/L,BD Phoenix
A259,gentamicin,>,4,mg/L,BD Phoenix
A259,tetracycline,>,4,mg/L,BD Phoenix
A26,cefotaxime,>,4,mg/L,BD Phoenix
A26,ceftazidime,<=,4,mg/L,BD Phoenix
A26,meropenem,<=,2,mg/L,BD Phoenix
A26,ciprofloxacin,>,1,mg/L,BD Phoenix
A26,gentamicin,>,4,mg/L,BD Phoenix
A26,tetracycline,>,4,mg/L,BD Phoenix
A260,cefotaxime,>,4,mg/L,BD Phoenix
A260,ceftazidime,<=,4,mg/L,BD Phoenix
A260,meropenem,<=,2,mg/L,BD Phoenix
A260,ciprofloxacin,>,1,mg/L,BD Phoenix
A260,gentamicin,>,4,mg/L,BD Phoenix
A260,tetracycline,>,4,mg/L,BD Phoenix
A262,cefotaxime,>,4,mg/L,BD Phoenix
A262,ceftazidime,<=,4,mg/L,BD Phoenix
A262,meropenem,<=,2,mg/L,BD Phoenix
A262,ciprofloxacin,>,1,mg/L,BD Phoenix
A262,gentamicin,>,4,mg/L,BD Phoenix
A262,tetracycline,>,4,mg/L,BD Phoenix
A263,cefotaxime,<=,4,mg/L,BD Phoenix
A263,ceftazidime,<=,4,mg/L,BD Phoenix
A263,meropenem,<=,2,mg/L,BD Phoenix
A263,ciprofloxacin,>,1,mg/L,BD Phoenix
A263,gentamicin,>,4,mg/L,BD Phoenix
A263,tetracycline,>,4,mg/L,BD Phoenix
A264,cefotaxime,<=,4,mg/L,BD Phoenix
A264,ceftazidime,<=,4,mg/L,BD Phoenix
A264,meropenem,<=,2,mg/L,BD Phoenix
A264,ciprofloxacin,<=,1,mg/L,BD Phoenix
A264,gentamicin,<=,4,mg/L,BD Phoenix
A264,tetracycline,<=,4,mg/L,BD Phoenix
A265,cefotaxime,>,4,mg/L,BD Phoenix
A265,ceftazidime,<=,4,mg/L,BD Phoenix
A265,meropenem,<=,2,mg/L,BD Phoenix
A265,ciprofloxacin,<=,1,mg/L,BD Phoenix
A265,gentamicin,>,4,mg/L,BD Phoenix
A265,tetracycline,>,4,mg/L,BD Phoenix
A266,cefotaxime,>,4,mg/L,BD Phoenix
A266,ceftazidime,<=,4,mg/L,BD Phoenix
A266,meropenem,<=,2,mg/L,BD Phoenix
A266,ciprofloxacin,>,1,mg/L,BD Phoenix
A266,gentamicin,>,4,mg/L,BD Phoenix
A266,tetracycline,>,4,mg/L,BD Phoenix
A267,cefotaxime,>,4,mg/L,BD Phoenix
A267,ceftazidime,<=,4,mg/L,BD Phoenix
A267,meropenem,<=,2,mg/L,BD Phoenix
A267,ciprofloxacin,>,1,mg/L,BD Phoenix
A267,gentamicin,>,4,mg/L,BD Phoenix
A267,tetracycline,>,4,mg/L,BD Phoenix
A268,cefotaxime,<=,4,mg/L,BD Phoenix
A268,ceftazidime,<=,4,mg/L,BD Phoenix
A268,meropenem,<=,2,mg/L,BD Phoenix
A268,ciprofloxacin,<=,1,mg/L,BD Phoenix
A268,gentamicin,>,4,mg/L,BD Phoenix
A268,tetracycline,>,4,mg/L,BD Phoenix
A269,cefotaxime,>,4,mg/L,BD Phoenix
A269,ceftazidime,>,4,mg/L,BD Phoenix
A269,meropenem,<=,2,mg/L,BD Phoenix
A269,ciprofloxacin,>,1,mg/L,BD Phoenix
A269,gentamicin,>,4,mg/L,BD Phoenix
A269,tetracycline,>,4,mg/L,BD Phoenix
A27,cefotaxime,>,4,mg/L,BD Phoenix
A27,ceftazidime,>,4,mg/L,BD Phoenix
A27,meropenem,<=,2,mg/L,BD Phoenix
A27,ciprofloxacin,>,1,mg/L,BD Phoenix
A27,gentamicin,>,4,mg/L,BD Phoenix
A27,tetracycline,>,4,mg/L,BD Phoenix
A271,cefotaxime,>,4,mg/L,BD Phoenix
A271,ceftazidime,<=,4,mg/L,BD Phoenix
A271,meropenem,<=,2,mg/L,BD Phoenix
A271,ciprofloxacin,<=,1,mg/L,BD Phoenix
A271,gentamicin,>,4,mg/L,BD Phoenix
A271,tetracycline,>,4,mg/L,BD Phoenix
A272,cefotaxime,<=,4,mg/L,BD Phoenix
A272,ceftazidime,<=,4,mg/L,BD Phoenix
A272,meropenem,<=,2,mg/L,BD Phoenix
A272,ciprofloxacin,>,1,mg/L,BD Phoenix
A272,gentamicin,>,4,mg/L,BD Phoenix
A272,tetracycline,>,4,mg/L,BD Phoenix
A273,cefotaxime,<=,4,mg/L,BD Phoenix
A273,ceftazidime,<=,4,mg/L,BD Phoenix
A273,meropenem,<=,2,mg/L,BD Phoenix
A273,ciprofloxacin,<=,1,mg/L,BD Phoenix
A273,gentamicin,<=,4,mg/L,BD Phoenix
A273,tetracycline,>,4,mg/L,BD Phoenix
A274,cefotaxime,<=,4,mg/L,BD Phoenix
A274,ceftazidime,<=,4,mg/L,BD Phoenix
A274,meropenem,<=,2,mg/L,BD Phoenix
A274,ciprofloxacin,<=,1,mg/L,BD Phoenix
A274,gentamicin,<=,4,mg/L,BD Phoenix
A274,tetracycline,<=,4,mg/L,BD Phoenix
A275,cefotaxime,<=,4,mg/L,BD Phoenix
A275,ceftazidime,<=,4,mg/L,BD Phoenix
A275,meropenem,<=,2,mg/L,BD Phoenix
A275,ciprofloxacin,>,1,mg/L,BD Phoenix
A275,gentamicin,>,4,mg/L,BD Phoenix
A275,tetracycline,>,4,mg/L,BD Phoenix
A276,cefotaxime,>,4,mg/L,BD Phoenix
A276,ceftazidime,<=,4,mg/L,BD Phoenix
A276,meropenem,<=,2,mg/L,BD Phoenix
A276,ciprofloxacin,>,1,mg/L,BD Phoenix
A276,gentamicin,>,4,mg/L,BD Phoenix
A276,tetracycline,>,4,mg/L,BD Phoenix
A277,cefotaxime,<=,4,mg/L,BD Phoenix
A277,ceftazidime,<=,4,mg/L,BD Phoenix
A277,meropenem,<=,2,mg/L,BD Phoenix
A277,ciprofloxacin,>,1,mg/L,BD Phoenix
A277,gentamicin,<=,4,mg/L,BD Phoenix
A277,tetracycline,>,4,mg/L,BD Phoenix
A278,cefotaxime,<=,4,mg/L,BD Phoenix
A278,ceftazidime,<=,4,mg/L,BD Phoenix
A278,meropenem,<=,2,mg/L,BD Phoenix
A278,ciprofloxacin,<=,1,mg/L,BD Phoenix
A278,gentamicin,<=,4,mg/L,BD Phoenix
A278,tetracycline,>,4,mg/L,BD Phoenix
A279,cefotaxime,>,4,mg/L,BD Phoenix
A279,ceftazidime,<=,4,mg/L,BD Phoenix
A279,meropenem,<=,2,mg/L,BD Phoenix
A279,ciprofloxacin,<=,1,mg/L,BD Phoenix
A279,gentamicin,<=,4,mg/L,BD Phoenix
A279,tetracycline,>,4,mg/L,BD Phoenix
A28,cefotaxime,<=,4,mg/L,BD Phoenix
A28,ceftazidime,<=,4,mg/L,BD Phoenix
A28,meropenem,<=,2,mg/L,BD Phoenix
A28,ciprofloxacin,<=,1,mg/L,BD Phoenix
A28,gentamicin,<=,4,mg/L,BD Phoenix
A28,tetracycline,>,4,mg/L,BD Phoenix
A280,cefotaxime,>,4,mg/L,BD Phoenix
A280,ceftazidime,<=,4,mg/L,BD Phoenix
A280,meropenem,<=,2,mg/L,BD Phoenix
A280,ciprofloxacin,<=,1,mg/L,BD Phoenix
A280,gentamicin,<=,4,mg/L,BD Phoenix
A280,tetracycline,>,4,mg/L,BD Phoenix
A281,cefotaxime,>,4,mg/L,BD Phoenix
A281,ceftazidime,>,4,mg/L,BD Phoenix
A281,meropenem,<=,2,mg/L,BD Phoenix
A281,ciprofloxacin,>,1,mg/L,BD Phoenix
A281,gentamicin,>,4,mg/L,BD Phoenix
A281,tetracycline,>,4,mg/L,BD Phoenix
A282,cefotaxime,<=,4,mg/L,BD Phoenix
A282,ceftazidime,<=,4,mg/L,BD Phoenix
A282,meropenem,<=,2,mg/L,BD Phoenix
A282,ciprofloxacin,>,1,mg/L,BD Phoenix
A282,gentamicin,>,4,mg/L,BD Phoenix
A282,tetracycline,>,4,mg/L,BD Phoenix
A283,cefotaxime,<=,4,mg/L,BD Phoenix
A283,ceftazidime,<=,4,mg/L,BD Phoenix
A283,meropenem,<=,2,mg/L,BD Phoenix
A283,ciprofloxacin,>,1,mg/L,BD Phoenix
A283,gentamicin,<=,4,mg/L,BD Phoenix
A283,tetracycline,>,4,mg/L,BD Phoenix
A284,cefotaxime,<=,4,mg/L,BD Phoenix
A284,ceftazidime,<=,4,mg/L,BD Phoenix
A284,meropenem,<=,2,mg/L,BD Phoenix
A284,ciprofloxacin,>,1,mg/L,BD Phoenix
A284,gentamicin,<=,4,mg/L,BD Phoenix
A284,tetracycline,>,4,mg/L,BD Phoenix
A285,cefotaxime,>,4,mg/L,BD Phoenix
A285,ceftazidime,<=,4,mg/L,BD Phoenix
A285,meropenem,<=,2,mg/L,BD Phoenix
A285,ciprofloxacin,<=,1,mg/L,BD Phoenix
A285,gentamicin,>,4,mg/L,BD Phoenix
A285,tetracycline,>,4,mg/L,BD Phoenix
A286,cefotaxime,>,4,mg/L,BD Phoenix
A286,ceftazidime,>,4,mg/L,BD Phoenix
A286,meropenem,<=,2,mg/L,BD Phoenix
A286,ciprofloxacin,>,1,mg/L,BD Phoenix
A286,gentamicin,>,4,mg/L,BD Phoenix
A286,tetracycline,>,4,mg/L,BD Phoenix
A287,cefotaxime,>,4,mg/L,BD Phoenix
A287,ceftazidime,>,4,mg/L,BD Phoenix
A287,meropenem,<=,2,mg/L,BD Phoenix
A287,ciprofloxacin,<=,1,mg/L,BD Phoenix
A287,gentamicin,<=,4,mg/L,BD Phoenix
A287,tetracycline,>,4,mg/L,BD Phoenix
A288,cefotaxime,>,4,mg/L,BD Phoenix
A288,ceftazidime,<=,4,mg/L,BD Phoenix
A288,meropenem,<=,2,mg/L,BD Phoenix
A288,ciprofloxacin,>,1,mg/L,BD Phoenix
A288,gentamicin,>,4,mg/L,BD Phoenix
A288,tetracycline,<=,4,mg/L,BD Phoenix
A29,cefotaxime,<=,4,mg/L,BD Phoenix
A29,ceftazidime,<=,4,mg/L,BD Phoenix
A29,meropenem,<=,2,mg/L,BD Phoenix
A29,ciprofloxacin,>,1,mg/L,BD Phoenix
A29,gentamicin,>,4,mg/L,BD Phoenix
A29,tetracycline,>,4,mg/L,BD Phoenix
A290,cefotaxime,>,4,mg/L,BD Phoenix
A290,ceftazidime,>,4,mg/L,BD Phoenix
A290,meropenem,<=,2,mg/L,BD Phoenix
A290,ciprofloxacin,>,1,mg/L,BD Phoenix
A290,gentamicin,>,4,mg/L,BD Phoenix
A290,tetracycline,>,4,mg/L,BD Phoenix
A291,cefotaxime,<=,4,mg/L,BD Phoenix
A291,ceftazidime,<=,4,mg/L,BD Phoenix
A291,meropenem,<=,2,mg/L,BD Phoenix
A291,ciprofloxacin,<=,1,mg/L,BD Phoenix
A291,gentamicin,>,4,mg/L,BD Phoenix
A291,tetracycline,>,4,mg/L,BD Phoenix
A292,cefotaxime,<=,4,mg/L,BD Phoenix
A292,ceftazidime,<=,4,mg/L,BD Phoenix
A292,meropenem,<=,2,mg/L,BD Phoenix
A292,ciprofloxacin,<=,1,mg/L,BD Phoenix
A292,gentamicin,>,4,mg/L,BD Phoenix
A292,tetracycline,>,4,mg/L,BD Phoenix
A293,cefotaxime,>,4,mg/L,BD Phoenix
A293,ceftazidime,>,4,mg/L,BD Phoenix
A293,meropenem,<=,2,mg/L,BD Phoenix
A293,ciprofloxacin,>,1,mg/L,BD Phoenix
A293,gentamicin,>,4,mg/L,BD Phoenix
A293,tetracycline,>,4,mg/L,BD Phoenix
A294,cefotaxime,>,4,mg/L,BD Phoenix
A294,ceftazidime,<=,4,mg/L,BD Phoenix
A294,meropenem,<=,2,mg/L,BD Phoenix
A294,ciprofloxacin,<=,1,mg/L,BD Phoenix
A294,gentamicin,>,4,mg/L,BD Phoenix
A294,tetracycline,>,4,mg/L,BD Phoenix
A295,cefotaxime,<=,4,mg/L,BD Phoenix
A295,ceftazidime,<=,4,mg/L,BD Phoenix
A295,meropenem,<=,2,mg/L,BD Phoenix
A295,ciprofloxacin,>,1,mg/L,BD Phoenix
A295,gentamicin,>,4,mg/L,BD Phoenix
A295,tetracycline,<=,4,mg/L,BD Phoenix
A296,cefotaxime,>,4,mg/L,BD Phoenix
A296,ceftazidime,<=,4,mg/L,BD Phoenix
A296,meropenem,<=,2,mg/L,BD Phoenix
A296,ciprofloxacin,<=,1,mg/L,BD Phoenix
A296,gentamicin,<=,4,mg/L,BD Phoenix
A296,tetracycline,<=,4,mg/L,BD Phoenix
A297,cefotaxime,>,4,mg/L,BD Phoenix
A297,ceftazidime,<=,4,mg/L,BD Phoenix
A297,meropenem,<=,2,mg/L,BD Phoenix
A297,ciprofloxacin,>,1,mg/L,BD Phoenix
A297,gentamicin,>,4,mg/L,BD Phoenix
A297,tetracycline,>,4,mg/L,BD Phoenix
A298,cefotaxime,>,4,mg/L,BD Phoenix
A298,ceftazidime,<=,4,mg/L,BD Phoenix
A298,meropenem,<=,2,mg/L,BD Phoenix
A298,ciprofloxacin,<=,1,mg/L,BD Phoenix
A298,gentamicin,>,4,mg/L,BD Phoenix
A298,tetracycline,>,4,mg/L,BD Phoenix
A299,cefotaxime,>,4,mg/L,BD Phoenix
A299,ceftazidime,>,4,mg/L,BD Phoenix
A299,meropenem,<=,2,mg/L,BD Phoenix
A299,ciprofloxacin,>,1,mg/L,BD Phoenix
A299,gentamicin,>,4,mg/L,BD Phoenix
A299,tetracycline,<=,4,mg/L,BD Phoenix
A3,cefotaxime,>,4,mg/L,BD Phoenix
A3,ceftazidime,>,4,mg/L,BD Phoenix
A3,meropenem,<=,2,mg/L,BD Phoenix
A3,ciprofloxacin,>,1,mg/L,BD Phoenix
A3,gentamicin,>,4,mg/L,BD Phoenix
A3,tetracycline,>,4,mg/L,BD Phoenix
A30,cefotaxime,>,4,mg/L,BD Phoenix
A30,ceftazidime,<=,4,mg/L,BD Phoenix
A30,meropenem,<=,2,mg/L,BD Phoenix
A30,ciprofloxacin,>,1,mg/L,BD Phoenix
A30,gentamicin,>,4,mg/L,BD Phoenix
A30,tetracycline,>,4,mg/L,BD Phoenix
A300,cefotaxime,<=,4,mg/L,BD Phoenix
A300,ceftazidime,<=,4,mg/L,BD Phoenix
A300,meropenem,<=,2,mg/L,BD Phoenix
A300,ciprofloxacin,<=,1,mg/L,BD Phoenix
A300,gentamicin,<=,4,mg/L,BD Phoenix
A300,tetracycline,>,4,mg/L,BD Phoenix
A301,cefotaxime,>,4,mg/L,BD Phoenix
A301,ceftazidime,<=,4,mg/L,BD Phoenix
A301,meropenem,<=,2,mg/L,BD Phoenix
A301,ciprofloxacin,>,1,mg/L,BD Phoenix
A301,gentamicin,>,4,mg/L,BD Phoenix
A301,tetracycline,>,4,mg/L,BD Phoenix
A302,cefotaxime,>,4,mg/L,BD Phoenix
A302,ceftazidime,>,4,mg/L,BD Phoenix
A302,meropenem,<=,2,mg/L,BD Phoenix
A302,ciprofloxacin,>,1,mg/L,BD Phoenix
A302,gentamicin,>,4,mg/L,BD Phoenix
A302,tetracycline,>,4,mg/L,BD Phoenix
A303,cefotaxime,<=,4,mg/L,BD Phoenix
A303,ceftazidime,<=,4,mg/L,BD Phoenix
A303,meropenem,<=,2,mg/L,BD Phoenix
A303,ciprofloxacin,>,1,mg/L,BD Phoenix
A303,gentamicin,>,4,mg/L,BD Phoenix
A303,tetracycline,>,4,mg/L,BD Phoenix
A304,cefotaxime,>,4,mg/L,BD Phoenix
A304,ceftazidime,>,4,mg/L,BD Phoenix
A304,meropenem,<=,2,mg/L,BD Phoenix
A304,ciprofloxacin,>,1,mg/L,BD Phoenix
A304,gentamicin,>,4,mg/L,BD Phoenix
A304,tetracycline,>,4,mg/L,BD Phoenix
A305,cefotaxime,<=,4,mg/L,BD Phoenix
A305,ceftazidime,<=,4,mg/L,BD Phoenix
A305,meropenem,<=,2,mg/L,BD Phoenix
A305,ciprofloxacin,>,1,mg/L,BD Phoenix
A305,gentamicin,>,4,mg/L,BD Phoenix
A305,tetracycline,>,4,mg/L,BD Phoenix
A307,cefotaxime,>,4,mg/L,BD Phoenix
A307,ceftazidime,>,4,mg/L,BD Phoenix
A307,meropenem,<=,2,mg/L,BD Phoenix
A307,ciprofloxacin,<=,1,mg/L,BD Phoenix
A307,gentamicin,>,4,mg/L,BD Phoenix
A307,tetracycline,>,4,mg/L,BD Phoenix
A308,cefotaxime,<=,4,mg/L,BD Phoenix
A308,ceftazidime,<=,4,mg/L,BD Phoenix
A308,meropenem,<=,2,mg/L,BD Phoenix
A308,ciprofloxacin,>,1,mg/L,BD Phoenix
A308,gentamicin,>,4,mg/L,BD Phoenix
A308,tetracycline,>,4,mg/L,BD Phoenix
A309,cefotaxime,>,4,mg/L,BD Phoenix
A309,ceftazidime,<=,4,mg/L,BD Phoenix
A309,meropenem,<=,2,mg/L,BD Phoenix
A309,ciprofloxacin,<=,1,mg/L,BD Phoenix
A309,gentamicin,>,4,mg/L,BD Phoenix
A309,tetracycline,>,4,mg/L,BD Phoenix
A31,cefotaxime,<=,4,mg/L,BD Phoenix
A31,ceftazidime,<=,4,mg/L,BD Phoenix
A31,meropenem,<=,2,mg/L,BD Phoenix
A31,ciprofloxacin,>,1,mg/L,BD Phoenix
A31,gentamicin,>,4,mg/L,BD Phoenix
A31,tetracycline,>,4,mg/L,BD Phoenix
A310,cefotaxime,<=,4,mg/L,BD Phoenix
A310,ceftazidime,<=,4,mg/L,BD Phoenix
A310,meropenem,<=,2,mg/L,BD Phoenix
A310,ciprofloxacin,<=,1,mg/L,BD Phoenix
A310,gentamicin,<=,4,mg/L,BD Phoenix
A310,tetracycline,>,4,mg/L,BD Phoenix
A312,cefotaxime,>,4,mg/L,BD Phoenix
A312,ceftazidime,<=,4,mg/L,BD Phoenix
A312,meropenem,<=,2,mg/L,BD Phoenix
A312,ciprofloxacin,>,1,mg/L,BD Phoenix
A312,gentamicin,>,4,mg/L,BD Phoenix
A312,tetracycline,>,4,mg/L,BD Phoenix
A313,cefotaxime,>,4,mg/L,BD Phoenix
A313,ceftazidime,<=,4,mg/L,BD Phoenix
A313,meropenem,<=,2,mg/L,BD Phoenix
A313,ciprofloxacin,>,1,mg/L,BD Phoenix
A313,gentamicin,>,4,mg/L,BD Phoenix
A313,tetracycline,>,4,mg/L,BD Phoenix
A314,cefotaxime,>,4,mg/L,BD Phoenix
A314,ceftazidime,>,4,mg/L,BD Phoenix
A314,meropenem,<=,2,mg/L,BD Phoenix
A314,ciprofloxacin,>,1,mg/L,BD Phoenix
A314,gentamicin,>,4,mg/L,BD Phoenix
A314,tetracycline,>,4,mg/L,BD Phoenix
A315,cefotaxime,<=,4,mg/L,BD Phoenix
A315,ceftazidime,<=,4,mg/L,BD Phoenix
A315,meropenem,<=,2,mg/L,BD Phoenix
A315,ciprofloxacin,<=,1,mg/L,BD Phoenix
A315,gentamicin,<=,4,mg/L,BD Phoenix
A315,tetracycline,>,4,mg/L,BD Phoenix
A316,cefotaxime,<=,4,mg/L,BD Phoenix
A316,ceftazidime,<=,4,mg/L,BD Phoenix
A316,meropenem,<=,2,mg/L,BD Phoenix
A316,ciprofloxacin,<=,1,mg/L,BD Phoenix
A316,gentamicin,<=,4,mg/L,BD Phoenix
A316,tetracycline,>,4,mg/L,BD Phoenix
A317,cefotaxime,>,4,mg/L,BD Phoenix
A317,ceftazidime,<=,4,mg/L,BD Phoenix
A317,meropenem,<=,2,mg/L,BD Phoenix
A317,ciprofloxacin,<=,1,mg/L,BD Phoenix
A317,gentamicin,<=,4,mg/L,BD Phoenix
A317,tetracycline,<=,4,mg/L,BD Phoenix
A318,cefotaxime,>,4,mg/L,BD Phoenix
A318,ceftazidime,>,4,mg/L,BD Phoenix
A318,meropenem,<=,2,mg/L,BD Phoenix
A318,ciprofloxacin,>,1,mg/L,BD Phoenix
A318,gentamicin,>,4,mg/L,BD Phoenix
A318,tetracycline,>,4,mg/L,BD Phoenix
A319,cefotaxime,>,4,mg/L,BD Phoenix
A319,ceftazidime,<=,4,mg/L,BD Phoenix
A319,meropenem,<=,2,mg/L,BD Phoenix
A319,ciprofloxacin,>,1,mg/L,BD Phoenix
A319,gentamicin,>,4,mg/L,BD Phoenix
A319,tetracycline,>,4,mg/L,BD Phoenix
A32,cefotaxime,<=,4,mg/L,BD Phoenix
A32,ceftazidime,<=,4,mg/L,BD Phoenix
A32,meropenem,<=,2,mg/L,BD Phoenix
A32,ciprofloxacin,>,1,mg/L,BD Phoenix
A32,gentamicin,<=,4,mg/L,BD Phoenix
A32,tetracycline,>,4,mg/L,BD Phoenix
A320,cefotaxime,<=,4,mg/L,BD Phoenix
A320,ceftazidime,<=,4,mg/L,BD Phoenix
A320,meropenem,<=,2,mg/L,BD Phoenix
A320,ciprofloxacin,>,1,mg/L,BD Phoenix
A320,gentamicin,>,4,mg/L,BD Phoenix
A320,tetracycline,>,4,mg/L,BD Phoenix
A321,cefotaxime,<=,4,mg/L,BD Phoenix
A321,ceftazidime,<=,4,mg/L,BD Phoenix
A321,meropenem,<=,2,mg/L,BD Phoenix
A321,ciprofloxacin,>,1,mg/L,BD Phoenix
A321,gentamicin,>,4,mg/L,BD Phoenix
A321,tetracycline,>,4,mg/L,BD Phoenix
A322,cefotaxime,<=,4,mg/L,BD Phoenix
A322,ceftazidime,<=,4,mg/L,BD Phoenix
A322,meropenem,<=,2,mg/L,BD Phoenix
A322,ciprofloxacin,<=,1,mg/L,BD Phoenix
A322,gentamicin,<=,4,mg/L,BD Phoenix
A322,tetracycline,>,4,mg/L,BD Phoenix
A323,cefotaxime,>,4,mg/L,BD Phoenix
A323,ceftazidime,<=,4,mg/L,BD Phoenix
A323,meropenem,<=,2,mg/L,BD Phoenix
A323,ciprofloxacin,>,1,mg/L,BD Phoenix
A323,gentamicin,>,4,mg/L,BD Phoenix
A323,tetracycline,>,4,mg/L,BD Phoenix
A324,cefotaxime,<=,4,mg/L,BD Phoenix
A324,ceftazidime,<=,4,mg/L,BD Phoenix
A324,meropenem,<=,2,mg/L,BD Phoenix
A324,ciprofloxacin,<=,1,mg/L,BD Phoenix
A324,gentamicin,>,4,mg/L,BD Phoenix
A324,tetracycline,>,4,mg/L,BD Phoenix
A325,cefotaxime,>,4,mg/L,BD Phoenix
A325,ceftazidime,>,4,mg/L,BD Phoenix
A325,meropenem,<=,2,mg/L,BD Phoenix
A325,ciprofloxacin,>,1,mg/L,BD Phoenix
A325,gentamicin,<=,4,mg/L,BD Phoenix
A325,tetracycline,>,4,mg/L,BD Phoenix
A326,cefotaxime,<=,4,mg/L,BD Phoenix
A326,ceftazidime,<=,4,mg/L,BD Phoenix
A326,meropenem,<=,2,mg/L,BD Phoenix
A326,ciprofloxacin,>,1,mg/L,BD Phoenix
A326,gentamicin,<=,4,mg/L,BD Phoenix
A326,tetracycline,>,4,mg/L,BD Phoenix
A327,cefotaxime,<=,4,mg/L,BD Phoenix
A327,ceftazidime,<=,4,mg/L,BD Phoenix
A327,meropenem,<=,2,mg/L,BD Phoenix
A327,ciprofloxacin,>,1,mg/L,BD Phoenix
A327,gentamicin,>,4,mg/L,BD Phoenix
A327,tetracycline,>,4,mg/L,BD Phoenix
A328,cefotaxime,<=,4,mg/L,BD Phoenix
A328,ceftazidime,<=,4,mg/L,BD Phoenix
A328,meropenem,<=,2,mg/L,BD Phoenix
A328,ciprofloxacin,>,1,mg/L,BD Phoenix
A328,gentamicin,>,4,mg/L,BD Phoenix
A328,tetracycline,>,4,mg/L,BD Phoenix
A329,cefotaxime,<=,4,mg/L,BD Phoenix
A329,ceftazidime,<=,4,mg/L,BD Phoenix
A329,meropenem,<=,2,mg/L,BD Phoenix
A329,ciprofloxacin,>,1,mg/L,BD Phoenix
A329,gentamicin,>,4,mg/L,BD Phoenix
A329,tetracycline,>,4,mg/L,BD Phoenix
A33,cefotaxime,<=,4,mg/L,BD Phoenix
A33,ceftazidime,<=,4,mg/L,BD Phoenix
A33,meropenem,<=,2,mg/L,BD Phoenix
A33,ciprofloxacin,<=,1,mg/L,BD Phoenix
A33,gentamicin,>,4,mg/L,BD Phoenix
A33,tetracycline,>,4,mg/L,BD Phoenix
A330,cefotaxime,>,4,mg/L,BD Phoenix
A330,ceftazidime,<=,4,mg/L,BD Phoenix
A330,meropenem,<=,2,mg/L,BD Phoenix
A330,ciprofloxacin,>,1,mg/L,BD Phoenix
A330,gentamicin,>,4,mg/L,BD Phoenix
A330,tetracycline,>,4,mg/L,BD Phoenix
A331,cefotaxime,>,4,mg/L,BD Phoenix
A331,ceftazidime,<=,4,mg/L,BD Phoenix
A331,meropenem,<=,2,mg/L,BD Phoenix
A331,ciprofloxacin,>,1,mg/L,BD Phoenix
A331,gentamicin,<=,4,mg/L,BD Phoenix
A331,tetracycline,>,4,mg/L,BD Phoenix
A332,cefotaxime,<=,4,mg/L,BD Phoenix
A332,ceftazidime,<=,4,mg/L,BD Phoenix
A332,meropenem,<=,2,mg/L,BD Phoenix
A332,ciprofloxacin,>,1,mg/L,BD Phoenix
A332,gentamicin,>,4,mg/L,BD Phoenix
A332,tetracycline,>,4,mg/L,BD Phoenix
A333,cefotaxime,>,4,mg/L,BD Phoenix
A333,ceftazidime,<=,4,mg/L,BD Phoenix
A333,meropenem,<=,2,mg/L,BD Phoenix
A333,ciprofloxacin,>,1,mg/L,BD Phoenix
A333,gentamicin,>,4,mg/L,BD Phoenix
A333,tetracycline,>,4,mg/L,BD Phoenix
A334,cefotaxime,>,4,mg/L,BD Phoenix
A334,ceftazidime,<=,4,mg/L,BD Phoenix
A334,meropenem,<=,2,mg/L,BD Phoenix
A334,ciprofloxacin,>,1,mg/L,BD Phoenix
A334,gentamicin,>,4,mg/L,BD Phoenix
A334,tetracycline,>,4,mg/L,BD Phoenix
A335,cefotaxime,>,4,mg/L,BD Phoenix
A335,ceftazidime,>,4,mg/L,BD Phoenix
A335,meropenem,<=,2,mg/L,BD Phoenix
A335,ciprofloxacin,<=,1,mg/L,BD Phoenix
A335,gentamicin,>,4,mg/L,BD Phoenix
A335,tetracycline,>,4,mg/L,BD Phoenix
A336,cefotaxime,>,4,mg/L,BD Phoenix
A336,ceftazidime,<=,4,mg/L,BD Phoenix
A336,meropenem,<=,2,mg/L,BD Phoenix
A336,ciprofloxacin,>,1,mg/L,BD Phoenix
A336,gentamicin,>,4,mg/L,BD Phoenix
A336,tetracycline,>,4,mg/L,BD Phoenix
A337,cefotaxime,<=,4,mg/L,BD Phoenix
A337,ceftazidime,<=,4,mg/L,BD Phoenix
A337,meropenem,<=,2,mg/L,BD Phoenix
A337,ciprofloxacin,<=,1,mg/L,BD Phoenix
A337,gentamicin,<=,4,mg/L,BD Phoenix
A337,tetracycline,>,4,mg/L,BD Phoenix
A338,cefotaxime,<=,4,mg/L,BD Phoenix
A338,ceftazidime,<=,4,mg/L,BD Phoenix
A338,meropenem,<=,2,mg/L,BD Phoenix
A338,ciprofloxacin,>,1,mg/L,BD Phoenix
A338,gentamicin,>,4,mg/L,BD Phoenix
A338,tetracycline,>,4,mg/L,BD Phoenix
A339,cefotaxime,<=,4,mg/L,BD Phoenix
A339,ceftazidime,<=,4,mg/L,BD Phoenix
A339,meropenem,<=,2,mg/L,BD Phoenix
A339,ciprofloxacin,>,1,mg/L,BD Phoenix
A339,gentamicin,>,4,mg/L,BD Phoenix
A339,tetracycline,>,4,mg/L,BD Phoenix
A34,cefotaxime,>,4,mg/L,BD Phoenix
A34,ceftazidime,<=,4,mg/L,BD Phoenix
A34,meropenem,<=,2,mg/L,BD Phoenix
A34,ciprofloxacin,>,1,mg/L,BD Phoenix
A34,gentamicin,>,4,mg/L,BD Phoenix
A34,tetracycline,>,4,mg/L,BD Phoenix
A340,cefotaxime,<=,4,mg/L,BD Phoenix
A340,ceftazidime,<=,4,mg/L,BD Phoenix
A340,meropenem,<=,2,mg/L,BD Phoenix
A340,ciprofloxacin,>,1,mg/L,BD Phoenix
A340,gentamicin,>,4,mg/L,BD Phoenix
A340,tetracycline,>,4,mg/L,BD Phoenix
A341,cefotaxime,>,4,mg/L,BD Phoenix
A341,ceftazidime,>,4,mg/L,BD Phoenix
A341,meropenem,<=,2,mg/L,BD Phoenix
A341,ciprofloxacin,>,1,mg/L,BD Phoenix
A341,gentamicin,>,4,mg/L,BD Phoenix
A341,tetracycline,>,4,mg/L,BD Phoenix
A342,cefotaxime,<=,4,mg/L,BD Phoenix
A342,ceftazidime,<=,4,mg/L,BD Phoenix
A342,meropenem,<=,2,mg/L,BD Phoenix
A342,ciprofloxacin,>,1,mg/L,BD Phoenix
A342,gentamicin,<=,4,mg/L,BD Phoenix
A342,tetracycline,>,4,mg/L,BD Phoenix
A343,cefotaxime,>,4,mg/L,BD Phoenix
A343,ceftazidime,>,4,mg/L,BD Phoenix
A343,meropenem,<=,2,mg/L,BD Phoenix
A343,ciprofloxacin,>,1,mg/L,BD Phoenix
A343,gentamicin,<=,4,mg/L,BD Phoenix
A343,tetracycline,>,4,mg/L,BD Phoenix
A344,cefotaxime,<=,4,mg/L,BD Phoenix
A344,ceftazidime,<=,4,mg/L,BD Phoenix
A344,meropenem,<=,2,mg/L,BD Phoenix
A344,ciprofloxacin,>,1,mg/L,BD Phoenix
A344,gentamicin,>,4,mg/L,BD Phoenix
A344,tetracycline,>,4,mg/L,BD Phoenix
A345,cefotaxime,>,4,mg/L,BD Phoenix
A345,ceftazidime,<=,4,mg/L,BD Phoenix
A345,meropenem,<=,2,mg/L,BD Phoenix
A345,ciprofloxacin,>,1,mg/L,BD Phoenix
A345,gentamicin,>,4,mg/L,BD Phoenix
A345,tetracycline,>,4,mg/L,BD Phoenix
A346,cefotaxime,<=,4,mg/L,BD Phoenix
A346,ceftazidime,<=,4,mg/L,BD Phoenix
A346,meropenem,<=,2,mg/L,BD Phoenix
A346,ciprofloxacin,>,1,mg/L,BD Phoenix
A346,gentamicin,>,4,mg/L,BD Phoenix
A346,tetracycline,>,4,mg/L,BD Phoenix
A347,cefotaxime,<=,4,mg/L,BD Phoenix
A347,ceftazidime,<=,4,mg/L,BD Phoenix
A347,meropenem,<=,2,mg/L,BD Phoenix
A347,ciprofloxacin,>,1,mg/L,BD Phoenix
A347,gentamicin,>,4,mg/L,BD Phoenix
A347,tetracycline,>,4,mg/L,BD Phoenix
A348,cefotaxime,<=,4,mg/L,BD Phoenix
A348,ceftazidime,<=,4,mg/L,BD Phoenix
A348,meropenem,<=,2,mg/L,BD Phoenix
A348,ciprofloxacin,<=,1,mg/L,BD Phoenix
A348,gentamicin,>,4,mg/L,BD Phoenix
A348,tetracycline,>,4,mg/L,BD Phoenix
A349,cefotaxime,<=,4,mg/L,BD Phoenix
A349,ceftazidime,<=,4,mg/L,BD Phoenix
A349,meropenem,<=,2,mg/L,BD Phoenix
A349,ciprofloxacin,>,1,mg/L,BD Phoenix
A349,gentamicin,>,4,mg/L,BD Phoenix
A349,tetracycline,>,4,mg/L,BD Phoenix
A35,cefotaxime,>,4,mg/L,BD Phoenix
A35,ceftazidime,>,4,mg/L,BD Phoenix
A35,meropenem,<=,2,mg/L,BD Phoenix
A35,ciprofloxacin,>,1,mg/L,BD Phoenix
A35,gentamicin,>,4,mg/L,BD Phoenix
A35,tetracycline,>,4,mg/L,BD Phoenix
A351,cefotaxime,<=,4,mg/L,BD Phoenix
A351,ceftazidime,<=,4,mg/L,BD Phoenix
A351,meropenem,<=,2,mg/L,BD Phoenix
A351,ciprofloxacin,>,1,mg/L,BD Phoenix
A351,gentamicin,>,4,mg/L,BD Phoenix
A351,tetracycline,>,4,mg/L,BD Phoenix
A352,cefotaxime,>,4,mg/L,BD Phoenix
A352,ceftazidime,>,4,mg/L,BD Phoenix
A352,meropenem,<=,2,mg/L,BD Phoenix
A352,ciprofloxacin,>,1,mg/L,BD Phoenix
A352,gentamicin,>,4,mg/L,BD Phoenix
A352,tetracycline,>,4,mg/L,BD Phoenix
A353,cefotaxime,>,4,mg/L,BD Phoenix
A353,ceftazidime,>,4,mg/L,BD Phoenix
A353,meropenem,<=,2,mg/L,BD Phoenix
A353,ciprofloxacin,>,1,mg/L,BD Phoenix
A353,gentamicin,>,4,mg/L,BD Phoenix
A353,tetracycline,>,4,mg/L,BD Phoenix
A354,cefotaxime,>,4,mg/L,BD Phoenix
A354,ceftazidime,>,4,mg/L,BD Phoenix
A354,meropenem,<=,2,mg/L,BD Phoenix
A354,ciprofloxacin,>,1,mg/L,BD Phoenix
A354,gentamicin,<=,4,mg/L,BD Phoenix
A354,tetracycline,>,4,mg/L,BD Phoenix
A355,cefotaxime,>,4,mg/L,BD Phoenix
A355,ceftazidime,<=,4,mg/L,BD Phoenix
A355,meropenem,<=,2,mg/L,BD Phoenix
A355,ciprofloxacin,>,1,mg/L,BD Phoenix
A355,gentamicin,>,4,mg/L,BD Phoenix
A355,tetracycline,>,4,mg/L,BD Phoenix
A357,cefotaxime,>,4,mg/L,BD Phoenix
A357,ceftazidime,<=,4,mg/L,BD Phoenix
A357,meropenem,<=,2,mg/L,BD Phoenix
A357,ciprofloxacin,>,1,mg/L,BD Phoenix
A357,gentamicin,>,4,mg/L,BD Phoenix
A357,tetracycline,>,4,mg/L,BD Phoenix
A358,cefotaxime,<=,4,mg/L,BD Phoenix
A358,ceftazidime,<=,4,mg/L,BD Phoenix
A358,meropenem,<=,2,mg/L,BD Phoenix
A358,ciprofloxacin,>,1,mg/L,BD Phoenix
A358,gentamicin,>,4,mg/L,BD Phoenix
A358,tetracycline,>,4,mg/L,BD Phoenix
A359,cefotaxime,<=,4,mg/L,BD Phoenix
A359,ceftazidime,<=,4,mg/L,BD Phoenix
A359,meropenem,<=,2,mg/L,BD Phoenix
A359,ciprofloxacin,>,1,mg/L,BD Phoenix
A359,gentamicin,>,4,mg/L,BD Phoenix
A359,tetracycline,>,4,mg/L,BD Phoenix
A36,cefotaxime,>,4,mg/L,BD Phoenix
A36,ceftazidime,<=,4,mg/L,BD Phoenix
A36,meropenem,<=,2,mg/L,BD Phoenix
A36,ciprofloxacin,>,1,mg/L,BD Phoenix
A36,gentamicin,>,4,mg/L,BD Phoenix
A36,tetracycline,>,4,mg/L,BD Phoenix
A360,cefotaxime,<=,4,mg/L,BD Phoenix
A360,ceftazidime,>,4,mg/L,BD Phoenix
A360,meropenem,<=,2,mg/L,BD Phoenix
A360,ciprofloxacin,<=,1,mg/L,BD Phoenix
A360,gentamicin,<=,4,mg/L,BD Phoenix
A360,tetracycline,>,4,mg/L,BD Phoenix
A361,cefotaxime,<=,4,mg/L,BD Phoenix
A361,ceftazidime,<=,4,mg/L,BD Phoenix
A361,meropenem,<=,2,mg/L,BD Phoenix
A361,ciprofloxacin,<=,1,mg/L,BD Phoenix
A361,gentamicin,>,4,mg/L,BD Phoenix
A361,tetracycline,>,4,mg/L,BD Phoenix
A362,cefotaxime,<=,4,mg/L,BD Phoenix
A362,ceftazidime,<=,4,mg/L,BD Phoenix
A362,meropenem,<=,2,mg/L,BD Phoenix
A362,ciprofloxacin,>,1,mg/L,BD Phoenix
A362,gentamicin,<=,4,mg/L,BD Phoenix
A362,tetracycline,>,4,mg/L,BD Phoenix
A363,cefotaxime,>,4,mg/L,BD Phoenix
A363,ceftazidime,<=,4,mg/L,BD Phoenix
A363,meropenem,<=,2,mg/L,BD Phoenix
A363,ciprofloxacin,>,1,mg/L,BD Phoenix
A363,gentamicin,>,4,mg/L,BD Phoenix
A363,tetracycline,>,4,mg/L,BD Phoenix
A364,cefotaxime,>,4,mg/L,BD Phoenix
A364,ceftazidime,<=,4,mg/L,BD Phoenix
A364,meropenem,<=,2,mg/L,BD Phoenix
A364,ciprofloxacin,>,1,mg/L,BD Phoenix
A364,gentamicin,>,4,mg/L,BD Phoenix
A364,tetracycline,>,4,mg/L,BD Phoenix
A365,cefotaxime,>,4,mg/L,BD Phoenix
A365,ceftazidime,>,4,mg/L,BD Phoenix
A365,meropenem,<=,2,mg/L,BD Phoenix
A365,ciprofloxacin,<=,1,mg/L,BD Phoenix
A365,gentamicin,>,4,mg/L,BD Phoenix
A365,tetracycline,>,4,mg/L,BD Phoenix
A366,cefotaxime,>,4,mg/L,BD Phoenix
A366,ceftazidime,>,4,mg/L,BD Phoenix
A366,meropenem,<=,2,mg/L,BD Phoenix
A366,ciprofloxacin,>,1,mg/L,BD Phoenix
A366,gentamicin,<=,4,mg/L,BD Phoenix
A366,tetracycline,>,4,mg/L,BD Phoenix
A367,cefotaxime,<=,4,mg/L,BD Phoenix
A367,ceftazidime,<=,4,mg/L,BD Phoenix
A367,meropenem,<=,2,mg/L,BD Phoenix
A367,ciprofloxacin,<=,1,mg/L,BD Phoenix
A367,gentamicin,<=,4,mg/L,BD Phoenix
A367,tetracycline,>,4,mg/L,BD Phoenix
A368,cefotaxime,<=,4,mg/L,BD Phoenix
A368,ceftazidime,<=,4,mg/L,BD Phoenix
A368,meropenem,<=,2,mg/L,BD Phoenix
A368,ciprofloxacin,<=,1,mg/L,BD Phoenix
A368,gentamicin,<=,4,mg/L,BD Phoenix
A368,tetracycline,>,4,mg/L,BD Phoenix
A369,cefotaxime,>,4,mg/L,BD Phoenix
A369,ceftazidime,>,4,mg/L,BD Phoenix
A369,meropenem,<=,2,mg/L,BD Phoenix
A369,ciprofloxacin,>,1,mg/L,BD Phoenix
A369,gentamicin,>,4,mg/L,BD Phoenix
A369,tetracycline,>,4,mg/L,BD Phoenix
A37,cefotaxime,<=,4,mg/L,BD Phoenix
A37,ceftazidime,<=,4,mg/L,BD Phoenix
A37,meropenem,<=,2,mg/L,BD Phoenix
A37,ciprofloxacin,>,1,mg/L,BD Phoenix
A37,gentamicin,<=,4,mg/L,BD Phoenix
A37,tetracycline,>,4,mg/L,BD Phoenix
A370,cefotaxime,<=,4,mg/L,BD Phoenix
A370,ceftazidime,<=,4,mg/L,BD Phoenix
A370,meropenem,<=,2,mg/L,BD Phoenix
A370,ciprofloxacin,>,1,mg/L,BD Phoenix
A370,gentamicin,<=,4,mg/L,BD Phoenix
A370,tetracycline,>,4,mg/L,BD Phoenix
A371,cefotaxime,<=,4,mg/L,BD Phoenix
A371,ceftazidime,<=,4,mg/L,BD Phoenix
A371,meropenem,<=,2,mg/L,BD Phoenix
A371,ciprofloxacin,<=,1,mg/L,BD Phoenix
A371,gentamicin,<=,4,mg/L,BD Phoenix
A371,tetracycline,>,4,mg/L,BD Phoenix
A372,cefotaxime,>,4,mg/L,BD Phoenix
A372,ceftazidime,<=,4,mg/L,BD Phoenix
A372,meropenem,<=,2,mg/L,BD Phoenix
A372,ciprofloxacin,>,1,mg/L,BD Phoenix
A372,gentamicin,>,4,mg/L,BD Phoenix
A372,tetracycline,>,4,mg/L,BD Phoenix
A373,cefotaxime,>,4,mg/L,BD Phoenix
A373,ceftazidime,<=,4,mg/L,BD Phoenix
A373,meropenem,<=,2,mg/L,BD Phoenix
A373,ciprofloxacin,>,1,mg/L,BD Phoenix
A373,gentamicin,>,4,mg/L,BD Phoenix
A373,tetracycline,<=,4,mg/L,BD Phoenix
A374,cefotaxime,<=,4,mg/L,BD Phoenix
A374,ceftazidime,<=,4,mg/L,BD Phoenix
A374,meropenem,<=,2,mg/L,BD Phoenix
A374,ciprofloxacin,<=,1,mg/L,BD Phoenix
A374,gentamicin,<=,4,mg/L,BD Phoenix
A374,tetracycline,>,4,mg/L,BD Phoenix
A375,cefotaxime,<=,4,mg/L,BD Phoenix
A375,ceftazidime,<=,4,mg/L,BD Phoenix
A375,meropenem,<=,2,mg/L,BD Phoenix
A375,ciprofloxacin,<=,1,mg/L,BD Phoenix
A375,gentamicin,<=,4,mg/L,BD Phoenix
A375,tetracycline,>,4,mg/L,BD Phoenix
A376,cefotaxime,>,4,mg/L,BD Phoenix
A376,ceftazidime,>,4,mg/L,BD Phoenix
A376,meropenem,>,2,mg/L,BD Phoenix
A376,ciprofloxacin,>,1,mg/L,BD Phoenix
A376,gentamicin,>,4,mg/L,BD Phoenix
A376,tetracycline,>,4,mg/L,BD Phoenix
A377,cefotaxime,>,4,mg/L,BD Phoenix
A377,ceftazidime,<=,4,mg/L,BD Phoenix
A377,meropenem,<=,2,mg/L,BD Phoenix
A377,ciprofloxacin,>,1,mg/L,BD Phoenix
A377,gentamicin,>,4,mg/L,BD Phoenix
A377,tetracycline,>,4,mg/L,BD Phoenix
A378,cefotaxime,>,4,mg/L,BD Phoenix
A378,ceftazidime,>,4,mg/L,BD Phoenix
A378,meropenem,<=,2,mg/L,BD Phoenix
A378,ciprofloxacin,<=,1,mg/L,BD Phoenix
A378,gentamicin,>,4,mg/L,BD Phoenix
A378,tetracycline,>,4,mg/L,BD Phoenix
A379,cefotaxime,<=,4,mg/L,BD Phoenix
A379,ceftazidime,<=,4,mg/L,BD Phoenix
A379,meropenem,<=,2,mg/L,BD Phoenix
A379,ciprofloxacin,>,1,mg/L,BD Phoenix
A379,gentamicin,>,4,mg/L,BD Phoenix
A379,tetracycline,>,4,mg/L,BD Phoenix
A38,cefotaxime,>,4,mg/L,BD Phoenix
A38,ceftazidime,>,4,mg/L,BD Phoenix
A38,meropenem,<=,2,mg/L,BD Phoenix
A38,ciprofloxacin,>,1,mg/L,BD Phoenix
A38,gentamicin,>,4,mg/L,BD Phoenix
A38,tetracycline,>,4,mg/L,BD Phoenix
A380,cefotaxime,>,4,mg/L,BD Phoenix
A380,ceftazidime,<=,4,mg/L,BD Phoenix
A380,meropenem,<=,2,mg/L,BD Phoenix
A380,ciprofloxacin,>,1,mg/L,BD Phoenix
A380,gentamicin,>,4,mg/L,BD Phoenix
A380,tetracycline,>,4,mg/L,BD Phoenix
A381,cefotaxime,>,4,mg/L,BD Phoenix
A381,ceftazidime,<=,4,mg/L,BD Phoenix
A381,meropenem,<=,2,mg/L,BD Phoenix
A381,ciprofloxacin,>,1,mg/L,BD Phoenix
A381,gentamicin,>,4,mg/L,BD Phoenix
A381,tetracycline,>,4,mg/L,BD Phoenix
A382,cefotaxime,>,4,mg/L,BD Phoenix
A382,ceftazidime,>,4,mg/L,BD Phoenix
A382,meropenem,>,2,mg/L,BD Phoenix
A382,ciprofloxacin,>,1,mg/L,BD Phoenix
A382,gentamicin,>,4,mg/L,BD Phoenix
A382,tetracycline,>,4,mg/L,BD Phoenix
A383,cefotaxime,<=,4,mg/L,BD Phoenix
A383,ceftazidime,<=,4,mg/L,BD Phoenix
A383,meropenem,<=,2,mg/L,BD Phoenix
A383,ciprofloxacin,>,1,mg/L,BD Phoenix
A383,gentamicin,>,4,mg/L,BD Phoenix
A383,tetracycline,>,4,mg/L,BD Phoenix
A384,cefotaxime,<=,4,mg/L,BD Phoenix
A384,ceftazidime,<=,4,mg/L,BD Phoenix
A384,meropenem,<=,2,mg/L,BD Phoenix
A384,ciprofloxacin,<=,1,mg/L,BD Phoenix
A384,gentamicin,<=,4,mg/L,BD Phoenix
A384,tetracycline,>,4,mg/L,BD Phoenix
A385,cefotaxime,>,4,mg/L,BD Phoenix
A385,ceftazidime,>,4,mg/L,BD Phoenix
A385,meropenem,<=,2,mg/L,BD Phoenix
A385,ciprofloxacin,>,1,mg/L,BD Phoenix
A385,gentamicin,>,4,mg/L,BD Phoenix
A385,tetracycline,>,4,mg/L,BD Phoenix
A386,cefotaxime,>,4,mg/L,BD Phoenix
A386,ceftazidime,>,4,mg/L,BD Phoenix
A386,meropenem,>,2,mg/L,BD Phoenix
A386,ciprofloxacin,>,1,mg/L,BD Phoenix
A386,gentamicin,>,4,mg/L,BD Phoenix
A386,tetracycline,<=,4,mg/L,BD Phoenix
A387,cefotaxime,<=,4,mg/L,BD Phoenix
A387,ceftazidime,<=,4,mg/L,BD Phoenix
A387,meropenem,<=,2,mg/L,BD Phoenix
A387,ciprofloxacin,<=,1,mg/L,BD Phoenix
A387,gentamicin,<=,4,mg/L,BD Phoenix
A387,tetracycline,>,4,mg/L,BD Phoenix
A388,cefotaxime,<=,4,mg/L,BD Phoenix
A388,ceftazidime,<=,4,mg/L,BD Phoenix
A388,meropenem,<=,2,mg/L,BD Phoenix
A388,ciprofloxacin,<=,1,mg/L,BD Phoenix
A388,gentamicin,<=,4,mg/L,BD Phoenix
A388,tetracycline,>,4,mg/L,BD Phoenix
A389,cefotaxime,>,4,mg/L,BD Phoenix
A389,ceftazidime,<=,4,mg/L,BD Phoenix
A389,meropenem,<=,2,mg/L,BD Phoenix
A389,ciprofloxacin,>,1,mg/L,BD Phoenix
A389,gentamicin,>,4,mg/L,BD Phoenix
A389,tetracycline,>,4,mg/L,BD Phoenix
A39,cefotaxime,>,4,mg/L,BD Phoenix
A39,ceftazidime,<=,4,mg/L,BD Phoenix
A39,meropenem,<=,2,mg/L,BD Phoenix
A39,ciprofloxacin,>,1,mg/L,BD Phoenix
A39,gentamicin,>,4,mg/L,BD Phoenix
A39,tetracycline,>,4,mg/L,BD Phoenix
A390,cefotaxime,<=,4,mg/L,BD Phoenix
A390,ceftazidime,<=,4,mg/L,BD Phoenix
A390,meropenem,<=,2,mg/L,BD Phoenix
A390,ciprofloxacin,<=,1,mg/L,BD Phoenix
A390,gentamicin,<=,4,mg/L,BD Phoenix
A390,tetracycline,>,4,mg/L,BD Phoenix
A391,cefotaxime,>,4,mg/L,BD Phoenix
A391,ceftazidime,>,4,mg/L,BD Phoenix
A391,meropenem,<=,2,mg/L,BD Phoenix
A391,ciprofloxacin,>,1,mg/L,BD Phoenix
A391,gentamicin,>,4,mg/L,BD Phoenix
A391,tetracycline,>,4,mg/L,BD Phoenix
A392,cefotaxime,>,4,mg/L,BD Phoenix
A392,ceftazidime,>,4,mg/L,BD Phoenix
A392,meropenem,<=,2,mg/L,BD Phoenix
A392,ciprofloxacin,>,1,mg/L,BD Phoenix
A392,gentamicin,>,4,mg/L,BD Phoenix
A392,tetracycline,>,4,mg/L,BD Phoenix
A393,cefotaxime,>,4,mg/L,BD Phoenix
A393,ceftazidime,>,4,mg/L,BD Phoenix
A393,meropenem,<=,2,mg/L,BD Phoenix
A393,ciprofloxacin,>,1,mg/L,BD Phoenix
A393,gentamicin,>,4,mg/L,BD Phoenix
A393,tetracycline,>,4,mg/L,BD Phoenix
A394,cefotaxime,<=,4,mg/L,BD Phoenix
A394,ceftazidime,<=,4,mg/L,BD Phoenix
A394,meropenem,<=,2,mg/L,BD Phoenix
A394,ciprofloxacin,>,1,mg/L,BD Phoenix
A394,gentamicin,>,4,mg/L,BD Phoenix
A394,tetracycline,>,4,mg/L,BD Phoenix
A395,cefotaxime,<=,4,mg/L,BD Phoenix
A395,ceftazidime,<=,4,mg/L,BD Phoenix
A395,meropenem,<=,2,mg/L,BD Phoenix
A395,ciprofloxacin,>,1,mg/L,BD Phoenix
A395,gentamicin,>,4,mg/L,BD Phoenix
A395,tetracycline,>,4,mg/L,BD Phoenix
A396,cefotaxime,<=,4,mg/L,BD Phoenix
A396,ceftazidime,<=,4,mg/L,BD Phoenix
A396,meropenem,<=,2,mg/L,BD Phoenix
A396,ciprofloxacin,<=,1,mg/L,BD Phoenix
A396,gentamicin,<=,4,mg/L,BD Phoenix
A396,tetracycline,<=,4,mg/L,BD Phoenix
A397,cefotaxime,>,4,mg/L,BD Phoenix
A397,ceftazidime,<=,4,mg/L,BD Phoenix
A397,meropenem,<=,2,mg/L,BD Phoenix
A397,ciprofloxacin,>,1,mg/L,BD Phoenix
A397,gentamicin,>,4,mg/L,BD Phoenix
A397,tetracycline,>,4,mg/L,BD Phoenix
A398,cefotaxime,>,4,mg/L,BD Phoenix
A398,ceftazidime,>,4,mg/L,BD Phoenix
A398,meropenem,<=,2,mg/L,BD Phoenix
A398,ciprofloxacin,>,1,mg/L,BD Phoenix
A398,gentamicin,<=,4,mg/L,BD Phoenix
A398,tetracycline,>,4,mg/L,BD Phoenix
A399,cefotaxime,<=,4,mg/L,BD Phoenix
A399,ceftazidime,<=,4,mg/L,BD Phoenix
A399,meropenem,<=,2,mg/L,BD Phoenix
A399,ciprofloxacin,>,1,mg/L,BD Phoenix
A399,gentamicin,<=,4,mg/L,BD Phoenix
A399,tetracycline,>,4,mg/L,BD Phoenix
A4,cefotaxime,<=,4,mg/L,BD Phoenix
A4,ceftazidime,<=,4,mg/L,BD Phoenix
A4,meropenem,<=,2,mg/L,BD Phoenix
A4,ciprofloxacin,>,1,mg/L,BD Phoenix
A4,gentamicin,>,4,mg/L,BD Phoenix
A4,tetracycline,>,4,mg/L,BD Phoenix
A40,cefotaxime,<=,4,mg/L,BD Phoenix
A40,ceftazidime,<=,4,mg/L,BD Phoenix
A40,meropenem,<=,2,mg/L,BD Phoenix
A40,ciprofloxacin,>,1,mg/L,BD Phoenix
A40,gentamicin,>,4,mg/L,BD Phoenix
A40,tetracycline,>,4,mg/L,BD Phoenix
A400,cefotaxime,>,4,mg/L,BD Phoenix
A400,ceftazidime,>,4,mg/L,BD Phoenix
A400,meropenem,<=,2,mg/L,BD Phoenix
A400,ciprofloxacin,>,1,mg/L,BD Phoenix
A400,gentamicin,>,4,mg/L,BD Phoenix
A400,tetracycline,>,4,mg/L,BD Phoenix
A401,cefotaxime,>,4,mg/L,BD Phoenix
A401,ceftazidime,<=,4,mg/L,BD Phoenix
A401,meropenem,<=,2,mg/L,BD Phoenix
A401,ciprofloxacin,>,1,mg/L,BD Phoenix
A401,gentamicin,>,4,mg/L,BD Phoenix
A401,tetracycline,<=,4,mg/L,BD Phoenix
A402,cefotaxime,>,4,mg/L,BD Phoenix
A402,ceftazidime,>,4,mg/L,BD Phoenix
A402,meropenem,<=,2,mg/L,BD Phoenix
A402,ciprofloxacin,<=,1,mg/L,BD Phoenix
A402,gentamicin,<=,4,mg/L,BD Phoenix
A402,tetracycline,>,4,mg/L,BD Phoenix
A403,cefotaxime,<=,4,mg/L,BD Phoenix
A403,ceftazidime,<=,4,mg/L,BD Phoenix
A403,meropenem,<=,2,mg/L,BD Phoenix
A403,ciprofloxacin,>,1,mg/L,BD Phoenix
A403,gentamicin,<=,4,mg/L,BD Phoenix
A403,tetracycline,>,4,mg/L,BD Phoenix
A404,cefotaxime,>,4,mg/L,BD Phoenix
A404,ceftazidime,<=,4,mg/L,BD Phoenix
A404,meropenem,<=,2,mg/L,BD Phoenix
A404,ciprofloxacin,>,1,mg/L,BD Phoenix
A404,gentamicin,>,4,mg/L,BD Phoenix
A404,tetracycline,>,4,mg/L,BD Phoenix
A405,cefotaxime,<=,4,mg/L,BD Phoenix
A405,ceftazidime,<=,4,mg/L,BD Phoenix
A405,meropenem,<=,2,mg/L,BD Phoenix
A405,ciprofloxacin,<=,1,mg/L,BD Phoenix
A405,gentamicin,<=,4,mg/L,BD Phoenix
A405,tetracycline,>,4,mg/L,BD Phoenix
A407,cefotaxime,<=,4,mg/L,BD Phoenix
A407,ceftazidime,<=,4,mg/L,BD Phoenix
A407,meropenem,<=,2,mg/L,BD Phoenix
A407,ciprofloxacin,<=,1,mg/L,BD Phoenix
A407,gentamicin,>,4,mg/L,BD Phoenix
A407,tetracycline,<=,4,mg/L,BD Phoenix
A408,cefotaxime,>,4,mg/L,BD Phoenix
A408,ceftazidime,>,4,mg/L,BD Phoenix
A408,meropenem,<=,2,mg/L,BD Phoenix
A408,ciprofloxacin,<=,1,mg/L,BD Phoenix
A408,gentamicin,<=,4,mg/L,BD Phoenix
A408,tetracycline,>,4,mg/L,BD Phoenix
A409,cefotaxime,<=,4,mg/L,BD Phoenix
A409,ceftazidime,<=,4,mg/L,BD Phoenix
A409,meropenem,<=,2,mg/L,BD Phoenix
A409,ciprofloxacin,>,1,mg/L,BD Phoenix
A409,gentamicin,>,4,mg/L,BD Phoenix
A409,tetracycline,>,4,mg/L,BD Phoenix
A41,cefotaxime,<=,4,mg/L,BD Phoenix
A41,ceftazidime,<=,4,mg/L,BD Phoenix
A41,meropenem,<=,2,mg/L,BD Phoenix
A41,ciprofloxacin,>,1,mg/L,BD Phoenix
A41,gentamicin,>,4,mg/L,BD Phoenix
A41,tetracycline,>,4,mg/L,BD Phoenix
A410,cefotaxime,>,4,mg/L,BD Phoenix
A410,ceftazidime,<=,4,mg/L,BD Phoenix
A410,meropenem,<=,2,mg/L,BD Phoenix
A410,ciprofloxacin,>,1,mg/L,BD Phoenix
A410,gentamicin,<=,4,mg/L,BD Phoenix
A410,tetracycline,>,4,mg/L,BD Phoenix
A411,cefotaxime,>,4,mg/L,BD Phoenix
A411,ceftazidime,<=,4,mg/L,BD Phoenix
A411,meropenem,<=,2,mg/L,BD Phoenix
A411,ciprofloxacin,>,1,mg/L,BD Phoenix
A411,gentamicin,<=,4,mg/L,BD Phoenix
A411,tetracycline,>,4,mg/L,BD Phoenix
A412,cefotaxime,>,4,mg/L,BD Phoenix
A412,ceftazidime,<=,4,mg/L,BD Phoenix
A412,meropenem,<=,2,mg/L,BD Phoenix
A412,ciprofloxacin,>,1,mg/L,BD Phoenix
A412,gentamicin,>,4,mg/L,BD Phoenix
A412,tetracycline,>,4,mg/L,BD Phoenix
A413,cefotaxime,>,4,mg/L,BD Phoenix
A413,ceftazidime,<=,4,mg/L,BD Phoenix
A413,meropenem,<=,2,mg/L,BD Phoenix
A413,ciprofloxacin,>,1,mg/L,BD Phoenix
A413,gentamicin,<=,4,mg/L,BD Phoenix
A413,tetracycline,>,4,mg/L,BD Phoenix
A414,cefotaxime,>,4,mg/L,BD Phoenix
A414,ceftazidime,>,4,mg/L,BD Phoenix
A414,meropenem,<=,2,mg/L,BD Phoenix
A414,ciprofloxacin,>,1,mg/L,BD Phoenix
A414,gentamicin,>,4,mg/L,BD Phoenix
A414,tetracycline,>,4,mg/L,BD Phoenix
A415,cefotaxime,>,4,mg/L,BD Phoenix
A415,ceftazidime,<=,4,mg/L,BD Phoenix
A415,meropenem,<=,2,mg/L,BD Phoenix
A415,ciprofloxacin,>,1,mg/L,BD Phoenix
A415,gentamicin,>,4,mg/L,BD Phoenix
A415,tetracycline,>,4,mg/L,BD Phoenix
A416,cefotaxime,>,4,mg/L,BD Phoenix
A416,ceftazidime,>,4,mg/L,BD Phoenix
A416,meropenem,<=,2,mg/L,BD Phoenix
A416,ciprofloxacin,>,1,mg/L,BD Phoenix
A416,gentamicin,<=,4,mg/L,BD Phoenix
A416,tetracycline,>,4,mg/L,BD Phoenix
A417,cefotaxime,<=,4,mg/L,BD Phoenix
A417,ceftazidime,<=,4,mg/L,BD Phoenix
A417,meropenem,<=,2,mg/L,BD Phoenix
A417,ciprofloxacin,>,1,mg/L,BD Phoenix
A417,gentamicin,>,4,mg/L,BD Phoenix
A417,tetracycline,>,4,mg/L,BD Phoenix
A419,cefotaxime,<=,4,mg/L,BD Phoenix
A419,ceftazidime,<=,4,mg/L,BD Phoenix
A419,meropenem,<=,2,mg/L,BD Phoenix
A419,ciprofloxacin,<=,1,mg/L,BD Phoenix
A419,gentamicin,>,4,mg/L,BD Phoenix
A419,tetracycline,>,4,mg/L,BD Phoenix
A42,cefotaxime,>,4,mg/L,BD Phoenix
A42,ceftazidime,>,4,mg/L,BD Phoenix
A42,meropenem,<=,2,mg/L,BD Phoenix
A42,ciprofloxacin,>,1,mg/L,BD Phoenix
A42,gentamicin,<=,4,mg/L,BD Phoenix
A42,tetracycline,>,4,mg/L,BD Phoenix
A420,cefotaxime,>,4,mg/L,BD Phoenix
A420,ceftazidime,<=,4,mg/L,BD Phoenix
A420,meropenem,<=,2,mg/L,BD Phoenix
A420,ciprofloxacin,<=,1,mg/L,BD Phoenix
A420,gentamicin,<=,4,mg/L,BD Phoenix
A420,tetracycline,>,4,mg/L,BD Phoenix
A421,cefotaxime,>,4,mg/L,BD Phoenix
A421,ceftazidime,<=,4,mg/L,BD Phoenix
A421,meropenem,<=,2,mg/L,BD Phoenix
A421,ciprofloxacin,>,1,mg/L,BD Phoenix
A421,gentamicin,>,4,mg/L,BD Phoenix
A421,tetracycline,<=,4,mg/L,BD Phoenix
A422,cefotaxime,<=,4,mg/L,BD Phoenix
A422,ceftazidime,<=,4,mg/L,BD Phoenix
A422,meropenem,<=,2,mg/L,BD Phoenix
A422,ciprofloxacin,<=,1,mg/L,BD Phoenix
A422,gentamicin,<=,4,mg/L,BD Phoenix
A422,tetracycline,>,4,mg/L,BD Phoenix
A423,cefotaxime,>,4,mg/L,BD Phoenix
A423,ceftazidime,>,4,mg/L,BD Phoenix
A423,meropenem,<=,2,mg/L,BD Phoenix
A423,ciprofloxacin,>,1,mg/L,BD Phoenix
A423,gentamicin,>,4,mg/L,BD Phoenix
A423,tetracycline,>,4,mg/L,BD Phoenix
A424,cefotaxime,>,4,mg/L,BD Phoenix
A424,ceftazidime,>,4,mg/L,BD Phoenix
A424,meropenem,<=,2,mg/L,BD Phoenix
A424,ciprofloxacin,>,1,mg/L,BD Phoenix
A424,gentamicin,>,4,mg/L,BD Phoenix
A424,tetracycline,>,4,mg/L,BD Phoenix
A425,cefotaxime,<=,4,mg/L,BD Phoenix
A425,ceftazidime,<=,4,mg/L,BD Phoenix
A425,meropenem,<=,2,mg/L,BD Phoenix
A425,ciprofloxacin,>,1,mg/L,BD Phoenix
A425,gentamicin,>,4,mg/L,BD Phoenix
A425,tetracycline,>,4,mg/L,BD Phoenix
A426,cefotaxime,<=,4,mg/L,BD Phoenix
A426,ceftazidime,<=,4,mg/L,BD Phoenix
A426,meropenem,<=,2,mg/L,BD Phoenix
A426,ciprofloxacin,>,1,mg/L,BD Phoenix
A426,gentamicin,>,4,mg/L,BD Phoenix
A426,tetracycline,>,4,mg/L,BD Phoenix
A427,cefotaxime,>,4,mg/L,BD Phoenix
A427,ceftazidime,<=,4,mg/L,BD Phoenix
A427,meropenem,<=,2,mg/L,BD Phoenix
A427,ciprofloxacin,>,1,mg/L,BD Phoenix
A427,gentamicin,>,4,mg/L,BD Phoenix
A427,tetracycline,>,4,mg/L,BD Phoenix
A428,cefotaxime,>,4,mg/L,BD Phoenix
A428,ceftazidime,<=,4,mg/L,BD Phoenix
A428,meropenem,<=,2,mg/L,BD Phoenix
A428,ciprofloxacin,>,1,mg/L,BD Phoenix
A428,gentamicin,<=,4,mg/L,BD Phoenix
A428,tetracycline,>,4,mg/L,BD Phoenix
A429,cefotaxime,>,4,mg/L,BD Phoenix
A429,ceftazidime,>,4,mg/L,BD Phoenix
A429,meropenem,<=,2,mg/L,BD Phoenix
A429,ciprofloxacin,>,1,mg/L,BD Phoenix
A429,gentamicin,<=,4,mg/L,BD Phoenix
A429,tetracycline,>,4,mg/L,BD Phoenix
A43,cefotaxime,>,4,mg/L,BD Phoenix
A43,ceftazidime,<=,4,mg/L,BD Phoenix
A43,meropenem,<=,2,mg/L,BD Phoenix
A43,ciprofloxacin,>,1,mg/L,BD Phoenix
A43,gentamicin,>,4,mg/L,BD Phoenix
A43,tetracycline,>,4,mg/L,BD Phoenix
A430,cefotaxime,>,4,mg/L,BD Phoenix
A430,ceftazidime,>,4,mg/L,BD Phoenix
A430,meropenem,<=,2,mg/L,BD Phoenix
A430,ciprofloxacin,>,1,mg/L,BD Phoenix
A430,gentamicin,>,4,mg/L,BD Phoenix
A430,tetracycline,>,4,mg/L,BD Phoenix
A431,cefotaxime,<=,4,mg/L,BD Phoenix
A431,ceftazidime,<=,4,mg/L,BD Phoenix
A431,meropenem,<=,2,mg/L,BD Phoenix
A431,ciprofloxacin,>,1,mg/L,BD Phoenix
A431,gentamicin,>,4,mg/L,BD Phoenix
A431,tetracycline,>,4,mg/L,BD Phoenix
A432,cefotaxime,>,4,mg/L,BD Phoenix
A432,ceftazidime,<=,4,mg/L,BD Phoenix
A432,meropenem,<=,2,mg/L,BD Phoenix
A432,ciprofloxacin,>,1,mg/L,BD Phoenix
A432,gentamicin,>,4,mg/L,BD Phoenix
A432,tetracycline,>,4,mg/L,BD Phoenix
A433,cefotaxime,<=,4,mg/L,BD Phoenix
A433,ceftazidime,<=,4,mg/L,BD Phoenix
A433,meropenem,<=,2,mg/L,BD Phoenix
A433,ciprofloxacin,<=,1,mg/L,BD Phoenix
A433,gentamicin,<=,4,mg/L,BD Phoenix
A433,tetracycline,>,4,mg/L,BD Phoenix
A436,cefotaxime,<=,4,mg/L,BD Phoenix
A436,ceftazidime,<=,4,mg/L,BD Phoenix
A436,meropenem,<=,2,mg/L,BD Phoenix
A436,ciprofloxacin,>,1,mg/L,BD Phoenix
A436,gentamicin,>,4,mg/L,BD Phoenix
A436,tetracycline,>,4,mg/L,BD Phoenix
A437,cefotaxime,>,4,mg/L,BD Phoenix
A437,ceftazidime,<=,4,mg/L,BD Phoenix
A437,meropenem,<=,2,mg/L,BD Phoenix
A437,ciprofloxacin,>,1,mg/L,BD Phoenix
A437,gentamicin,<=,4,mg/L,BD Phoenix
A437,tetracycline,>,4,mg/L,BD Phoenix
A438,cefotaxime,<=,4,mg/L,BD Phoenix
A438,ceftazidime,<=,4,mg/L,BD Phoenix
A438,meropenem,<=,2,mg/L,BD Phoenix
A438,ciprofloxacin,<=,1,mg/L,BD Phoenix
A438,gentamicin,>,4,mg/L,BD Phoenix
A438,tetracycline,>,4,mg/L,BD Phoenix
A439,cefotaxime,>,4,mg/L,BD Phoenix
A439,ceftazidime,>,4,mg/L,BD Phoenix
A439,meropenem,<=,2,mg/L,BD Phoenix
A439,ciprofloxacin,>,1,mg/L,BD Phoenix
A439,gentamicin,>,4,mg/L,BD Phoenix
A439,tetracycline,>,4,mg/L,BD Phoenix
A44,cefotaxime,>,4,mg/L,BD Phoenix
A44,ceftazidime,<=,4,mg/L,BD Phoenix
A44,meropenem,<=,2,mg/L,BD Phoenix
A44,ciprofloxacin,>,1,mg/L,BD Phoenix
A44,gentamicin,<=,4,mg/L,BD Phoenix
A44,tetracycline,>,4,mg/L,BD Phoenix
A440,cefotaxime,<=,4,mg/L,BD Phoenix
A440,ceftazidime,<=,4,mg/L,BD Phoenix
A440,meropenem,<=,2,mg/L,BD Phoenix
A440,ciprofloxacin,<=,1,mg/L,BD Phoenix
A440,gentamicin,>,4,mg/L,BD Phoenix
A440,tetracycline,>,4,mg/L,BD Phoenix
A441,cefotaxime,<=,4,mg/L,BD Phoenix
A441,ceftazidime,<=,4,mg/L,BD Phoenix
A441,meropenem,<=,2,mg/L,BD Phoenix
A441,ciprofloxacin,<=,1,mg/L,BD Phoenix
A441,gentamicin,<=,4,mg/L,BD Phoenix
A441,tetracycline,>,4,mg/L,BD Phoenix
A442,cefotaxime,<=,4,mg/L,BD Phoenix
A442,ceftazidime,<=,4,mg/L,BD Phoenix
A442,meropenem,<=,2,mg/L,BD Phoenix
A442,ciprofloxacin,>,1,mg/L,BD Phoenix
A442,gentamicin,<=,4,mg/L,BD Phoenix
A442,tetracycline,>,4,mg/L,BD Phoenix
A444,cefotaxime,<=,4,mg/L,BD Phoenix
A444,ceftazidime,<=,4,mg/L,BD Phoenix
A444,meropenem,<=,2,mg/L,BD Phoenix
A444,ciprofloxacin,>,1,mg/L,BD Phoenix
A444,gentamicin,>,4,mg/L,BD Phoenix
A444,tetracycline,>,4,mg/L,BD Phoenix
A445,cefotaxime,<=,4,mg/L,BD Phoenix
A445,ceftazidime,<=,4,mg/L,BD Phoenix
A445,meropenem,<=,2,mg/L,BD Phoenix
A445,ciprofloxacin,>,1,mg/L,BD Phoenix
A445,gentamicin,>,4,mg/L,BD Phoenix
A445,tetracycline,>,4,mg/L,BD Phoenix
A446,cefotaxime,>,4,mg/L,BD Phoenix
A446,ceftazidime,>,4,mg/L,BD Phoenix
A446,meropenem,<=,2,mg/L,BD Phoenix
A446,ciprofloxacin,>,1,mg/L,BD Phoenix
A446,gentamicin,>,4,mg/L,BD Phoenix
A446,tetracycline,>,4,mg/L,BD Phoenix
A447,cefotaxime,<=,4,mg/L,BD Phoenix
A447,ceftazidime,<=,4,mg/L,BD Phoenix
A447,meropenem,<=,2,mg/L,BD Phoenix
A447,ciprofloxacin,>,1,mg/L,BD Phoenix
A447,gentamicin,>,4,mg/L,BD Phoenix
A447,tetracycline,>,4,mg/L,BD Phoenix
A448,cefotaxime,<=,4,mg/L,BD Phoenix
A448,ceftazidime,<=,4,mg/L,BD Phoenix
A448,meropenem,<=,2,mg/L,BD Phoenix
A448,ciprofloxacin,>,1,mg/L,BD Phoenix
A448,gentamicin,>,4,mg/L,BD Phoenix
A448,tetracycline,>,4,mg/L,BD Phoenix
A449,cefotaxime,>,4,mg/L,BD Phoenix
A449,ceftazidime,>,4,mg/L,BD Phoenix
A449,meropenem,<=,2,mg/L,BD Phoenix
A449,ciprofloxacin,>,1,mg/L,BD Phoenix
A449,gentamicin,>,4,mg/L,BD Phoenix
A449,tetracycline,>,4,mg/L,BD Phoenix
A45,cefotaxime,>,4,mg/L,BD Phoenix
A45,ceftazidime,>,4,mg/L,BD Phoenix
A45,meropenem,<=,2,mg/L,BD Phoenix
A45,ciprofloxacin,>,1,mg/L,BD Phoenix
A45,gentamicin,>,4,mg/L,BD Phoenix
A45,tetracycline,>,4,mg/L,BD Phoenix
A450,cefotaxime,>,4,mg/L,BD Phoenix
A450,ceftazidime,>,4,mg/L,BD Phoenix
A450,meropenem,<=,2,mg/L,BD Phoenix
A450,ciprofloxacin,>,1,mg/L,BD Phoenix
A450,gentamicin,>,4,mg/L,BD Phoenix
A450,tetracycline,>,4,mg/L,BD Phoenix
A451,cefotaxime,>,4,mg/L,BD Phoenix
A451,ceftazidime,>,4,mg/L,BD Phoenix
A451,meropenem,<=,2,mg/L,BD Phoenix
A451,ciprofloxacin,>,1,mg/L,BD Phoenix
A451,gentamicin,<=,4,mg/L,BD Phoenix
A451,tetracycline,>,4,mg/L,BD Phoenix
A452,cefotaxime,<=,4,mg/L,BD Phoenix
A452,ceftazidime,<=,4,mg/L,BD Phoenix
A452,meropenem,<=,2,mg/L,BD Phoenix
A452,ciprofloxacin,>,1,mg/L,BD Phoenix
A452,gentamicin,>,4,mg/L,BD Phoenix
A452,tetracycline,>,4,mg/L,BD Phoenix
A453,cefotaxime,<=,4,mg/L,BD Phoenix
A453,ceftazidime,<=,4,mg/L,BD Phoenix
A453,meropenem,<=,2,mg/L,BD Phoenix
A453,ciprofloxacin,>,1,mg/L,BD Phoenix
A453,gentamicin,>,4,mg/L,BD Phoenix
A453,tetracycline,>,4,mg/L,BD Phoenix
A454,cefotaxime,<=,4,mg/L,BD Phoenix
A454,ceftazidime,<=,4,mg/L,BD Phoenix
A454,meropenem,<=,2,mg/L,BD Phoenix
A454,ciprofloxacin,>,1,mg/L,BD Phoenix
A454,gentamicin,>,4,mg/L,BD Phoenix
A454,tetracycline,>,4,mg/L,BD Phoenix
A455,cefotaxime,>,4,mg/L,BD Phoenix
A455,ceftazidime,<=,4,mg/L,BD Phoenix
A455,meropenem,<=,2,mg/L,BD Phoenix
A455,ciprofloxacin,>,1,mg/L,BD Phoenix
A455,gentamicin,>,4,mg/L,BD Phoenix
A455,tetracycline,>,4,mg/L,BD Phoenix
A456,cefotaxime,>,4,mg/L,BD Phoenix
A456,ceftazidime,>,4,mg/L,BD Phoenix
A456,meropenem,<=,2,mg/L,BD Phoenix
A456,ciprofloxacin,>,1,mg/L,BD Phoenix
A456,gentamicin,>,4,mg/L,BD Phoenix
A456,tetracycline,>,4,mg/L,BD Phoenix
A457,cefotaxime,<=,4,mg/L,BD Phoenix
A457,ceftazidime,<=,4,mg/L,BD Phoenix
A457,meropenem,<=,2,mg/L,BD Phoenix
A457,ciprofloxacin,>,1,mg/L,BD Phoenix
A457,gentamicin,>,4,mg/L,BD Phoenix
A457,tetracycline,>,4,mg/L,BD Phoenix
A458,cefotaxime,>,4,mg/L,BD Phoenix
A458,ceftazidime,>,4,mg/L,BD Phoenix
A458,meropenem,<=,2,mg/L,BD Phoenix
A458,ciprofloxacin,>,1,mg/L,BD Phoenix
A458,gentamicin,>,4,mg/L,BD Phoenix
A458,tetracycline,>,4,mg/L,BD Phoenix
A459,cefotaxime,<=,4,mg/L,BD Phoenix
A459,ceftazidime,<=,4,mg/L,BD Phoenix
A459,meropenem,<=,2,mg/L,BD Phoenix
A459,ciprofloxacin,>,1,mg/L,BD Phoenix
A459,gentamicin,>,4,mg/L,BD Phoenix
A459,tetracycline,>,4,mg/L,BD Phoenix
A46,cefotaxime,>,4,mg/L,BD Phoenix
A46,ceftazidime,<=,4,mg/L,BD Phoenix
A46,meropenem,<=,2,mg/L,BD Phoenix
A46,ciprofloxacin,>,1,mg/L,BD Phoenix
A46,gentamicin,<=,4,mg/L,BD Phoenix
A46,tetracycline,<=,4,mg/L,BD Phoenix
A460,cefotaxime,>,4,mg/L,BD Phoenix
A460,ceftazidime,<=,4,mg/L,BD Phoenix
A460,meropenem,<=,2,mg/L,BD Phoenix
A460,ciprofloxacin,>,1,mg/L,BD Phoenix
A460,gentamicin,<=,4,mg/L,BD Phoenix
A460,tetracycline,>,4,mg/L,BD Phoenix
A461,cefotaxime,<=,4,mg/L,BD Phoenix
A461,ceftazidime,<=,4,mg/L,BD Phoenix
A461,meropenem,<=,2,mg/L,BD Phoenix
A461,ciprofloxacin,<=,1,mg/L,BD Phoenix
A461,gentamicin,>,4,mg/L,BD Phoenix
A461,tetracycline,>,4,mg/L,BD Phoenix
A462,cefotaxime,<=,4,mg/L,BD Phoenix
A462,ceftazidime,>,4,mg/L,BD Phoenix
A462,meropenem,<=,2,mg/L,BD Phoenix
A462,ciprofloxacin,>,1,mg/L,BD Phoenix
A462,gentamicin,>,4,mg/L,BD Phoenix
A462,tetracycline,>,4,mg/L,BD Phoenix
A463,cefotaxime,>,4,mg/L,BD Phoenix
A463,ceftazidime,<=,4,mg/L,BD Phoenix
A463,meropenem,<=,2,mg/L,BD Phoenix
A463,ciprofloxacin,>,1,mg/L,BD Phoenix
A463,gentamicin,>,4,mg/L,BD Phoenix
A463,tetracycline,>,4,mg/L,BD Phoenix
A464,cefotaxime,<=,4,mg/L,BD Phoenix
A464,ceftazidime,<=,4,mg/L,BD Phoenix
A464,meropenem,<=,2,mg/L,BD Phoenix
A464,ciprofloxacin,<=,1,mg/L,BD Phoenix
A464,gentamicin,<=,4,mg/L,BD Phoenix
A464,tetracycline,<=,4,mg/L,BD Phoenix
A465,cefotaxime,>,4,mg/L,BD Phoenix
A465,ceftazidime,>,4,mg/L,BD Phoenix
A465,meropenem,<=,2,mg/L,BD Phoenix
A465,ciprofloxacin,>,1,mg/L,BD Phoenix
A465,gentamicin,>,4,mg/L,BD Phoenix
A465,tetracycline,>,4,mg/L,BD Phoenix
A466,cefotaxime,<=,4,mg/L,BD Phoenix
A466,ceftazidime,<=,4,mg/L,BD Phoenix
A466,meropenem,<=,2,mg/L,BD Phoenix
A466,ciprofloxacin,>,1,mg/L,BD Phoenix
A466,gentamicin,>,4,mg/L,BD Phoenix
A466,tetracycline,>,4,mg/L,BD Phoenix
A467,cefotaxime,<=,4,mg/L,BD Phoenix
A467,ceftazidime,<=,4,mg/L,BD Phoenix
A467,meropenem,<=,2,mg/L,BD Phoenix
A467,ciprofloxacin,>,1,mg/L,BD Phoenix
A467,gentamicin,>,4,mg/L,BD Phoenix
A467,tetracycline,>,4,mg/L,BD Phoenix
A468,cefotaxime,<=,4,mg/L,BD Phoenix
A468,ceftazidime,<=,4,mg/L,BD Phoenix
A468,meropenem,<=,2,mg/L,BD Phoenix
A468,ciprofloxacin,<=,1,mg/L,BD Phoenix
A468,gentamicin,>,4,mg/L,BD Phoenix
A468,tetracycline,>,4,mg/L,BD Phoenix
A469,cefotaxime,<=,4,mg/L,BD Phoenix
A469,ceftazidime,<=,4,mg/L,BD Phoenix
A469,meropenem,<=,2,mg/L,BD Phoenix
A469,ciprofloxacin,>,1,mg/L,BD Phoenix
A469,gentamicin,>,4,mg/L,BD Phoenix
A469,tetracycline,>,4,mg/L,BD Phoenix
A47,cefotaxime,>,4,mg/L,BD Phoenix
A47,ceftazidime,<=,4,mg/L,BD Phoenix
A47,meropenem,<=,2,mg/L,BD Phoenix
A47,ciprofloxacin,>,1,mg/L,BD Phoenix
A47,gentamicin,>,4,mg/L,BD Phoenix
A47,tetracycline,>,4,mg/L,BD Phoenix
A470,cefotaxime,<=,4,mg/L,BD Phoenix
A470,ceftazidime,<=,4,mg/L,BD Phoenix
A470,meropenem,<=,2,mg/L,BD Phoenix
A470,ciprofloxacin,>,1,mg/L,BD Phoenix
A470,gentamicin,>,4,mg/L,BD Phoenix
A470,tetracycline,>,4,mg/L,BD Phoenix
A471,cefotaxime,<=,4,mg/L,BD Phoenix
A471,ceftazidime,<=,4,mg/L,BD Phoenix
A471,meropenem,<=,2,mg/L,BD Phoenix
A471,ciprofloxacin,<=,1,mg/L,BD Phoenix
A471,gentamicin,>,4,mg/L,BD Phoenix
A471,tetracycline,>,4,mg/L,BD Phoenix
A472,cefotaxime,>,4,mg/L,BD Phoenix
A472,ceftazidime,<=,4,mg/L,BD Phoenix
A472,meropenem,<=,2,mg/L,BD Phoenix
A472,ciprofloxacin,>,1,mg/L,BD Phoenix
A472,gentamicin,>,4,mg/L,BD Phoenix
A472,tetracycline,>,4,mg/L,BD Phoenix
A473,cefotaxime,>,4,mg/L,BD Phoenix
A473,ceftazidime,<=,4,mg/L,BD Phoenix
A473,meropenem,<=,2,mg/L,BD Phoenix
A473,ciprofloxacin,>,1,mg/L,BD Phoenix
A473,gentamicin,>,4,mg/L,BD Phoenix
A473,tetracycline,>,4,mg/L,BD Phoenix
A474,cefotaxime,<=,4,mg/L,BD Phoenix
A474,ceftazidime,<=,4,mg/L,BD Phoenix
A474,meropenem,<=,2,mg/L,BD Phoenix
A474,ciprofloxacin,<=,1,mg/L,BD Phoenix
A474,gentamicin,>,4,mg/L,BD Phoenix
A474,tetracycline,>,4,mg/L,BD Phoenix
A475,cefotaxime,>,4,mg/L,BD Phoenix
A475,ceftazidime,<=,4,mg/L,BD Phoenix
A475,meropenem,<=,2,mg/L,BD Phoenix
A475,ciprofloxacin,>,1,mg/L,BD Phoenix
A475,gentamicin,>,4,mg/L,BD Phoenix
A475,tetracycline,>,4,mg/L,BD Phoenix
A476,cefotaxime,>,4,mg/L,BD Phoenix
A476,ceftazidime,<=,4,mg/L,BD Phoenix
A476,meropenem,<=,2,mg/L,BD Phoenix
A476,ciprofloxacin,>,1,mg/L,BD Phoenix
A476,gentamicin,>,4,mg/L,BD Phoenix
A476,tetracycline,>,4,mg/L,BD Phoenix
A477,cefotaxime,<=,4,mg/L,BD Phoenix
A477,ceftazidime,<=,4,mg/L,BD Phoenix
A477,meropenem,<=,2,mg/L,BD Phoenix
A477,ciprofloxacin,>,1,mg/L,BD Phoenix
A477,gentamicin,<=,4,mg/L,BD Phoenix
A477,tetracycline,>,4,mg/L,BD Phoenix
A478,cefotaxime,<=,4,mg/L,BD Phoenix
A478,ceftazidime,<=,4,mg/L,BD Phoenix
A478,meropenem,<=,2,mg/L,BD Phoenix
A478,ciprofloxacin,>,1,mg/L,BD Phoenix
A478,gentamicin,>,4,mg/L,BD Phoenix
A478,tetracycline,>,4,mg/L,BD Phoenix
A479,cefotaxime,<=,4,mg/L,BD Phoenix
A479,ceftazidime,<=,4,mg/L,BD Phoenix
A479,meropenem,<=,2,mg/L,BD Phoenix
A479,ciprofloxacin,>,1,mg/L,BD Phoenix
A479,gentamicin,<=,4,mg/L,BD Phoenix
A479,tetracycline,>,4,mg/L,BD Phoenix
A48,cefotaxime,<=,4,mg/L,BD Phoenix
A48,ceftazidime,<=,4,mg/L,BD Phoenix
A48,meropenem,<=,2,mg/L,BD Phoenix
A48,ciprofloxacin,<=,1,mg/L,BD Phoenix
A48,gentamicin,>,4,mg/L,BD Phoenix
A48,tetracycline,>,4,mg/L,BD Phoenix
A480,cefotaxime,<=,4,mg/L,BD Phoenix
A480,ceftazidime,<=,4,mg/L,BD Phoenix
A480,meropenem,<=,2,mg/L,BD Phoenix
A480,ciprofloxacin,>,1,mg/L,BD Phoenix
A480,gentamicin,<=,4,mg/L,BD Phoenix
A480,tetracycline,>,4,mg/L,BD Phoenix
A481,cefotaxime,>,4,mg/L,BD Phoenix
A481,ceftazidime,<=,4,mg/L,BD Phoenix
A481,meropenem,<=,2,mg/L,BD Phoenix
A481,ciprofloxacin,>,1,mg/L,BD Phoenix
A481,gentamicin,<=,4,mg/L,BD Phoenix
A481,tetracycline,>,4,mg/L,BD Phoenix
A482,cefotaxime,>,4,mg/L,BD Phoenix
A482,ceftazidime,>,4,mg/L,BD Phoenix
A482,meropenem,<=,2,mg/L,BD Phoenix
A482,ciprofloxacin,<=,1,mg/L,BD Phoenix
A482,gentamicin,>,4,mg/L,BD Phoenix
A482,tetracycline,>,4,mg/L,BD Phoenix
A483,cefotaxime,<=,4,mg/L,BD Phoenix
A483,ceftazidime,<=,4,mg/L,BD Phoenix
A483,meropenem,<=,2,mg/L,BD Phoenix
A483,ciprofloxacin,>,1,mg/L,BD Phoenix
A483,gentamicin,<=,4,mg/L,BD Phoenix
A483,tetracycline,>,4,mg/L,BD Phoenix
A484,cefotaxime,<=,4,mg/L,BD Phoenix
A484,ceftazidime,<=,4,mg/L,BD Phoenix
A484,meropenem,<=,2,mg/L,BD Phoenix
A484,ciprofloxacin,<=,1,mg/L,BD Phoenix
A484,gentamicin,>,4,mg/L,BD Phoenix
A484,tetracycline,>,4,mg/L,BD Phoenix
A485,cefotaxime,<=,4,mg/L,BD Phoenix
A485,ceftazidime,<=,4,mg/L,BD Phoenix
A485,meropenem,<=,2,mg/L,BD Phoenix
A485,ciprofloxacin,>,1,mg/L,BD Phoenix
A485,gentamicin,>,4,mg/L,BD Phoenix
A485,tetracycline,>,4,mg/L,BD Phoenix
A486,cefotaxime,<=,4,mg/L,BD Phoenix
A486,ceftazidime,<=,4,mg/L,BD Phoenix
A486,meropenem,<=,2,mg/L,BD Phoenix
A486,ciprofloxacin,>,1,mg/L,BD Phoenix
A486,gentamicin,>,4,mg/L,BD Phoenix
A486,tetracycline,>,4,mg/L,BD Phoenix
A487,cefotaxime,<=,4,mg/L,BD Phoenix
A487,ceftazidime,<=,4,mg/L,BD Phoenix
A487,meropenem,<=,2,mg/L,BD Phoenix
A487,ciprofloxacin,>,1,mg/L,BD Phoenix
A487,gentamicin,>,4,mg/L,BD Phoenix
A487,tetracycline,>,4,mg/L,BD Phoenix
A488,cefotaxime,>,4,mg/L,BD Phoenix
A488,ceftazidime,<=,4,mg/L,BD Phoenix
A488,meropenem,<=,2,mg/L,BD Phoenix
A488,ciprofloxacin,>,1,mg/L,BD Phoenix
A488,gentamicin,>,4,mg/L,BD Phoenix
A488,tetracycline,>,4,mg/L,BD Phoenix
A489,cefotaxime,<=,4,mg/L,BD Phoenix
A489,ceftazidime,<=,4,mg/L,BD Phoenix
A489,meropenem,<=,2,mg/L,BD Phoenix
A489,ciprofloxacin,<=,1,mg/L,BD Phoenix
A489,gentamicin,>,4,mg/L,BD Phoenix
A489,tetracycline,>,4,mg/L,BD Phoenix
A49,cefotaxime,<=,4,mg/L,BD Phoenix
A49,ceftazidime,<=,4,mg/L,BD Phoenix
A49,meropenem,<=,2,mg/L,BD Phoenix
A49,ciprofloxacin,>,1,mg/L,BD Phoenix
A49,gentamicin,>,4,mg/L,BD Phoenix
A49,tetracycline,>,4,mg/L,BD Phoenix
A492,cefotaxime,<=,4,mg/L,BD Phoenix
A492,ceftazidime,<=,4,mg/L,BD Phoenix
A492,meropenem,<=,2,mg/L,BD Phoenix
A492,ciprofloxacin,<=,1,mg/L,BD Phoenix
A492,gentamicin,>,4,mg/L,BD Phoenix
A492,tetracycline,>,4,mg/L,BD Phoenix
A493,cefotaxime,>,4,mg/L,BD Phoenix
A493,ceftazidime,>,4,mg/L,BD Phoenix
A493,meropenem,<=,2,mg/L,BD Phoenix
A493,ciprofloxacin,>,1,mg/L,BD Phoenix
A493,gentamicin,>,4,mg/L,BD Phoenix
A493,tetracycline,>,4,mg/L,BD Phoenix
A494,cefotaxime,<=,4,mg/L,BD Phoenix
A494,ceftazidime,<=,4,mg/L,BD Phoenix
A494,meropenem,<=,2,mg/L,BD Phoenix
A494,ciprofloxacin,>,1,mg/L,BD Phoenix
A494,gentamicin,<=,4,mg/L,BD Phoenix
A494,tetracycline,>,4,mg/L,BD Phoenix
A495,cefotaxime,>,4,mg/L,BD Phoenix
A495,ceftazidime,>,4,mg/L,BD Phoenix
A495,meropenem,<=,2,mg/L,BD Phoenix
A495,ciprofloxacin,>,1,mg/L,BD Phoenix
A495,gentamicin,>,4,mg/L,BD Phoenix
A495,tetracycline,>,4,mg/L,BD Phoenix
A496,cefotaxime,>,4,mg/L,BD Phoenix
A496,ceftazidime,<=,4,mg/L,BD Phoenix
A496,meropenem,<=,2,mg/L,BD Phoenix
A496,ciprofloxacin,>,1,mg/L,BD Phoenix
A496,gentamicin,>,4,mg/L,BD Phoenix
A496,tetracycline,>,4,mg/L,BD Phoenix
A497,cefotaxime,<=,4,mg/L,BD Phoenix
A497,ceftazidime,<=,4,mg/L,BD Phoenix
A497,meropenem,<=,2,mg/L,BD Phoenix
A497,ciprofloxacin,>,1,mg/L,BD Phoenix
A497,gentamicin,<=,4,mg/L,BD Phoenix
A497,tetracycline,>,4,mg/L,BD Phoenix
A498,cefotaxime,<=,4,mg/L,BD Phoenix
A498,ceftazidime,<=,4,mg/L,BD Phoenix
A498,meropenem,<=,2,mg/L,BD Phoenix
A498,ciprofloxacin,<=,1,mg/L,BD Phoenix
A498,gentamicin,>,4,mg/L,BD Phoenix
A498,tetracycline,>,4,mg/L,BD Phoenix
A499,cefotaxime,>,4,mg/L,BD Phoenix
A499,ceftazidime,>,4,mg/L,BD Phoenix
A499,meropenem,>,2,mg/L,BD Phoenix
A499,ciprofloxacin,>,1,mg/L,BD Phoenix
A499,gentamicin,>,4,mg/L,BD Phoenix
A499,tetracycline,<=,4,mg/L,BD Phoenix
A5,cefotaxime,<=,4,mg/L,BD Phoenix
A5,ceftazidime,<=,4,mg/L,BD Phoenix
A5,meropenem,<=,2,mg/L,BD Phoenix
A5,ciprofloxacin,>,1,mg/L,BD Phoenix
A5,gentamicin,<=,4,mg/L,BD Phoenix
A5,tetracycline,>,4,mg/L,BD Phoenix
A500,cefotaxime,<=,4,mg/L,BD Phoenix
A500,ceftazidime,<=,4,mg/L,BD Phoenix
A500,meropenem,<=,2,mg/L,BD Phoenix
A500,ciprofloxacin,>,1,mg/L,BD Phoenix
A500,gentamicin,>,4,mg/L,BD Phoenix
A500,tetracycline,>,4,mg/L,BD Phoenix
A501,cefotaxime,>,4,mg/L,BD Phoenix
A501,ceftazidime,<=,4,mg/L,BD Phoenix
A501,meropenem,<=,2,mg/L,BD Phoenix
A501,ciprofloxacin,>,1,mg/L,BD Phoenix
A501,gentamicin,>,4,mg/L,BD Phoenix
A501,tetracycline,>,4,mg/L,BD Phoenix
A502,cefotaxime,<=,4,mg/L,BD Phoenix
A502,ceftazidime,<=,4,mg/L,BD Phoenix
A502,meropenem,<=,2,mg/L,BD Phoenix
A502,ciprofloxacin,>,1,mg/L,BD Phoenix
A502,gentamicin,>,4,mg/L,BD Phoenix
A502,tetracycline,>,4,mg/L,BD Phoenix
A503,cefotaxime,<=,4,mg/L,BD Phoenix
A503,ceftazidime,<=,4,mg/L,BD Phoenix
A503,meropenem,<=,2,mg/L,BD Phoenix
A503,ciprofloxacin,>,1,mg/L,BD Phoenix
A503,gentamicin,>,4,mg/L,BD Phoenix
A503,tetracycline,>,4,mg/L,BD Phoenix
A504,cefotaxime,<=,4,mg/L,BD Phoenix
A504,ceftazidime,<=,4,mg/L,BD Phoenix
A504,meropenem,<=,2,mg/L,BD Phoenix
A504,ciprofloxacin,<=,1,mg/L,BD Phoenix
A504,gentamicin,>,4,mg/L,BD Phoenix
A504,tetracycline,>,4,mg/L,BD Phoenix
A505,cefotaxime,<=,4,mg/L,BD Phoenix
A505,ceftazidime,<=,4,mg/L,BD Phoenix
A505,meropenem,<=,2,mg/L,BD Phoenix
A505,ciprofloxacin,<=,1,mg/L,BD Phoenix
A505,gentamicin,>,4,mg/L,BD Phoenix
A505,tetracycline,>,4,mg/L,BD Phoenix
A506,cefotaxime,<=,4,mg/L,BD Phoenix
A506,ceftazidime,<=,4,mg/L,BD Phoenix
A506,meropenem,<=,2,mg/L,BD Phoenix
A506,ciprofloxacin,>,1,mg/L,BD Phoenix
A506,gentamicin,>,4,mg/L,BD Phoenix
A506,tetracycline,>,4,mg/L,BD Phoenix
A51,cefotaxime,<=,4,mg/L,BD Phoenix
A51,ceftazidime,<=,4,mg/L,BD Phoenix
A51,meropenem,<=,2,mg/L,BD Phoenix
A51,ciprofloxacin,>,1,mg/L,BD Phoenix
A51,gentamicin,<=,4,mg/L,BD Phoenix
A51,tetracycline,>,4,mg/L,BD Phoenix
A52,cefotaxime,<=,4,mg/L,BD Phoenix
A52,ceftazidime,<=,4,mg/L,BD Phoenix
A52,meropenem,<=,2,mg/L,BD Phoenix
A52,ciprofloxacin,<=,1,mg/L,BD Phoenix
A52,gentamicin,>,4,mg/L,BD Phoenix
A52,tetracycline,>,4,mg/L,BD Phoenix
A53,cefotaxime,>,4,mg/L,BD Phoenix
A53,ceftazidime,<=,4,mg/L,BD Phoenix
A53,meropenem,<=,2,mg/L,BD Phoenix
A53,ciprofloxacin,>,1,mg/L,BD Phoenix
A53,gentamicin,>,4,mg/L,BD Phoenix
A53,tetracycline,>,4,mg/L,BD Phoenix
A54,cefotaxime,<=,4,mg/L,BD Phoenix
A54,ceftazidime,<=,4,mg/L,BD Phoenix
A54,meropenem,<=,2,mg/L,BD Phoenix
A54,ciprofloxacin,>,1,mg/L,BD Phoenix
A54,gentamicin,<=,4,mg/L,BD Phoenix
A54,tetracycline,>,4,mg/L,BD Phoenix
A55,cefotaxime,<=,4,mg/L,BD Phoenix
A55,ceftazidime,<=,4,mg/L,BD Phoenix
A55,meropenem,<=,2,mg/L,BD Phoenix
A55,ciprofloxacin,>,1,mg/L,BD Phoenix
A55,gentamicin,>,4,mg/L,BD Phoenix
A55,tetracycline,>,4,mg/L,BD Phoenix
A56,cefotaxime,>,4,mg/L,BD Phoenix
A56,ceftazidime,<=,4,mg/L,BD Phoenix
A56,meropenem,<=,2,mg/L,BD Phoenix
A56,ciprofloxacin,>,1,mg/L,BD Phoenix
A56,gentamicin,<=,4,mg/L,BD Phoenix
A56,tetracycline,>,4,mg/L,BD Phoenix
A57,cefotaxime,>,4,mg/L,BD Phoenix
A57,ceftazidime,>,4,mg/L,BD Phoenix
A57,meropenem,<=,2,mg/L,BD Phoenix
A57,ciprofloxacin,>,1,mg/L,BD Phoenix
A57,gentamicin,>,4,mg/L,BD Phoenix
A57,tetracycline,>,4,mg/L,BD Phoenix
A58,cefotaxime,>,4,mg/L,BD Phoenix
A58,ceftazidime,>,4,mg/L,BD Phoenix
A58,meropenem,<=,2,mg/L,BD Phoenix
A58,ciprofloxacin,>,1,mg/L,BD Phoenix
A58,gentamicin,>,4,mg/L,BD Phoenix
A58,tetracycline,>,4,mg/L,BD Phoenix
A59,cefotaxime,>,4,mg/L,BD Phoenix
A59,ceftazidime,>,4,mg/L,BD Phoenix
A59,meropenem,<=,2,mg/L,BD Phoenix
A59,ciprofloxacin,>,1,mg/L,BD Phoenix
A59,gentamicin,>,4,mg/L,BD Phoenix
A59,tetracycline,>,4,mg/L,BD Phoenix
A6,cefotaxime,>,4,mg/L,BD Phoenix
A6,ceftazidime,<=,4,mg/L,BD Phoenix
A6,meropenem,<=,2,mg/L,BD Phoenix
A6,ciprofloxacin,>,1,mg/L,BD Phoenix
A6,gentamicin,>,4,mg/L,BD Phoenix
A6,tetracycline,>,4,mg/L,BD Phoenix
A60,cefotaxime,<=,4,mg/L,BD Phoenix
A60,ceftazidime,<=,4,mg/L,BD Phoenix
A60,meropenem,<=,2,mg/L,BD Phoenix
A60,ciprofloxacin,>,1,mg/L,BD Phoenix
A60,gentamicin,>,4,mg/L,BD Phoenix
A60,tetracycline,>,4,mg/L,BD Phoenix
A61,cefotaxime,<=,4,mg/L,BD Phoenix
A61,ceftazidime,<=,4,mg/L,BD Phoenix
A61,meropenem,<=,2,mg/L,BD Phoenix
A61,ciprofloxacin,>,1,mg/L,BD Phoenix
A61,gentamicin,<=,4,mg/L,BD Phoenix
A61,tetracycline,>,4,mg/L,BD Phoenix
A63,cefotaxime,>,4,mg/L,BD Phoenix
A63,ceftazidime,>,4,mg/L,BD Phoenix
A63,meropenem,<=,2,mg/L,BD Phoenix
A63,ciprofloxacin,>,1,mg/L,BD Phoenix
A63,gentamicin,>,4,mg/L,BD Phoenix
A63,tetracycline,>,4,mg/L,BD Phoenix
A64,cefotaxime,<=,4,mg/L,BD Phoenix
A64,ceftazidime,<=,4,mg/L,BD Phoenix
A64,meropenem,<=,2,mg/L,BD Phoenix
A64,ciprofloxacin,<=,1,mg/L,BD Phoenix
A64,gentamicin,>,4,mg/L,BD Phoenix
A64,tetracycline,>,4,mg/L,BD Phoenix
A65,cefotaxime,>,4,mg/L,BD Phoenix
A65,ceftazidime,<=,4,mg/L,BD Phoenix
A65,meropenem,<=,2,mg/L,BD Phoenix
A65,ciprofloxacin,>,1,mg/L,BD Phoenix
A65,gentamicin,>,4,mg/L,BD Phoenix
A65,tetracycline,>,4,mg/L,BD Phoenix
A66,cefotaxime,<=,4,mg/L,BD Phoenix
A66,ceftazidime,<=,4,mg/L,BD Phoenix
A66,meropenem,<=,2,mg/L,BD Phoenix
A66,ciprofloxacin,>,1,mg/L,BD Phoenix
A66,gentamicin,>,4,mg/L,BD Phoenix
A66,tetracycline,>,4,mg/L,BD Phoenix
A67,cefotaxime,>,4,mg/L,BD Phoenix
A67,ceftazidime,>,4,mg/L,BD Phoenix
A67,meropenem,<=,2,mg/L,BD Phoenix
A67,ciprofloxacin,>,1,mg/L,BD Phoenix
A67,gentamicin,>,4,mg/L,BD Phoenix
A67,tetracycline,>,4,mg/L,BD Phoenix
A68,cefotaxime,>,4,mg/L,BD Phoenix
A68,ceftazidime,<=,4,mg/L,BD Phoenix
A68,meropenem,<=,2,mg/L,BD Phoenix
A68,ciprofloxacin,>,1,mg/L,BD Phoenix
A68,gentamicin,>,4,mg/L,BD Phoenix
A68,tetracycline,>,4,mg/L,BD Phoenix
A69,cefotaxime,<=,4,mg/L,BD Phoenix
A69,ceftazidime,>,4,mg/L,BD Phoenix
A69,meropenem,<=,2,mg/L,BD Phoenix
A69,ciprofloxacin,>,1,mg/L,BD Phoenix
A69,gentamicin,>,4,mg/L,BD Phoenix
A69,tetracycline,>,4,mg/L,BD Phoenix
A7,cefotaxime,>,4,mg/L,BD Phoenix
A7,ceftazidime,>,4,mg/L,BD Phoenix
A7,meropenem,<=,2,mg/L,BD Phoenix
A7,ciprofloxacin,>,1,mg/L,BD Phoenix
A7,gentamicin,>,4,mg/L,BD Phoenix
A7,tetracycline,>,4,mg/L,BD Phoenix
A70,cefotaxime,<=,4,mg/L,BD Phoenix
A70,ceftazidime,<=,4,mg/L,BD Phoenix
A70,meropenem,<=,2,mg/L,BD Phoenix
A70,ciprofloxacin,<=,1,mg/L,BD Phoenix
A70,gentamicin,<=,4,mg/L,BD Phoenix
A70,tetracycline,>,4,mg/L,BD Phoenix
A72,cefotaxime,>,4,mg/L,BD Phoenix
A72,ceftazidime,<=,4,mg/L,BD Phoenix
A72,meropenem,<=,2,mg/L,BD Phoenix
A72,ciprofloxacin,>,1,mg/L,BD Phoenix
A72,gentamicin,>,4,mg/L,BD Phoenix
A72,tetracycline,>,4,mg/L,BD Phoenix
A73,cefotaxime,<=,4,mg/L,BD Phoenix
A73,ceftazidime,<=,4,mg/L,BD Phoenix
A73,meropenem,<=,2,mg/L,BD Phoenix
A73,ciprofloxacin,>,1,mg/L,BD Phoenix
A73,gentamicin,>,4,mg/L,BD Phoenix
A73,tetracycline,>,4,mg/L,BD Phoenix
A74,cefotaxime,>,4,mg/L,BD Phoenix
A74,ceftazidime,<=,4,mg/L,BD Phoenix
A74,meropenem,<=,2,mg/L,BD Phoenix
A74,ciprofloxacin,<=,1,mg/L,BD Phoenix
A74,gentamicin,<=,4,mg/L,BD Phoenix
A74,tetracycline,<=,4,mg/L,BD Phoenix
A75,cefotaxime,>,4,mg/L,BD Phoenix
A75,ceftazidime,>,4,mg/L,BD Phoenix
A75,meropenem,<=,2,mg/L,BD Phoenix
A75,ciprofloxacin,>,1,mg/L,BD Phoenix
A75,gentamicin,>,4,mg/L,BD Phoenix
A75,tetracycline,>,4,mg/L,BD Phoenix
A76,cefotaxime,>,4,mg/L,BD Phoenix
A76,ceftazidime,<=,4,mg/L,BD Phoenix
A76,meropenem,<=,2,mg/L,BD Phoenix
A76,ciprofloxacin,>,1,mg/L,BD Phoenix
A76,gentamicin,>,4,mg/L,BD Phoenix
A76,tetracycline,>,4,mg/L,BD Phoenix
A77,cefotaxime,>,4,mg/L,BD Phoenix
A77,ceftazidime,>,4,mg/L,BD Phoenix
A77,meropenem,<=,2,mg/L,BD Phoenix
A77,ciprofloxacin,>,1,mg/L,BD Phoenix
A77,gentamicin,>,4,mg/L,BD Phoenix
A77,tetracycline,>,4,mg/L,BD Phoenix
A78,cefotaxime,>,4,mg/L,BD Phoenix
A78,ceftazidime,<=,4,mg/L,BD Phoenix
A78,meropenem,<=,2,mg/L,BD Phoenix
A78,ciprofloxacin,>,1,mg/L,BD Phoenix
A78,gentamicin,>,4,mg/L,BD Phoenix
A78,tetracycline,>,4,mg/L,BD Phoenix
A79,cefotaxime,>,4,mg/L,BD Phoenix
A79,ceftazidime,<=,4,mg/L,BD Phoenix
A79,meropenem,<=,2,mg/L,BD Phoenix
A79,ciprofloxacin,>,1,mg/L,BD Phoenix
A79,gentamicin,>,4,mg/L,BD Phoenix
A79,tetracycline,>,4,mg/L,BD Phoenix
A8,cefotaxime,>,4,mg/L,BD Phoenix
A8,ceftazidime,>,4,mg/L,BD Phoenix
A8,meropenem,<=,2,mg/L,BD Phoenix
A8,ciprofloxacin,>,1,mg/L,BD Phoenix
A8,gentamicin,>,4,mg/L,BD Phoenix
A8,tetracycline,>,4,mg/L,BD Phoenix
A80,cefotaxime,<=,4,mg/L,BD Phoenix
A80,ceftazidime,<=,4,mg/L,BD Phoenix
A80,meropenem,<=,2,mg/L,BD Phoenix
A80,ciprofloxacin,>,1,mg/L,BD Phoenix
A80,gentamicin,<=,4,mg/L,BD Phoenix
A80,tetracycline,>,4,mg/L,BD Phoenix
A81,cefotaxime,<=,4,mg/L,BD Phoenix
A81,ceftazidime,<=,4,mg/L,BD Phoenix
A81,meropenem,<=,2,mg/L,BD Phoenix
A81,ciprofloxacin,<=,1,mg/L,BD Phoenix
A81,gentamicin,<=,4,mg/L,BD Phoenix
A81,tetracycline,>,4,mg/L,BD Phoenix
A82,cefotaxime,<=,4,mg/L,BD Phoenix
A82,ceftazidime,<=,4,mg/L,BD Phoenix
A82,meropenem,<=,2,mg/L,BD Phoenix
A82,ciprofloxacin,>,1,mg/L,BD Phoenix
A82,gentamicin,>,4,mg/L,BD Phoenix
A82,tetracycline,>,4,mg/L,BD Phoenix
A83,cefotaxime,<=,4,mg/L,BD Phoenix
A83,ceftazidime,<=,4,mg/L,BD Phoenix
A83,meropenem,<=,2,mg/L,BD Phoenix
A83,ciprofloxacin,>,1,mg/L,BD Phoenix
A83,gentamicin,>,4,mg/L,BD Phoenix
A83,tetracycline,>,4,mg/L,BD Phoenix
A84,cefotaxime,<=,4,mg/L,BD Phoenix
A84,ceftazidime,<=,4,mg/L,BD Phoenix
A84,meropenem,<=,2,mg/L,BD Phoenix
A84,ciprofloxacin,<=,1,mg/L,BD Phoenix
A84,gentamicin,<=,4,mg/L,BD Phoenix
A84,tetracycline,>,4,mg/L,BD Phoenix
A85,cefotaxime,<=,4,mg/L,BD Phoenix
A85,ceftazidime,>,4,mg/L,BD Phoenix
A85,meropenem,<=,2,mg/L,BD Phoenix
A85,ciprofloxacin,>,1,mg/L,BD Phoenix
A85,gentamicin,>,4,mg/L,BD Phoenix
A85,tetracycline,>,4,mg/L,BD Phoenix
A86,cefotaxime,<=,4,mg/L,BD Phoenix
A86,ceftazidime,<=,4,mg/L,BD Phoenix
A86,meropenem,<=,2,mg/L,BD Phoenix
A86,ciprofloxacin,>,1,mg/L,BD Phoenix
A86,gentamicin,<=,4,mg/L,BD Phoenix
A86,tetracycline,<=,4,mg/L,BD Phoenix
A87,cefotaxime,>,4,mg/L,BD Phoenix
A87,ceftazidime,>,4,mg/L,BD Phoenix
A87,meropenem,<=,2,mg/L,BD Phoenix
A87,ciprofloxacin,>,1,mg/L,BD Phoenix
A87,gentamicin,>,4,mg/L,BD Phoenix
A87,tetracycline,>,4,mg/L,BD Phoenix
A88,cefotaxime,>,4,mg/L,BD Phoenix
A88,ceftazidime,>,4,mg/L,BD Phoenix
A88,meropenem,<=,2,mg/L,BD Phoenix
A88,ciprofloxacin,>,1,mg/L,BD Phoenix
A88,gentamicin,>,4,mg/L,BD Phoenix
A88,tetracycline,>,4,mg/L,BD Phoenix
A89,cefotaxime,<=,4,mg/L,BD Phoenix
A89,ceftazidime,<=,4,mg/L,BD Phoenix
A89,meropenem,<=,2,mg/L,BD Phoenix
A89,ciprofloxacin,>,1,mg/L,BD Phoenix
A89,gentamicin,>,4,mg/L,BD Phoenix
A89,tetracycline,>,4,mg/L,BD Phoenix
A9,cefotaxime,<=,4,mg/L,BD Phoenix
A9,ceftazidime,<=,4,mg/L,BD Phoenix
A9,meropenem,<=,2,mg/L,BD Phoenix
A9,ciprofloxacin,<=,1,mg/L,BD Phoenix
A9,gentamicin,>,4,mg/L,BD Phoenix
A9,tetracycline,>,4,mg/L,BD Phoenix
A90,cefotaxime,<=,4,mg/L,BD Phoenix
A90,ceftazidime,<=,4,mg/L,BD Phoenix
A90,meropenem,<=,2,mg/L,BD Phoenix
A90,ciprofloxacin,<=,1,mg/L,BD Phoenix
A90,gentamicin,>,4,mg/L,BD Phoenix
A90,tetracycline,>,4,mg/L,BD Phoenix
A91,cefotaxime,>,4,mg/L,BD Phoenix
A91,ceftazidime,>,4,mg/L,BD Phoenix
A91,meropenem,<=,2,mg/L,BD Phoenix
A91,ciprofloxacin,>,1,mg/L,BD Phoenix
A91,gentamicin,>,4,mg/L,BD Phoenix
A91,tetracycline,>,4,mg/L,BD Phoenix
A92,cefotaxime,<=,4,mg/L,BD Phoenix
A92,ceftazidime,<=,4,mg/L,BD Phoenix
A92,meropenem,<=,2,mg/L,BD Phoenix
A92,ciprofloxacin,>,1,mg/L,BD Phoenix
A92,gentamicin,>,4,mg/L,BD Phoenix
A92,tetracycline,>,4,mg/L,BD Phoenix
A93,cefotaxime,>,4,mg/L,BD Phoenix
A93,ceftazidime,>,4,mg/L,BD Phoenix
A93,meropenem,<=,2,mg/L,BD Phoenix
A93,ciprofloxacin,>,1,mg/L,BD Phoenix
A93,gentamicin,<=,4,mg/L,BD Phoenix
A93,tetracycline,>,4,mg/L,BD Phoenix
A94,cefotaxime,<=,4,mg/L,BD Phoenix
A94,ceftazidime,<=,4,mg/L,BD Phoenix
A94,meropenem,<=,2,mg/L,BD Phoenix
A94,ciprofloxacin,<=,1,mg/L,BD Phoenix
A94,gentamicin,<=,4,mg/L,BD Phoenix
A94,tetracycline,>,4,mg/L,BD Phoenix
A95,cefotaxime,>,4,mg/L,BD Phoenix
A95,ceftazidime,>,4,mg/L,BD Phoenix
A95,meropenem,<=,2,mg/L,BD Phoenix
A95,ciprofloxacin,>,1,mg/L,BD Phoenix
A95,gentamicin,>,4,mg/L,BD Phoenix
A95,tetracycline,>,4,mg/L,BD Phoenix
A96,cefotaxime,<=,4,mg/L,BD Phoenix
A96,ceftazidime,<=,4,mg/L,BD Phoenix
A96,meropenem,<=,2,mg/L,BD Phoenix
A96,ciprofloxacin,>,1,mg/L,BD Phoenix
A96,gentamicin,>,4,mg/L,BD Phoenix
A96,tetracycline,>,4,mg/L,BD Phoenix
A97,cefotaxime,<=,4,mg/L,BD Phoenix
A97,ceftazidime,<=,4,mg/L,BD Phoenix
A97,meropenem,<=,2,mg/L,BD Phoenix
A97,ciprofloxacin,>,1,mg/L,BD Phoenix
A97,gentamicin,>,4,mg/L,BD Phoenix
A97,tetracycline,>,4,mg/L,BD Phoenix
A98,cefotaxime,>,4,mg/L,BD Phoenix
A98,ceftazidime,>,4,mg/L,BD Phoenix
A98,meropenem,<=,2,mg/L,BD Phoenix
A98,ciprofloxacin,>,1,mg/L,BD Phoenix
A98,gentamicin,>,4,mg/L,BD Phoenix
A98,tetracycline,>,4,mg/L,BD Phoenix
A99,cefotaxime,<=,4,mg/L,BD Phoenix
A99,ceftazidime,<=,4,mg/L,BD Phoenix
A99,meropenem,<=,2,mg/L,BD Phoenix
A99,ciprofloxacin,<=,1,mg/L,BD Phoenix
A99,gentamicin,<=,4,mg/L,BD Phoenix
A99,tetracycline,>,4,mg/L,BD Phoenix
