stratum,agent,analysis,method,estimand,analysis_scope,n,n_groups,n_observed,n_missing,n_positive,estimate_scope,batch,estimate,lower,upper,log_e,p_value,q_value,selected,interval_kind,status,reason,unit,assumptions,conclusion
Canada,amoxicillin,finite_collection_prevalence,finite_collection_prevalence,prevalence in recorded collection,recorded finite collection,205,,205,0,29,observed outcomes only,,0.14146341463414633,0.14146341463414633,0.14146341463414633,,,,,identification bounds; not a confidence interval,computed,,proportion,Binary outcomes; recorded collection size known. Estimate is observed-only prevalence; bounds cover missing outcomes.,
Canada,cefquinome,finite_collection_prevalence,finite_collection_prevalence,prevalence in recorded collection,recorded finite collection,205,,205,0,20,observed outcomes only,,0.0975609756097561,0.0975609756097561,0.0975609756097561,,,,,identification bounds; not a confidence interval,computed,,proportion,Binary outcomes; recorded collection size known. Estimate is observed-only prevalence; bounds cover missing outcomes.,
Canada,ceftiofur,finite_collection_prevalence,finite_collection_prevalence,prevalence in recorded collection,recorded finite collection,205,,205,0,72,observed outcomes only,,0.35121951219512193,0.35121951219512193,0.35121951219512193,,,,,identification bounds; not a confidence interval,computed,,proportion,Binary outcomes; recorded collection size known. Estimate is observed-only prevalence; bounds cover missing outcomes.,
Canada,doxycycline,finite_collection_prevalence,finite_collection_prevalence,prevalence in recorded collection,recorded finite collection,205,,205,0,191,observed outcomes only,,0.9317073170731708,0.9317073170731708,0.9317073170731708,,,,,identification bounds; not a confidence interval,computed,,proportion,Binary outcomes; recorded collection size known. Estimate is observed-only prevalence; bounds cover missing outcomes.,
Canada,erythromycin,finite_collection_prevalence,finite_collection_prevalence,prevalence in recorded collection,recorded finite collection,205,,205,0,154,observed outcomes only,,0.751219512195122,0.751219512195122,0.751219512195122,,,,,identification bounds; not a confidence interval,computed,,proportion,Binary outcomes; recorded collection size known. Estimate is observed-only prevalence; bounds cover missing outcomes.,
Canada,lincomycin,finite_collection_prevalence,finite_collection_prevalence,prevalence in recorded collection,recorded finite collection,205,,205,0,171,observed outcomes only,,0.8341463414634146,0.8341463414634146,0.8341463414634146,,,,,identification bounds; not a confidence interval,computed,,proportion,Binary outcomes; recorded collection size known. Estimate is observed-only prevalence; bounds cover missing outcomes.,
Canada,penicillin,finite_collection_prevalence,finite_collection_prevalence,prevalence in recorded collection,recorded finite collection,205,,205,0,71,observed outcomes only,,0.3463414634146341,0.3463414634146341,0.3463414634146341,,,,,identification bounds; not a confidence interval,computed,,proportion,Binary outcomes; recorded collection size known. Estimate is observed-only prevalence; bounds cover missing outcomes.,
Canada,spectinomycin,finite_collection_prevalence,finite_collection_prevalence,prevalence in recorded collection,recorded finite collection,205,,205,0,38,observed outcomes only,,0.18536585365853658,0.18536585365853658,0.18536585365853658,,,,,identification bounds; not a confidence interval,computed,,proportion,Binary outcomes; recorded collection size known. Estimate is observed-only prevalence; bounds cover missing outcomes.,
Canada,tetracycline,finite_collection_prevalence,finite_collection_prevalence,prevalence in recorded collection,recorded finite collection,205,,205,0,194,observed outcomes only,,0.9463414634146341,0.9463414634146341,0.9463414634146341,,,,,identification bounds; not a confidence interval,computed,,proportion,Binary outcomes; recorded collection size known. Estimate is observed-only prevalence; bounds cover missing outcomes.,
Canada,tiamulin,finite_collection_prevalence,finite_collection_prevalence,prevalence in recorded collection,recorded finite collection,205,,205,0,54,observed outcomes only,,0.2634146341463415,0.2634146341463415,0.2634146341463415,,,,,identification bounds; not a confidence interval,computed,,proportion,Binary outcomes; recorded collection size known. Estimate is observed-only prevalence; bounds cover missing outcomes.,
Canada,tilmicosin,finite_collection_prevalence,finite_collection_prevalence,prevalence in recorded collection,recorded finite collection,205,,205,0,153,observed outcomes only,,0.7463414634146341,0.7463414634146341,0.7463414634146341,,,,,identification bounds; not a confidence interval,computed,,proportion,Binary outcomes; recorded collection size known. Estimate is observed-only prevalence; bounds cover missing outcomes.,
Canada,trimethoprim,finite_collection_prevalence,finite_collection_prevalence,prevalence in recorded collection,recorded finite collection,205,,205,0,54,observed outcomes only,,0.2634146341463415,0.2634146341463415,0.2634146341463415,,,,,identification bounds; not a confidence interval,computed,,proportion,Binary outcomes; recorded collection size known. Estimate is observed-only prevalence; bounds cover missing outcomes.,
Canada,tylosin,finite_collection_prevalence,finite_collection_prevalence,prevalence in recorded collection,recorded finite collection,205,,205,0,152,observed outcomes only,,0.7414634146341463,0.7414634146341463,0.7414634146341463,,,,,identification bounds; not a confidence interval,computed,,proportion,Binary outcomes; recorded collection size known. Estimate is observed-only prevalence; bounds cover missing outcomes.,
Canada,amoxicillin,collection_membership,collection_membership,lineage share of the call among the represented lineages,observed and typed subset,205,26,,,,observed and typed subset,,0.28402305183551696,0.16488270765605428,0.4585190233208506,,0.001,0.004134173881673882,yes,"95% interval for the represented lineages (isolates drawn again, lineages fixed)",computed,,proportion,"Isolates of a lineage drawn independently from its distribution, whatever their sampling units share; the p-value assumes lineage labels exchangeable within each level of isolation_country under the null.",Lineage structure established (share 0.284; 95 % interval 0.165 to 0.459; p ≤ 0.001; q 0.004; lower bound 0.062; lower confidence limit 0.000).
Canada,amoxicillin,call_latent_bounds,call_latent_bounds,lineage share of the latent ordering,observed and typed subset,205,26,,,,observed and typed subset,,,0.062143316987951065,0.951955299238141,,,,,bounds the readings allow; not a confidence interval; lower end established by the readings; upper end sharp,computed,,proportion,Every reading holds the latent MIC it stands for (a call: the side of its cut-off); the latent MIC is continuous within a stratum; lineages of one isolate set aside. No distributional form for the latent values. The bounds are sharp where the distinct readings of each stratum are disjoint; overlapping readings are merged into one cell and the bounds then hold but may not be attained.,
Canada,amoxicillin,call_latent_lower_limit,call_latent_lower_limit,lineage share of the latent ordering,observed and typed subset,205,26,,,,observed and typed subset,,,0.0,,,,,,"one-sided 95% lower confidence limit for the lower bound, and so for the share",computed,,proportion,"Every reading holds the latent MIC it stands for (a call: the side of its cut-off); the latent MIC is continuous within a stratum; lineages of one isolate set aside. No distributional form for the latent values. The bounds are sharp where the distinct readings of each stratum are disjoint; overlapping readings are merged into one cell and the bounds then hold but may not be attained. The limit also assumes readings independent between isolates, whatever their sampling units share.",
Canada,cefquinome,collection_membership,collection_membership,lineage share of the call among the represented lineages,observed and typed subset,205,26,,,,observed and typed subset,,0.22253582754591666,0.055241070501483136,0.44150031322925287,,0.001,0.004134173881673882,yes,"95% interval for the represented lineages (isolates drawn again, lineages fixed)",computed,,proportion,"Isolates of a lineage drawn independently from its distribution, whatever their sampling units share; the p-value assumes lineage labels exchangeable within each level of isolation_country under the null.",Lineage structure established (share 0.223; 95 % interval 0.055 to 0.442; p ≤ 0.001; q 0.004; lower bound 0.030; lower confidence limit 0.000).
Canada,cefquinome,call_latent_bounds,call_latent_bounds,lineage share of the latent ordering,observed and typed subset,205,26,,,,observed and typed subset,,,0.030430585810786732,0.9564274212177024,,,,,bounds the readings allow; not a confidence interval; lower end established by the readings; upper end sharp,computed,,proportion,Every reading holds the latent MIC it stands for (a call: the side of its cut-off); the latent MIC is continuous within a stratum; lineages of one isolate set aside. No distributional form for the latent values. The bounds are sharp where the distinct readings of each stratum are disjoint; overlapping readings are merged into one cell and the bounds then hold but may not be attained.,
Canada,cefquinome,call_latent_lower_limit,call_latent_lower_limit,lineage share of the latent ordering,observed and typed subset,205,26,,,,observed and typed subset,,,0.0,,,,,,"one-sided 95% lower confidence limit for the lower bound, and so for the share",computed,,proportion,"Every reading holds the latent MIC it stands for (a call: the side of its cut-off); the latent MIC is continuous within a stratum; lineages of one isolate set aside. No distributional form for the latent values. The bounds are sharp where the distinct readings of each stratum are disjoint; overlapping readings are merged into one cell and the bounds then hold but may not be attained. The limit also assumes readings independent between isolates, whatever their sampling units share.",
Canada,ceftiofur,collection_membership,collection_membership,lineage share of the call among the represented lineages,observed and typed subset,205,26,,,,observed and typed subset,,0.5186204193071563,0.39116646037855063,0.6517665953066145,,0.001,0.004134173881673882,yes,"95% interval for the represented lineages (isolates drawn again, lineages fixed)",computed,,proportion,"Isolates of a lineage drawn independently from its distribution, whatever their sampling units share; the p-value assumes lineage labels exchangeable within each level of isolation_country under the null.",Lineage structure established (share 0.519; 95 % interval 0.391 to 0.652; p ≤ 0.001; q 0.004; lower bound 0.148; lower confidence limit 0.001).
Canada,ceftiofur,call_latent_bounds,call_latent_bounds,lineage share of the latent ordering,observed and typed subset,205,26,,,,observed and typed subset,,,0.14832901033838386,0.9502606652998462,,,,,bounds the readings allow; not a confidence interval; lower end established by the readings; upper end sharp,computed,,proportion,Every reading holds the latent MIC it stands for (a call: the side of its cut-off); the latent MIC is continuous within a stratum; lineages of one isolate set aside. No distributional form for the latent values. The bounds are sharp where the distinct readings of each stratum are disjoint; overlapping readings are merged into one cell and the bounds then hold but may not be attained.,
Canada,ceftiofur,call_latent_lower_limit,call_latent_lower_limit,lineage share of the latent ordering,observed and typed subset,205,26,,,,observed and typed subset,,,0.0013330040807649616,,,,,,"one-sided 95% lower confidence limit for the lower bound, and so for the share",computed,,proportion,"Every reading holds the latent MIC it stands for (a call: the side of its cut-off); the latent MIC is continuous within a stratum; lineages of one isolate set aside. No distributional form for the latent values. The bounds are sharp where the distinct readings of each stratum are disjoint; overlapping readings are merged into one cell and the bounds then hold but may not be attained. The limit also assumes readings independent between isolates, whatever their sampling units share.",
Canada,doxycycline,collection_membership,collection_membership,lineage share of the call among the represented lineages,observed and typed subset,205,26,,,,observed and typed subset,,-0.010895088114825759,0.0,0.16533170292727725,,0.485,1.0,no,"95% interval for the represented lineages (isolates drawn again, lineages fixed)",computed,,proportion,"Isolates of a lineage drawn independently from its distribution, whatever their sampling units share; the p-value assumes lineage labels exchangeable within each level of isolation_country under the null.",Not established on this collection (share -0.011; 95 % interval 0.000 to 0.165; p 0.485; q 1.000; lower bound 0.000; lower confidence limit 0.000).
Canada,doxycycline,call_latent_bounds,call_latent_bounds,lineage share of the latent ordering,observed and typed subset,205,26,,,,observed and typed subset,,,0.0,0.9273898917134054,,,,,bounds the readings allow; not a confidence interval; lower end established by the readings; upper end sharp,computed,,proportion,Every reading holds the latent MIC it stands for (a call: the side of its cut-off); the latent MIC is continuous within a stratum; lineages of one isolate set aside. No distributional form for the latent values. The bounds are sharp where the distinct readings of each stratum are disjoint; overlapping readings are merged into one cell and the bounds then hold but may not be attained.,
Canada,doxycycline,call_latent_lower_limit,call_latent_lower_limit,lineage share of the latent ordering,observed and typed subset,205,26,,,,observed and typed subset,,,0.0,,,,,,"one-sided 95% lower confidence limit for the lower bound, and so for the share",computed,,proportion,"Every reading holds the latent MIC it stands for (a call: the side of its cut-off); the latent MIC is continuous within a stratum; lineages of one isolate set aside. No distributional form for the latent values. The bounds are sharp where the distinct readings of each stratum are disjoint; overlapping readings are merged into one cell and the bounds then hold but may not be attained. The limit also assumes readings independent between isolates, whatever their sampling units share.",
Canada,erythromycin,collection_membership,collection_membership,lineage share of the call among the represented lineages,observed and typed subset,205,26,,,,observed and typed subset,,0.20647364851297415,0.08878996961219897,0.3276551087044484,,0.001,0.004134173881673882,yes,"95% interval for the represented lineages (isolates drawn again, lineages fixed)",computed,,proportion,"Isolates of a lineage drawn independently from its distribution, whatever their sampling units share; the p-value assumes lineage labels exchangeable within each level of isolation_country under the null.",Lineage structure established (share 0.206; 95 % interval 0.089 to 0.328; p ≤ 0.001; q 0.004; lower bound 0.000; lower confidence limit 0.000).
Canada,erythromycin,call_latent_bounds,call_latent_bounds,lineage share of the latent ordering,observed and typed subset,205,26,,,,observed and typed subset,,,0.0,0.8781347151139407,,,,,bounds the readings allow; not a confidence interval; lower end established by the readings; upper end sharp,computed,,proportion,Every reading holds the latent MIC it stands for (a call: the side of its cut-off); the latent MIC is continuous within a stratum; lineages of one isolate set aside. No distributional form for the latent values. The bounds are sharp where the distinct readings of each stratum are disjoint; overlapping readings are merged into one cell and the bounds then hold but may not be attained.,
Canada,erythromycin,call_latent_lower_limit,call_latent_lower_limit,lineage share of the latent ordering,observed and typed subset,205,26,,,,observed and typed subset,,,0.0,,,,,,"one-sided 95% lower confidence limit for the lower bound, and so for the share",computed,,proportion,"Every reading holds the latent MIC it stands for (a call: the side of its cut-off); the latent MIC is continuous within a stratum; lineages of one isolate set aside. No distributional form for the latent values. The bounds are sharp where the distinct readings of each stratum are disjoint; overlapping readings are merged into one cell and the bounds then hold but may not be attained. The limit also assumes readings independent between isolates, whatever their sampling units share.",
Canada,lincomycin,collection_membership,collection_membership,lineage share of the call among the represented lineages,observed and typed subset,205,26,,,,observed and typed subset,,0.20635641119099402,0.061309403995116446,0.3702995899863733,,0.001,0.004134173881673882,yes,"95% interval for the represented lineages (isolates drawn again, lineages fixed)",computed,,proportion,"Isolates of a lineage drawn independently from its distribution, whatever their sampling units share; the p-value assumes lineage labels exchangeable within each level of isolation_country under the null.",Lineage structure established (share 0.206; 95 % interval 0.061 to 0.370; p ≤ 0.001; q 0.004; lower bound 0.000; lower confidence limit 0.000).
Canada,lincomycin,call_latent_bounds,call_latent_bounds,lineage share of the latent ordering,observed and typed subset,205,26,,,,observed and typed subset,,,0.0,0.9178733595277186,,,,,bounds the readings allow; not a confidence interval; lower end established by the readings; upper end sharp,computed,,proportion,Every reading holds the latent MIC it stands for (a call: the side of its cut-off); the latent MIC is continuous within a stratum; lineages of one isolate set aside. No distributional form for the latent values. The bounds are sharp where the distinct readings of each stratum are disjoint; overlapping readings are merged into one cell and the bounds then hold but may not be attained.,
Canada,lincomycin,call_latent_lower_limit,call_latent_lower_limit,lineage share of the latent ordering,observed and typed subset,205,26,,,,observed and typed subset,,,0.0,,,,,,"one-sided 95% lower confidence limit for the lower bound, and so for the share",computed,,proportion,"Every reading holds the latent MIC it stands for (a call: the side of its cut-off); the latent MIC is continuous within a stratum; lineages of one isolate set aside. No distributional form for the latent values. The bounds are sharp where the distinct readings of each stratum are disjoint; overlapping readings are merged into one cell and the bounds then hold but may not be attained. The limit also assumes readings independent between isolates, whatever their sampling units share.",
Canada,penicillin,collection_membership,collection_membership,lineage share of the call among the represented lineages,observed and typed subset,205,26,,,,observed and typed subset,,0.5853359953761744,0.4761949900472849,0.701740305086262,,0.001,0.004134173881673882,yes,"95% interval for the represented lineages (isolates drawn again, lineages fixed)",computed,,proportion,"Isolates of a lineage drawn independently from its distribution, whatever their sampling units share; the p-value assumes lineage labels exchangeable within each level of isolation_country under the null.",Lineage structure established (share 0.585; 95 % interval 0.476 to 0.702; p ≤ 0.001; q 0.004; lower bound 0.197; lower confidence limit 0.015).
Canada,penicillin,call_latent_bounds,call_latent_bounds,lineage share of the latent ordering,observed and typed subset,205,26,,,,observed and typed subset,,,0.19746806791367244,0.9683507415761541,,,,,bounds the readings allow; not a confidence interval; lower end established by the readings; upper end sharp,computed,,proportion,Every reading holds the latent MIC it stands for (a call: the side of its cut-off); the latent MIC is continuous within a stratum; lineages of one isolate set aside. No distributional form for the latent values. The bounds are sharp where the distinct readings of each stratum are disjoint; overlapping readings are merged into one cell and the bounds then hold but may not be attained.,
Canada,penicillin,call_latent_lower_limit,call_latent_lower_limit,lineage share of the latent ordering,observed and typed subset,205,26,,,,observed and typed subset,,,0.015215516661142073,,,,,,"one-sided 95% lower confidence limit for the lower bound, and so for the share",computed,,proportion,"Every reading holds the latent MIC it stands for (a call: the side of its cut-off); the latent MIC is continuous within a stratum; lineages of one isolate set aside. No distributional form for the latent values. The bounds are sharp where the distinct readings of each stratum are disjoint; overlapping readings are merged into one cell and the bounds then hold but may not be attained. The limit also assumes readings independent between isolates, whatever their sampling units share.",
Canada,spectinomycin,collection_membership,collection_membership,lineage share of the call among the represented lineages,observed and typed subset,205,26,,,,observed and typed subset,,0.09083075759308527,0.0,0.2392033601536147,,0.004,0.015033359569723207,yes,"95% interval for the represented lineages (isolates drawn again, lineages fixed)",computed,,proportion,"Isolates of a lineage drawn independently from its distribution, whatever their sampling units share; the p-value assumes lineage labels exchangeable within each level of isolation_country under the null.",Not established on this collection (share 0.091; 95 % interval 0.000 to 0.239; p 0.004; q 0.015; lower bound 0.005; lower confidence limit 0.000).
Canada,spectinomycin,call_latent_bounds,call_latent_bounds,lineage share of the latent ordering,observed and typed subset,205,26,,,,observed and typed subset,,,0.004976025516834079,0.8831090097619225,,,,,bounds the readings allow; not a confidence interval; lower end established by the readings; upper end sharp,computed,,proportion,Every reading holds the latent MIC it stands for (a call: the side of its cut-off); the latent MIC is continuous within a stratum; lineages of one isolate set aside. No distributional form for the latent values. The bounds are sharp where the distinct readings of each stratum are disjoint; overlapping readings are merged into one cell and the bounds then hold but may not be attained.,
Canada,spectinomycin,call_latent_lower_limit,call_latent_lower_limit,lineage share of the latent ordering,observed and typed subset,205,26,,,,observed and typed subset,,,0.0,,,,,,"one-sided 95% lower confidence limit for the lower bound, and so for the share",computed,,proportion,"Every reading holds the latent MIC it stands for (a call: the side of its cut-off); the latent MIC is continuous within a stratum; lineages of one isolate set aside. No distributional form for the latent values. The bounds are sharp where the distinct readings of each stratum are disjoint; overlapping readings are merged into one cell and the bounds then hold but may not be attained. The limit also assumes readings independent between isolates, whatever their sampling units share.",
Canada,tetracycline,collection_membership,collection_membership,lineage share of the call among the represented lineages,observed and typed subset,205,26,,,,observed and typed subset,,0.00935751742113678,0.0,0.20764545880975083,,0.701,1.0,no,"95% interval for the represented lineages (isolates drawn again, lineages fixed)",computed,,proportion,"Isolates of a lineage drawn independently from its distribution, whatever their sampling units share; the p-value assumes lineage labels exchangeable within each level of isolation_country under the null.",Not established on this collection (share 0.009; 95 % interval 0.000 to 0.208; p 0.701; q 1.000; lower bound 0.000; lower confidence limit 0.000).
Canada,tetracycline,call_latent_bounds,call_latent_bounds,lineage share of the latent ordering,observed and typed subset,205,26,,,,observed and typed subset,,,0.0,0.9448838572447973,,,,,bounds the readings allow; not a confidence interval; lower end established by the readings; upper end sharp,computed,,proportion,Every reading holds the latent MIC it stands for (a call: the side of its cut-off); the latent MIC is continuous within a stratum; lineages of one isolate set aside. No distributional form for the latent values. The bounds are sharp where the distinct readings of each stratum are disjoint; overlapping readings are merged into one cell and the bounds then hold but may not be attained.,
Canada,tetracycline,call_latent_lower_limit,call_latent_lower_limit,lineage share of the latent ordering,observed and typed subset,205,26,,,,observed and typed subset,,,0.0,,,,,,"one-sided 95% lower confidence limit for the lower bound, and so for the share",computed,,proportion,"Every reading holds the latent MIC it stands for (a call: the side of its cut-off); the latent MIC is continuous within a stratum; lineages of one isolate set aside. No distributional form for the latent values. The bounds are sharp where the distinct readings of each stratum are disjoint; overlapping readings are merged into one cell and the bounds then hold but may not be attained. The limit also assumes readings independent between isolates, whatever their sampling units share.",
Canada,tiamulin,collection_membership,collection_membership,lineage share of the call among the represented lineages,observed and typed subset,205,26,,,,observed and typed subset,,0.45387016355961074,0.3067297852400292,0.6097006731408325,,0.001,0.004134173881673882,yes,"95% interval for the represented lineages (isolates drawn again, lineages fixed)",computed,,proportion,"Isolates of a lineage drawn independently from its distribution, whatever their sampling units share; the p-value assumes lineage labels exchangeable within each level of isolation_country under the null.",Lineage structure established (share 0.454; 95 % interval 0.307 to 0.610; p ≤ 0.001; q 0.004; lower bound 0.100; lower confidence limit 0.000).
Canada,tiamulin,call_latent_bounds,call_latent_bounds,lineage share of the latent ordering,observed and typed subset,205,26,,,,observed and typed subset,,,0.09989814216050609,0.9442688995410817,,,,,bounds the readings allow; not a confidence interval; lower end established by the readings; upper end sharp,computed,,proportion,Every reading holds the latent MIC it stands for (a call: the side of its cut-off); the latent MIC is continuous within a stratum; lineages of one isolate set aside. No distributional form for the latent values. The bounds are sharp where the distinct readings of each stratum are disjoint; overlapping readings are merged into one cell and the bounds then hold but may not be attained.,
Canada,tiamulin,call_latent_lower_limit,call_latent_lower_limit,lineage share of the latent ordering,observed and typed subset,205,26,,,,observed and typed subset,,,0.0,,,,,,"one-sided 95% lower confidence limit for the lower bound, and so for the share",computed,,proportion,"Every reading holds the latent MIC it stands for (a call: the side of its cut-off); the latent MIC is continuous within a stratum; lineages of one isolate set aside. No distributional form for the latent values. The bounds are sharp where the distinct readings of each stratum are disjoint; overlapping readings are merged into one cell and the bounds then hold but may not be attained. The limit also assumes readings independent between isolates, whatever their sampling units share.",
Canada,tilmicosin,collection_membership,collection_membership,lineage share of the call among the represented lineages,observed and typed subset,205,26,,,,observed and typed subset,,0.19105286866547394,0.07762271099517867,0.3022230124638931,,0.001,0.004134173881673882,yes,"95% interval for the represented lineages (isolates drawn again, lineages fixed)",computed,,proportion,"Isolates of a lineage drawn independently from its distribution, whatever their sampling units share; the p-value assumes lineage labels exchangeable within each level of isolation_country under the null.",Lineage structure established (share 0.191; 95 % interval 0.078 to 0.302; p ≤ 0.001; q 0.004; lower bound 0.000; lower confidence limit 0.000).
Canada,tilmicosin,call_latent_bounds,call_latent_bounds,lineage share of the latent ordering,observed and typed subset,205,26,,,,observed and typed subset,,,0.0,0.8688067928411451,,,,,bounds the readings allow; not a confidence interval; lower end established by the readings; upper end sharp,computed,,proportion,Every reading holds the latent MIC it stands for (a call: the side of its cut-off); the latent MIC is continuous within a stratum; lineages of one isolate set aside. No distributional form for the latent values. The bounds are sharp where the distinct readings of each stratum are disjoint; overlapping readings are merged into one cell and the bounds then hold but may not be attained.,
Canada,tilmicosin,call_latent_lower_limit,call_latent_lower_limit,lineage share of the latent ordering,observed and typed subset,205,26,,,,observed and typed subset,,,0.0,,,,,,"one-sided 95% lower confidence limit for the lower bound, and so for the share",computed,,proportion,"Every reading holds the latent MIC it stands for (a call: the side of its cut-off); the latent MIC is continuous within a stratum; lineages of one isolate set aside. No distributional form for the latent values. The bounds are sharp where the distinct readings of each stratum are disjoint; overlapping readings are merged into one cell and the bounds then hold but may not be attained. The limit also assumes readings independent between isolates, whatever their sampling units share.",
Canada,trimethoprim,collection_membership,collection_membership,lineage share of the call among the represented lineages,observed and typed subset,205,26,,,,observed and typed subset,,0.3603406865459079,0.22113625042187166,0.5125193884587684,,0.001,0.004134173881673882,yes,"95% interval for the represented lineages (isolates drawn again, lineages fixed)",computed,,proportion,"Isolates of a lineage drawn independently from its distribution, whatever their sampling units share; the p-value assumes lineage labels exchangeable within each level of isolation_country under the null.",Lineage structure established (share 0.360; 95 % interval 0.221 to 0.513; p ≤ 0.001; q 0.004; lower bound 0.053; lower confidence limit 0.000).
Canada,trimethoprim,call_latent_bounds,call_latent_bounds,lineage share of the latent ordering,observed and typed subset,205,26,,,,observed and typed subset,,,0.05250289413334453,0.9211442241824586,,,,,bounds the readings allow; not a confidence interval; lower end established by the readings; upper end sharp,computed,,proportion,Every reading holds the latent MIC it stands for (a call: the side of its cut-off); the latent MIC is continuous within a stratum; lineages of one isolate set aside. No distributional form for the latent values. The bounds are sharp where the distinct readings of each stratum are disjoint; overlapping readings are merged into one cell and the bounds then hold but may not be attained.,
Canada,trimethoprim,call_latent_lower_limit,call_latent_lower_limit,lineage share of the latent ordering,observed and typed subset,205,26,,,,observed and typed subset,,,0.0,,,,,,"one-sided 95% lower confidence limit for the lower bound, and so for the share",computed,,proportion,"Every reading holds the latent MIC it stands for (a call: the side of its cut-off); the latent MIC is continuous within a stratum; lineages of one isolate set aside. No distributional form for the latent values. The bounds are sharp where the distinct readings of each stratum are disjoint; overlapping readings are merged into one cell and the bounds then hold but may not be attained. The limit also assumes readings independent between isolates, whatever their sampling units share.",
Canada,tylosin,collection_membership,collection_membership,lineage share of the call among the represented lineages,observed and typed subset,205,26,,,,observed and typed subset,,0.1933847262619324,0.07803677028969001,0.30595812602344563,,0.001,0.004134173881673882,yes,"95% interval for the represented lineages (isolates drawn again, lineages fixed)",computed,,proportion,"Isolates of a lineage drawn independently from its distribution, whatever their sampling units share; the p-value assumes lineage labels exchangeable within each level of isolation_country under the null.",Lineage structure established (share 0.193; 95 % interval 0.078 to 0.306; p ≤ 0.001; q 0.004; lower bound 0.000; lower confidence limit 0.000).
Canada,tylosin,call_latent_bounds,call_latent_bounds,lineage share of the latent ordering,observed and typed subset,205,26,,,,observed and typed subset,,,0.0,0.8662808920766276,,,,,bounds the readings allow; not a confidence interval; lower end established by the readings; upper end sharp,computed,,proportion,Every reading holds the latent MIC it stands for (a call: the side of its cut-off); the latent MIC is continuous within a stratum; lineages of one isolate set aside. No distributional form for the latent values. The bounds are sharp where the distinct readings of each stratum are disjoint; overlapping readings are merged into one cell and the bounds then hold but may not be attained.,
Canada,tylosin,call_latent_lower_limit,call_latent_lower_limit,lineage share of the latent ordering,observed and typed subset,205,26,,,,observed and typed subset,,,0.0,,,,,,"one-sided 95% lower confidence limit for the lower bound, and so for the share",computed,,proportion,"Every reading holds the latent MIC it stands for (a call: the side of its cut-off); the latent MIC is continuous within a stratum; lineages of one isolate set aside. No distributional form for the latent values. The bounds are sharp where the distinct readings of each stratum are disjoint; overlapping readings are merged into one cell and the bounds then hold but may not be attained. The limit also assumes readings independent between isolates, whatever their sampling units share.",
Canada,amoxicillin,mic_order,lineage share of the within-stratum mid-distribution score,lineage share of the recorded within-stratum MIC ordering among the represented lineages,readable and typed MIC subset,205,26,,,,readable and typed MIC subset,,0.4391264311075779,0.28924904987409716,0.6010454878131368,,0.001,0.0036061109261109267,yes,"95% interval for the represented lineages (isolates drawn again, lineages fixed)",computed,,proportion,"No distributional form for the readings; readings scored within each level of testing_laboratory × isolation_country; isolates of a lineage drawn independently from its distribution, whatever their sampling units share. MIC units: mg/L",Lineage structure established (share 0.439; 95 % interval 0.289 to 0.601; p ≤ 0.001; q 0.004; lower bound 0.133; lower confidence limit 0.002).
Canada,amoxicillin,mic_latent_bounds,lineage share of the within-stratum mid-distribution score,lineage share of the latent ordering,readable and typed MIC subset,205,26,,,,readable and typed MIC subset,,,0.1330506712994617,0.8940441304676836,,,,,bounds the readings allow; not a confidence interval; lower end established by the readings; upper end sharp,computed,,proportion,Every reading holds the latent MIC it stands for (a call: the side of its cut-off); the latent MIC is continuous within a stratum; lineages of one isolate set aside. No distributional form for the latent values. The bounds are sharp where the distinct readings of each stratum are disjoint; overlapping readings are merged into one cell and the bounds then hold but may not be attained.,
Canada,amoxicillin,mic_latent_lower_limit,lineage share of the within-stratum mid-distribution score,lineage share of the latent ordering,readable and typed MIC subset,205,26,,,,readable and typed MIC subset,,,0.002364971492037563,,,,,,"one-sided 95% lower confidence limit for the lower bound, and so for the share",computed,,proportion,"Every reading holds the latent MIC it stands for (a call: the side of its cut-off); the latent MIC is continuous within a stratum; lineages of one isolate set aside. No distributional form for the latent values. The bounds are sharp where the distinct readings of each stratum are disjoint; overlapping readings are merged into one cell and the bounds then hold but may not be attained. The limit also assumes readings independent between isolates, whatever their sampling units share.",
Canada,cefquinome,mic_order,lineage share of the within-stratum mid-distribution score,lineage share of the recorded within-stratum MIC ordering among the represented lineages,readable and typed MIC subset,205,26,,,,readable and typed MIC subset,,0.5279589535348765,0.39289830743338816,0.6702113236772613,,0.001,0.0036061109261109267,yes,"95% interval for the represented lineages (isolates drawn again, lineages fixed)",computed,,proportion,"No distributional form for the readings; readings scored within each level of testing_laboratory × isolation_country; isolates of a lineage drawn independently from its distribution, whatever their sampling units share. MIC units: mg/L",Lineage structure established (share 0.528; 95 % interval 0.393 to 0.670; p ≤ 0.001; q 0.004; lower bound 0.376; lower confidence limit 0.133).
Canada,cefquinome,mic_latent_bounds,lineage share of the within-stratum mid-distribution score,lineage share of the latent ordering,readable and typed MIC subset,205,26,,,,readable and typed MIC subset,,,0.3760627378388872,0.7304056112004651,,,,,bounds the readings allow; not a confidence interval; lower end established by the readings; upper end sharp,computed,,proportion,Every reading holds the latent MIC it stands for (a call: the side of its cut-off); the latent MIC is continuous within a stratum; lineages of one isolate set aside. No distributional form for the latent values. The bounds are sharp where the distinct readings of each stratum are disjoint; overlapping readings are merged into one cell and the bounds then hold but may not be attained.,
Canada,cefquinome,mic_latent_lower_limit,lineage share of the within-stratum mid-distribution score,lineage share of the latent ordering,readable and typed MIC subset,205,26,,,,readable and typed MIC subset,,,0.13310390610031977,,,,,,"one-sided 95% lower confidence limit for the lower bound, and so for the share",computed,,proportion,"Every reading holds the latent MIC it stands for (a call: the side of its cut-off); the latent MIC is continuous within a stratum; lineages of one isolate set aside. No distributional form for the latent values. The bounds are sharp where the distinct readings of each stratum are disjoint; overlapping readings are merged into one cell and the bounds then hold but may not be attained. The limit also assumes readings independent between isolates, whatever their sampling units share.",
Canada,ceftiofur,mic_order,lineage share of the within-stratum mid-distribution score,lineage share of the recorded within-stratum MIC ordering among the represented lineages,readable and typed MIC subset,205,26,,,,readable and typed MIC subset,,0.5456682276394996,0.41849114558544287,0.6873580273275002,,0.001,0.0036061109261109267,yes,"95% interval for the represented lineages (isolates drawn again, lineages fixed)",computed,,proportion,"No distributional form for the readings; readings scored within each level of testing_laboratory × isolation_country; isolates of a lineage drawn independently from its distribution, whatever their sampling units share. MIC units: mg/L",Lineage structure established (share 0.546; 95 % interval 0.418 to 0.687; p ≤ 0.001; q 0.004; lower bound 0.354; lower confidence limit 0.117).
Canada,ceftiofur,mic_latent_bounds,lineage share of the within-stratum mid-distribution score,lineage share of the latent ordering,readable and typed MIC subset,205,26,,,,readable and typed MIC subset,,,0.35374065610372996,0.8002344727493795,,,,,bounds the readings allow; not a confidence interval; lower end established by the readings; upper end sharp,computed,,proportion,Every reading holds the latent MIC it stands for (a call: the side of its cut-off); the latent MIC is continuous within a stratum; lineages of one isolate set aside. No distributional form for the latent values. The bounds are sharp where the distinct readings of each stratum are disjoint; overlapping readings are merged into one cell and the bounds then hold but may not be attained.,
Canada,ceftiofur,mic_latent_lower_limit,lineage share of the within-stratum mid-distribution score,lineage share of the latent ordering,readable and typed MIC subset,205,26,,,,readable and typed MIC subset,,,0.11697756931657556,,,,,,"one-sided 95% lower confidence limit for the lower bound, and so for the share",computed,,proportion,"Every reading holds the latent MIC it stands for (a call: the side of its cut-off); the latent MIC is continuous within a stratum; lineages of one isolate set aside. No distributional form for the latent values. The bounds are sharp where the distinct readings of each stratum are disjoint; overlapping readings are merged into one cell and the bounds then hold but may not be attained. The limit also assumes readings independent between isolates, whatever their sampling units share.",
Canada,doxycycline,mic_order,lineage share of the within-stratum mid-distribution score,lineage share of the recorded within-stratum MIC ordering among the represented lineages,readable and typed MIC subset,205,26,,,,readable and typed MIC subset,,0.2179721563343514,0.09886672622705298,0.3541562825445775,,0.001,0.0036061109261109267,yes,"95% interval for the represented lineages (isolates drawn again, lineages fixed)",computed,,proportion,"No distributional form for the readings; readings scored within each level of testing_laboratory × isolation_country; isolates of a lineage drawn independently from its distribution, whatever their sampling units share. MIC units: mg/L",Lineage structure established (share 0.218; 95 % interval 0.099 to 0.354; p ≤ 0.001; q 0.004; lower bound 0.064; lower confidence limit 0.000).
Canada,doxycycline,mic_latent_bounds,lineage share of the within-stratum mid-distribution score,lineage share of the latent ordering,readable and typed MIC subset,205,26,,,,readable and typed MIC subset,,,0.0642051987048995,0.644961811632873,,,,,bounds the readings allow; not a confidence interval; lower end established by the readings; upper end sharp,computed,,proportion,Every reading holds the latent MIC it stands for (a call: the side of its cut-off); the latent MIC is continuous within a stratum; lineages of one isolate set aside. No distributional form for the latent values. The bounds are sharp where the distinct readings of each stratum are disjoint; overlapping readings are merged into one cell and the bounds then hold but may not be attained.,
Canada,doxycycline,mic_latent_lower_limit,lineage share of the within-stratum mid-distribution score,lineage share of the latent ordering,readable and typed MIC subset,205,26,,,,readable and typed MIC subset,,,0.0,,,,,,"one-sided 95% lower confidence limit for the lower bound, and so for the share",computed,,proportion,"Every reading holds the latent MIC it stands for (a call: the side of its cut-off); the latent MIC is continuous within a stratum; lineages of one isolate set aside. No distributional form for the latent values. The bounds are sharp where the distinct readings of each stratum are disjoint; overlapping readings are merged into one cell and the bounds then hold but may not be attained. The limit also assumes readings independent between isolates, whatever their sampling units share.",
Canada,enrofloxacin,mic_order,lineage share of the within-stratum mid-distribution score,lineage share of the recorded within-stratum MIC ordering among the represented lineages,readable and typed MIC subset,205,26,,,,readable and typed MIC subset,,0.19453960122234962,0.08118921591742163,0.3558824279383834,,0.001,0.0036061109261109267,yes,"95% interval for the represented lineages (isolates drawn again, lineages fixed)",computed,,proportion,"No distributional form for the readings; readings scored within each level of testing_laboratory × isolation_country; isolates of a lineage drawn independently from its distribution, whatever their sampling units share. MIC units: mg/L",Lineage structure established (share 0.195; 95 % interval 0.081 to 0.356; p ≤ 0.001; q 0.004; lower bound 0.035; lower confidence limit 0.000).
Canada,enrofloxacin,mic_latent_bounds,lineage share of the within-stratum mid-distribution score,lineage share of the latent ordering,readable and typed MIC subset,205,26,,,,readable and typed MIC subset,,,0.03481019955498677,0.6366372190512655,,,,,bounds the readings allow; not a confidence interval; lower end established by the readings; upper end sharp,computed,,proportion,Every reading holds the latent MIC it stands for (a call: the side of its cut-off); the latent MIC is continuous within a stratum; lineages of one isolate set aside. No distributional form for the latent values. The bounds are sharp where the distinct readings of each stratum are disjoint; overlapping readings are merged into one cell and the bounds then hold but may not be attained.,
Canada,enrofloxacin,mic_latent_lower_limit,lineage share of the within-stratum mid-distribution score,lineage share of the latent ordering,readable and typed MIC subset,205,26,,,,readable and typed MIC subset,,,0.0,,,,,,"one-sided 95% lower confidence limit for the lower bound, and so for the share",computed,,proportion,"Every reading holds the latent MIC it stands for (a call: the side of its cut-off); the latent MIC is continuous within a stratum; lineages of one isolate set aside. No distributional form for the latent values. The bounds are sharp where the distinct readings of each stratum are disjoint; overlapping readings are merged into one cell and the bounds then hold but may not be attained. The limit also assumes readings independent between isolates, whatever their sampling units share.",
Canada,erythromycin,mic_order,lineage share of the within-stratum mid-distribution score,lineage share of the recorded within-stratum MIC ordering among the represented lineages,readable and typed MIC subset,205,26,,,,readable and typed MIC subset,,0.06823863975798859,0.0,0.18140808868438135,,0.025,0.08451822483072485,no,"95% interval for the represented lineages (isolates drawn again, lineages fixed)",computed,,proportion,"No distributional form for the readings; readings scored within each level of testing_laboratory × isolation_country; isolates of a lineage drawn independently from its distribution, whatever their sampling units share. MIC units: mg/L",Not established on this collection (share 0.068; 95 % interval 0.000 to 0.181; p 0.025; q 0.085; lower bound 0.006; lower confidence limit 0.000).
Canada,erythromycin,mic_latent_bounds,lineage share of the within-stratum mid-distribution score,lineage share of the latent ordering,readable and typed MIC subset,205,26,,,,readable and typed MIC subset,,,0.005672475543329511,0.4900489047965657,,,,,bounds the readings allow; not a confidence interval; lower end established by the readings; upper end sharp,computed,,proportion,Every reading holds the latent MIC it stands for (a call: the side of its cut-off); the latent MIC is continuous within a stratum; lineages of one isolate set aside. No distributional form for the latent values. The bounds are sharp where the distinct readings of each stratum are disjoint; overlapping readings are merged into one cell and the bounds then hold but may not be attained.,
Canada,erythromycin,mic_latent_lower_limit,lineage share of the within-stratum mid-distribution score,lineage share of the latent ordering,readable and typed MIC subset,205,26,,,,readable and typed MIC subset,,,0.0,,,,,,"one-sided 95% lower confidence limit for the lower bound, and so for the share",computed,,proportion,"Every reading holds the latent MIC it stands for (a call: the side of its cut-off); the latent MIC is continuous within a stratum; lineages of one isolate set aside. No distributional form for the latent values. The bounds are sharp where the distinct readings of each stratum are disjoint; overlapping readings are merged into one cell and the bounds then hold but may not be attained. The limit also assumes readings independent between isolates, whatever their sampling units share.",
Canada,florfenicol,mic_order,lineage share of the within-stratum mid-distribution score,lineage share of the recorded within-stratum MIC ordering among the represented lineages,readable and typed MIC subset,205,26,,,,readable and typed MIC subset,,0.14930153964836634,0.006587995809777869,0.3660055120944279,,0.001,0.0036061109261109267,yes,"95% interval for the represented lineages (isolates drawn again, lineages fixed)",computed,,proportion,"No distributional form for the readings; readings scored within each level of testing_laboratory × isolation_country; isolates of a lineage drawn independently from its distribution, whatever their sampling units share. MIC units: mg/L",Lineage structure established (share 0.149; 95 % interval 0.007 to 0.366; p ≤ 0.001; q 0.004; lower bound 0.001; lower confidence limit 0.000).
Canada,florfenicol,mic_latent_bounds,lineage share of the within-stratum mid-distribution score,lineage share of the latent ordering,readable and typed MIC subset,205,26,,,,readable and typed MIC subset,,,0.0010261083476383963,0.94254474587759,,,,,bounds the readings allow; not a confidence interval; lower end established by the readings; upper end sharp,computed,,proportion,Every reading holds the latent MIC it stands for (a call: the side of its cut-off); the latent MIC is continuous within a stratum; lineages of one isolate set aside. No distributional form for the latent values. The bounds are sharp where the distinct readings of each stratum are disjoint; overlapping readings are merged into one cell and the bounds then hold but may not be attained.,
Canada,florfenicol,mic_latent_lower_limit,lineage share of the within-stratum mid-distribution score,lineage share of the latent ordering,readable and typed MIC subset,205,26,,,,readable and typed MIC subset,,,0.0,,,,,,"one-sided 95% lower confidence limit for the lower bound, and so for the share",computed,,proportion,"Every reading holds the latent MIC it stands for (a call: the side of its cut-off); the latent MIC is continuous within a stratum; lineages of one isolate set aside. No distributional form for the latent values. The bounds are sharp where the distinct readings of each stratum are disjoint; overlapping readings are merged into one cell and the bounds then hold but may not be attained. The limit also assumes readings independent between isolates, whatever their sampling units share.",
Canada,lincomycin,mic_order,lineage share of the within-stratum mid-distribution score,lineage share of the recorded within-stratum MIC ordering among the represented lineages,readable and typed MIC subset,205,26,,,,readable and typed MIC subset,,0.19043174059080914,0.04804819938162158,0.342515403266342,,0.001,0.0036061109261109267,yes,"95% interval for the represented lineages (isolates drawn again, lineages fixed)",computed,,proportion,"No distributional form for the readings; readings scored within each level of testing_laboratory × isolation_country; isolates of a lineage drawn independently from its distribution, whatever their sampling units share. MIC units: mg/L",Lineage structure established (share 0.190; 95 % interval 0.048 to 0.343; p ≤ 0.001; q 0.004; lower bound 0.001; lower confidence limit 0.000).
Canada,lincomycin,mic_latent_bounds,lineage share of the within-stratum mid-distribution score,lineage share of the latent ordering,readable and typed MIC subset,205,26,,,,readable and typed MIC subset,,,0.0014655408016417486,0.8689939163649478,,,,,bounds the readings allow; not a confidence interval; lower end established by the readings; upper end sharp,computed,,proportion,Every reading holds the latent MIC it stands for (a call: the side of its cut-off); the latent MIC is continuous within a stratum; lineages of one isolate set aside. No distributional form for the latent values. The bounds are sharp where the distinct readings of each stratum are disjoint; overlapping readings are merged into one cell and the bounds then hold but may not be attained.,
Canada,lincomycin,mic_latent_lower_limit,lineage share of the within-stratum mid-distribution score,lineage share of the latent ordering,readable and typed MIC subset,205,26,,,,readable and typed MIC subset,,,0.0,,,,,,"one-sided 95% lower confidence limit for the lower bound, and so for the share",computed,,proportion,"Every reading holds the latent MIC it stands for (a call: the side of its cut-off); the latent MIC is continuous within a stratum; lineages of one isolate set aside. No distributional form for the latent values. The bounds are sharp where the distinct readings of each stratum are disjoint; overlapping readings are merged into one cell and the bounds then hold but may not be attained. The limit also assumes readings independent between isolates, whatever their sampling units share.",
Canada,marbofloxacin,mic_order,lineage share of the within-stratum mid-distribution score,lineage share of the recorded within-stratum MIC ordering among the represented lineages,readable and typed MIC subset,205,26,,,,readable and typed MIC subset,,0.18432874359810542,0.07164879192700171,0.3411051249344055,,0.001,0.0036061109261109267,yes,"95% interval for the represented lineages (isolates drawn again, lineages fixed)",computed,,proportion,"No distributional form for the readings; readings scored within each level of testing_laboratory × isolation_country; isolates of a lineage drawn independently from its distribution, whatever their sampling units share. MIC units: mg/L",Lineage structure established (share 0.184; 95 % interval 0.072 to 0.341; p ≤ 0.001; q 0.004; lower bound 0.017; lower confidence limit 0.000).
Canada,marbofloxacin,mic_latent_bounds,lineage share of the within-stratum mid-distribution score,lineage share of the latent ordering,readable and typed MIC subset,205,26,,,,readable and typed MIC subset,,,0.01683437732321092,0.664953300248752,,,,,bounds the readings allow; not a confidence interval; lower end established by the readings; upper end sharp,computed,,proportion,Every reading holds the latent MIC it stands for (a call: the side of its cut-off); the latent MIC is continuous within a stratum; lineages of one isolate set aside. No distributional form for the latent values. The bounds are sharp where the distinct readings of each stratum are disjoint; overlapping readings are merged into one cell and the bounds then hold but may not be attained.,
Canada,marbofloxacin,mic_latent_lower_limit,lineage share of the within-stratum mid-distribution score,lineage share of the latent ordering,readable and typed MIC subset,205,26,,,,readable and typed MIC subset,,,0.0,,,,,,"one-sided 95% lower confidence limit for the lower bound, and so for the share",computed,,proportion,"Every reading holds the latent MIC it stands for (a call: the side of its cut-off); the latent MIC is continuous within a stratum; lineages of one isolate set aside. No distributional form for the latent values. The bounds are sharp where the distinct readings of each stratum are disjoint; overlapping readings are merged into one cell and the bounds then hold but may not be attained. The limit also assumes readings independent between isolates, whatever their sampling units share.",
Canada,penicillin,mic_order,lineage share of the within-stratum mid-distribution score,lineage share of the recorded within-stratum MIC ordering among the represented lineages,readable and typed MIC subset,205,26,,,,readable and typed MIC subset,,0.6174333756242759,0.5047713770050463,0.7374374765774887,,0.001,0.0036061109261109267,yes,"95% interval for the represented lineages (isolates drawn again, lineages fixed)",computed,,proportion,"No distributional form for the readings; readings scored within each level of testing_laboratory × isolation_country; isolates of a lineage drawn independently from its distribution, whatever their sampling units share. MIC units: mg/L",Lineage structure established (share 0.617; 95 % interval 0.505 to 0.737; p ≤ 0.001; q 0.004; lower bound 0.389; lower confidence limit 0.185).
Canada,penicillin,mic_latent_bounds,lineage share of the within-stratum mid-distribution score,lineage share of the latent ordering,readable and typed MIC subset,205,26,,,,readable and typed MIC subset,,,0.38860465241237185,0.8716177259140812,,,,,bounds the readings allow; not a confidence interval; lower end established by the readings; upper end sharp,computed,,proportion,Every reading holds the latent MIC it stands for (a call: the side of its cut-off); the latent MIC is continuous within a stratum; lineages of one isolate set aside. No distributional form for the latent values. The bounds are sharp where the distinct readings of each stratum are disjoint; overlapping readings are merged into one cell and the bounds then hold but may not be attained.,
Canada,penicillin,mic_latent_lower_limit,lineage share of the within-stratum mid-distribution score,lineage share of the latent ordering,readable and typed MIC subset,205,26,,,,readable and typed MIC subset,,,0.18517083695784947,,,,,,"one-sided 95% lower confidence limit for the lower bound, and so for the share",computed,,proportion,"Every reading holds the latent MIC it stands for (a call: the side of its cut-off); the latent MIC is continuous within a stratum; lineages of one isolate set aside. No distributional form for the latent values. The bounds are sharp where the distinct readings of each stratum are disjoint; overlapping readings are merged into one cell and the bounds then hold but may not be attained. The limit also assumes readings independent between isolates, whatever their sampling units share.",
Canada,spectinomycin,mic_order,lineage share of the within-stratum mid-distribution score,lineage share of the recorded within-stratum MIC ordering among the represented lineages,readable and typed MIC subset,205,26,,,,readable and typed MIC subset,,0.15773755566859168,0.04426312940811865,0.29660386152605317,,0.001,0.0036061109261109267,yes,"95% interval for the represented lineages (isolates drawn again, lineages fixed)",computed,,proportion,"No distributional form for the readings; readings scored within each level of testing_laboratory × isolation_country; isolates of a lineage drawn independently from its distribution, whatever their sampling units share. MIC units: mg/L",Lineage structure established (share 0.158; 95 % interval 0.044 to 0.297; p ≤ 0.001; q 0.004; lower bound 0.073; lower confidence limit 0.000).
Canada,spectinomycin,mic_latent_bounds,lineage share of the within-stratum mid-distribution score,lineage share of the latent ordering,readable and typed MIC subset,205,26,,,,readable and typed MIC subset,,,0.07312271345831013,0.5269411083381561,,,,,bounds the readings allow; not a confidence interval; lower end established by the readings; upper end sharp,computed,,proportion,Every reading holds the latent MIC it stands for (a call: the side of its cut-off); the latent MIC is continuous within a stratum; lineages of one isolate set aside. No distributional form for the latent values. The bounds are sharp where the distinct readings of each stratum are disjoint; overlapping readings are merged into one cell and the bounds then hold but may not be attained.,
Canada,spectinomycin,mic_latent_lower_limit,lineage share of the within-stratum mid-distribution score,lineage share of the latent ordering,readable and typed MIC subset,205,26,,,,readable and typed MIC subset,,,0.0,,,,,,"one-sided 95% lower confidence limit for the lower bound, and so for the share",computed,,proportion,"Every reading holds the latent MIC it stands for (a call: the side of its cut-off); the latent MIC is continuous within a stratum; lineages of one isolate set aside. No distributional form for the latent values. The bounds are sharp where the distinct readings of each stratum are disjoint; overlapping readings are merged into one cell and the bounds then hold but may not be attained. The limit also assumes readings independent between isolates, whatever their sampling units share.",
Canada,tetracycline,mic_order,lineage share of the within-stratum mid-distribution score,lineage share of the recorded within-stratum MIC ordering among the represented lineages,readable and typed MIC subset,205,26,,,,readable and typed MIC subset,,0.1587573943171832,0.046974548762511115,0.30006982202957605,,0.001,0.0036061109261109267,yes,"95% interval for the represented lineages (isolates drawn again, lineages fixed)",computed,,proportion,"No distributional form for the readings; readings scored within each level of testing_laboratory × isolation_country; isolates of a lineage drawn independently from its distribution, whatever their sampling units share. MIC units: mg/L",Lineage structure established (share 0.159; 95 % interval 0.047 to 0.300; p ≤ 0.001; q 0.004; lower bound 0.019; lower confidence limit 0.000).
Canada,tetracycline,mic_latent_bounds,lineage share of the within-stratum mid-distribution score,lineage share of the latent ordering,readable and typed MIC subset,205,26,,,,readable and typed MIC subset,,,0.019425009603182282,0.6895433195884204,,,,,bounds the readings allow; not a confidence interval; lower end established by the readings; upper end sharp,computed,,proportion,Every reading holds the latent MIC it stands for (a call: the side of its cut-off); the latent MIC is continuous within a stratum; lineages of one isolate set aside. No distributional form for the latent values. The bounds are sharp where the distinct readings of each stratum are disjoint; overlapping readings are merged into one cell and the bounds then hold but may not be attained.,
Canada,tetracycline,mic_latent_lower_limit,lineage share of the within-stratum mid-distribution score,lineage share of the latent ordering,readable and typed MIC subset,205,26,,,,readable and typed MIC subset,,,0.0,,,,,,"one-sided 95% lower confidence limit for the lower bound, and so for the share",computed,,proportion,"Every reading holds the latent MIC it stands for (a call: the side of its cut-off); the latent MIC is continuous within a stratum; lineages of one isolate set aside. No distributional form for the latent values. The bounds are sharp where the distinct readings of each stratum are disjoint; overlapping readings are merged into one cell and the bounds then hold but may not be attained. The limit also assumes readings independent between isolates, whatever their sampling units share.",
Canada,tiamulin,mic_order,lineage share of the within-stratum mid-distribution score,lineage share of the recorded within-stratum MIC ordering among the represented lineages,readable and typed MIC subset,205,26,,,,readable and typed MIC subset,,0.435532662407537,0.28529486085446404,0.6194740178212685,,0.001,0.0036061109261109267,yes,"95% interval for the represented lineages (isolates drawn again, lineages fixed)",computed,,proportion,"No distributional form for the readings; readings scored within each level of testing_laboratory × isolation_country; isolates of a lineage drawn independently from its distribution, whatever their sampling units share. MIC units: mg/L",Lineage structure established (share 0.436; 95 % interval 0.285 to 0.619; p ≤ 0.001; q 0.004; lower bound 0.342; lower confidence limit 0.106).
Canada,tiamulin,mic_latent_bounds,lineage share of the within-stratum mid-distribution score,lineage share of the latent ordering,readable and typed MIC subset,205,26,,,,readable and typed MIC subset,,,0.3419749368712053,0.6115870489494053,,,,,bounds the readings allow; not a confidence interval; lower end established by the readings; upper end sharp,computed,,proportion,Every reading holds the latent MIC it stands for (a call: the side of its cut-off); the latent MIC is continuous within a stratum; lineages of one isolate set aside. No distributional form for the latent values. The bounds are sharp where the distinct readings of each stratum are disjoint; overlapping readings are merged into one cell and the bounds then hold but may not be attained.,
Canada,tiamulin,mic_latent_lower_limit,lineage share of the within-stratum mid-distribution score,lineage share of the latent ordering,readable and typed MIC subset,205,26,,,,readable and typed MIC subset,,,0.10596731759778327,,,,,,"one-sided 95% lower confidence limit for the lower bound, and so for the share",computed,,proportion,"Every reading holds the latent MIC it stands for (a call: the side of its cut-off); the latent MIC is continuous within a stratum; lineages of one isolate set aside. No distributional form for the latent values. The bounds are sharp where the distinct readings of each stratum are disjoint; overlapping readings are merged into one cell and the bounds then hold but may not be attained. The limit also assumes readings independent between isolates, whatever their sampling units share.",
Canada,tilmicosin,mic_order,lineage share of the within-stratum mid-distribution score,lineage share of the recorded within-stratum MIC ordering among the represented lineages,readable and typed MIC subset,205,26,,,,readable and typed MIC subset,,0.20361182536737243,0.0703848835390865,0.3441677778876274,,0.001,0.0036061109261109267,yes,"95% interval for the represented lineages (isolates drawn again, lineages fixed)",computed,,proportion,"No distributional form for the readings; readings scored within each level of testing_laboratory × isolation_country; isolates of a lineage drawn independently from its distribution, whatever their sampling units share. MIC units: mg/L",Lineage structure established (share 0.204; 95 % interval 0.070 to 0.344; p ≤ 0.001; q 0.004; lower bound 0.001; lower confidence limit 0.000).
Canada,tilmicosin,mic_latent_bounds,lineage share of the within-stratum mid-distribution score,lineage share of the latent ordering,readable and typed MIC subset,205,26,,,,readable and typed MIC subset,,,0.0010800486548885407,0.8387614519011712,,,,,bounds the readings allow; not a confidence interval; lower end established by the readings; upper end sharp,computed,,proportion,Every reading holds the latent MIC it stands for (a call: the side of its cut-off); the latent MIC is continuous within a stratum; lineages of one isolate set aside. No distributional form for the latent values. The bounds are sharp where the distinct readings of each stratum are disjoint; overlapping readings are merged into one cell and the bounds then hold but may not be attained.,
Canada,tilmicosin,mic_latent_lower_limit,lineage share of the within-stratum mid-distribution score,lineage share of the latent ordering,readable and typed MIC subset,205,26,,,,readable and typed MIC subset,,,0.0,,,,,,"one-sided 95% lower confidence limit for the lower bound, and so for the share",computed,,proportion,"Every reading holds the latent MIC it stands for (a call: the side of its cut-off); the latent MIC is continuous within a stratum; lineages of one isolate set aside. No distributional form for the latent values. The bounds are sharp where the distinct readings of each stratum are disjoint; overlapping readings are merged into one cell and the bounds then hold but may not be attained. The limit also assumes readings independent between isolates, whatever their sampling units share.",
Canada,trimethoprim,mic_order,lineage share of the within-stratum mid-distribution score,lineage share of the recorded within-stratum MIC ordering among the represented lineages,readable and typed MIC subset,205,26,,,,readable and typed MIC subset,,0.3406346061252277,0.22463495258058847,0.46728971321127877,,0.001,0.0036061109261109267,yes,"95% interval for the represented lineages (isolates drawn again, lineages fixed)",computed,,proportion,"No distributional form for the readings; readings scored within each level of testing_laboratory × isolation_country; isolates of a lineage drawn independently from its distribution, whatever their sampling units share. MIC units: mg/L",Lineage structure established (share 0.341; 95 % interval 0.225 to 0.467; p ≤ 0.001; q 0.004; lower bound 0.266; lower confidence limit 0.053).
Canada,trimethoprim,mic_latent_bounds,lineage share of the within-stratum mid-distribution score,lineage share of the latent ordering,readable and typed MIC subset,205,26,,,,readable and typed MIC subset,,,0.2655351113116369,0.5295607123430426,,,,,bounds the readings allow; not a confidence interval; lower end established by the readings; upper end sharp,computed,,proportion,Every reading holds the latent MIC it stands for (a call: the side of its cut-off); the latent MIC is continuous within a stratum; lineages of one isolate set aside. No distributional form for the latent values. The bounds are sharp where the distinct readings of each stratum are disjoint; overlapping readings are merged into one cell and the bounds then hold but may not be attained.,
Canada,trimethoprim,mic_latent_lower_limit,lineage share of the within-stratum mid-distribution score,lineage share of the latent ordering,readable and typed MIC subset,205,26,,,,readable and typed MIC subset,,,0.05340572160578954,,,,,,"one-sided 95% lower confidence limit for the lower bound, and so for the share",computed,,proportion,"Every reading holds the latent MIC it stands for (a call: the side of its cut-off); the latent MIC is continuous within a stratum; lineages of one isolate set aside. No distributional form for the latent values. The bounds are sharp where the distinct readings of each stratum are disjoint; overlapping readings are merged into one cell and the bounds then hold but may not be attained. The limit also assumes readings independent between isolates, whatever their sampling units share.",
Canada,tylosin,mic_order,lineage share of the within-stratum mid-distribution score,lineage share of the recorded within-stratum MIC ordering among the represented lineages,readable and typed MIC subset,205,26,,,,readable and typed MIC subset,,0.16921865807994405,0.03543035367184735,0.3040249997434508,,0.001,0.0036061109261109267,yes,"95% interval for the represented lineages (isolates drawn again, lineages fixed)",computed,,proportion,"No distributional form for the readings; readings scored within each level of testing_laboratory × isolation_country; isolates of a lineage drawn independently from its distribution, whatever their sampling units share. MIC units: mg/L",Lineage structure established (share 0.169; 95 % interval 0.035 to 0.304; p ≤ 0.001; q 0.004; lower bound 0.001; lower confidence limit 0.000).
Canada,tylosin,mic_latent_bounds,lineage share of the within-stratum mid-distribution score,lineage share of the latent ordering,readable and typed MIC subset,205,26,,,,readable and typed MIC subset,,,0.0010344018215366984,0.8114123887144769,,,,,bounds the readings allow; not a confidence interval; lower end established by the readings; upper end sharp,computed,,proportion,Every reading holds the latent MIC it stands for (a call: the side of its cut-off); the latent MIC is continuous within a stratum; lineages of one isolate set aside. No distributional form for the latent values. The bounds are sharp where the distinct readings of each stratum are disjoint; overlapping readings are merged into one cell and the bounds then hold but may not be attained.,
Canada,tylosin,mic_latent_lower_limit,lineage share of the within-stratum mid-distribution score,lineage share of the latent ordering,readable and typed MIC subset,205,26,,,,readable and typed MIC subset,,,0.0,,,,,,"one-sided 95% lower confidence limit for the lower bound, and so for the share",computed,,proportion,"Every reading holds the latent MIC it stands for (a call: the side of its cut-off); the latent MIC is continuous within a stratum; lineages of one isolate set aside. No distributional form for the latent values. The bounds are sharp where the distinct readings of each stratum are disjoint; overlapping readings are merged into one cell and the bounds then hold but may not be attained. The limit also assumes readings independent between isolates, whatever their sampling units share.",
Canada,amoxicillin,lineage_evidence,lineage_evidence,evidence against lineage-independent binary outcomes,observed and typed subset,205,26,,,,observed and typed subset,,28.87872382837403,,,3.363105124280061,,,no,e-value; not an effect size,computed,,e-value,Held-out Bernoulli likelihood under the stated null; training data separate from evaluation.,
Canada,cefquinome,lineage_evidence,lineage_evidence,evidence against lineage-independent binary outcomes,observed and typed subset,205,26,,,,observed and typed subset,,5.243458295305574,,,1.6569812606620609,,,no,e-value; not an effect size,computed,,e-value,Held-out Bernoulli likelihood under the stated null; training data separate from evaluation.,
Canada,ceftiofur,lineage_evidence,lineage_evidence,evidence against lineage-independent binary outcomes,observed and typed subset,205,26,,,,observed and typed subset,,251657.9521310551,,,12.435826111669693,,,yes,e-value; not an effect size,computed,,e-value,Held-out Bernoulli likelihood under the stated null; training data separate from evaluation.,
Canada,doxycycline,lineage_evidence,lineage_evidence,evidence against lineage-independent binary outcomes,observed and typed subset,205,26,,,,observed and typed subset,,0.45062563447066073,,,-0.7971183629646399,,,no,e-value; not an effect size,computed,,e-value,Held-out Bernoulli likelihood under the stated null; training data separate from evaluation.,
Canada,erythromycin,lineage_evidence,lineage_evidence,evidence against lineage-independent binary outcomes,observed and typed subset,205,26,,,,observed and typed subset,,60.942301083988774,,,4.109927532673835,,,yes,e-value; not an effect size,computed,,e-value,Held-out Bernoulli likelihood under the stated null; training data separate from evaluation.,
Canada,lincomycin,lineage_evidence,lineage_evidence,evidence against lineage-independent binary outcomes,observed and typed subset,205,26,,,,observed and typed subset,,24.488152644524924,,,3.1981894350655704,,,no,e-value; not an effect size,computed,,e-value,Held-out Bernoulli likelihood under the stated null; training data separate from evaluation.,
Canada,penicillin,lineage_evidence,lineage_evidence,evidence against lineage-independent binary outcomes,observed and typed subset,205,26,,,,observed and typed subset,,2736666.568339705,,,14.822251156831038,,,yes,e-value; not an effect size,computed,,e-value,Held-out Bernoulli likelihood under the stated null; training data separate from evaluation.,
Canada,spectinomycin,lineage_evidence,lineage_evidence,evidence against lineage-independent binary outcomes,observed and typed subset,205,26,,,,observed and typed subset,,3.9562573474709386,,,1.3752984640892727,,,no,e-value; not an effect size,computed,,e-value,Held-out Bernoulli likelihood under the stated null; training data separate from evaluation.,
Canada,tetracycline,lineage_evidence,lineage_evidence,evidence against lineage-independent binary outcomes,observed and typed subset,205,26,,,,observed and typed subset,,0.6494251173698102,,,-0.4316677422513644,,,no,e-value; not an effect size,computed,,e-value,Held-out Bernoulli likelihood under the stated null; training data separate from evaluation.,
Canada,tiamulin,lineage_evidence,lineage_evidence,evidence against lineage-independent binary outcomes,observed and typed subset,205,26,,,,observed and typed subset,,15503.913750972266,,,9.648847771097289,,,yes,e-value; not an effect size,computed,,e-value,Held-out Bernoulli likelihood under the stated null; training data separate from evaluation.,
Canada,tilmicosin,lineage_evidence,lineage_evidence,evidence against lineage-independent binary outcomes,observed and typed subset,205,26,,,,observed and typed subset,,39.952265649281834,,,3.6876853827264107,,,yes,e-value; not an effect size,computed,,e-value,Held-out Bernoulli likelihood under the stated null; training data separate from evaluation.,
Canada,trimethoprim,lineage_evidence,lineage_evidence,evidence against lineage-independent binary outcomes,observed and typed subset,205,26,,,,observed and typed subset,,1068.5598481431762,,,6.974067084555319,,,yes,e-value; not an effect size,computed,,e-value,Held-out Bernoulli likelihood under the stated null; training data separate from evaluation.,
Canada,tylosin,lineage_evidence,lineage_evidence,evidence against lineage-independent binary outcomes,observed and typed subset,205,26,,,,observed and typed subset,,48.766638573632804,,,3.887046443287389,,,yes,e-value; not an effect size,computed,,e-value,Held-out Bernoulli likelihood under the stated null; training data separate from evaluation.,
Canada,amoxicillin,sequential_lineage_evidence,sequential_lineage_evidence,final cumulative evidence for lineage dependence,readable typed outcomes in prespecified ordered batches,190,,,,,readable typed outcomes in prespecified ordered batches,2016,6.961291423620059e-05,,,-9.572560458465357,,,,e-process final look; not an effect size,computed,,e-value,Disjoint batches; common-probability conditionally independent Bernoulli null within each batch; past-only training. Panel stopping requires joint-filtration validity; repeated rejection unions are not controlled.,
Canada,cefquinome,sequential_lineage_evidence,sequential_lineage_evidence,final cumulative evidence for lineage dependence,readable typed outcomes in prespecified ordered batches,190,,,,,readable typed outcomes in prespecified ordered batches,2016,2.3657192590407588e-05,,,-10.65184336281911,,,,e-process final look; not an effect size,computed,,e-value,Disjoint batches; common-probability conditionally independent Bernoulli null within each batch; past-only training. Panel stopping requires joint-filtration validity; repeated rejection unions are not controlled.,
Canada,ceftiofur,sequential_lineage_evidence,sequential_lineage_evidence,final cumulative evidence for lineage dependence,readable typed outcomes in prespecified ordered batches,190,,,,,readable typed outcomes in prespecified ordered batches,2016,219.50119890592157,,,5.391357694486285,,,,e-process final look; not an effect size,computed,,e-value,Disjoint batches; common-probability conditionally independent Bernoulli null within each batch; past-only training. Panel stopping requires joint-filtration validity; repeated rejection unions are not controlled.,
Canada,doxycycline,sequential_lineage_evidence,sequential_lineage_evidence,final cumulative evidence for lineage dependence,readable typed outcomes in prespecified ordered batches,190,,,,,readable typed outcomes in prespecified ordered batches,2016,7.580886692954326e-33,,,-73.9596778980283,,,,e-process final look; not an effect size,computed,,e-value,Disjoint batches; common-probability conditionally independent Bernoulli null within each batch; past-only training. Panel stopping requires joint-filtration validity; repeated rejection unions are not controlled.,
Canada,erythromycin,sequential_lineage_evidence,sequential_lineage_evidence,final cumulative evidence for lineage dependence,readable typed outcomes in prespecified ordered batches,190,,,,,readable typed outcomes in prespecified ordered batches,2016,1.700778899199768e-33,,,-75.45422174667205,,,,e-process final look; not an effect size,computed,,e-value,Disjoint batches; common-probability conditionally independent Bernoulli null within each batch; past-only training. Panel stopping requires joint-filtration validity; repeated rejection unions are not controlled.,
Canada,lincomycin,sequential_lineage_evidence,sequential_lineage_evidence,final cumulative evidence for lineage dependence,readable typed outcomes in prespecified ordered batches,190,,,,,readable typed outcomes in prespecified ordered batches,2016,2.8564346255348623e-28,,,-63.42280839112499,,,,e-process final look; not an effect size,computed,,e-value,Disjoint batches; common-probability conditionally independent Bernoulli null within each batch; past-only training. Panel stopping requires joint-filtration validity; repeated rejection unions are not controlled.,
Canada,penicillin,sequential_lineage_evidence,sequential_lineage_evidence,final cumulative evidence for lineage dependence,readable typed outcomes in prespecified ordered batches,190,,,,,readable typed outcomes in prespecified ordered batches,2016,385056.0344269497,,,12.861144146645529,,,,e-process final look; not an effect size,computed,,e-value,Disjoint batches; common-probability conditionally independent Bernoulli null within each batch; past-only training. Panel stopping requires joint-filtration validity; repeated rejection unions are not controlled.,
Canada,spectinomycin,sequential_lineage_evidence,sequential_lineage_evidence,final cumulative evidence for lineage dependence,readable typed outcomes in prespecified ordered batches,190,,,,,readable typed outcomes in prespecified ordered batches,2016,9.216651727020827e-12,,,-25.410009297567694,,,,e-process final look; not an effect size,computed,,e-value,Disjoint batches; common-probability conditionally independent Bernoulli null within each batch; past-only training. Panel stopping requires joint-filtration validity; repeated rejection unions are not controlled.,
Canada,tetracycline,sequential_lineage_evidence,sequential_lineage_evidence,final cumulative evidence for lineage dependence,readable typed outcomes in prespecified ordered batches,190,,,,,readable typed outcomes in prespecified ordered batches,2016,1.0728748500242832e-34,,,-78.21755134052994,,,,e-process final look; not an effect size,computed,,e-value,Disjoint batches; common-probability conditionally independent Bernoulli null within each batch; past-only training. Panel stopping requires joint-filtration validity; repeated rejection unions are not controlled.,
Canada,tiamulin,sequential_lineage_evidence,sequential_lineage_evidence,final cumulative evidence for lineage dependence,readable typed outcomes in prespecified ordered batches,190,,,,,readable typed outcomes in prespecified ordered batches,2016,4.721426402801763e-13,,,-28.38149525099613,,,,e-process final look; not an effect size,computed,,e-value,Disjoint batches; common-probability conditionally independent Bernoulli null within each batch; past-only training. Panel stopping requires joint-filtration validity; repeated rejection unions are not controlled.,
Canada,tilmicosin,sequential_lineage_evidence,sequential_lineage_evidence,final cumulative evidence for lineage dependence,readable typed outcomes in prespecified ordered batches,190,,,,,readable typed outcomes in prespecified ordered batches,2016,6.249883558312389e-28,,,-62.63981977092854,,,,e-process final look; not an effect size,computed,,e-value,Disjoint batches; common-probability conditionally independent Bernoulli null within each batch; past-only training. Panel stopping requires joint-filtration validity; repeated rejection unions are not controlled.,
Canada,trimethoprim,sequential_lineage_evidence,sequential_lineage_evidence,final cumulative evidence for lineage dependence,readable typed outcomes in prespecified ordered batches,190,,,,,readable typed outcomes in prespecified ordered batches,2016,5.67485756378656e-20,,,-44.315656395720666,,,,e-process final look; not an effect size,computed,,e-value,Disjoint batches; common-probability conditionally independent Bernoulli null within each batch; past-only training. Panel stopping requires joint-filtration validity; repeated rejection unions are not controlled.,
Canada,tylosin,sequential_lineage_evidence,sequential_lineage_evidence,final cumulative evidence for lineage dependence,readable typed outcomes in prespecified ordered batches,190,,,,,readable typed outcomes in prespecified ordered batches,2016,2.168798163734588e-33,,,-75.21113489627501,,,,e-process final look; not an effect size,computed,,e-value,Disjoint batches; common-probability conditionally independent Bernoulli null within each batch; past-only training. Panel stopping requires joint-filtration validity; repeated rejection unions are not controlled.,
United Kingdom,amoxicillin,finite_collection_prevalence,finite_collection_prevalence,prevalence in recorded collection,recorded finite collection,423,,423,0,8,observed outcomes only,,0.018912529550827423,0.018912529550827423,0.018912529550827423,,,,,identification bounds; not a confidence interval,computed,,proportion,Binary outcomes; recorded collection size known. Estimate is observed-only prevalence; bounds cover missing outcomes.,
United Kingdom,cefquinome,finite_collection_prevalence,finite_collection_prevalence,prevalence in recorded collection,recorded finite collection,423,,423,0,6,observed outcomes only,,0.014184397163120567,0.014184397163120567,0.014184397163120567,,,,,identification bounds; not a confidence interval,computed,,proportion,Binary outcomes; recorded collection size known. Estimate is observed-only prevalence; bounds cover missing outcomes.,
United Kingdom,ceftiofur,finite_collection_prevalence,finite_collection_prevalence,prevalence in recorded collection,recorded finite collection,423,,423,0,90,observed outcomes only,,0.2127659574468085,0.2127659574468085,0.2127659574468085,,,,,identification bounds; not a confidence interval,computed,,proportion,Binary outcomes; recorded collection size known. Estimate is observed-only prevalence; bounds cover missing outcomes.,
United Kingdom,doxycycline,finite_collection_prevalence,finite_collection_prevalence,prevalence in recorded collection,recorded finite collection,423,,423,0,337,observed outcomes only,,0.7966903073286052,0.7966903073286052,0.7966903073286052,,,,,identification bounds; not a confidence interval,computed,,proportion,Binary outcomes; recorded collection size known. Estimate is observed-only prevalence; bounds cover missing outcomes.,
United Kingdom,erythromycin,finite_collection_prevalence,finite_collection_prevalence,prevalence in recorded collection,recorded finite collection,423,,423,0,197,observed outcomes only,,0.4657210401891253,0.4657210401891253,0.4657210401891253,,,,,identification bounds; not a confidence interval,computed,,proportion,Binary outcomes; recorded collection size known. Estimate is observed-only prevalence; bounds cover missing outcomes.,
United Kingdom,lincomycin,finite_collection_prevalence,finite_collection_prevalence,prevalence in recorded collection,recorded finite collection,423,,423,0,242,observed outcomes only,,0.5721040189125296,0.5721040189125296,0.5721040189125296,,,,,identification bounds; not a confidence interval,computed,,proportion,Binary outcomes; recorded collection size known. Estimate is observed-only prevalence; bounds cover missing outcomes.,
United Kingdom,penicillin,finite_collection_prevalence,finite_collection_prevalence,prevalence in recorded collection,recorded finite collection,423,,423,0,83,observed outcomes only,,0.19621749408983452,0.19621749408983452,0.19621749408983452,,,,,identification bounds; not a confidence interval,computed,,proportion,Binary outcomes; recorded collection size known. Estimate is observed-only prevalence; bounds cover missing outcomes.,
United Kingdom,spectinomycin,finite_collection_prevalence,finite_collection_prevalence,prevalence in recorded collection,recorded finite collection,423,,423,0,25,observed outcomes only,,0.0591016548463357,0.0591016548463357,0.0591016548463357,,,,,identification bounds; not a confidence interval,computed,,proportion,Binary outcomes; recorded collection size known. Estimate is observed-only prevalence; bounds cover missing outcomes.,
United Kingdom,tetracycline,finite_collection_prevalence,finite_collection_prevalence,prevalence in recorded collection,recorded finite collection,423,,423,0,337,observed outcomes only,,0.7966903073286052,0.7966903073286052,0.7966903073286052,,,,,identification bounds; not a confidence interval,computed,,proportion,Binary outcomes; recorded collection size known. Estimate is observed-only prevalence; bounds cover missing outcomes.,
United Kingdom,tiamulin,finite_collection_prevalence,finite_collection_prevalence,prevalence in recorded collection,recorded finite collection,423,,423,0,77,observed outcomes only,,0.18203309692671396,0.18203309692671396,0.18203309692671396,,,,,identification bounds; not a confidence interval,computed,,proportion,Binary outcomes; recorded collection size known. Estimate is observed-only prevalence; bounds cover missing outcomes.,
United Kingdom,tilmicosin,finite_collection_prevalence,finite_collection_prevalence,prevalence in recorded collection,recorded finite collection,423,,423,0,197,observed outcomes only,,0.4657210401891253,0.4657210401891253,0.4657210401891253,,,,,identification bounds; not a confidence interval,computed,,proportion,Binary outcomes; recorded collection size known. Estimate is observed-only prevalence; bounds cover missing outcomes.,
United Kingdom,trimethoprim,finite_collection_prevalence,finite_collection_prevalence,prevalence in recorded collection,recorded finite collection,423,,423,0,133,observed outcomes only,,0.3144208037825059,0.3144208037825059,0.3144208037825059,,,,,identification bounds; not a confidence interval,computed,,proportion,Binary outcomes; recorded collection size known. Estimate is observed-only prevalence; bounds cover missing outcomes.,
United Kingdom,tylosin,finite_collection_prevalence,finite_collection_prevalence,prevalence in recorded collection,recorded finite collection,423,,423,0,197,observed outcomes only,,0.4657210401891253,0.4657210401891253,0.4657210401891253,,,,,identification bounds; not a confidence interval,computed,,proportion,Binary outcomes; recorded collection size known. Estimate is observed-only prevalence; bounds cover missing outcomes.,
United Kingdom,amoxicillin,collection_membership,collection_membership,lineage share of the call among the represented lineages,observed and typed subset,423,26,,,,observed and typed subset,,0.27910994414127144,0.0,0.6852395634371815,,0.001,0.0031801337551337554,yes,"95% interval for the represented lineages (isolates drawn again, lineages fixed)",computed,,proportion,"Isolates of a lineage drawn independently from its distribution, whatever their sampling units share; the p-value assumes lineage labels exchangeable within each level of isolation_country under the null.",Not established on this collection (share 0.279; 95 % interval 0.000 to 0.685; p ≤ 0.001; q 0.003; lower bound 0.001; lower confidence limit 0.000).
United Kingdom,amoxicillin,call_latent_bounds,call_latent_bounds,lineage share of the latent ordering,observed and typed subset,423,26,,,,observed and typed subset,,,0.0008555888086001578,1.0,,,,,"bounds the readings allow; not a confidence interval; lower end established by the readings; upper end a certified bound, not sharp",computed,The largest share attained by an arrangement of the lineages inside the readings is 0.982,proportion,Every reading holds the latent MIC it stands for (a call: the side of its cut-off); the latent MIC is continuous within a stratum; lineages of one isolate set aside. No distributional form for the latent values. The bounds are sharp where the distinct readings of each stratum are disjoint; overlapping readings are merged into one cell and the bounds then hold but may not be attained.,
United Kingdom,amoxicillin,call_latent_lower_limit,call_latent_lower_limit,lineage share of the latent ordering,observed and typed subset,423,26,,,,observed and typed subset,,,0.0,,,,,,"one-sided 95% lower confidence limit for the lower bound, and so for the share",computed,,proportion,"Every reading holds the latent MIC it stands for (a call: the side of its cut-off); the latent MIC is continuous within a stratum; lineages of one isolate set aside. No distributional form for the latent values. The bounds are sharp where the distinct readings of each stratum are disjoint; overlapping readings are merged into one cell and the bounds then hold but may not be attained. The limit also assumes readings independent between isolates, whatever their sampling units share.",
United Kingdom,cefquinome,collection_membership,collection_membership,lineage share of the call among the represented lineages,observed and typed subset,423,26,,,,observed and typed subset,,0.335930966844699,0.0,0.8977770356836798,,0.001,0.0031801337551337554,yes,"95% interval for the represented lineages (isolates drawn again, lineages fixed)",computed,,proportion,"Isolates of a lineage drawn independently from its distribution, whatever their sampling units share; the p-value assumes lineage labels exchangeable within each level of isolation_country under the null.",Not established on this collection (share 0.336; 95 % interval 0.000 to 0.898; p ≤ 0.001; q 0.003; lower bound 0.001; lower confidence limit 0.000).
United Kingdom,cefquinome,call_latent_bounds,call_latent_bounds,lineage share of the latent ordering,observed and typed subset,423,26,,,,observed and typed subset,,,0.0009291552344259462,1.0,,,,,"bounds the readings allow; not a confidence interval; lower end established by the readings; upper end a certified bound, not sharp",computed,The largest share attained by an arrangement of the lineages inside the readings is 0.982,proportion,Every reading holds the latent MIC it stands for (a call: the side of its cut-off); the latent MIC is continuous within a stratum; lineages of one isolate set aside. No distributional form for the latent values. The bounds are sharp where the distinct readings of each stratum are disjoint; overlapping readings are merged into one cell and the bounds then hold but may not be attained.,
United Kingdom,cefquinome,call_latent_lower_limit,call_latent_lower_limit,lineage share of the latent ordering,observed and typed subset,423,26,,,,observed and typed subset,,,0.0,,,,,,"one-sided 95% lower confidence limit for the lower bound, and so for the share",computed,,proportion,"Every reading holds the latent MIC it stands for (a call: the side of its cut-off); the latent MIC is continuous within a stratum; lineages of one isolate set aside. No distributional form for the latent values. The bounds are sharp where the distinct readings of each stratum are disjoint; overlapping readings are merged into one cell and the bounds then hold but may not be attained. The limit also assumes readings independent between isolates, whatever their sampling units share.",
United Kingdom,ceftiofur,collection_membership,collection_membership,lineage share of the call among the represented lineages,observed and typed subset,423,26,,,,observed and typed subset,,0.5463008800733621,0.4538385868265844,0.6342341244415352,,0.001,0.0031801337551337554,yes,"95% interval for the represented lineages (isolates drawn again, lineages fixed)",computed,,proportion,"Isolates of a lineage drawn independently from its distribution, whatever their sampling units share; the p-value assumes lineage labels exchangeable within each level of isolation_country under the null.",Lineage structure established (share 0.546; 95 % interval 0.454 to 0.634; p ≤ 0.001; q 0.003; lower bound 0.121; lower confidence limit 0.020).
United Kingdom,ceftiofur,call_latent_bounds,call_latent_bounds,lineage share of the latent ordering,observed and typed subset,423,26,,,,observed and typed subset,,,0.12051730982455379,1.0,,,,,"bounds the readings allow; not a confidence interval; lower end established by the readings; upper end a certified bound, not sharp",computed,The largest share attained by an arrangement of the lineages inside the readings is 0.966,proportion,Every reading holds the latent MIC it stands for (a call: the side of its cut-off); the latent MIC is continuous within a stratum; lineages of one isolate set aside. No distributional form for the latent values. The bounds are sharp where the distinct readings of each stratum are disjoint; overlapping readings are merged into one cell and the bounds then hold but may not be attained.,
United Kingdom,ceftiofur,call_latent_lower_limit,call_latent_lower_limit,lineage share of the latent ordering,observed and typed subset,423,26,,,,observed and typed subset,,,0.020478771002067006,,,,,,"one-sided 95% lower confidence limit for the lower bound, and so for the share",computed,,proportion,"Every reading holds the latent MIC it stands for (a call: the side of its cut-off); the latent MIC is continuous within a stratum; lineages of one isolate set aside. No distributional form for the latent values. The bounds are sharp where the distinct readings of each stratum are disjoint; overlapping readings are merged into one cell and the bounds then hold but may not be attained. The limit also assumes readings independent between isolates, whatever their sampling units share.",
United Kingdom,doxycycline,collection_membership,collection_membership,lineage share of the call among the represented lineages,observed and typed subset,423,26,,,,observed and typed subset,,0.11800178329440435,0.0666971914088707,0.1775382763395998,,0.001,0.0031801337551337554,yes,"95% interval for the represented lineages (isolates drawn again, lineages fixed)",computed,,proportion,"Isolates of a lineage drawn independently from its distribution, whatever their sampling units share; the p-value assumes lineage labels exchangeable within each level of isolation_country under the null.",Lineage structure established (share 0.118; 95 % interval 0.067 to 0.178; p ≤ 0.001; q 0.003; lower bound 0.019; lower confidence limit 0.000).
United Kingdom,doxycycline,call_latent_bounds,call_latent_bounds,lineage share of the latent ordering,observed and typed subset,423,26,,,,observed and typed subset,,,0.01924129532100994,1.0,,,,,"bounds the readings allow; not a confidence interval; lower end established by the readings; upper end a certified bound, not sharp",computed,The largest share attained by an arrangement of the lineages inside the readings is 0.787,proportion,Every reading holds the latent MIC it stands for (a call: the side of its cut-off); the latent MIC is continuous within a stratum; lineages of one isolate set aside. No distributional form for the latent values. The bounds are sharp where the distinct readings of each stratum are disjoint; overlapping readings are merged into one cell and the bounds then hold but may not be attained.,
United Kingdom,doxycycline,call_latent_lower_limit,call_latent_lower_limit,lineage share of the latent ordering,observed and typed subset,423,26,,,,observed and typed subset,,,0.0,,,,,,"one-sided 95% lower confidence limit for the lower bound, and so for the share",computed,,proportion,"Every reading holds the latent MIC it stands for (a call: the side of its cut-off); the latent MIC is continuous within a stratum; lineages of one isolate set aside. No distributional form for the latent values. The bounds are sharp where the distinct readings of each stratum are disjoint; overlapping readings are merged into one cell and the bounds then hold but may not be attained. The limit also assumes readings independent between isolates, whatever their sampling units share.",
United Kingdom,erythromycin,collection_membership,collection_membership,lineage share of the call among the represented lineages,observed and typed subset,423,26,,,,observed and typed subset,,0.21600361775305288,0.14688905954699924,0.2877413248892224,,0.001,0.0031801337551337554,yes,"95% interval for the represented lineages (isolates drawn again, lineages fixed)",computed,,proportion,"Isolates of a lineage drawn independently from its distribution, whatever their sampling units share; the p-value assumes lineage labels exchangeable within each level of isolation_country under the null.",Lineage structure established (share 0.216; 95 % interval 0.147 to 0.288; p ≤ 0.001; q 0.003; lower bound 0.002; lower confidence limit 0.000).
United Kingdom,erythromycin,call_latent_bounds,call_latent_bounds,lineage share of the latent ordering,observed and typed subset,423,26,,,,observed and typed subset,,,0.0016989721524001216,1.0,,,,,"bounds the readings allow; not a confidence interval; lower end established by the readings; upper end a certified bound, not sharp",computed,The largest share attained by an arrangement of the lineages inside the readings is 0.734,proportion,Every reading holds the latent MIC it stands for (a call: the side of its cut-off); the latent MIC is continuous within a stratum; lineages of one isolate set aside. No distributional form for the latent values. The bounds are sharp where the distinct readings of each stratum are disjoint; overlapping readings are merged into one cell and the bounds then hold but may not be attained.,
United Kingdom,erythromycin,call_latent_lower_limit,call_latent_lower_limit,lineage share of the latent ordering,observed and typed subset,423,26,,,,observed and typed subset,,,0.0,,,,,,"one-sided 95% lower confidence limit for the lower bound, and so for the share",computed,,proportion,"Every reading holds the latent MIC it stands for (a call: the side of its cut-off); the latent MIC is continuous within a stratum; lineages of one isolate set aside. No distributional form for the latent values. The bounds are sharp where the distinct readings of each stratum are disjoint; overlapping readings are merged into one cell and the bounds then hold but may not be attained. The limit also assumes readings independent between isolates, whatever their sampling units share.",
United Kingdom,lincomycin,collection_membership,collection_membership,lineage share of the call among the represented lineages,observed and typed subset,423,26,,,,observed and typed subset,,0.3432343663975301,0.2729702868699503,0.4202018842698073,,0.001,0.0031801337551337554,yes,"95% interval for the represented lineages (isolates drawn again, lineages fixed)",computed,,proportion,"Isolates of a lineage drawn independently from its distribution, whatever their sampling units share; the p-value assumes lineage labels exchangeable within each level of isolation_country under the null.",Lineage structure established (share 0.343; 95 % interval 0.273 to 0.420; p ≤ 0.001; q 0.003; lower bound 0.023; lower confidence limit 0.000).
United Kingdom,lincomycin,call_latent_bounds,call_latent_bounds,lineage share of the latent ordering,observed and typed subset,423,26,,,,observed and typed subset,,,0.023381487664847274,1.0,,,,,"bounds the readings allow; not a confidence interval; lower end established by the readings; upper end a certified bound, not sharp",computed,The largest share attained by an arrangement of the lineages inside the readings is 0.844,proportion,Every reading holds the latent MIC it stands for (a call: the side of its cut-off); the latent MIC is continuous within a stratum; lineages of one isolate set aside. No distributional form for the latent values. The bounds are sharp where the distinct readings of each stratum are disjoint; overlapping readings are merged into one cell and the bounds then hold but may not be attained.,
United Kingdom,lincomycin,call_latent_lower_limit,call_latent_lower_limit,lineage share of the latent ordering,observed and typed subset,423,26,,,,observed and typed subset,,,0.0,,,,,,"one-sided 95% lower confidence limit for the lower bound, and so for the share",computed,,proportion,"Every reading holds the latent MIC it stands for (a call: the side of its cut-off); the latent MIC is continuous within a stratum; lineages of one isolate set aside. No distributional form for the latent values. The bounds are sharp where the distinct readings of each stratum are disjoint; overlapping readings are merged into one cell and the bounds then hold but may not be attained. The limit also assumes readings independent between isolates, whatever their sampling units share.",
United Kingdom,penicillin,collection_membership,collection_membership,lineage share of the call among the represented lineages,observed and typed subset,423,26,,,,observed and typed subset,,0.5027462126191116,0.39763621216772826,0.6124219722953965,,0.001,0.0031801337551337554,yes,"95% interval for the represented lineages (isolates drawn again, lineages fixed)",computed,,proportion,"Isolates of a lineage drawn independently from its distribution, whatever their sampling units share; the p-value assumes lineage labels exchangeable within each level of isolation_country under the null.",Lineage structure established (share 0.503; 95 % interval 0.398 to 0.612; p ≤ 0.001; q 0.003; lower bound 0.112; lower confidence limit 0.021).
United Kingdom,penicillin,call_latent_bounds,call_latent_bounds,lineage share of the latent ordering,observed and typed subset,423,26,,,,observed and typed subset,,,0.11247919815526954,1.0,,,,,"bounds the readings allow; not a confidence interval; lower end established by the readings; upper end a certified bound, not sharp",computed,The largest share attained by an arrangement of the lineages inside the readings is 0.956,proportion,Every reading holds the latent MIC it stands for (a call: the side of its cut-off); the latent MIC is continuous within a stratum; lineages of one isolate set aside. No distributional form for the latent values. The bounds are sharp where the distinct readings of each stratum are disjoint; overlapping readings are merged into one cell and the bounds then hold but may not be attained.,
United Kingdom,penicillin,call_latent_lower_limit,call_latent_lower_limit,lineage share of the latent ordering,observed and typed subset,423,26,,,,observed and typed subset,,,0.021077179294661182,,,,,,"one-sided 95% lower confidence limit for the lower bound, and so for the share",computed,,proportion,"Every reading holds the latent MIC it stands for (a call: the side of its cut-off); the latent MIC is continuous within a stratum; lineages of one isolate set aside. No distributional form for the latent values. The bounds are sharp where the distinct readings of each stratum are disjoint; overlapping readings are merged into one cell and the bounds then hold but may not be attained. The limit also assumes readings independent between isolates, whatever their sampling units share.",
United Kingdom,spectinomycin,collection_membership,collection_membership,lineage share of the call among the represented lineages,observed and typed subset,423,26,,,,observed and typed subset,,0.4241803100194525,0.28511504743749766,0.6041452219283239,,0.001,0.0031801337551337554,yes,"95% interval for the represented lineages (isolates drawn again, lineages fixed)",computed,,proportion,"Isolates of a lineage drawn independently from its distribution, whatever their sampling units share; the p-value assumes lineage labels exchangeable within each level of isolation_country under the null.",Lineage structure established (share 0.424; 95 % interval 0.285 to 0.604; p ≤ 0.001; q 0.003; lower bound 0.056; lower confidence limit 0.002).
United Kingdom,spectinomycin,call_latent_bounds,call_latent_bounds,lineage share of the latent ordering,observed and typed subset,423,26,,,,observed and typed subset,,,0.05562512172383039,1.0,,,,,"bounds the readings allow; not a confidence interval; lower end established by the readings; upper end a certified bound, not sharp",computed,The largest share attained by an arrangement of the lineages inside the readings is 0.974,proportion,Every reading holds the latent MIC it stands for (a call: the side of its cut-off); the latent MIC is continuous within a stratum; lineages of one isolate set aside. No distributional form for the latent values. The bounds are sharp where the distinct readings of each stratum are disjoint; overlapping readings are merged into one cell and the bounds then hold but may not be attained.,
United Kingdom,spectinomycin,call_latent_lower_limit,call_latent_lower_limit,lineage share of the latent ordering,observed and typed subset,423,26,,,,observed and typed subset,,,0.0024340413394794724,,,,,,"one-sided 95% lower confidence limit for the lower bound, and so for the share",computed,,proportion,"Every reading holds the latent MIC it stands for (a call: the side of its cut-off); the latent MIC is continuous within a stratum; lineages of one isolate set aside. No distributional form for the latent values. The bounds are sharp where the distinct readings of each stratum are disjoint; overlapping readings are merged into one cell and the bounds then hold but may not be attained. The limit also assumes readings independent between isolates, whatever their sampling units share.",
United Kingdom,tetracycline,collection_membership,collection_membership,lineage share of the call among the represented lineages,observed and typed subset,423,26,,,,observed and typed subset,,0.11800178329440435,0.0666971914088707,0.1775382763395998,,0.001,0.0031801337551337554,yes,"95% interval for the represented lineages (isolates drawn again, lineages fixed)",computed,,proportion,"Isolates of a lineage drawn independently from its distribution, whatever their sampling units share; the p-value assumes lineage labels exchangeable within each level of isolation_country under the null.",Lineage structure established (share 0.118; 95 % interval 0.067 to 0.178; p ≤ 0.001; q 0.003; lower bound 0.019; lower confidence limit 0.000).
United Kingdom,tetracycline,call_latent_bounds,call_latent_bounds,lineage share of the latent ordering,observed and typed subset,423,26,,,,observed and typed subset,,,0.01924129532100994,1.0,,,,,"bounds the readings allow; not a confidence interval; lower end established by the readings; upper end a certified bound, not sharp",computed,The largest share attained by an arrangement of the lineages inside the readings is 0.787,proportion,Every reading holds the latent MIC it stands for (a call: the side of its cut-off); the latent MIC is continuous within a stratum; lineages of one isolate set aside. No distributional form for the latent values. The bounds are sharp where the distinct readings of each stratum are disjoint; overlapping readings are merged into one cell and the bounds then hold but may not be attained.,
United Kingdom,tetracycline,call_latent_lower_limit,call_latent_lower_limit,lineage share of the latent ordering,observed and typed subset,423,26,,,,observed and typed subset,,,0.0,,,,,,"one-sided 95% lower confidence limit for the lower bound, and so for the share",computed,,proportion,"Every reading holds the latent MIC it stands for (a call: the side of its cut-off); the latent MIC is continuous within a stratum; lineages of one isolate set aside. No distributional form for the latent values. The bounds are sharp where the distinct readings of each stratum are disjoint; overlapping readings are merged into one cell and the bounds then hold but may not be attained. The limit also assumes readings independent between isolates, whatever their sampling units share.",
United Kingdom,tiamulin,collection_membership,collection_membership,lineage share of the call among the represented lineages,observed and typed subset,423,26,,,,observed and typed subset,,0.4027203539204487,0.31301631659401646,0.49925430687710626,,0.001,0.0031801337551337554,yes,"95% interval for the represented lineages (isolates drawn again, lineages fixed)",computed,,proportion,"Isolates of a lineage drawn independently from its distribution, whatever their sampling units share; the p-value assumes lineage labels exchangeable within each level of isolation_country under the null.",Lineage structure established (share 0.403; 95 % interval 0.313 to 0.499; p ≤ 0.001; q 0.003; lower bound 0.053; lower confidence limit 0.000).
United Kingdom,tiamulin,call_latent_bounds,call_latent_bounds,lineage share of the latent ordering,observed and typed subset,423,26,,,,observed and typed subset,,,0.05271110813722225,1.0,,,,,"bounds the readings allow; not a confidence interval; lower end established by the readings; upper end a certified bound, not sharp",computed,The largest share attained by an arrangement of the lineages inside the readings is 0.951,proportion,Every reading holds the latent MIC it stands for (a call: the side of its cut-off); the latent MIC is continuous within a stratum; lineages of one isolate set aside. No distributional form for the latent values. The bounds are sharp where the distinct readings of each stratum are disjoint; overlapping readings are merged into one cell and the bounds then hold but may not be attained.,
United Kingdom,tiamulin,call_latent_lower_limit,call_latent_lower_limit,lineage share of the latent ordering,observed and typed subset,423,26,,,,observed and typed subset,,,0.0,,,,,,"one-sided 95% lower confidence limit for the lower bound, and so for the share",computed,,proportion,"Every reading holds the latent MIC it stands for (a call: the side of its cut-off); the latent MIC is continuous within a stratum; lineages of one isolate set aside. No distributional form for the latent values. The bounds are sharp where the distinct readings of each stratum are disjoint; overlapping readings are merged into one cell and the bounds then hold but may not be attained. The limit also assumes readings independent between isolates, whatever their sampling units share.",
United Kingdom,tilmicosin,collection_membership,collection_membership,lineage share of the call among the represented lineages,observed and typed subset,423,26,,,,observed and typed subset,,0.21963019000295134,0.15426674447387112,0.28707127027979246,,0.001,0.0031801337551337554,yes,"95% interval for the represented lineages (isolates drawn again, lineages fixed)",computed,,proportion,"Isolates of a lineage drawn independently from its distribution, whatever their sampling units share; the p-value assumes lineage labels exchangeable within each level of isolation_country under the null.",Lineage structure established (share 0.220; 95 % interval 0.154 to 0.287; p ≤ 0.001; q 0.003; lower bound 0.002; lower confidence limit 0.000).
United Kingdom,tilmicosin,call_latent_bounds,call_latent_bounds,lineage share of the latent ordering,observed and typed subset,423,26,,,,observed and typed subset,,,0.0016989721524007877,1.0,,,,,"bounds the readings allow; not a confidence interval; lower end established by the readings; upper end a certified bound, not sharp",computed,The largest share attained by an arrangement of the lineages inside the readings is 0.736,proportion,Every reading holds the latent MIC it stands for (a call: the side of its cut-off); the latent MIC is continuous within a stratum; lineages of one isolate set aside. No distributional form for the latent values. The bounds are sharp where the distinct readings of each stratum are disjoint; overlapping readings are merged into one cell and the bounds then hold but may not be attained.,
United Kingdom,tilmicosin,call_latent_lower_limit,call_latent_lower_limit,lineage share of the latent ordering,observed and typed subset,423,26,,,,observed and typed subset,,,0.0,,,,,,"one-sided 95% lower confidence limit for the lower bound, and so for the share",computed,,proportion,"Every reading holds the latent MIC it stands for (a call: the side of its cut-off); the latent MIC is continuous within a stratum; lineages of one isolate set aside. No distributional form for the latent values. The bounds are sharp where the distinct readings of each stratum are disjoint; overlapping readings are merged into one cell and the bounds then hold but may not be attained. The limit also assumes readings independent between isolates, whatever their sampling units share.",
United Kingdom,trimethoprim,collection_membership,collection_membership,lineage share of the call among the represented lineages,observed and typed subset,423,26,,,,observed and typed subset,,0.33084656567557297,0.2461280890561999,0.4228671748502007,,0.001,0.0031801337551337554,yes,"95% interval for the represented lineages (isolates drawn again, lineages fixed)",computed,,proportion,"Isolates of a lineage drawn independently from its distribution, whatever their sampling units share; the p-value assumes lineage labels exchangeable within each level of isolation_country under the null.",Lineage structure established (share 0.331; 95 % interval 0.246 to 0.423; p ≤ 0.001; q 0.003; lower bound 0.029; lower confidence limit 0.000).
United Kingdom,trimethoprim,call_latent_bounds,call_latent_bounds,lineage share of the latent ordering,observed and typed subset,423,26,,,,observed and typed subset,,,0.02862704074351253,1.0,,,,,"bounds the readings allow; not a confidence interval; lower end established by the readings; upper end a certified bound, not sharp",computed,The largest share attained by an arrangement of the lineages inside the readings is 0.847,proportion,Every reading holds the latent MIC it stands for (a call: the side of its cut-off); the latent MIC is continuous within a stratum; lineages of one isolate set aside. No distributional form for the latent values. The bounds are sharp where the distinct readings of each stratum are disjoint; overlapping readings are merged into one cell and the bounds then hold but may not be attained.,
United Kingdom,trimethoprim,call_latent_lower_limit,call_latent_lower_limit,lineage share of the latent ordering,observed and typed subset,423,26,,,,observed and typed subset,,,0.0,,,,,,"one-sided 95% lower confidence limit for the lower bound, and so for the share",computed,,proportion,"Every reading holds the latent MIC it stands for (a call: the side of its cut-off); the latent MIC is continuous within a stratum; lineages of one isolate set aside. No distributional form for the latent values. The bounds are sharp where the distinct readings of each stratum are disjoint; overlapping readings are merged into one cell and the bounds then hold but may not be attained. The limit also assumes readings independent between isolates, whatever their sampling units share.",
United Kingdom,tylosin,collection_membership,collection_membership,lineage share of the call among the represented lineages,observed and typed subset,423,26,,,,observed and typed subset,,0.23394226871777368,0.1653408795418086,0.3048776834708016,,0.001,0.0031801337551337554,yes,"95% interval for the represented lineages (isolates drawn again, lineages fixed)",computed,,proportion,"Isolates of a lineage drawn independently from its distribution, whatever their sampling units share; the p-value assumes lineage labels exchangeable within each level of isolation_country under the null.",Lineage structure established (share 0.234; 95 % interval 0.165 to 0.305; p ≤ 0.001; q 0.003; lower bound 0.003; lower confidence limit 0.000).
United Kingdom,tylosin,call_latent_bounds,call_latent_bounds,lineage share of the latent ordering,observed and typed subset,423,26,,,,observed and typed subset,,,0.002566889777325451,1.0,,,,,"bounds the readings allow; not a confidence interval; lower end established by the readings; upper end a certified bound, not sharp",computed,The largest share attained by an arrangement of the lineages inside the readings is 0.747,proportion,Every reading holds the latent MIC it stands for (a call: the side of its cut-off); the latent MIC is continuous within a stratum; lineages of one isolate set aside. No distributional form for the latent values. The bounds are sharp where the distinct readings of each stratum are disjoint; overlapping readings are merged into one cell and the bounds then hold but may not be attained.,
United Kingdom,tylosin,call_latent_lower_limit,call_latent_lower_limit,lineage share of the latent ordering,observed and typed subset,423,26,,,,observed and typed subset,,,0.0,,,,,,"one-sided 95% lower confidence limit for the lower bound, and so for the share",computed,,proportion,"Every reading holds the latent MIC it stands for (a call: the side of its cut-off); the latent MIC is continuous within a stratum; lineages of one isolate set aside. No distributional form for the latent values. The bounds are sharp where the distinct readings of each stratum are disjoint; overlapping readings are merged into one cell and the bounds then hold but may not be attained. The limit also assumes readings independent between isolates, whatever their sampling units share.",
United Kingdom,amoxicillin,mic_order,lineage share of the within-stratum mid-distribution score,lineage share of the recorded within-stratum MIC ordering among the represented lineages,readable and typed MIC subset,423,26,,,,readable and typed MIC subset,,0.25608131342600793,0.0,0.5689685544727137,,0.001,0.003380728993228994,yes,"95% interval for the represented lineages (isolates drawn again, lineages fixed)",computed,,proportion,"No distributional form for the readings; readings scored within each level of testing_laboratory × isolation_country; isolates of a lineage drawn independently from its distribution, whatever their sampling units share. MIC units: mg/L",Not established on this collection (share 0.256; 95 % interval 0.000 to 0.569; p ≤ 0.001; q 0.003; lower bound 0.009; lower confidence limit 0.000).
United Kingdom,amoxicillin,mic_latent_bounds,lineage share of the within-stratum mid-distribution score,lineage share of the latent ordering,readable and typed MIC subset,423,26,,,,readable and typed MIC subset,,,0.008703685452321705,1.0,,,,,"bounds the readings allow; not a confidence interval; lower end established by the readings; upper end a certified bound, not sharp",computed,The largest share attained by an arrangement of the lineages inside the readings is 0.976,proportion,Every reading holds the latent MIC it stands for (a call: the side of its cut-off); the latent MIC is continuous within a stratum; lineages of one isolate set aside. No distributional form for the latent values. The bounds are sharp where the distinct readings of each stratum are disjoint; overlapping readings are merged into one cell and the bounds then hold but may not be attained.,
United Kingdom,amoxicillin,mic_latent_lower_limit,lineage share of the within-stratum mid-distribution score,lineage share of the latent ordering,readable and typed MIC subset,423,26,,,,readable and typed MIC subset,,,0.0,,,,,,"one-sided 95% lower confidence limit for the lower bound, and so for the share",computed,,proportion,"Every reading holds the latent MIC it stands for (a call: the side of its cut-off); the latent MIC is continuous within a stratum; lineages of one isolate set aside. No distributional form for the latent values. The bounds are sharp where the distinct readings of each stratum are disjoint; overlapping readings are merged into one cell and the bounds then hold but may not be attained. The limit also assumes readings independent between isolates, whatever their sampling units share.",
United Kingdom,cefquinome,mic_order,lineage share of the within-stratum mid-distribution score,lineage share of the recorded within-stratum MIC ordering among the represented lineages,readable and typed MIC subset,423,26,,,,readable and typed MIC subset,,0.3497269367133292,0.2726603112643084,0.43231555257424475,,0.001,0.003380728993228994,yes,"95% interval for the represented lineages (isolates drawn again, lineages fixed)",computed,,proportion,"No distributional form for the readings; readings scored within each level of testing_laboratory × isolation_country; isolates of a lineage drawn independently from its distribution, whatever their sampling units share. MIC units: mg/L",Lineage structure established (share 0.350; 95 % interval 0.273 to 0.432; p ≤ 0.001; q 0.003; lower bound 0.160; lower confidence limit 0.033).
United Kingdom,cefquinome,mic_latent_bounds,lineage share of the within-stratum mid-distribution score,lineage share of the latent ordering,readable and typed MIC subset,423,26,,,,readable and typed MIC subset,,,0.1595830558490987,0.7519544590242326,,,,,"bounds the readings allow; not a confidence interval; lower end established by the readings; upper end a certified bound, not sharp",computed,The largest share attained by an arrangement of the lineages inside the readings is 0.639,proportion,Every reading holds the latent MIC it stands for (a call: the side of its cut-off); the latent MIC is continuous within a stratum; lineages of one isolate set aside. No distributional form for the latent values. The bounds are sharp where the distinct readings of each stratum are disjoint; overlapping readings are merged into one cell and the bounds then hold but may not be attained.,
United Kingdom,cefquinome,mic_latent_lower_limit,lineage share of the within-stratum mid-distribution score,lineage share of the latent ordering,readable and typed MIC subset,423,26,,,,readable and typed MIC subset,,,0.03286051284185053,,,,,,"one-sided 95% lower confidence limit for the lower bound, and so for the share",computed,,proportion,"Every reading holds the latent MIC it stands for (a call: the side of its cut-off); the latent MIC is continuous within a stratum; lineages of one isolate set aside. No distributional form for the latent values. The bounds are sharp where the distinct readings of each stratum are disjoint; overlapping readings are merged into one cell and the bounds then hold but may not be attained. The limit also assumes readings independent between isolates, whatever their sampling units share.",
United Kingdom,ceftiofur,mic_order,lineage share of the within-stratum mid-distribution score,lineage share of the recorded within-stratum MIC ordering among the represented lineages,readable and typed MIC subset,423,26,,,,readable and typed MIC subset,,0.5143986027905105,0.4308178553634051,0.6049790033264373,,0.001,0.003380728993228994,yes,"95% interval for the represented lineages (isolates drawn again, lineages fixed)",computed,,proportion,"No distributional form for the readings; readings scored within each level of testing_laboratory × isolation_country; isolates of a lineage drawn independently from its distribution, whatever their sampling units share. MIC units: mg/L",Lineage structure established (share 0.514; 95 % interval 0.431 to 0.605; p ≤ 0.001; q 0.003; lower bound 0.282; lower confidence limit 0.141).
United Kingdom,ceftiofur,mic_latent_bounds,lineage share of the within-stratum mid-distribution score,lineage share of the latent ordering,readable and typed MIC subset,423,26,,,,readable and typed MIC subset,,,0.28218337873119426,0.9559118128506103,,,,,"bounds the readings allow; not a confidence interval; lower end established by the readings; upper end a certified bound, not sharp",computed,The largest share attained by an arrangement of the lineages inside the readings is 0.780,proportion,Every reading holds the latent MIC it stands for (a call: the side of its cut-off); the latent MIC is continuous within a stratum; lineages of one isolate set aside. No distributional form for the latent values. The bounds are sharp where the distinct readings of each stratum are disjoint; overlapping readings are merged into one cell and the bounds then hold but may not be attained.,
United Kingdom,ceftiofur,mic_latent_lower_limit,lineage share of the within-stratum mid-distribution score,lineage share of the latent ordering,readable and typed MIC subset,423,26,,,,readable and typed MIC subset,,,0.14076186773151944,,,,,,"one-sided 95% lower confidence limit for the lower bound, and so for the share",computed,,proportion,"Every reading holds the latent MIC it stands for (a call: the side of its cut-off); the latent MIC is continuous within a stratum; lineages of one isolate set aside. No distributional form for the latent values. The bounds are sharp where the distinct readings of each stratum are disjoint; overlapping readings are merged into one cell and the bounds then hold but may not be attained. The limit also assumes readings independent between isolates, whatever their sampling units share.",
United Kingdom,doxycycline,mic_order,lineage share of the within-stratum mid-distribution score,lineage share of the recorded within-stratum MIC ordering among the represented lineages,readable and typed MIC subset,423,26,,,,readable and typed MIC subset,,0.1543540735204048,0.08617235465646847,0.22385314584446409,,0.001,0.003380728993228994,yes,"95% interval for the represented lineages (isolates drawn again, lineages fixed)",computed,,proportion,"No distributional form for the readings; readings scored within each level of testing_laboratory × isolation_country; isolates of a lineage drawn independently from its distribution, whatever their sampling units share. MIC units: mg/L",Lineage structure established (share 0.154; 95 % interval 0.086 to 0.224; p ≤ 0.001; q 0.003; lower bound 0.076; lower confidence limit 0.000).
United Kingdom,doxycycline,mic_latent_bounds,lineage share of the within-stratum mid-distribution score,lineage share of the latent ordering,readable and typed MIC subset,423,26,,,,readable and typed MIC subset,,,0.07619862392394651,0.5837955540121238,,,,,"bounds the readings allow; not a confidence interval; lower end established by the readings; upper end a certified bound, not sharp",computed,The largest share attained by an arrangement of the lineages inside the readings is 0.442,proportion,Every reading holds the latent MIC it stands for (a call: the side of its cut-off); the latent MIC is continuous within a stratum; lineages of one isolate set aside. No distributional form for the latent values. The bounds are sharp where the distinct readings of each stratum are disjoint; overlapping readings are merged into one cell and the bounds then hold but may not be attained.,
United Kingdom,doxycycline,mic_latent_lower_limit,lineage share of the within-stratum mid-distribution score,lineage share of the latent ordering,readable and typed MIC subset,423,26,,,,readable and typed MIC subset,,,5.1854495313100636e-05,,,,,,"one-sided 95% lower confidence limit for the lower bound, and so for the share",computed,,proportion,"Every reading holds the latent MIC it stands for (a call: the side of its cut-off); the latent MIC is continuous within a stratum; lineages of one isolate set aside. No distributional form for the latent values. The bounds are sharp where the distinct readings of each stratum are disjoint; overlapping readings are merged into one cell and the bounds then hold but may not be attained. The limit also assumes readings independent between isolates, whatever their sampling units share.",
United Kingdom,enrofloxacin,mic_order,lineage share of the within-stratum mid-distribution score,lineage share of the recorded within-stratum MIC ordering among the represented lineages,readable and typed MIC subset,423,26,,,,readable and typed MIC subset,,0.3386360716180918,0.24391470889619865,0.44135313164420925,,0.001,0.003380728993228994,yes,"95% interval for the represented lineages (isolates drawn again, lineages fixed)",computed,,proportion,"No distributional form for the readings; readings scored within each level of testing_laboratory × isolation_country; isolates of a lineage drawn independently from its distribution, whatever their sampling units share. MIC units: mg/L",Lineage structure established (share 0.339; 95 % interval 0.244 to 0.441; p ≤ 0.001; q 0.003; lower bound 0.075; lower confidence limit 0.003).
United Kingdom,enrofloxacin,mic_latent_bounds,lineage share of the within-stratum mid-distribution score,lineage share of the latent ordering,readable and typed MIC subset,423,26,,,,readable and typed MIC subset,,,0.0754115887949627,1.0,,,,,"bounds the readings allow; not a confidence interval; lower end established by the readings; upper end a certified bound, not sharp",computed,The largest share attained by an arrangement of the lineages inside the readings is 0.769,proportion,Every reading holds the latent MIC it stands for (a call: the side of its cut-off); the latent MIC is continuous within a stratum; lineages of one isolate set aside. No distributional form for the latent values. The bounds are sharp where the distinct readings of each stratum are disjoint; overlapping readings are merged into one cell and the bounds then hold but may not be attained.,
United Kingdom,enrofloxacin,mic_latent_lower_limit,lineage share of the within-stratum mid-distribution score,lineage share of the latent ordering,readable and typed MIC subset,423,26,,,,readable and typed MIC subset,,,0.002818737626234695,,,,,,"one-sided 95% lower confidence limit for the lower bound, and so for the share",computed,,proportion,"Every reading holds the latent MIC it stands for (a call: the side of its cut-off); the latent MIC is continuous within a stratum; lineages of one isolate set aside. No distributional form for the latent values. The bounds are sharp where the distinct readings of each stratum are disjoint; overlapping readings are merged into one cell and the bounds then hold but may not be attained. The limit also assumes readings independent between isolates, whatever their sampling units share.",
United Kingdom,erythromycin,mic_order,lineage share of the within-stratum mid-distribution score,lineage share of the recorded within-stratum MIC ordering among the represented lineages,readable and typed MIC subset,423,26,,,,readable and typed MIC subset,,0.16248127039471819,0.09754299905625373,0.23469319715671594,,0.001,0.003380728993228994,yes,"95% interval for the represented lineages (isolates drawn again, lineages fixed)",computed,,proportion,"No distributional form for the readings; readings scored within each level of testing_laboratory × isolation_country; isolates of a lineage drawn independently from its distribution, whatever their sampling units share. MIC units: mg/L",Lineage structure established (share 0.162; 95 % interval 0.098 to 0.235; p ≤ 0.001; q 0.003; lower bound 0.023; lower confidence limit 0.000).
United Kingdom,erythromycin,mic_latent_bounds,lineage share of the within-stratum mid-distribution score,lineage share of the latent ordering,readable and typed MIC subset,423,26,,,,readable and typed MIC subset,,,0.022735530448403603,0.5993792448554875,,,,,"bounds the readings allow; not a confidence interval; lower end established by the readings; upper end a certified bound, not sharp",computed,The largest share attained by an arrangement of the lineages inside the readings is 0.465,proportion,Every reading holds the latent MIC it stands for (a call: the side of its cut-off); the latent MIC is continuous within a stratum; lineages of one isolate set aside. No distributional form for the latent values. The bounds are sharp where the distinct readings of each stratum are disjoint; overlapping readings are merged into one cell and the bounds then hold but may not be attained.,
United Kingdom,erythromycin,mic_latent_lower_limit,lineage share of the within-stratum mid-distribution score,lineage share of the latent ordering,readable and typed MIC subset,423,26,,,,readable and typed MIC subset,,,0.0,,,,,,"one-sided 95% lower confidence limit for the lower bound, and so for the share",computed,,proportion,"Every reading holds the latent MIC it stands for (a call: the side of its cut-off); the latent MIC is continuous within a stratum; lineages of one isolate set aside. No distributional form for the latent values. The bounds are sharp where the distinct readings of each stratum are disjoint; overlapping readings are merged into one cell and the bounds then hold but may not be attained. The limit also assumes readings independent between isolates, whatever their sampling units share.",
United Kingdom,florfenicol,mic_order,lineage share of the within-stratum mid-distribution score,lineage share of the recorded within-stratum MIC ordering among the represented lineages,readable and typed MIC subset,423,26,,,,readable and typed MIC subset,,0.3390880344584731,0.24440745983813497,0.45753165472308766,,0.001,0.003380728993228994,yes,"95% interval for the represented lineages (isolates drawn again, lineages fixed)",computed,,proportion,"No distributional form for the readings; readings scored within each level of testing_laboratory × isolation_country; isolates of a lineage drawn independently from its distribution, whatever their sampling units share. MIC units: mg/L",Lineage structure established (share 0.339; 95 % interval 0.244 to 0.458; p ≤ 0.001; q 0.003; lower bound 0.021; lower confidence limit 0.000).
United Kingdom,florfenicol,mic_latent_bounds,lineage share of the within-stratum mid-distribution score,lineage share of the latent ordering,readable and typed MIC subset,423,26,,,,readable and typed MIC subset,,,0.021211209439467645,1.0,,,,,"bounds the readings allow; not a confidence interval; lower end established by the readings; upper end a certified bound, not sharp",computed,The largest share attained by an arrangement of the lineages inside the readings is 0.916,proportion,Every reading holds the latent MIC it stands for (a call: the side of its cut-off); the latent MIC is continuous within a stratum; lineages of one isolate set aside. No distributional form for the latent values. The bounds are sharp where the distinct readings of each stratum are disjoint; overlapping readings are merged into one cell and the bounds then hold but may not be attained.,
United Kingdom,florfenicol,mic_latent_lower_limit,lineage share of the within-stratum mid-distribution score,lineage share of the latent ordering,readable and typed MIC subset,423,26,,,,readable and typed MIC subset,,,0.0,,,,,,"one-sided 95% lower confidence limit for the lower bound, and so for the share",computed,,proportion,"Every reading holds the latent MIC it stands for (a call: the side of its cut-off); the latent MIC is continuous within a stratum; lineages of one isolate set aside. No distributional form for the latent values. The bounds are sharp where the distinct readings of each stratum are disjoint; overlapping readings are merged into one cell and the bounds then hold but may not be attained. The limit also assumes readings independent between isolates, whatever their sampling units share.",
United Kingdom,lincomycin,mic_order,lineage share of the within-stratum mid-distribution score,lineage share of the recorded within-stratum MIC ordering among the represented lineages,readable and typed MIC subset,423,26,,,,readable and typed MIC subset,,0.3902148788250557,0.3017779464646402,0.4754926651642004,,0.001,0.003380728993228994,yes,"95% interval for the represented lineages (isolates drawn again, lineages fixed)",computed,,proportion,"No distributional form for the readings; readings scored within each level of testing_laboratory × isolation_country; isolates of a lineage drawn independently from its distribution, whatever their sampling units share. MIC units: mg/L",Lineage structure established (share 0.390; 95 % interval 0.302 to 0.475; p ≤ 0.001; q 0.003; lower bound 0.215; lower confidence limit 0.081).
United Kingdom,lincomycin,mic_latent_bounds,lineage share of the within-stratum mid-distribution score,lineage share of the latent ordering,readable and typed MIC subset,423,26,,,,readable and typed MIC subset,,,0.21451377760385482,0.7460876252435849,,,,,"bounds the readings allow; not a confidence interval; lower end established by the readings; upper end a certified bound, not sharp",computed,The largest share attained by an arrangement of the lineages inside the readings is 0.650,proportion,Every reading holds the latent MIC it stands for (a call: the side of its cut-off); the latent MIC is continuous within a stratum; lineages of one isolate set aside. No distributional form for the latent values. The bounds are sharp where the distinct readings of each stratum are disjoint; overlapping readings are merged into one cell and the bounds then hold but may not be attained.,
United Kingdom,lincomycin,mic_latent_lower_limit,lineage share of the within-stratum mid-distribution score,lineage share of the latent ordering,readable and typed MIC subset,423,26,,,,readable and typed MIC subset,,,0.08065911618973037,,,,,,"one-sided 95% lower confidence limit for the lower bound, and so for the share",computed,,proportion,"Every reading holds the latent MIC it stands for (a call: the side of its cut-off); the latent MIC is continuous within a stratum; lineages of one isolate set aside. No distributional form for the latent values. The bounds are sharp where the distinct readings of each stratum are disjoint; overlapping readings are merged into one cell and the bounds then hold but may not be attained. The limit also assumes readings independent between isolates, whatever their sampling units share.",
United Kingdom,marbofloxacin,mic_order,lineage share of the within-stratum mid-distribution score,lineage share of the recorded within-stratum MIC ordering among the represented lineages,readable and typed MIC subset,423,26,,,,readable and typed MIC subset,,0.22390302041130475,0.14884098300690848,0.3181969175852436,,0.001,0.003380728993228994,yes,"95% interval for the represented lineages (isolates drawn again, lineages fixed)",computed,,proportion,"No distributional form for the readings; readings scored within each level of testing_laboratory × isolation_country; isolates of a lineage drawn independently from its distribution, whatever their sampling units share. MIC units: mg/L",Lineage structure established (share 0.224; 95 % interval 0.149 to 0.318; p ≤ 0.001; q 0.003; lower bound 0.031; lower confidence limit 0.000).
United Kingdom,marbofloxacin,mic_latent_bounds,lineage share of the within-stratum mid-distribution score,lineage share of the latent ordering,readable and typed MIC subset,423,26,,,,readable and typed MIC subset,,,0.030718728497546095,0.8692214666206473,,,,,"bounds the readings allow; not a confidence interval; lower end established by the readings; upper end a certified bound, not sharp",computed,The largest share attained by an arrangement of the lineages inside the readings is 0.619,proportion,Every reading holds the latent MIC it stands for (a call: the side of its cut-off); the latent MIC is continuous within a stratum; lineages of one isolate set aside. No distributional form for the latent values. The bounds are sharp where the distinct readings of each stratum are disjoint; overlapping readings are merged into one cell and the bounds then hold but may not be attained.,
United Kingdom,marbofloxacin,mic_latent_lower_limit,lineage share of the within-stratum mid-distribution score,lineage share of the latent ordering,readable and typed MIC subset,423,26,,,,readable and typed MIC subset,,,0.0,,,,,,"one-sided 95% lower confidence limit for the lower bound, and so for the share",computed,,proportion,"Every reading holds the latent MIC it stands for (a call: the side of its cut-off); the latent MIC is continuous within a stratum; lineages of one isolate set aside. No distributional form for the latent values. The bounds are sharp where the distinct readings of each stratum are disjoint; overlapping readings are merged into one cell and the bounds then hold but may not be attained. The limit also assumes readings independent between isolates, whatever their sampling units share.",
United Kingdom,penicillin,mic_order,lineage share of the within-stratum mid-distribution score,lineage share of the recorded within-stratum MIC ordering among the represented lineages,readable and typed MIC subset,423,26,,,,readable and typed MIC subset,,0.5581652557847762,0.45603438707395766,0.6606981083673766,,0.001,0.003380728993228994,yes,"95% interval for the represented lineages (isolates drawn again, lineages fixed)",computed,,proportion,"No distributional form for the readings; readings scored within each level of testing_laboratory × isolation_country; isolates of a lineage drawn independently from its distribution, whatever their sampling units share. MIC units: mg/L",Lineage structure established (share 0.558; 95 % interval 0.456 to 0.661; p ≤ 0.001; q 0.003; lower bound 0.199; lower confidence limit 0.096).
United Kingdom,penicillin,mic_latent_bounds,lineage share of the within-stratum mid-distribution score,lineage share of the latent ordering,readable and typed MIC subset,423,26,,,,readable and typed MIC subset,,,0.19906725691457305,1.0,,,,,"bounds the readings allow; not a confidence interval; lower end established by the readings; upper end a certified bound, not sharp",computed,The largest share attained by an arrangement of the lineages inside the readings is 0.939,proportion,Every reading holds the latent MIC it stands for (a call: the side of its cut-off); the latent MIC is continuous within a stratum; lineages of one isolate set aside. No distributional form for the latent values. The bounds are sharp where the distinct readings of each stratum are disjoint; overlapping readings are merged into one cell and the bounds then hold but may not be attained.,
United Kingdom,penicillin,mic_latent_lower_limit,lineage share of the within-stratum mid-distribution score,lineage share of the latent ordering,readable and typed MIC subset,423,26,,,,readable and typed MIC subset,,,0.09604952669591929,,,,,,"one-sided 95% lower confidence limit for the lower bound, and so for the share",computed,,proportion,"Every reading holds the latent MIC it stands for (a call: the side of its cut-off); the latent MIC is continuous within a stratum; lineages of one isolate set aside. No distributional form for the latent values. The bounds are sharp where the distinct readings of each stratum are disjoint; overlapping readings are merged into one cell and the bounds then hold but may not be attained. The limit also assumes readings independent between isolates, whatever their sampling units share.",
United Kingdom,spectinomycin,mic_order,lineage share of the within-stratum mid-distribution score,lineage share of the recorded within-stratum MIC ordering among the represented lineages,readable and typed MIC subset,423,26,,,,readable and typed MIC subset,,0.29273088585234763,0.20596679925204353,0.388774559032391,,0.001,0.003380728993228994,yes,"95% interval for the represented lineages (isolates drawn again, lineages fixed)",computed,,proportion,"No distributional form for the readings; readings scored within each level of testing_laboratory × isolation_country; isolates of a lineage drawn independently from its distribution, whatever their sampling units share. MIC units: mg/L",Lineage structure established (share 0.293; 95 % interval 0.206 to 0.389; p ≤ 0.001; q 0.003; lower bound 0.108; lower confidence limit 0.011).
United Kingdom,spectinomycin,mic_latent_bounds,lineage share of the within-stratum mid-distribution score,lineage share of the latent ordering,readable and typed MIC subset,423,26,,,,readable and typed MIC subset,,,0.10842125482644961,0.9157276597616635,,,,,"bounds the readings allow; not a confidence interval; lower end established by the readings; upper end a certified bound, not sharp",computed,The largest share attained by an arrangement of the lineages inside the readings is 0.669,proportion,Every reading holds the latent MIC it stands for (a call: the side of its cut-off); the latent MIC is continuous within a stratum; lineages of one isolate set aside. No distributional form for the latent values. The bounds are sharp where the distinct readings of each stratum are disjoint; overlapping readings are merged into one cell and the bounds then hold but may not be attained.,
United Kingdom,spectinomycin,mic_latent_lower_limit,lineage share of the within-stratum mid-distribution score,lineage share of the latent ordering,readable and typed MIC subset,423,26,,,,readable and typed MIC subset,,,0.01091323141204604,,,,,,"one-sided 95% lower confidence limit for the lower bound, and so for the share",computed,,proportion,"Every reading holds the latent MIC it stands for (a call: the side of its cut-off); the latent MIC is continuous within a stratum; lineages of one isolate set aside. No distributional form for the latent values. The bounds are sharp where the distinct readings of each stratum are disjoint; overlapping readings are merged into one cell and the bounds then hold but may not be attained. The limit also assumes readings independent between isolates, whatever their sampling units share.",
United Kingdom,tetracycline,mic_order,lineage share of the within-stratum mid-distribution score,lineage share of the recorded within-stratum MIC ordering among the represented lineages,readable and typed MIC subset,423,26,,,,readable and typed MIC subset,,0.1599328719972125,0.09122294756288683,0.2462037619929088,,0.001,0.003380728993228994,yes,"95% interval for the represented lineages (isolates drawn again, lineages fixed)",computed,,proportion,"No distributional form for the readings; readings scored within each level of testing_laboratory × isolation_country; isolates of a lineage drawn independently from its distribution, whatever their sampling units share. MIC units: mg/L",Lineage structure established (share 0.160; 95 % interval 0.091 to 0.246; p ≤ 0.001; q 0.003; lower bound 0.054; lower confidence limit 0.000).
United Kingdom,tetracycline,mic_latent_bounds,lineage share of the within-stratum mid-distribution score,lineage share of the latent ordering,readable and typed MIC subset,423,26,,,,readable and typed MIC subset,,,0.05417177960209086,0.6412919091440248,,,,,"bounds the readings allow; not a confidence interval; lower end established by the readings; upper end a certified bound, not sharp",computed,The largest share attained by an arrangement of the lineages inside the readings is 0.491,proportion,Every reading holds the latent MIC it stands for (a call: the side of its cut-off); the latent MIC is continuous within a stratum; lineages of one isolate set aside. No distributional form for the latent values. The bounds are sharp where the distinct readings of each stratum are disjoint; overlapping readings are merged into one cell and the bounds then hold but may not be attained.,
United Kingdom,tetracycline,mic_latent_lower_limit,lineage share of the within-stratum mid-distribution score,lineage share of the latent ordering,readable and typed MIC subset,423,26,,,,readable and typed MIC subset,,,0.0,,,,,,"one-sided 95% lower confidence limit for the lower bound, and so for the share",computed,,proportion,"Every reading holds the latent MIC it stands for (a call: the side of its cut-off); the latent MIC is continuous within a stratum; lineages of one isolate set aside. No distributional form for the latent values. The bounds are sharp where the distinct readings of each stratum are disjoint; overlapping readings are merged into one cell and the bounds then hold but may not be attained. The limit also assumes readings independent between isolates, whatever their sampling units share.",
United Kingdom,tiamulin,mic_order,lineage share of the within-stratum mid-distribution score,lineage share of the recorded within-stratum MIC ordering among the represented lineages,readable and typed MIC subset,423,26,,,,readable and typed MIC subset,,0.5541167475217486,0.466583709828265,0.6513008973590412,,0.001,0.003380728993228994,yes,"95% interval for the represented lineages (isolates drawn again, lineages fixed)",computed,,proportion,"No distributional form for the readings; readings scored within each level of testing_laboratory × isolation_country; isolates of a lineage drawn independently from its distribution, whatever their sampling units share. MIC units: mg/L",Lineage structure established (share 0.554; 95 % interval 0.467 to 0.651; p ≤ 0.001; q 0.003; lower bound 0.449; lower confidence limit 0.273).
United Kingdom,tiamulin,mic_latent_bounds,lineage share of the within-stratum mid-distribution score,lineage share of the latent ordering,readable and typed MIC subset,423,26,,,,readable and typed MIC subset,,,0.44897479165944754,0.7602444457407733,,,,,"bounds the readings allow; not a confidence interval; lower end established by the readings; upper end a certified bound, not sharp",computed,The largest share attained by an arrangement of the lineages inside the readings is 0.708,proportion,Every reading holds the latent MIC it stands for (a call: the side of its cut-off); the latent MIC is continuous within a stratum; lineages of one isolate set aside. No distributional form for the latent values. The bounds are sharp where the distinct readings of each stratum are disjoint; overlapping readings are merged into one cell and the bounds then hold but may not be attained.,
United Kingdom,tiamulin,mic_latent_lower_limit,lineage share of the within-stratum mid-distribution score,lineage share of the latent ordering,readable and typed MIC subset,423,26,,,,readable and typed MIC subset,,,0.2731559150532345,,,,,,"one-sided 95% lower confidence limit for the lower bound, and so for the share",computed,,proportion,"Every reading holds the latent MIC it stands for (a call: the side of its cut-off); the latent MIC is continuous within a stratum; lineages of one isolate set aside. No distributional form for the latent values. The bounds are sharp where the distinct readings of each stratum are disjoint; overlapping readings are merged into one cell and the bounds then hold but may not be attained. The limit also assumes readings independent between isolates, whatever their sampling units share.",
United Kingdom,tilmicosin,mic_order,lineage share of the within-stratum mid-distribution score,lineage share of the recorded within-stratum MIC ordering among the represented lineages,readable and typed MIC subset,423,26,,,,readable and typed MIC subset,,0.22138079002241726,0.14805706414924413,0.30152990325665185,,0.001,0.003380728993228994,yes,"95% interval for the represented lineages (isolates drawn again, lineages fixed)",computed,,proportion,"No distributional form for the readings; readings scored within each level of testing_laboratory × isolation_country; isolates of a lineage drawn independently from its distribution, whatever their sampling units share. MIC units: mg/L",Lineage structure established (share 0.221; 95 % interval 0.148 to 0.302; p ≤ 0.001; q 0.003; lower bound 0.018; lower confidence limit 0.000).
United Kingdom,tilmicosin,mic_latent_bounds,lineage share of the within-stratum mid-distribution score,lineage share of the latent ordering,readable and typed MIC subset,423,26,,,,readable and typed MIC subset,,,0.017955518305829317,0.8726060600986654,,,,,"bounds the readings allow; not a confidence interval; lower end established by the readings; upper end a certified bound, not sharp",computed,The largest share attained by an arrangement of the lineages inside the readings is 0.646,proportion,Every reading holds the latent MIC it stands for (a call: the side of its cut-off); the latent MIC is continuous within a stratum; lineages of one isolate set aside. No distributional form for the latent values. The bounds are sharp where the distinct readings of each stratum are disjoint; overlapping readings are merged into one cell and the bounds then hold but may not be attained.,
United Kingdom,tilmicosin,mic_latent_lower_limit,lineage share of the within-stratum mid-distribution score,lineage share of the latent ordering,readable and typed MIC subset,423,26,,,,readable and typed MIC subset,,,0.0,,,,,,"one-sided 95% lower confidence limit for the lower bound, and so for the share",computed,,proportion,"Every reading holds the latent MIC it stands for (a call: the side of its cut-off); the latent MIC is continuous within a stratum; lineages of one isolate set aside. No distributional form for the latent values. The bounds are sharp where the distinct readings of each stratum are disjoint; overlapping readings are merged into one cell and the bounds then hold but may not be attained. The limit also assumes readings independent between isolates, whatever their sampling units share.",
United Kingdom,trimethoprim,mic_order,lineage share of the within-stratum mid-distribution score,lineage share of the recorded within-stratum MIC ordering among the represented lineages,readable and typed MIC subset,423,26,,,,readable and typed MIC subset,,0.3252310719711939,0.24986389742774578,0.4003622697306603,,0.001,0.003380728993228994,yes,"95% interval for the represented lineages (isolates drawn again, lineages fixed)",computed,,proportion,"No distributional form for the readings; readings scored within each level of testing_laboratory × isolation_country; isolates of a lineage drawn independently from its distribution, whatever their sampling units share. MIC units: mg/L",Lineage structure established (share 0.325; 95 % interval 0.250 to 0.400; p ≤ 0.001; q 0.003; lower bound 0.261; lower confidence limit 0.100).
United Kingdom,trimethoprim,mic_latent_bounds,lineage share of the within-stratum mid-distribution score,lineage share of the latent ordering,readable and typed MIC subset,423,26,,,,readable and typed MIC subset,,,0.26123997464826676,0.4819962649510994,,,,,"bounds the readings allow; not a confidence interval; lower end established by the readings; upper end a certified bound, not sharp",computed,The largest share attained by an arrangement of the lineages inside the readings is 0.463,proportion,Every reading holds the latent MIC it stands for (a call: the side of its cut-off); the latent MIC is continuous within a stratum; lineages of one isolate set aside. No distributional form for the latent values. The bounds are sharp where the distinct readings of each stratum are disjoint; overlapping readings are merged into one cell and the bounds then hold but may not be attained.,
United Kingdom,trimethoprim,mic_latent_lower_limit,lineage share of the within-stratum mid-distribution score,lineage share of the latent ordering,readable and typed MIC subset,423,26,,,,readable and typed MIC subset,,,0.09959077241386445,,,,,,"one-sided 95% lower confidence limit for the lower bound, and so for the share",computed,,proportion,"Every reading holds the latent MIC it stands for (a call: the side of its cut-off); the latent MIC is continuous within a stratum; lineages of one isolate set aside. No distributional form for the latent values. The bounds are sharp where the distinct readings of each stratum are disjoint; overlapping readings are merged into one cell and the bounds then hold but may not be attained. The limit also assumes readings independent between isolates, whatever their sampling units share.",
United Kingdom,tylosin,mic_order,lineage share of the within-stratum mid-distribution score,lineage share of the recorded within-stratum MIC ordering among the represented lineages,readable and typed MIC subset,423,26,,,,readable and typed MIC subset,,0.18841067296538025,0.11735242959132139,0.266637803960894,,0.001,0.003380728993228994,yes,"95% interval for the represented lineages (isolates drawn again, lineages fixed)",computed,,proportion,"No distributional form for the readings; readings scored within each level of testing_laboratory × isolation_country; isolates of a lineage drawn independently from its distribution, whatever their sampling units share. MIC units: mg/L",Lineage structure established (share 0.188; 95 % interval 0.117 to 0.267; p ≤ 0.001; q 0.003; lower bound 0.021; lower confidence limit 0.000).
United Kingdom,tylosin,mic_latent_bounds,lineage share of the within-stratum mid-distribution score,lineage share of the latent ordering,readable and typed MIC subset,423,26,,,,readable and typed MIC subset,,,0.021360384847392673,0.7131718399498017,,,,,"bounds the readings allow; not a confidence interval; lower end established by the readings; upper end a certified bound, not sharp",computed,The largest share attained by an arrangement of the lineages inside the readings is 0.547,proportion,Every reading holds the latent MIC it stands for (a call: the side of its cut-off); the latent MIC is continuous within a stratum; lineages of one isolate set aside. No distributional form for the latent values. The bounds are sharp where the distinct readings of each stratum are disjoint; overlapping readings are merged into one cell and the bounds then hold but may not be attained.,
United Kingdom,tylosin,mic_latent_lower_limit,lineage share of the within-stratum mid-distribution score,lineage share of the latent ordering,readable and typed MIC subset,423,26,,,,readable and typed MIC subset,,,0.0,,,,,,"one-sided 95% lower confidence limit for the lower bound, and so for the share",computed,,proportion,"Every reading holds the latent MIC it stands for (a call: the side of its cut-off); the latent MIC is continuous within a stratum; lineages of one isolate set aside. No distributional form for the latent values. The bounds are sharp where the distinct readings of each stratum are disjoint; overlapping readings are merged into one cell and the bounds then hold but may not be attained. The limit also assumes readings independent between isolates, whatever their sampling units share.",
United Kingdom,amoxicillin,lineage_evidence,lineage_evidence,evidence against lineage-independent binary outcomes,observed and typed subset,423,26,,,,observed and typed subset,,64.92172242507573,,,4.173182273795911,,,yes,e-value; not an effect size,computed,,e-value,Held-out Bernoulli likelihood under the stated null; training data separate from evaluation.,
United Kingdom,cefquinome,lineage_evidence,lineage_evidence,evidence against lineage-independent binary outcomes,observed and typed subset,423,26,,,,observed and typed subset,,42.91145660292632,,,3.7591388439627504,,,yes,e-value; not an effect size,computed,,e-value,Held-out Bernoulli likelihood under the stated null; training data separate from evaluation.,
United Kingdom,ceftiofur,lineage_evidence,lineage_evidence,evidence against lineage-independent binary outcomes,observed and typed subset,423,26,,,,observed and typed subset,,11790590628220.666,,,30.098322924916097,,,yes,e-value; not an effect size,computed,,e-value,Held-out Bernoulli likelihood under the stated null; training data separate from evaluation.,
United Kingdom,doxycycline,lineage_evidence,lineage_evidence,evidence against lineage-independent binary outcomes,observed and typed subset,423,26,,,,observed and typed subset,,31.395554397275728,,,3.4466663031862605,,,yes,e-value; not an effect size,computed,,e-value,Held-out Bernoulli likelihood under the stated null; training data separate from evaluation.,
United Kingdom,erythromycin,lineage_evidence,lineage_evidence,evidence against lineage-independent binary outcomes,observed and typed subset,423,26,,,,observed and typed subset,,20552.582839733976,,,9.930741897658427,,,yes,e-value; not an effect size,computed,,e-value,Held-out Bernoulli likelihood under the stated null; training data separate from evaluation.,
United Kingdom,lincomycin,lineage_evidence,lineage_evidence,evidence against lineage-independent binary outcomes,observed and typed subset,423,26,,,,observed and typed subset,,239474548.9963815,,,19.29395770192999,,,yes,e-value; not an effect size,computed,,e-value,Held-out Bernoulli likelihood under the stated null; training data separate from evaluation.,
United Kingdom,penicillin,lineage_evidence,lineage_evidence,evidence against lineage-independent binary outcomes,observed and typed subset,423,26,,,,observed and typed subset,,5128097544.063468,,,22.358000578237117,,,yes,e-value; not an effect size,computed,,e-value,Held-out Bernoulli likelihood under the stated null; training data separate from evaluation.,
United Kingdom,spectinomycin,lineage_evidence,lineage_evidence,evidence against lineage-independent binary outcomes,observed and typed subset,423,26,,,,observed and typed subset,,41795.28051505985,,,10.640538705800166,,,yes,e-value; not an effect size,computed,,e-value,Held-out Bernoulli likelihood under the stated null; training data separate from evaluation.,
United Kingdom,tetracycline,lineage_evidence,lineage_evidence,evidence against lineage-independent binary outcomes,observed and typed subset,423,26,,,,observed and typed subset,,31.395554397275728,,,3.4466663031862605,,,yes,e-value; not an effect size,computed,,e-value,Held-out Bernoulli likelihood under the stated null; training data separate from evaluation.,
United Kingdom,tiamulin,lineage_evidence,lineage_evidence,evidence against lineage-independent binary outcomes,observed and typed subset,423,26,,,,observed and typed subset,,399088170.5855238,,,19.80469292935298,,,yes,e-value; not an effect size,computed,,e-value,Held-out Bernoulli likelihood under the stated null; training data separate from evaluation.,
United Kingdom,tilmicosin,lineage_evidence,lineage_evidence,evidence against lineage-independent binary outcomes,observed and typed subset,423,26,,,,observed and typed subset,,31649.862727381078,,,10.362489090355368,,,yes,e-value; not an effect size,computed,,e-value,Held-out Bernoulli likelihood under the stated null; training data separate from evaluation.,
United Kingdom,trimethoprim,lineage_evidence,lineage_evidence,evidence against lineage-independent binary outcomes,observed and typed subset,423,26,,,,observed and typed subset,,9594999.673024023,,,16.07675265334619,,,yes,e-value; not an effect size,computed,,e-value,Held-out Bernoulli likelihood under the stated null; training data separate from evaluation.,
United Kingdom,tylosin,lineage_evidence,lineage_evidence,evidence against lineage-independent binary outcomes,observed and typed subset,423,26,,,,observed and typed subset,,58647.253538512494,,,10.979296024997305,,,yes,e-value; not an effect size,computed,,e-value,Held-out Bernoulli likelihood under the stated null; training data separate from evaluation.,
United Kingdom,amoxicillin,sequential_lineage_evidence,sequential_lineage_evidence,final cumulative evidence for lineage dependence,readable typed outcomes in prespecified ordered batches,413,,,,,readable typed outcomes in prespecified ordered batches,2015,4.888094464422047e-06,,,-12.228708010499796,,,,e-process final look; not an effect size,computed,,e-value,Disjoint batches; common-probability conditionally independent Bernoulli null within each batch; past-only training. Panel stopping requires joint-filtration validity; repeated rejection unions are not controlled.,
United Kingdom,cefquinome,sequential_lineage_evidence,sequential_lineage_evidence,final cumulative evidence for lineage dependence,readable typed outcomes in prespecified ordered batches,413,,,,,readable typed outcomes in prespecified ordered batches,2015,0.2671744930470182,,,-1.319853302029632,,,,e-process final look; not an effect size,computed,,e-value,Disjoint batches; common-probability conditionally independent Bernoulli null within each batch; past-only training. Panel stopping requires joint-filtration validity; repeated rejection unions are not controlled.,
United Kingdom,ceftiofur,sequential_lineage_evidence,sequential_lineage_evidence,final cumulative evidence for lineage dependence,readable typed outcomes in prespecified ordered batches,413,,,,,readable typed outcomes in prespecified ordered batches,2015,45966494.97897818,,,17.643423319040835,,,,e-process final look; not an effect size,computed,,e-value,Disjoint batches; common-probability conditionally independent Bernoulli null within each batch; past-only training. Panel stopping requires joint-filtration validity; repeated rejection unions are not controlled.,
United Kingdom,doxycycline,sequential_lineage_evidence,sequential_lineage_evidence,final cumulative evidence for lineage dependence,readable typed outcomes in prespecified ordered batches,413,,,,,readable typed outcomes in prespecified ordered batches,2015,0.07072301098088375,,,-2.648984285471928,,,,e-process final look; not an effect size,computed,,e-value,Disjoint batches; common-probability conditionally independent Bernoulli null within each batch; past-only training. Panel stopping requires joint-filtration validity; repeated rejection unions are not controlled.,
United Kingdom,erythromycin,sequential_lineage_evidence,sequential_lineage_evidence,final cumulative evidence for lineage dependence,readable typed outcomes in prespecified ordered batches,413,,,,,readable typed outcomes in prespecified ordered batches,2015,0.002239422794529036,,,-6.101537127334469,,,,e-process final look; not an effect size,computed,,e-value,Disjoint batches; common-probability conditionally independent Bernoulli null within each batch; past-only training. Panel stopping requires joint-filtration validity; repeated rejection unions are not controlled.,
United Kingdom,lincomycin,sequential_lineage_evidence,sequential_lineage_evidence,final cumulative evidence for lineage dependence,readable typed outcomes in prespecified ordered batches,413,,,,,readable typed outcomes in prespecified ordered batches,2015,634789105633.4951,,,27.176558663563394,,,,e-process final look; not an effect size,computed,,e-value,Disjoint batches; common-probability conditionally independent Bernoulli null within each batch; past-only training. Panel stopping requires joint-filtration validity; repeated rejection unions are not controlled.,
United Kingdom,penicillin,sequential_lineage_evidence,sequential_lineage_evidence,final cumulative evidence for lineage dependence,readable typed outcomes in prespecified ordered batches,413,,,,,readable typed outcomes in prespecified ordered batches,2015,26.09834863714549,,,3.261872041719526,,,,e-process final look; not an effect size,computed,,e-value,Disjoint batches; common-probability conditionally independent Bernoulli null within each batch; past-only training. Panel stopping requires joint-filtration validity; repeated rejection unions are not controlled.,
United Kingdom,spectinomycin,sequential_lineage_evidence,sequential_lineage_evidence,final cumulative evidence for lineage dependence,readable typed outcomes in prespecified ordered batches,413,,,,,readable typed outcomes in prespecified ordered batches,2015,9.35013227276664e-23,,,-50.72406664884256,,,,e-process final look; not an effect size,computed,,e-value,Disjoint batches; common-probability conditionally independent Bernoulli null within each batch; past-only training. Panel stopping requires joint-filtration validity; repeated rejection unions are not controlled.,
United Kingdom,tetracycline,sequential_lineage_evidence,sequential_lineage_evidence,final cumulative evidence for lineage dependence,readable typed outcomes in prespecified ordered batches,413,,,,,readable typed outcomes in prespecified ordered batches,2015,0.07072301098088375,,,-2.648984285471928,,,,e-process final look; not an effect size,computed,,e-value,Disjoint batches; common-probability conditionally independent Bernoulli null within each batch; past-only training. Panel stopping requires joint-filtration validity; repeated rejection unions are not controlled.,
United Kingdom,tiamulin,sequential_lineage_evidence,sequential_lineage_evidence,final cumulative evidence for lineage dependence,readable typed outcomes in prespecified ordered batches,413,,,,,readable typed outcomes in prespecified ordered batches,2015,2.8589329130474025e-05,,,-10.462477017086407,,,,e-process final look; not an effect size,computed,,e-value,Disjoint batches; common-probability conditionally independent Bernoulli null within each batch; past-only training. Panel stopping requires joint-filtration validity; repeated rejection unions are not controlled.,
United Kingdom,tilmicosin,sequential_lineage_evidence,sequential_lineage_evidence,final cumulative evidence for lineage dependence,readable typed outcomes in prespecified ordered batches,413,,,,,readable typed outcomes in prespecified ordered batches,2015,0.21871661501858816,,,-1.5199783824494641,,,,e-process final look; not an effect size,computed,,e-value,Disjoint batches; common-probability conditionally independent Bernoulli null within each batch; past-only training. Panel stopping requires joint-filtration validity; repeated rejection unions are not controlled.,
United Kingdom,trimethoprim,sequential_lineage_evidence,sequential_lineage_evidence,final cumulative evidence for lineage dependence,readable typed outcomes in prespecified ordered batches,413,,,,,readable typed outcomes in prespecified ordered batches,2015,136130.5437026145,,,11.821369584494095,,,,e-process final look; not an effect size,computed,,e-value,Disjoint batches; common-probability conditionally independent Bernoulli null within each batch; past-only training. Panel stopping requires joint-filtration validity; repeated rejection unions are not controlled.,
United Kingdom,tylosin,sequential_lineage_evidence,sequential_lineage_evidence,final cumulative evidence for lineage dependence,readable typed outcomes in prespecified ordered batches,413,,,,,readable typed outcomes in prespecified ordered batches,2015,1.4112938509603496,,,0.3445069084243997,,,,e-process final look; not an effect size,computed,,e-value,Disjoint batches; common-probability conditionally independent Bernoulli null within each batch; past-only training. Panel stopping requires joint-filtration validity; repeated rejection unions are not controlled.,
Vietnam,amoxicillin,finite_collection_prevalence,finite_collection_prevalence,prevalence in recorded collection,recorded finite collection,49,,49,0,0,observed outcomes only,,0.0,0.0,0.0,,,,,identification bounds; not a confidence interval,computed,,proportion,Binary outcomes; recorded collection size known. Estimate is observed-only prevalence; bounds cover missing outcomes.,
Vietnam,cefquinome,finite_collection_prevalence,finite_collection_prevalence,prevalence in recorded collection,recorded finite collection,49,,49,0,0,observed outcomes only,,0.0,0.0,0.0,,,,,identification bounds; not a confidence interval,computed,,proportion,Binary outcomes; recorded collection size known. Estimate is observed-only prevalence; bounds cover missing outcomes.,
Vietnam,ceftiofur,finite_collection_prevalence,finite_collection_prevalence,prevalence in recorded collection,recorded finite collection,49,,49,0,1,observed outcomes only,,0.02040816326530612,0.02040816326530612,0.02040816326530612,,,,,identification bounds; not a confidence interval,computed,,proportion,Binary outcomes; recorded collection size known. Estimate is observed-only prevalence; bounds cover missing outcomes.,
Vietnam,doxycycline,finite_collection_prevalence,finite_collection_prevalence,prevalence in recorded collection,recorded finite collection,49,,49,0,43,observed outcomes only,,0.8775510204081632,0.8775510204081632,0.8775510204081632,,,,,identification bounds; not a confidence interval,computed,,proportion,Binary outcomes; recorded collection size known. Estimate is observed-only prevalence; bounds cover missing outcomes.,
Vietnam,erythromycin,finite_collection_prevalence,finite_collection_prevalence,prevalence in recorded collection,recorded finite collection,49,,49,0,15,observed outcomes only,,0.30612244897959184,0.30612244897959184,0.30612244897959184,,,,,identification bounds; not a confidence interval,computed,,proportion,Binary outcomes; recorded collection size known. Estimate is observed-only prevalence; bounds cover missing outcomes.,
Vietnam,lincomycin,finite_collection_prevalence,finite_collection_prevalence,prevalence in recorded collection,recorded finite collection,49,,49,0,11,observed outcomes only,,0.22448979591836735,0.22448979591836735,0.22448979591836735,,,,,identification bounds; not a confidence interval,computed,,proportion,Binary outcomes; recorded collection size known. Estimate is observed-only prevalence; bounds cover missing outcomes.,
Vietnam,penicillin,finite_collection_prevalence,finite_collection_prevalence,prevalence in recorded collection,recorded finite collection,49,,49,0,2,observed outcomes only,,0.04081632653061224,0.04081632653061224,0.04081632653061224,,,,,identification bounds; not a confidence interval,computed,,proportion,Binary outcomes; recorded collection size known. Estimate is observed-only prevalence; bounds cover missing outcomes.,
Vietnam,spectinomycin,finite_collection_prevalence,finite_collection_prevalence,prevalence in recorded collection,recorded finite collection,49,,49,0,15,observed outcomes only,,0.30612244897959184,0.30612244897959184,0.30612244897959184,,,,,identification bounds; not a confidence interval,computed,,proportion,Binary outcomes; recorded collection size known. Estimate is observed-only prevalence; bounds cover missing outcomes.,
Vietnam,tetracycline,finite_collection_prevalence,finite_collection_prevalence,prevalence in recorded collection,recorded finite collection,49,,49,0,43,observed outcomes only,,0.8775510204081632,0.8775510204081632,0.8775510204081632,,,,,identification bounds; not a confidence interval,computed,,proportion,Binary outcomes; recorded collection size known. Estimate is observed-only prevalence; bounds cover missing outcomes.,
Vietnam,tiamulin,finite_collection_prevalence,finite_collection_prevalence,prevalence in recorded collection,recorded finite collection,49,,49,0,0,observed outcomes only,,0.0,0.0,0.0,,,,,identification bounds; not a confidence interval,computed,,proportion,Binary outcomes; recorded collection size known. Estimate is observed-only prevalence; bounds cover missing outcomes.,
Vietnam,tilmicosin,finite_collection_prevalence,finite_collection_prevalence,prevalence in recorded collection,recorded finite collection,49,,49,0,14,observed outcomes only,,0.2857142857142857,0.2857142857142857,0.2857142857142857,,,,,identification bounds; not a confidence interval,computed,,proportion,Binary outcomes; recorded collection size known. Estimate is observed-only prevalence; bounds cover missing outcomes.,
Vietnam,trimethoprim,finite_collection_prevalence,finite_collection_prevalence,prevalence in recorded collection,recorded finite collection,49,,49,0,3,observed outcomes only,,0.061224489795918366,0.061224489795918366,0.061224489795918366,,,,,identification bounds; not a confidence interval,computed,,proportion,Binary outcomes; recorded collection size known. Estimate is observed-only prevalence; bounds cover missing outcomes.,
Vietnam,tylosin,finite_collection_prevalence,finite_collection_prevalence,prevalence in recorded collection,recorded finite collection,49,,49,0,17,observed outcomes only,,0.3469387755102041,0.3469387755102041,0.3469387755102041,,,,,identification bounds; not a confidence interval,computed,,proportion,Binary outcomes; recorded collection size known. Estimate is observed-only prevalence; bounds cover missing outcomes.,
Vietnam,amoxicillin,collection_membership,collection_membership,lineage share of the call among the represented lineages,observed and typed subset,49,1,,,,observed and typed subset,,,,,,,,,"95% interval for the represented lineages (isolates drawn again, lineages fixed)",unavailable,Only one retained lineage; no between-lineage comparison,proportion,"Isolates of a lineage drawn independently from its distribution, whatever their sampling units share; the p-value assumes lineage labels exchangeable within each level of isolation_country under the null.",Not estimable: the share could not be scored on these readings.
Vietnam,amoxicillin,call_latent_bounds,call_latent_bounds,lineage share of the latent ordering,observed and typed subset,49,1,,,,observed and typed subset,,,,,,,,,"bounds the readings allow; not a confidence interval; lower end established by the readings; upper end a certified bound, not sharp",unavailable,Only one retained lineage; no between-lineage comparison,proportion,Every reading holds the latent MIC it stands for (a call: the side of its cut-off); the latent MIC is continuous within a stratum; lineages of one isolate set aside. No distributional form for the latent values. The bounds are sharp where the distinct readings of each stratum are disjoint; overlapping readings are merged into one cell and the bounds then hold but may not be attained.,
Vietnam,amoxicillin,call_latent_lower_limit,call_latent_lower_limit,lineage share of the latent ordering,observed and typed subset,49,1,,,,observed and typed subset,,,,,,,,,"one-sided 95% lower confidence limit for the lower bound, and so for the share",unavailable,Only one retained lineage; no between-lineage comparison,proportion,"Every reading holds the latent MIC it stands for (a call: the side of its cut-off); the latent MIC is continuous within a stratum; lineages of one isolate set aside. No distributional form for the latent values. The bounds are sharp where the distinct readings of each stratum are disjoint; overlapping readings are merged into one cell and the bounds then hold but may not be attained. The limit also assumes readings independent between isolates, whatever their sampling units share.",
Vietnam,cefquinome,collection_membership,collection_membership,lineage share of the call among the represented lineages,observed and typed subset,49,1,,,,observed and typed subset,,,,,,,,,"95% interval for the represented lineages (isolates drawn again, lineages fixed)",unavailable,Only one retained lineage; no between-lineage comparison,proportion,"Isolates of a lineage drawn independently from its distribution, whatever their sampling units share; the p-value assumes lineage labels exchangeable within each level of isolation_country under the null.",Not estimable: the share could not be scored on these readings.
Vietnam,cefquinome,call_latent_bounds,call_latent_bounds,lineage share of the latent ordering,observed and typed subset,49,1,,,,observed and typed subset,,,,,,,,,"bounds the readings allow; not a confidence interval; lower end established by the readings; upper end a certified bound, not sharp",unavailable,Only one retained lineage; no between-lineage comparison,proportion,Every reading holds the latent MIC it stands for (a call: the side of its cut-off); the latent MIC is continuous within a stratum; lineages of one isolate set aside. No distributional form for the latent values. The bounds are sharp where the distinct readings of each stratum are disjoint; overlapping readings are merged into one cell and the bounds then hold but may not be attained.,
Vietnam,cefquinome,call_latent_lower_limit,call_latent_lower_limit,lineage share of the latent ordering,observed and typed subset,49,1,,,,observed and typed subset,,,,,,,,,"one-sided 95% lower confidence limit for the lower bound, and so for the share",unavailable,Only one retained lineage; no between-lineage comparison,proportion,"Every reading holds the latent MIC it stands for (a call: the side of its cut-off); the latent MIC is continuous within a stratum; lineages of one isolate set aside. No distributional form for the latent values. The bounds are sharp where the distinct readings of each stratum are disjoint; overlapping readings are merged into one cell and the bounds then hold but may not be attained. The limit also assumes readings independent between isolates, whatever their sampling units share.",
Vietnam,ceftiofur,collection_membership,collection_membership,lineage share of the call among the represented lineages,observed and typed subset,49,1,,,,observed and typed subset,,,,,,,,,"95% interval for the represented lineages (isolates drawn again, lineages fixed)",unavailable,Only one retained lineage; no between-lineage comparison,proportion,"Isolates of a lineage drawn independently from its distribution, whatever their sampling units share; the p-value assumes lineage labels exchangeable within each level of isolation_country under the null.",Not estimable: the share could not be scored on these readings.
Vietnam,ceftiofur,call_latent_bounds,call_latent_bounds,lineage share of the latent ordering,observed and typed subset,49,1,,,,observed and typed subset,,,,,,,,,"bounds the readings allow; not a confidence interval; lower end established by the readings; upper end a certified bound, not sharp",unavailable,Only one retained lineage; no between-lineage comparison,proportion,Every reading holds the latent MIC it stands for (a call: the side of its cut-off); the latent MIC is continuous within a stratum; lineages of one isolate set aside. No distributional form for the latent values. The bounds are sharp where the distinct readings of each stratum are disjoint; overlapping readings are merged into one cell and the bounds then hold but may not be attained.,
Vietnam,ceftiofur,call_latent_lower_limit,call_latent_lower_limit,lineage share of the latent ordering,observed and typed subset,49,1,,,,observed and typed subset,,,,,,,,,"one-sided 95% lower confidence limit for the lower bound, and so for the share",unavailable,Only one retained lineage; no between-lineage comparison,proportion,"Every reading holds the latent MIC it stands for (a call: the side of its cut-off); the latent MIC is continuous within a stratum; lineages of one isolate set aside. No distributional form for the latent values. The bounds are sharp where the distinct readings of each stratum are disjoint; overlapping readings are merged into one cell and the bounds then hold but may not be attained. The limit also assumes readings independent between isolates, whatever their sampling units share.",
Vietnam,doxycycline,collection_membership,collection_membership,lineage share of the call among the represented lineages,observed and typed subset,49,1,,,,observed and typed subset,,,,,,,,,"95% interval for the represented lineages (isolates drawn again, lineages fixed)",unavailable,Only one retained lineage; no between-lineage comparison,proportion,"Isolates of a lineage drawn independently from its distribution, whatever their sampling units share; the p-value assumes lineage labels exchangeable within each level of isolation_country under the null.",Not estimable: the share could not be scored on these readings.
Vietnam,doxycycline,call_latent_bounds,call_latent_bounds,lineage share of the latent ordering,observed and typed subset,49,1,,,,observed and typed subset,,,,,,,,,"bounds the readings allow; not a confidence interval; lower end established by the readings; upper end a certified bound, not sharp",unavailable,Only one retained lineage; no between-lineage comparison,proportion,Every reading holds the latent MIC it stands for (a call: the side of its cut-off); the latent MIC is continuous within a stratum; lineages of one isolate set aside. No distributional form for the latent values. The bounds are sharp where the distinct readings of each stratum are disjoint; overlapping readings are merged into one cell and the bounds then hold but may not be attained.,
Vietnam,doxycycline,call_latent_lower_limit,call_latent_lower_limit,lineage share of the latent ordering,observed and typed subset,49,1,,,,observed and typed subset,,,,,,,,,"one-sided 95% lower confidence limit for the lower bound, and so for the share",unavailable,Only one retained lineage; no between-lineage comparison,proportion,"Every reading holds the latent MIC it stands for (a call: the side of its cut-off); the latent MIC is continuous within a stratum; lineages of one isolate set aside. No distributional form for the latent values. The bounds are sharp where the distinct readings of each stratum are disjoint; overlapping readings are merged into one cell and the bounds then hold but may not be attained. The limit also assumes readings independent between isolates, whatever their sampling units share.",
Vietnam,erythromycin,collection_membership,collection_membership,lineage share of the call among the represented lineages,observed and typed subset,49,1,,,,observed and typed subset,,,,,,,,,"95% interval for the represented lineages (isolates drawn again, lineages fixed)",unavailable,Only one retained lineage; no between-lineage comparison,proportion,"Isolates of a lineage drawn independently from its distribution, whatever their sampling units share; the p-value assumes lineage labels exchangeable within each level of isolation_country under the null.",Not estimable: the share could not be scored on these readings.
Vietnam,erythromycin,call_latent_bounds,call_latent_bounds,lineage share of the latent ordering,observed and typed subset,49,1,,,,observed and typed subset,,,,,,,,,"bounds the readings allow; not a confidence interval; lower end established by the readings; upper end a certified bound, not sharp",unavailable,Only one retained lineage; no between-lineage comparison,proportion,Every reading holds the latent MIC it stands for (a call: the side of its cut-off); the latent MIC is continuous within a stratum; lineages of one isolate set aside. No distributional form for the latent values. The bounds are sharp where the distinct readings of each stratum are disjoint; overlapping readings are merged into one cell and the bounds then hold but may not be attained.,
Vietnam,erythromycin,call_latent_lower_limit,call_latent_lower_limit,lineage share of the latent ordering,observed and typed subset,49,1,,,,observed and typed subset,,,,,,,,,"one-sided 95% lower confidence limit for the lower bound, and so for the share",unavailable,Only one retained lineage; no between-lineage comparison,proportion,"Every reading holds the latent MIC it stands for (a call: the side of its cut-off); the latent MIC is continuous within a stratum; lineages of one isolate set aside. No distributional form for the latent values. The bounds are sharp where the distinct readings of each stratum are disjoint; overlapping readings are merged into one cell and the bounds then hold but may not be attained. The limit also assumes readings independent between isolates, whatever their sampling units share.",
Vietnam,lincomycin,collection_membership,collection_membership,lineage share of the call among the represented lineages,observed and typed subset,49,1,,,,observed and typed subset,,,,,,,,,"95% interval for the represented lineages (isolates drawn again, lineages fixed)",unavailable,Only one retained lineage; no between-lineage comparison,proportion,"Isolates of a lineage drawn independently from its distribution, whatever their sampling units share; the p-value assumes lineage labels exchangeable within each level of isolation_country under the null.",Not estimable: the share could not be scored on these readings.
Vietnam,lincomycin,call_latent_bounds,call_latent_bounds,lineage share of the latent ordering,observed and typed subset,49,1,,,,observed and typed subset,,,,,,,,,"bounds the readings allow; not a confidence interval; lower end established by the readings; upper end a certified bound, not sharp",unavailable,Only one retained lineage; no between-lineage comparison,proportion,Every reading holds the latent MIC it stands for (a call: the side of its cut-off); the latent MIC is continuous within a stratum; lineages of one isolate set aside. No distributional form for the latent values. The bounds are sharp where the distinct readings of each stratum are disjoint; overlapping readings are merged into one cell and the bounds then hold but may not be attained.,
Vietnam,lincomycin,call_latent_lower_limit,call_latent_lower_limit,lineage share of the latent ordering,observed and typed subset,49,1,,,,observed and typed subset,,,,,,,,,"one-sided 95% lower confidence limit for the lower bound, and so for the share",unavailable,Only one retained lineage; no between-lineage comparison,proportion,"Every reading holds the latent MIC it stands for (a call: the side of its cut-off); the latent MIC is continuous within a stratum; lineages of one isolate set aside. No distributional form for the latent values. The bounds are sharp where the distinct readings of each stratum are disjoint; overlapping readings are merged into one cell and the bounds then hold but may not be attained. The limit also assumes readings independent between isolates, whatever their sampling units share.",
Vietnam,penicillin,collection_membership,collection_membership,lineage share of the call among the represented lineages,observed and typed subset,49,1,,,,observed and typed subset,,,,,,,,,"95% interval for the represented lineages (isolates drawn again, lineages fixed)",unavailable,Only one retained lineage; no between-lineage comparison,proportion,"Isolates of a lineage drawn independently from its distribution, whatever their sampling units share; the p-value assumes lineage labels exchangeable within each level of isolation_country under the null.",Not estimable: the share could not be scored on these readings.
Vietnam,penicillin,call_latent_bounds,call_latent_bounds,lineage share of the latent ordering,observed and typed subset,49,1,,,,observed and typed subset,,,,,,,,,"bounds the readings allow; not a confidence interval; lower end established by the readings; upper end a certified bound, not sharp",unavailable,Only one retained lineage; no between-lineage comparison,proportion,Every reading holds the latent MIC it stands for (a call: the side of its cut-off); the latent MIC is continuous within a stratum; lineages of one isolate set aside. No distributional form for the latent values. The bounds are sharp where the distinct readings of each stratum are disjoint; overlapping readings are merged into one cell and the bounds then hold but may not be attained.,
Vietnam,penicillin,call_latent_lower_limit,call_latent_lower_limit,lineage share of the latent ordering,observed and typed subset,49,1,,,,observed and typed subset,,,,,,,,,"one-sided 95% lower confidence limit for the lower bound, and so for the share",unavailable,Only one retained lineage; no between-lineage comparison,proportion,"Every reading holds the latent MIC it stands for (a call: the side of its cut-off); the latent MIC is continuous within a stratum; lineages of one isolate set aside. No distributional form for the latent values. The bounds are sharp where the distinct readings of each stratum are disjoint; overlapping readings are merged into one cell and the bounds then hold but may not be attained. The limit also assumes readings independent between isolates, whatever their sampling units share.",
Vietnam,spectinomycin,collection_membership,collection_membership,lineage share of the call among the represented lineages,observed and typed subset,49,1,,,,observed and typed subset,,,,,,,,,"95% interval for the represented lineages (isolates drawn again, lineages fixed)",unavailable,Only one retained lineage; no between-lineage comparison,proportion,"Isolates of a lineage drawn independently from its distribution, whatever their sampling units share; the p-value assumes lineage labels exchangeable within each level of isolation_country under the null.",Not estimable: the share could not be scored on these readings.
Vietnam,spectinomycin,call_latent_bounds,call_latent_bounds,lineage share of the latent ordering,observed and typed subset,49,1,,,,observed and typed subset,,,,,,,,,"bounds the readings allow; not a confidence interval; lower end established by the readings; upper end a certified bound, not sharp",unavailable,Only one retained lineage; no between-lineage comparison,proportion,Every reading holds the latent MIC it stands for (a call: the side of its cut-off); the latent MIC is continuous within a stratum; lineages of one isolate set aside. No distributional form for the latent values. The bounds are sharp where the distinct readings of each stratum are disjoint; overlapping readings are merged into one cell and the bounds then hold but may not be attained.,
Vietnam,spectinomycin,call_latent_lower_limit,call_latent_lower_limit,lineage share of the latent ordering,observed and typed subset,49,1,,,,observed and typed subset,,,,,,,,,"one-sided 95% lower confidence limit for the lower bound, and so for the share",unavailable,Only one retained lineage; no between-lineage comparison,proportion,"Every reading holds the latent MIC it stands for (a call: the side of its cut-off); the latent MIC is continuous within a stratum; lineages of one isolate set aside. No distributional form for the latent values. The bounds are sharp where the distinct readings of each stratum are disjoint; overlapping readings are merged into one cell and the bounds then hold but may not be attained. The limit also assumes readings independent between isolates, whatever their sampling units share.",
Vietnam,tetracycline,collection_membership,collection_membership,lineage share of the call among the represented lineages,observed and typed subset,49,1,,,,observed and typed subset,,,,,,,,,"95% interval for the represented lineages (isolates drawn again, lineages fixed)",unavailable,Only one retained lineage; no between-lineage comparison,proportion,"Isolates of a lineage drawn independently from its distribution, whatever their sampling units share; the p-value assumes lineage labels exchangeable within each level of isolation_country under the null.",Not estimable: the share could not be scored on these readings.
Vietnam,tetracycline,call_latent_bounds,call_latent_bounds,lineage share of the latent ordering,observed and typed subset,49,1,,,,observed and typed subset,,,,,,,,,"bounds the readings allow; not a confidence interval; lower end established by the readings; upper end a certified bound, not sharp",unavailable,Only one retained lineage; no between-lineage comparison,proportion,Every reading holds the latent MIC it stands for (a call: the side of its cut-off); the latent MIC is continuous within a stratum; lineages of one isolate set aside. No distributional form for the latent values. The bounds are sharp where the distinct readings of each stratum are disjoint; overlapping readings are merged into one cell and the bounds then hold but may not be attained.,
Vietnam,tetracycline,call_latent_lower_limit,call_latent_lower_limit,lineage share of the latent ordering,observed and typed subset,49,1,,,,observed and typed subset,,,,,,,,,"one-sided 95% lower confidence limit for the lower bound, and so for the share",unavailable,Only one retained lineage; no between-lineage comparison,proportion,"Every reading holds the latent MIC it stands for (a call: the side of its cut-off); the latent MIC is continuous within a stratum; lineages of one isolate set aside. No distributional form for the latent values. The bounds are sharp where the distinct readings of each stratum are disjoint; overlapping readings are merged into one cell and the bounds then hold but may not be attained. The limit also assumes readings independent between isolates, whatever their sampling units share.",
Vietnam,tiamulin,collection_membership,collection_membership,lineage share of the call among the represented lineages,observed and typed subset,49,1,,,,observed and typed subset,,,,,,,,,"95% interval for the represented lineages (isolates drawn again, lineages fixed)",unavailable,Only one retained lineage; no between-lineage comparison,proportion,"Isolates of a lineage drawn independently from its distribution, whatever their sampling units share; the p-value assumes lineage labels exchangeable within each level of isolation_country under the null.",Not estimable: the share could not be scored on these readings.
Vietnam,tiamulin,call_latent_bounds,call_latent_bounds,lineage share of the latent ordering,observed and typed subset,49,1,,,,observed and typed subset,,,,,,,,,"bounds the readings allow; not a confidence interval; lower end established by the readings; upper end a certified bound, not sharp",unavailable,Only one retained lineage; no between-lineage comparison,proportion,Every reading holds the latent MIC it stands for (a call: the side of its cut-off); the latent MIC is continuous within a stratum; lineages of one isolate set aside. No distributional form for the latent values. The bounds are sharp where the distinct readings of each stratum are disjoint; overlapping readings are merged into one cell and the bounds then hold but may not be attained.,
Vietnam,tiamulin,call_latent_lower_limit,call_latent_lower_limit,lineage share of the latent ordering,observed and typed subset,49,1,,,,observed and typed subset,,,,,,,,,"one-sided 95% lower confidence limit for the lower bound, and so for the share",unavailable,Only one retained lineage; no between-lineage comparison,proportion,"Every reading holds the latent MIC it stands for (a call: the side of its cut-off); the latent MIC is continuous within a stratum; lineages of one isolate set aside. No distributional form for the latent values. The bounds are sharp where the distinct readings of each stratum are disjoint; overlapping readings are merged into one cell and the bounds then hold but may not be attained. The limit also assumes readings independent between isolates, whatever their sampling units share.",
Vietnam,tilmicosin,collection_membership,collection_membership,lineage share of the call among the represented lineages,observed and typed subset,49,1,,,,observed and typed subset,,,,,,,,,"95% interval for the represented lineages (isolates drawn again, lineages fixed)",unavailable,Only one retained lineage; no between-lineage comparison,proportion,"Isolates of a lineage drawn independently from its distribution, whatever their sampling units share; the p-value assumes lineage labels exchangeable within each level of isolation_country under the null.",Not estimable: the share could not be scored on these readings.
Vietnam,tilmicosin,call_latent_bounds,call_latent_bounds,lineage share of the latent ordering,observed and typed subset,49,1,,,,observed and typed subset,,,,,,,,,"bounds the readings allow; not a confidence interval; lower end established by the readings; upper end a certified bound, not sharp",unavailable,Only one retained lineage; no between-lineage comparison,proportion,Every reading holds the latent MIC it stands for (a call: the side of its cut-off); the latent MIC is continuous within a stratum; lineages of one isolate set aside. No distributional form for the latent values. The bounds are sharp where the distinct readings of each stratum are disjoint; overlapping readings are merged into one cell and the bounds then hold but may not be attained.,
Vietnam,tilmicosin,call_latent_lower_limit,call_latent_lower_limit,lineage share of the latent ordering,observed and typed subset,49,1,,,,observed and typed subset,,,,,,,,,"one-sided 95% lower confidence limit for the lower bound, and so for the share",unavailable,Only one retained lineage; no between-lineage comparison,proportion,"Every reading holds the latent MIC it stands for (a call: the side of its cut-off); the latent MIC is continuous within a stratum; lineages of one isolate set aside. No distributional form for the latent values. The bounds are sharp where the distinct readings of each stratum are disjoint; overlapping readings are merged into one cell and the bounds then hold but may not be attained. The limit also assumes readings independent between isolates, whatever their sampling units share.",
Vietnam,trimethoprim,collection_membership,collection_membership,lineage share of the call among the represented lineages,observed and typed subset,49,1,,,,observed and typed subset,,,,,,,,,"95% interval for the represented lineages (isolates drawn again, lineages fixed)",unavailable,Only one retained lineage; no between-lineage comparison,proportion,"Isolates of a lineage drawn independently from its distribution, whatever their sampling units share; the p-value assumes lineage labels exchangeable within each level of isolation_country under the null.",Not estimable: the share could not be scored on these readings.
Vietnam,trimethoprim,call_latent_bounds,call_latent_bounds,lineage share of the latent ordering,observed and typed subset,49,1,,,,observed and typed subset,,,,,,,,,"bounds the readings allow; not a confidence interval; lower end established by the readings; upper end a certified bound, not sharp",unavailable,Only one retained lineage; no between-lineage comparison,proportion,Every reading holds the latent MIC it stands for (a call: the side of its cut-off); the latent MIC is continuous within a stratum; lineages of one isolate set aside. No distributional form for the latent values. The bounds are sharp where the distinct readings of each stratum are disjoint; overlapping readings are merged into one cell and the bounds then hold but may not be attained.,
Vietnam,trimethoprim,call_latent_lower_limit,call_latent_lower_limit,lineage share of the latent ordering,observed and typed subset,49,1,,,,observed and typed subset,,,,,,,,,"one-sided 95% lower confidence limit for the lower bound, and so for the share",unavailable,Only one retained lineage; no between-lineage comparison,proportion,"Every reading holds the latent MIC it stands for (a call: the side of its cut-off); the latent MIC is continuous within a stratum; lineages of one isolate set aside. No distributional form for the latent values. The bounds are sharp where the distinct readings of each stratum are disjoint; overlapping readings are merged into one cell and the bounds then hold but may not be attained. The limit also assumes readings independent between isolates, whatever their sampling units share.",
Vietnam,tylosin,collection_membership,collection_membership,lineage share of the call among the represented lineages,observed and typed subset,49,1,,,,observed and typed subset,,,,,,,,,"95% interval for the represented lineages (isolates drawn again, lineages fixed)",unavailable,Only one retained lineage; no between-lineage comparison,proportion,"Isolates of a lineage drawn independently from its distribution, whatever their sampling units share; the p-value assumes lineage labels exchangeable within each level of isolation_country under the null.",Not estimable: the share could not be scored on these readings.
Vietnam,tylosin,call_latent_bounds,call_latent_bounds,lineage share of the latent ordering,observed and typed subset,49,1,,,,observed and typed subset,,,,,,,,,"bounds the readings allow; not a confidence interval; lower end established by the readings; upper end a certified bound, not sharp",unavailable,Only one retained lineage; no between-lineage comparison,proportion,Every reading holds the latent MIC it stands for (a call: the side of its cut-off); the latent MIC is continuous within a stratum; lineages of one isolate set aside. No distributional form for the latent values. The bounds are sharp where the distinct readings of each stratum are disjoint; overlapping readings are merged into one cell and the bounds then hold but may not be attained.,
Vietnam,tylosin,call_latent_lower_limit,call_latent_lower_limit,lineage share of the latent ordering,observed and typed subset,49,1,,,,observed and typed subset,,,,,,,,,"one-sided 95% lower confidence limit for the lower bound, and so for the share",unavailable,Only one retained lineage; no between-lineage comparison,proportion,"Every reading holds the latent MIC it stands for (a call: the side of its cut-off); the latent MIC is continuous within a stratum; lineages of one isolate set aside. No distributional form for the latent values. The bounds are sharp where the distinct readings of each stratum are disjoint; overlapping readings are merged into one cell and the bounds then hold but may not be attained. The limit also assumes readings independent between isolates, whatever their sampling units share.",
Vietnam,amoxicillin,mic_order,lineage share of the within-stratum mid-distribution score,lineage share of the recorded within-stratum MIC ordering among the represented lineages,readable and typed MIC subset,49,1,,,,readable and typed MIC subset,,,,,,,,,"95% interval for the represented lineages (isolates drawn again, lineages fixed)",unavailable,Only one retained lineage; no between-lineage comparison,proportion,"No distributional form for the readings; readings scored within each level of testing_laboratory × isolation_country; isolates of a lineage drawn independently from its distribution, whatever their sampling units share. MIC units: mg/L",Not estimable: the share could not be scored on these readings.
Vietnam,amoxicillin,mic_latent_bounds,lineage share of the within-stratum mid-distribution score,lineage share of the latent ordering,readable and typed MIC subset,49,1,,,,readable and typed MIC subset,,,,,,,,,"bounds the readings allow; not a confidence interval; lower end established by the readings; upper end a certified bound, not sharp",unavailable,Only one retained lineage; no between-lineage comparison,proportion,Every reading holds the latent MIC it stands for (a call: the side of its cut-off); the latent MIC is continuous within a stratum; lineages of one isolate set aside. No distributional form for the latent values. The bounds are sharp where the distinct readings of each stratum are disjoint; overlapping readings are merged into one cell and the bounds then hold but may not be attained.,
Vietnam,amoxicillin,mic_latent_lower_limit,lineage share of the within-stratum mid-distribution score,lineage share of the latent ordering,readable and typed MIC subset,49,1,,,,readable and typed MIC subset,,,,,,,,,"one-sided 95% lower confidence limit for the lower bound, and so for the share",unavailable,Only one retained lineage; no between-lineage comparison,proportion,"Every reading holds the latent MIC it stands for (a call: the side of its cut-off); the latent MIC is continuous within a stratum; lineages of one isolate set aside. No distributional form for the latent values. The bounds are sharp where the distinct readings of each stratum are disjoint; overlapping readings are merged into one cell and the bounds then hold but may not be attained. The limit also assumes readings independent between isolates, whatever their sampling units share.",
Vietnam,cefquinome,mic_order,lineage share of the within-stratum mid-distribution score,lineage share of the recorded within-stratum MIC ordering among the represented lineages,readable and typed MIC subset,49,1,,,,readable and typed MIC subset,,,,,,,,,"95% interval for the represented lineages (isolates drawn again, lineages fixed)",unavailable,Only one retained lineage; no between-lineage comparison,proportion,"No distributional form for the readings; readings scored within each level of testing_laboratory × isolation_country; isolates of a lineage drawn independently from its distribution, whatever their sampling units share. MIC units: mg/L",Not estimable: the share could not be scored on these readings.
Vietnam,cefquinome,mic_latent_bounds,lineage share of the within-stratum mid-distribution score,lineage share of the latent ordering,readable and typed MIC subset,49,1,,,,readable and typed MIC subset,,,,,,,,,"bounds the readings allow; not a confidence interval; lower end established by the readings; upper end a certified bound, not sharp",unavailable,Only one retained lineage; no between-lineage comparison,proportion,Every reading holds the latent MIC it stands for (a call: the side of its cut-off); the latent MIC is continuous within a stratum; lineages of one isolate set aside. No distributional form for the latent values. The bounds are sharp where the distinct readings of each stratum are disjoint; overlapping readings are merged into one cell and the bounds then hold but may not be attained.,
Vietnam,cefquinome,mic_latent_lower_limit,lineage share of the within-stratum mid-distribution score,lineage share of the latent ordering,readable and typed MIC subset,49,1,,,,readable and typed MIC subset,,,,,,,,,"one-sided 95% lower confidence limit for the lower bound, and so for the share",unavailable,Only one retained lineage; no between-lineage comparison,proportion,"Every reading holds the latent MIC it stands for (a call: the side of its cut-off); the latent MIC is continuous within a stratum; lineages of one isolate set aside. No distributional form for the latent values. The bounds are sharp where the distinct readings of each stratum are disjoint; overlapping readings are merged into one cell and the bounds then hold but may not be attained. The limit also assumes readings independent between isolates, whatever their sampling units share.",
Vietnam,ceftiofur,mic_order,lineage share of the within-stratum mid-distribution score,lineage share of the recorded within-stratum MIC ordering among the represented lineages,readable and typed MIC subset,49,1,,,,readable and typed MIC subset,,,,,,,,,"95% interval for the represented lineages (isolates drawn again, lineages fixed)",unavailable,Only one retained lineage; no between-lineage comparison,proportion,"No distributional form for the readings; readings scored within each level of testing_laboratory × isolation_country; isolates of a lineage drawn independently from its distribution, whatever their sampling units share. MIC units: mg/L",Not estimable: the share could not be scored on these readings.
Vietnam,ceftiofur,mic_latent_bounds,lineage share of the within-stratum mid-distribution score,lineage share of the latent ordering,readable and typed MIC subset,49,1,,,,readable and typed MIC subset,,,,,,,,,"bounds the readings allow; not a confidence interval; lower end established by the readings; upper end a certified bound, not sharp",unavailable,Only one retained lineage; no between-lineage comparison,proportion,Every reading holds the latent MIC it stands for (a call: the side of its cut-off); the latent MIC is continuous within a stratum; lineages of one isolate set aside. No distributional form for the latent values. The bounds are sharp where the distinct readings of each stratum are disjoint; overlapping readings are merged into one cell and the bounds then hold but may not be attained.,
Vietnam,ceftiofur,mic_latent_lower_limit,lineage share of the within-stratum mid-distribution score,lineage share of the latent ordering,readable and typed MIC subset,49,1,,,,readable and typed MIC subset,,,,,,,,,"one-sided 95% lower confidence limit for the lower bound, and so for the share",unavailable,Only one retained lineage; no between-lineage comparison,proportion,"Every reading holds the latent MIC it stands for (a call: the side of its cut-off); the latent MIC is continuous within a stratum; lineages of one isolate set aside. No distributional form for the latent values. The bounds are sharp where the distinct readings of each stratum are disjoint; overlapping readings are merged into one cell and the bounds then hold but may not be attained. The limit also assumes readings independent between isolates, whatever their sampling units share.",
Vietnam,doxycycline,mic_order,lineage share of the within-stratum mid-distribution score,lineage share of the recorded within-stratum MIC ordering among the represented lineages,readable and typed MIC subset,49,1,,,,readable and typed MIC subset,,,,,,,,,"95% interval for the represented lineages (isolates drawn again, lineages fixed)",unavailable,Only one retained lineage; no between-lineage comparison,proportion,"No distributional form for the readings; readings scored within each level of testing_laboratory × isolation_country; isolates of a lineage drawn independently from its distribution, whatever their sampling units share. MIC units: mg/L",Not estimable: the share could not be scored on these readings.
Vietnam,doxycycline,mic_latent_bounds,lineage share of the within-stratum mid-distribution score,lineage share of the latent ordering,readable and typed MIC subset,49,1,,,,readable and typed MIC subset,,,,,,,,,"bounds the readings allow; not a confidence interval; lower end established by the readings; upper end a certified bound, not sharp",unavailable,Only one retained lineage; no between-lineage comparison,proportion,Every reading holds the latent MIC it stands for (a call: the side of its cut-off); the latent MIC is continuous within a stratum; lineages of one isolate set aside. No distributional form for the latent values. The bounds are sharp where the distinct readings of each stratum are disjoint; overlapping readings are merged into one cell and the bounds then hold but may not be attained.,
Vietnam,doxycycline,mic_latent_lower_limit,lineage share of the within-stratum mid-distribution score,lineage share of the latent ordering,readable and typed MIC subset,49,1,,,,readable and typed MIC subset,,,,,,,,,"one-sided 95% lower confidence limit for the lower bound, and so for the share",unavailable,Only one retained lineage; no between-lineage comparison,proportion,"Every reading holds the latent MIC it stands for (a call: the side of its cut-off); the latent MIC is continuous within a stratum; lineages of one isolate set aside. No distributional form for the latent values. The bounds are sharp where the distinct readings of each stratum are disjoint; overlapping readings are merged into one cell and the bounds then hold but may not be attained. The limit also assumes readings independent between isolates, whatever their sampling units share.",
Vietnam,enrofloxacin,mic_order,lineage share of the within-stratum mid-distribution score,lineage share of the recorded within-stratum MIC ordering among the represented lineages,readable and typed MIC subset,49,1,,,,readable and typed MIC subset,,,,,,,,,"95% interval for the represented lineages (isolates drawn again, lineages fixed)",unavailable,Only one retained lineage; no between-lineage comparison,proportion,"No distributional form for the readings; readings scored within each level of testing_laboratory × isolation_country; isolates of a lineage drawn independently from its distribution, whatever their sampling units share. MIC units: mg/L",Not estimable: the share could not be scored on these readings.
Vietnam,enrofloxacin,mic_latent_bounds,lineage share of the within-stratum mid-distribution score,lineage share of the latent ordering,readable and typed MIC subset,49,1,,,,readable and typed MIC subset,,,,,,,,,"bounds the readings allow; not a confidence interval; lower end established by the readings; upper end a certified bound, not sharp",unavailable,Only one retained lineage; no between-lineage comparison,proportion,Every reading holds the latent MIC it stands for (a call: the side of its cut-off); the latent MIC is continuous within a stratum; lineages of one isolate set aside. No distributional form for the latent values. The bounds are sharp where the distinct readings of each stratum are disjoint; overlapping readings are merged into one cell and the bounds then hold but may not be attained.,
Vietnam,enrofloxacin,mic_latent_lower_limit,lineage share of the within-stratum mid-distribution score,lineage share of the latent ordering,readable and typed MIC subset,49,1,,,,readable and typed MIC subset,,,,,,,,,"one-sided 95% lower confidence limit for the lower bound, and so for the share",unavailable,Only one retained lineage; no between-lineage comparison,proportion,"Every reading holds the latent MIC it stands for (a call: the side of its cut-off); the latent MIC is continuous within a stratum; lineages of one isolate set aside. No distributional form for the latent values. The bounds are sharp where the distinct readings of each stratum are disjoint; overlapping readings are merged into one cell and the bounds then hold but may not be attained. The limit also assumes readings independent between isolates, whatever their sampling units share.",
Vietnam,erythromycin,mic_order,lineage share of the within-stratum mid-distribution score,lineage share of the recorded within-stratum MIC ordering among the represented lineages,readable and typed MIC subset,49,1,,,,readable and typed MIC subset,,,,,,,,,"95% interval for the represented lineages (isolates drawn again, lineages fixed)",unavailable,Only one retained lineage; no between-lineage comparison,proportion,"No distributional form for the readings; readings scored within each level of testing_laboratory × isolation_country; isolates of a lineage drawn independently from its distribution, whatever their sampling units share. MIC units: mg/L",Not estimable: the share could not be scored on these readings.
Vietnam,erythromycin,mic_latent_bounds,lineage share of the within-stratum mid-distribution score,lineage share of the latent ordering,readable and typed MIC subset,49,1,,,,readable and typed MIC subset,,,,,,,,,"bounds the readings allow; not a confidence interval; lower end established by the readings; upper end a certified bound, not sharp",unavailable,Only one retained lineage; no between-lineage comparison,proportion,Every reading holds the latent MIC it stands for (a call: the side of its cut-off); the latent MIC is continuous within a stratum; lineages of one isolate set aside. No distributional form for the latent values. The bounds are sharp where the distinct readings of each stratum are disjoint; overlapping readings are merged into one cell and the bounds then hold but may not be attained.,
Vietnam,erythromycin,mic_latent_lower_limit,lineage share of the within-stratum mid-distribution score,lineage share of the latent ordering,readable and typed MIC subset,49,1,,,,readable and typed MIC subset,,,,,,,,,"one-sided 95% lower confidence limit for the lower bound, and so for the share",unavailable,Only one retained lineage; no between-lineage comparison,proportion,"Every reading holds the latent MIC it stands for (a call: the side of its cut-off); the latent MIC is continuous within a stratum; lineages of one isolate set aside. No distributional form for the latent values. The bounds are sharp where the distinct readings of each stratum are disjoint; overlapping readings are merged into one cell and the bounds then hold but may not be attained. The limit also assumes readings independent between isolates, whatever their sampling units share.",
Vietnam,florfenicol,mic_order,lineage share of the within-stratum mid-distribution score,lineage share of the recorded within-stratum MIC ordering among the represented lineages,readable and typed MIC subset,49,1,,,,readable and typed MIC subset,,,,,,,,,"95% interval for the represented lineages (isolates drawn again, lineages fixed)",unavailable,Only one retained lineage; no between-lineage comparison,proportion,"No distributional form for the readings; readings scored within each level of testing_laboratory × isolation_country; isolates of a lineage drawn independently from its distribution, whatever their sampling units share. MIC units: mg/L",Not estimable: the share could not be scored on these readings.
Vietnam,florfenicol,mic_latent_bounds,lineage share of the within-stratum mid-distribution score,lineage share of the latent ordering,readable and typed MIC subset,49,1,,,,readable and typed MIC subset,,,,,,,,,"bounds the readings allow; not a confidence interval; lower end established by the readings; upper end a certified bound, not sharp",unavailable,Only one retained lineage; no between-lineage comparison,proportion,Every reading holds the latent MIC it stands for (a call: the side of its cut-off); the latent MIC is continuous within a stratum; lineages of one isolate set aside. No distributional form for the latent values. The bounds are sharp where the distinct readings of each stratum are disjoint; overlapping readings are merged into one cell and the bounds then hold but may not be attained.,
Vietnam,florfenicol,mic_latent_lower_limit,lineage share of the within-stratum mid-distribution score,lineage share of the latent ordering,readable and typed MIC subset,49,1,,,,readable and typed MIC subset,,,,,,,,,"one-sided 95% lower confidence limit for the lower bound, and so for the share",unavailable,Only one retained lineage; no between-lineage comparison,proportion,"Every reading holds the latent MIC it stands for (a call: the side of its cut-off); the latent MIC is continuous within a stratum; lineages of one isolate set aside. No distributional form for the latent values. The bounds are sharp where the distinct readings of each stratum are disjoint; overlapping readings are merged into one cell and the bounds then hold but may not be attained. The limit also assumes readings independent between isolates, whatever their sampling units share.",
Vietnam,lincomycin,mic_order,lineage share of the within-stratum mid-distribution score,lineage share of the recorded within-stratum MIC ordering among the represented lineages,readable and typed MIC subset,49,1,,,,readable and typed MIC subset,,,,,,,,,"95% interval for the represented lineages (isolates drawn again, lineages fixed)",unavailable,Only one retained lineage; no between-lineage comparison,proportion,"No distributional form for the readings; readings scored within each level of testing_laboratory × isolation_country; isolates of a lineage drawn independently from its distribution, whatever their sampling units share. MIC units: mg/L",Not estimable: the share could not be scored on these readings.
Vietnam,lincomycin,mic_latent_bounds,lineage share of the within-stratum mid-distribution score,lineage share of the latent ordering,readable and typed MIC subset,49,1,,,,readable and typed MIC subset,,,,,,,,,"bounds the readings allow; not a confidence interval; lower end established by the readings; upper end a certified bound, not sharp",unavailable,Only one retained lineage; no between-lineage comparison,proportion,Every reading holds the latent MIC it stands for (a call: the side of its cut-off); the latent MIC is continuous within a stratum; lineages of one isolate set aside. No distributional form for the latent values. The bounds are sharp where the distinct readings of each stratum are disjoint; overlapping readings are merged into one cell and the bounds then hold but may not be attained.,
Vietnam,lincomycin,mic_latent_lower_limit,lineage share of the within-stratum mid-distribution score,lineage share of the latent ordering,readable and typed MIC subset,49,1,,,,readable and typed MIC subset,,,,,,,,,"one-sided 95% lower confidence limit for the lower bound, and so for the share",unavailable,Only one retained lineage; no between-lineage comparison,proportion,"Every reading holds the latent MIC it stands for (a call: the side of its cut-off); the latent MIC is continuous within a stratum; lineages of one isolate set aside. No distributional form for the latent values. The bounds are sharp where the distinct readings of each stratum are disjoint; overlapping readings are merged into one cell and the bounds then hold but may not be attained. The limit also assumes readings independent between isolates, whatever their sampling units share.",
Vietnam,marbofloxacin,mic_order,lineage share of the within-stratum mid-distribution score,lineage share of the recorded within-stratum MIC ordering among the represented lineages,readable and typed MIC subset,49,1,,,,readable and typed MIC subset,,,,,,,,,"95% interval for the represented lineages (isolates drawn again, lineages fixed)",unavailable,Only one retained lineage; no between-lineage comparison,proportion,"No distributional form for the readings; readings scored within each level of testing_laboratory × isolation_country; isolates of a lineage drawn independently from its distribution, whatever their sampling units share. MIC units: mg/L",Not estimable: the share could not be scored on these readings.
Vietnam,marbofloxacin,mic_latent_bounds,lineage share of the within-stratum mid-distribution score,lineage share of the latent ordering,readable and typed MIC subset,49,1,,,,readable and typed MIC subset,,,,,,,,,"bounds the readings allow; not a confidence interval; lower end established by the readings; upper end a certified bound, not sharp",unavailable,Only one retained lineage; no between-lineage comparison,proportion,Every reading holds the latent MIC it stands for (a call: the side of its cut-off); the latent MIC is continuous within a stratum; lineages of one isolate set aside. No distributional form for the latent values. The bounds are sharp where the distinct readings of each stratum are disjoint; overlapping readings are merged into one cell and the bounds then hold but may not be attained.,
Vietnam,marbofloxacin,mic_latent_lower_limit,lineage share of the within-stratum mid-distribution score,lineage share of the latent ordering,readable and typed MIC subset,49,1,,,,readable and typed MIC subset,,,,,,,,,"one-sided 95% lower confidence limit for the lower bound, and so for the share",unavailable,Only one retained lineage; no between-lineage comparison,proportion,"Every reading holds the latent MIC it stands for (a call: the side of its cut-off); the latent MIC is continuous within a stratum; lineages of one isolate set aside. No distributional form for the latent values. The bounds are sharp where the distinct readings of each stratum are disjoint; overlapping readings are merged into one cell and the bounds then hold but may not be attained. The limit also assumes readings independent between isolates, whatever their sampling units share.",
Vietnam,penicillin,mic_order,lineage share of the within-stratum mid-distribution score,lineage share of the recorded within-stratum MIC ordering among the represented lineages,readable and typed MIC subset,49,1,,,,readable and typed MIC subset,,,,,,,,,"95% interval for the represented lineages (isolates drawn again, lineages fixed)",unavailable,Only one retained lineage; no between-lineage comparison,proportion,"No distributional form for the readings; readings scored within each level of testing_laboratory × isolation_country; isolates of a lineage drawn independently from its distribution, whatever their sampling units share. MIC units: mg/L",Not estimable: the share could not be scored on these readings.
Vietnam,penicillin,mic_latent_bounds,lineage share of the within-stratum mid-distribution score,lineage share of the latent ordering,readable and typed MIC subset,49,1,,,,readable and typed MIC subset,,,,,,,,,"bounds the readings allow; not a confidence interval; lower end established by the readings; upper end a certified bound, not sharp",unavailable,Only one retained lineage; no between-lineage comparison,proportion,Every reading holds the latent MIC it stands for (a call: the side of its cut-off); the latent MIC is continuous within a stratum; lineages of one isolate set aside. No distributional form for the latent values. The bounds are sharp where the distinct readings of each stratum are disjoint; overlapping readings are merged into one cell and the bounds then hold but may not be attained.,
Vietnam,penicillin,mic_latent_lower_limit,lineage share of the within-stratum mid-distribution score,lineage share of the latent ordering,readable and typed MIC subset,49,1,,,,readable and typed MIC subset,,,,,,,,,"one-sided 95% lower confidence limit for the lower bound, and so for the share",unavailable,Only one retained lineage; no between-lineage comparison,proportion,"Every reading holds the latent MIC it stands for (a call: the side of its cut-off); the latent MIC is continuous within a stratum; lineages of one isolate set aside. No distributional form for the latent values. The bounds are sharp where the distinct readings of each stratum are disjoint; overlapping readings are merged into one cell and the bounds then hold but may not be attained. The limit also assumes readings independent between isolates, whatever their sampling units share.",
Vietnam,spectinomycin,mic_order,lineage share of the within-stratum mid-distribution score,lineage share of the recorded within-stratum MIC ordering among the represented lineages,readable and typed MIC subset,49,1,,,,readable and typed MIC subset,,,,,,,,,"95% interval for the represented lineages (isolates drawn again, lineages fixed)",unavailable,Only one retained lineage; no between-lineage comparison,proportion,"No distributional form for the readings; readings scored within each level of testing_laboratory × isolation_country; isolates of a lineage drawn independently from its distribution, whatever their sampling units share. MIC units: mg/L",Not estimable: the share could not be scored on these readings.
Vietnam,spectinomycin,mic_latent_bounds,lineage share of the within-stratum mid-distribution score,lineage share of the latent ordering,readable and typed MIC subset,49,1,,,,readable and typed MIC subset,,,,,,,,,"bounds the readings allow; not a confidence interval; lower end established by the readings; upper end a certified bound, not sharp",unavailable,Only one retained lineage; no between-lineage comparison,proportion,Every reading holds the latent MIC it stands for (a call: the side of its cut-off); the latent MIC is continuous within a stratum; lineages of one isolate set aside. No distributional form for the latent values. The bounds are sharp where the distinct readings of each stratum are disjoint; overlapping readings are merged into one cell and the bounds then hold but may not be attained.,
Vietnam,spectinomycin,mic_latent_lower_limit,lineage share of the within-stratum mid-distribution score,lineage share of the latent ordering,readable and typed MIC subset,49,1,,,,readable and typed MIC subset,,,,,,,,,"one-sided 95% lower confidence limit for the lower bound, and so for the share",unavailable,Only one retained lineage; no between-lineage comparison,proportion,"Every reading holds the latent MIC it stands for (a call: the side of its cut-off); the latent MIC is continuous within a stratum; lineages of one isolate set aside. No distributional form for the latent values. The bounds are sharp where the distinct readings of each stratum are disjoint; overlapping readings are merged into one cell and the bounds then hold but may not be attained. The limit also assumes readings independent between isolates, whatever their sampling units share.",
Vietnam,tetracycline,mic_order,lineage share of the within-stratum mid-distribution score,lineage share of the recorded within-stratum MIC ordering among the represented lineages,readable and typed MIC subset,49,1,,,,readable and typed MIC subset,,,,,,,,,"95% interval for the represented lineages (isolates drawn again, lineages fixed)",unavailable,Only one retained lineage; no between-lineage comparison,proportion,"No distributional form for the readings; readings scored within each level of testing_laboratory × isolation_country; isolates of a lineage drawn independently from its distribution, whatever their sampling units share. MIC units: mg/L",Not estimable: the share could not be scored on these readings.
Vietnam,tetracycline,mic_latent_bounds,lineage share of the within-stratum mid-distribution score,lineage share of the latent ordering,readable and typed MIC subset,49,1,,,,readable and typed MIC subset,,,,,,,,,"bounds the readings allow; not a confidence interval; lower end established by the readings; upper end a certified bound, not sharp",unavailable,Only one retained lineage; no between-lineage comparison,proportion,Every reading holds the latent MIC it stands for (a call: the side of its cut-off); the latent MIC is continuous within a stratum; lineages of one isolate set aside. No distributional form for the latent values. The bounds are sharp where the distinct readings of each stratum are disjoint; overlapping readings are merged into one cell and the bounds then hold but may not be attained.,
Vietnam,tetracycline,mic_latent_lower_limit,lineage share of the within-stratum mid-distribution score,lineage share of the latent ordering,readable and typed MIC subset,49,1,,,,readable and typed MIC subset,,,,,,,,,"one-sided 95% lower confidence limit for the lower bound, and so for the share",unavailable,Only one retained lineage; no between-lineage comparison,proportion,"Every reading holds the latent MIC it stands for (a call: the side of its cut-off); the latent MIC is continuous within a stratum; lineages of one isolate set aside. No distributional form for the latent values. The bounds are sharp where the distinct readings of each stratum are disjoint; overlapping readings are merged into one cell and the bounds then hold but may not be attained. The limit also assumes readings independent between isolates, whatever their sampling units share.",
Vietnam,tiamulin,mic_order,lineage share of the within-stratum mid-distribution score,lineage share of the recorded within-stratum MIC ordering among the represented lineages,readable and typed MIC subset,49,1,,,,readable and typed MIC subset,,,,,,,,,"95% interval for the represented lineages (isolates drawn again, lineages fixed)",unavailable,Only one retained lineage; no between-lineage comparison,proportion,"No distributional form for the readings; readings scored within each level of testing_laboratory × isolation_country; isolates of a lineage drawn independently from its distribution, whatever their sampling units share. MIC units: mg/L",Not estimable: the share could not be scored on these readings.
Vietnam,tiamulin,mic_latent_bounds,lineage share of the within-stratum mid-distribution score,lineage share of the latent ordering,readable and typed MIC subset,49,1,,,,readable and typed MIC subset,,,,,,,,,"bounds the readings allow; not a confidence interval; lower end established by the readings; upper end a certified bound, not sharp",unavailable,Only one retained lineage; no between-lineage comparison,proportion,Every reading holds the latent MIC it stands for (a call: the side of its cut-off); the latent MIC is continuous within a stratum; lineages of one isolate set aside. No distributional form for the latent values. The bounds are sharp where the distinct readings of each stratum are disjoint; overlapping readings are merged into one cell and the bounds then hold but may not be attained.,
Vietnam,tiamulin,mic_latent_lower_limit,lineage share of the within-stratum mid-distribution score,lineage share of the latent ordering,readable and typed MIC subset,49,1,,,,readable and typed MIC subset,,,,,,,,,"one-sided 95% lower confidence limit for the lower bound, and so for the share",unavailable,Only one retained lineage; no between-lineage comparison,proportion,"Every reading holds the latent MIC it stands for (a call: the side of its cut-off); the latent MIC is continuous within a stratum; lineages of one isolate set aside. No distributional form for the latent values. The bounds are sharp where the distinct readings of each stratum are disjoint; overlapping readings are merged into one cell and the bounds then hold but may not be attained. The limit also assumes readings independent between isolates, whatever their sampling units share.",
Vietnam,tilmicosin,mic_order,lineage share of the within-stratum mid-distribution score,lineage share of the recorded within-stratum MIC ordering among the represented lineages,readable and typed MIC subset,49,1,,,,readable and typed MIC subset,,,,,,,,,"95% interval for the represented lineages (isolates drawn again, lineages fixed)",unavailable,Only one retained lineage; no between-lineage comparison,proportion,"No distributional form for the readings; readings scored within each level of testing_laboratory × isolation_country; isolates of a lineage drawn independently from its distribution, whatever their sampling units share. MIC units: mg/L",Not estimable: the share could not be scored on these readings.
Vietnam,tilmicosin,mic_latent_bounds,lineage share of the within-stratum mid-distribution score,lineage share of the latent ordering,readable and typed MIC subset,49,1,,,,readable and typed MIC subset,,,,,,,,,"bounds the readings allow; not a confidence interval; lower end established by the readings; upper end a certified bound, not sharp",unavailable,Only one retained lineage; no between-lineage comparison,proportion,Every reading holds the latent MIC it stands for (a call: the side of its cut-off); the latent MIC is continuous within a stratum; lineages of one isolate set aside. No distributional form for the latent values. The bounds are sharp where the distinct readings of each stratum are disjoint; overlapping readings are merged into one cell and the bounds then hold but may not be attained.,
Vietnam,tilmicosin,mic_latent_lower_limit,lineage share of the within-stratum mid-distribution score,lineage share of the latent ordering,readable and typed MIC subset,49,1,,,,readable and typed MIC subset,,,,,,,,,"one-sided 95% lower confidence limit for the lower bound, and so for the share",unavailable,Only one retained lineage; no between-lineage comparison,proportion,"Every reading holds the latent MIC it stands for (a call: the side of its cut-off); the latent MIC is continuous within a stratum; lineages of one isolate set aside. No distributional form for the latent values. The bounds are sharp where the distinct readings of each stratum are disjoint; overlapping readings are merged into one cell and the bounds then hold but may not be attained. The limit also assumes readings independent between isolates, whatever their sampling units share.",
Vietnam,trimethoprim,mic_order,lineage share of the within-stratum mid-distribution score,lineage share of the recorded within-stratum MIC ordering among the represented lineages,readable and typed MIC subset,49,1,,,,readable and typed MIC subset,,,,,,,,,"95% interval for the represented lineages (isolates drawn again, lineages fixed)",unavailable,Only one retained lineage; no between-lineage comparison,proportion,"No distributional form for the readings; readings scored within each level of testing_laboratory × isolation_country; isolates of a lineage drawn independently from its distribution, whatever their sampling units share. MIC units: mg/L",Not estimable: the share could not be scored on these readings.
Vietnam,trimethoprim,mic_latent_bounds,lineage share of the within-stratum mid-distribution score,lineage share of the latent ordering,readable and typed MIC subset,49,1,,,,readable and typed MIC subset,,,,,,,,,"bounds the readings allow; not a confidence interval; lower end established by the readings; upper end a certified bound, not sharp",unavailable,Only one retained lineage; no between-lineage comparison,proportion,Every reading holds the latent MIC it stands for (a call: the side of its cut-off); the latent MIC is continuous within a stratum; lineages of one isolate set aside. No distributional form for the latent values. The bounds are sharp where the distinct readings of each stratum are disjoint; overlapping readings are merged into one cell and the bounds then hold but may not be attained.,
Vietnam,trimethoprim,mic_latent_lower_limit,lineage share of the within-stratum mid-distribution score,lineage share of the latent ordering,readable and typed MIC subset,49,1,,,,readable and typed MIC subset,,,,,,,,,"one-sided 95% lower confidence limit for the lower bound, and so for the share",unavailable,Only one retained lineage; no between-lineage comparison,proportion,"Every reading holds the latent MIC it stands for (a call: the side of its cut-off); the latent MIC is continuous within a stratum; lineages of one isolate set aside. No distributional form for the latent values. The bounds are sharp where the distinct readings of each stratum are disjoint; overlapping readings are merged into one cell and the bounds then hold but may not be attained. The limit also assumes readings independent between isolates, whatever their sampling units share.",
Vietnam,tylosin,mic_order,lineage share of the within-stratum mid-distribution score,lineage share of the recorded within-stratum MIC ordering among the represented lineages,readable and typed MIC subset,49,1,,,,readable and typed MIC subset,,,,,,,,,"95% interval for the represented lineages (isolates drawn again, lineages fixed)",unavailable,Only one retained lineage; no between-lineage comparison,proportion,"No distributional form for the readings; readings scored within each level of testing_laboratory × isolation_country; isolates of a lineage drawn independently from its distribution, whatever their sampling units share. MIC units: mg/L",Not estimable: the share could not be scored on these readings.
Vietnam,tylosin,mic_latent_bounds,lineage share of the within-stratum mid-distribution score,lineage share of the latent ordering,readable and typed MIC subset,49,1,,,,readable and typed MIC subset,,,,,,,,,"bounds the readings allow; not a confidence interval; lower end established by the readings; upper end a certified bound, not sharp",unavailable,Only one retained lineage; no between-lineage comparison,proportion,Every reading holds the latent MIC it stands for (a call: the side of its cut-off); the latent MIC is continuous within a stratum; lineages of one isolate set aside. No distributional form for the latent values. The bounds are sharp where the distinct readings of each stratum are disjoint; overlapping readings are merged into one cell and the bounds then hold but may not be attained.,
Vietnam,tylosin,mic_latent_lower_limit,lineage share of the within-stratum mid-distribution score,lineage share of the latent ordering,readable and typed MIC subset,49,1,,,,readable and typed MIC subset,,,,,,,,,"one-sided 95% lower confidence limit for the lower bound, and so for the share",unavailable,Only one retained lineage; no between-lineage comparison,proportion,"Every reading holds the latent MIC it stands for (a call: the side of its cut-off); the latent MIC is continuous within a stratum; lineages of one isolate set aside. No distributional form for the latent values. The bounds are sharp where the distinct readings of each stratum are disjoint; overlapping readings are merged into one cell and the bounds then hold but may not be attained. The limit also assumes readings independent between isolates, whatever their sampling units share.",
Vietnam,amoxicillin,lineage_evidence,lineage_evidence,evidence against lineage-independent binary outcomes,observed and typed subset,49,1,,,,observed and typed subset,,0.9999902000431998,,,-9.800004820093022e-06,,,no,e-value; not an effect size,computed,,e-value,Held-out Bernoulli likelihood under the stated null; training data separate from evaluation.,
Vietnam,cefquinome,lineage_evidence,lineage_evidence,evidence against lineage-independent binary outcomes,observed and typed subset,49,1,,,,observed and typed subset,,0.9999902000431998,,,-9.800004820093022e-06,,,no,e-value; not an effect size,computed,,e-value,Held-out Bernoulli likelihood under the stated null; training data separate from evaluation.,
Vietnam,ceftiofur,lineage_evidence,lineage_evidence,evidence against lineage-independent binary outcomes,observed and typed subset,49,1,,,,observed and typed subset,,0.6214966847512696,,,-0.4756247023154785,,,no,e-value; not an effect size,computed,,e-value,Held-out Bernoulli likelihood under the stated null; training data separate from evaluation.,
Vietnam,doxycycline,lineage_evidence,lineage_evidence,evidence against lineage-independent binary outcomes,observed and typed subset,49,1,,,,observed and typed subset,,0.5977922630793497,,,-0.5145119715389868,,,no,e-value; not an effect size,computed,,e-value,Held-out Bernoulli likelihood under the stated null; training data separate from evaluation.,
Vietnam,erythromycin,lineage_evidence,lineage_evidence,evidence against lineage-independent binary outcomes,observed and typed subset,49,1,,,,observed and typed subset,,0.6749370780372488,,,-0.3931358101772435,,,no,e-value; not an effect size,computed,,e-value,Held-out Bernoulli likelihood under the stated null; training data separate from evaluation.,
Vietnam,lincomycin,lineage_evidence,lineage_evidence,evidence against lineage-independent binary outcomes,observed and typed subset,49,1,,,,observed and typed subset,,0.6346961641130232,,,-0.4546088763101226,,,no,e-value; not an effect size,computed,,e-value,Held-out Bernoulli likelihood under the stated null; training data separate from evaluation.,
Vietnam,penicillin,lineage_evidence,lineage_evidence,evidence against lineage-independent binary outcomes,observed and typed subset,49,1,,,,observed and typed subset,,0.5458742945820891,,,-0.6053665594472921,,,no,e-value; not an effect size,computed,,e-value,Held-out Bernoulli likelihood under the stated null; training data separate from evaluation.,
Vietnam,spectinomycin,lineage_evidence,lineage_evidence,evidence against lineage-independent binary outcomes,observed and typed subset,49,1,,,,observed and typed subset,,0.6277670052775499,,,-0.465586192059976,,,no,e-value; not an effect size,computed,,e-value,Held-out Bernoulli likelihood under the stated null; training data separate from evaluation.,
Vietnam,tetracycline,lineage_evidence,lineage_evidence,evidence against lineage-independent binary outcomes,observed and typed subset,49,1,,,,observed and typed subset,,0.5977922630793497,,,-0.5145119715389868,,,no,e-value; not an effect size,computed,,e-value,Held-out Bernoulli likelihood under the stated null; training data separate from evaluation.,
Vietnam,tiamulin,lineage_evidence,lineage_evidence,evidence against lineage-independent binary outcomes,observed and typed subset,49,1,,,,observed and typed subset,,0.9999902000431998,,,-9.800004820093022e-06,,,no,e-value; not an effect size,computed,,e-value,Held-out Bernoulli likelihood under the stated null; training data separate from evaluation.,
Vietnam,tilmicosin,lineage_evidence,lineage_evidence,evidence against lineage-independent binary outcomes,observed and typed subset,49,1,,,,observed and typed subset,,0.6517385997434548,,,-0.42811171808452375,,,no,e-value; not an effect size,computed,,e-value,Held-out Bernoulli likelihood under the stated null; training data separate from evaluation.,
Vietnam,trimethoprim,lineage_evidence,lineage_evidence,evidence against lineage-independent binary outcomes,observed and typed subset,49,1,,,,observed and typed subset,,0.542350182770719,,,-0.6118433924982369,,,no,e-value; not an effect size,computed,,e-value,Held-out Bernoulli likelihood under the stated null; training data separate from evaluation.,
Vietnam,tylosin,lineage_evidence,lineage_evidence,evidence against lineage-independent binary outcomes,observed and typed subset,49,1,,,,observed and typed subset,,0.6731300782184054,,,-0.3958166868571853,,,no,e-value; not an effect size,computed,,e-value,Held-out Bernoulli likelihood under the stated null; training data separate from evaluation.,
Vietnam,amoxicillin,sequential_lineage_evidence,sequential_lineage_evidence,final cumulative evidence for lineage dependence,readable typed outcomes in prespecified ordered batches,48,,,,,readable typed outcomes in prespecified ordered batches,2010,,,,,,,,e-process final look; not an effect size,unavailable,No batch had eligible prior training and readable evaluation outcomes; evidence remains initialized,e-value,Disjoint batches; common-probability conditionally independent Bernoulli null within each batch; past-only training. Panel stopping requires joint-filtration validity; repeated rejection unions are not controlled.,
Vietnam,cefquinome,sequential_lineage_evidence,sequential_lineage_evidence,final cumulative evidence for lineage dependence,readable typed outcomes in prespecified ordered batches,48,,,,,readable typed outcomes in prespecified ordered batches,2010,,,,,,,,e-process final look; not an effect size,unavailable,No batch had eligible prior training and readable evaluation outcomes; evidence remains initialized,e-value,Disjoint batches; common-probability conditionally independent Bernoulli null within each batch; past-only training. Panel stopping requires joint-filtration validity; repeated rejection unions are not controlled.,
Vietnam,ceftiofur,sequential_lineage_evidence,sequential_lineage_evidence,final cumulative evidence for lineage dependence,readable typed outcomes in prespecified ordered batches,48,,,,,readable typed outcomes in prespecified ordered batches,2010,,,,,,,,e-process final look; not an effect size,unavailable,No batch had eligible prior training and readable evaluation outcomes; evidence remains initialized,e-value,Disjoint batches; common-probability conditionally independent Bernoulli null within each batch; past-only training. Panel stopping requires joint-filtration validity; repeated rejection unions are not controlled.,
Vietnam,doxycycline,sequential_lineage_evidence,sequential_lineage_evidence,final cumulative evidence for lineage dependence,readable typed outcomes in prespecified ordered batches,48,,,,,readable typed outcomes in prespecified ordered batches,2010,,,,,,,,e-process final look; not an effect size,unavailable,No batch had eligible prior training and readable evaluation outcomes; evidence remains initialized,e-value,Disjoint batches; common-probability conditionally independent Bernoulli null within each batch; past-only training. Panel stopping requires joint-filtration validity; repeated rejection unions are not controlled.,
Vietnam,erythromycin,sequential_lineage_evidence,sequential_lineage_evidence,final cumulative evidence for lineage dependence,readable typed outcomes in prespecified ordered batches,48,,,,,readable typed outcomes in prespecified ordered batches,2010,,,,,,,,e-process final look; not an effect size,unavailable,No batch had eligible prior training and readable evaluation outcomes; evidence remains initialized,e-value,Disjoint batches; common-probability conditionally independent Bernoulli null within each batch; past-only training. Panel stopping requires joint-filtration validity; repeated rejection unions are not controlled.,
Vietnam,lincomycin,sequential_lineage_evidence,sequential_lineage_evidence,final cumulative evidence for lineage dependence,readable typed outcomes in prespecified ordered batches,48,,,,,readable typed outcomes in prespecified ordered batches,2010,,,,,,,,e-process final look; not an effect size,unavailable,No batch had eligible prior training and readable evaluation outcomes; evidence remains initialized,e-value,Disjoint batches; common-probability conditionally independent Bernoulli null within each batch; past-only training. Panel stopping requires joint-filtration validity; repeated rejection unions are not controlled.,
Vietnam,penicillin,sequential_lineage_evidence,sequential_lineage_evidence,final cumulative evidence for lineage dependence,readable typed outcomes in prespecified ordered batches,48,,,,,readable typed outcomes in prespecified ordered batches,2010,,,,,,,,e-process final look; not an effect size,unavailable,No batch had eligible prior training and readable evaluation outcomes; evidence remains initialized,e-value,Disjoint batches; common-probability conditionally independent Bernoulli null within each batch; past-only training. Panel stopping requires joint-filtration validity; repeated rejection unions are not controlled.,
Vietnam,spectinomycin,sequential_lineage_evidence,sequential_lineage_evidence,final cumulative evidence for lineage dependence,readable typed outcomes in prespecified ordered batches,48,,,,,readable typed outcomes in prespecified ordered batches,2010,,,,,,,,e-process final look; not an effect size,unavailable,No batch had eligible prior training and readable evaluation outcomes; evidence remains initialized,e-value,Disjoint batches; common-probability conditionally independent Bernoulli null within each batch; past-only training. Panel stopping requires joint-filtration validity; repeated rejection unions are not controlled.,
Vietnam,tetracycline,sequential_lineage_evidence,sequential_lineage_evidence,final cumulative evidence for lineage dependence,readable typed outcomes in prespecified ordered batches,48,,,,,readable typed outcomes in prespecified ordered batches,2010,,,,,,,,e-process final look; not an effect size,unavailable,No batch had eligible prior training and readable evaluation outcomes; evidence remains initialized,e-value,Disjoint batches; common-probability conditionally independent Bernoulli null within each batch; past-only training. Panel stopping requires joint-filtration validity; repeated rejection unions are not controlled.,
Vietnam,tiamulin,sequential_lineage_evidence,sequential_lineage_evidence,final cumulative evidence for lineage dependence,readable typed outcomes in prespecified ordered batches,48,,,,,readable typed outcomes in prespecified ordered batches,2010,,,,,,,,e-process final look; not an effect size,unavailable,No batch had eligible prior training and readable evaluation outcomes; evidence remains initialized,e-value,Disjoint batches; common-probability conditionally independent Bernoulli null within each batch; past-only training. Panel stopping requires joint-filtration validity; repeated rejection unions are not controlled.,
Vietnam,tilmicosin,sequential_lineage_evidence,sequential_lineage_evidence,final cumulative evidence for lineage dependence,readable typed outcomes in prespecified ordered batches,48,,,,,readable typed outcomes in prespecified ordered batches,2010,,,,,,,,e-process final look; not an effect size,unavailable,No batch had eligible prior training and readable evaluation outcomes; evidence remains initialized,e-value,Disjoint batches; common-probability conditionally independent Bernoulli null within each batch; past-only training. Panel stopping requires joint-filtration validity; repeated rejection unions are not controlled.,
Vietnam,trimethoprim,sequential_lineage_evidence,sequential_lineage_evidence,final cumulative evidence for lineage dependence,readable typed outcomes in prespecified ordered batches,48,,,,,readable typed outcomes in prespecified ordered batches,2010,,,,,,,,e-process final look; not an effect size,unavailable,No batch had eligible prior training and readable evaluation outcomes; evidence remains initialized,e-value,Disjoint batches; common-probability conditionally independent Bernoulli null within each batch; past-only training. Panel stopping requires joint-filtration validity; repeated rejection unions are not controlled.,
Vietnam,tylosin,sequential_lineage_evidence,sequential_lineage_evidence,final cumulative evidence for lineage dependence,readable typed outcomes in prespecified ordered batches,48,,,,,readable typed outcomes in prespecified ordered batches,2010,,,,,,,,e-process final look; not an effect size,unavailable,No batch had eligible prior training and readable evaluation outcomes; evidence remains initialized,e-value,Disjoint batches; common-probability conditionally independent Bernoulli null within each batch; past-only training. Panel stopping requires joint-filtration validity; repeated rejection unions are not controlled.,
