Strain_ID,genome_id,antibiotic,resistant_phenotype,measurement,measurement_unit,laboratory_typing_method
GCF_000521985.1,1328337.4,cefepime,,>32,mg/L,Broth dilution
GCF_000521985.1,1328337.4,ciprofloxacin,,<=.25,mg/L,Broth dilution
GCF_000521985.1,1328337.4,ceftriaxone,,>32,mg/L,Broth dilution
GCF_000521985.1,1328337.4,meropenem,,0.125,mg/L,Broth dilution
GCF_000521985.1,1328337.4,trimethoprim/sulfamethoxazole,,<=1,mg/L,Broth dilution
GCF_000521985.1,1328337.4,gentamicin,,<=1,mg/L,Broth dilution
GCF_000521985.1,1328337.4,nitrofurantoin,,<=32,mg/L,Broth dilution
GCF_000521985.1,1328337.4,ceftazidime,,>32,mg/L,Broth dilution
GCF_000521985.1,1328337.4,tobramycin,,<=1,mg/L,Broth dilution
GCF_000492335.1,1328419.3,ceftazidime,,<=1,mg/L,Broth dilution
GCF_000492335.1,1328419.3,tobramycin,,<=1,mg/L,Broth dilution
GCF_000492335.1,1328419.3,nitrofurantoin,,64,mg/L,Broth dilution
GCF_000492335.1,1328419.3,ampicillin/sulbactam,,4,mg/L,Broth dilution
GCF_000492335.1,1328419.3,trimethoprim/sulfamethoxazole,,<=1,mg/L,Broth dilution
GCF_000492335.1,1328419.3,cefazolin,,<=4,mg/L,Broth dilution
GCF_000492335.1,1328419.3,gentamicin,,<=1,mg/L,Broth dilution
GCF_000492335.1,1328419.3,ceftriaxone,,<=1,mg/L,Broth dilution
GCF_000492335.1,1328419.3,ciprofloxacin,,<=.25,mg/L,Broth dilution
GCF_000492335.1,1328419.3,cefepime,,<=1,mg/L,Broth dilution
GCF_000492335.1,1328419.3,meropenem,,<=.25,mg/L,Broth dilution
GCF_000567065.1,1400168.3,gentamicin,,<=1,mg/L,Broth dilution
GCF_000567065.1,1400168.3,piperacillin/tazobactam,,<=4,mg/L,Broth dilution
GCF_000567065.1,1400168.3,ceftriaxone,,<=1,mg/L,Broth dilution
GCF_000567065.1,1400168.3,meropenem,,<=.25,mg/L,Broth dilution
GCF_000567065.1,1400168.3,ceftazidime,,<=1,mg/L,Broth dilution
GCF_000567065.1,1400168.3,cefepime,,<=1,mg/L,Broth dilution
GCF_000567065.1,1400168.3,cefazolin,,<=4,mg/L,Broth dilution
GCF_000567065.1,1400168.3,ampicillin/sulbactam,,4,mg/L,Broth dilution
GCF_000567065.1,1400168.3,ciprofloxacin,,<=.25,mg/L,Broth dilution
GCF_000567065.1,1400168.3,nitrofurantoin,,64,mg/L,Broth dilution
GCF_000567065.1,1400168.3,trimethoprim/sulfamethoxazole,,<=1,mg/L,Broth dilution
GCF_000567065.1,1400168.3,tobramycin,,<=1,mg/L,Broth dilution
GCF_000567745.1,1328371.3,amikacin,,16,mg/L,Broth dilution
GCF_000567745.1,1328371.3,ertapenem,,>=8,mg/L,Broth dilution
GCF_000567745.1,1328371.3,levofloxacin,,>=8,mg/L,Broth dilution
GCF_000567745.1,1328371.3,meropenem,,2,mg/L,Broth dilution
GCF_000492755.1,1328380.3,gentamicin,,<=1,mg/L,Broth dilution
GCF_000567745.1,1328371.3,trimethoprim/sulfamethoxazole,,>=320,mg/L,Broth dilution
GCF_000492755.1,1328380.3,cephalothin,,<=1,mg/L,Broth dilution
GCF_000567745.1,1328371.3,ciprofloxacin,,>=4,mg/L,Broth dilution
GCF_000492755.1,1328380.3,meropenem,,<=0.25,mg/L,Broth dilution
GCF_000492755.1,1328380.3,cefazolin,,<=4,mg/L,Broth dilution
GCF_000492755.1,1328380.3,ampicillin,,>=32,mg/L,Broth dilution
GCF_000492755.1,1328380.3,ciprofloxacin,,>=4,mg/L,Broth dilution
GCF_000492755.1,1328380.3,ertapenem,,<=0.5,mg/L,Broth dilution
GCF_000492755.1,1328380.3,cefotaxime,,<=1,mg/L,Broth dilution
GCF_000567745.1,1328371.3,cephalothin,,>=64,mg/L,Broth dilution
GCF_000492755.1,1328380.3,imipenem,,<=1,mg/L,Broth dilution
GCF_000567745.1,1328371.3,cefazolin,,>=64,mg/L,Broth dilution
GCF_000492755.1,1328380.3,nitrofurantoin,,256,mg/L,Broth dilution
GCF_000567745.1,1328371.3,nitrofurantoin,,>512,mg/L,Broth dilution
GCF_000567745.1,1328371.3,ampicillin,,>=32,mg/L,Broth dilution
GCF_000567745.1,1328371.3,gentamicin,,>=16,mg/L,Broth dilution
GCF_000567745.1,1328371.3,imipenem,,<=1,mg/L,Broth dilution
GCF_000567745.1,1328371.3,cefotaxime,,>=64,mg/L,Broth dilution
GCF_000492755.1,1328380.3,levofloxacin,,4,mg/L,Broth dilution
GCF_000492755.1,1328380.3,trimethoprim/sulfamethoxazole,,<=20,mg/L,Broth dilution
GCF_000492755.1,1328380.3,amikacin,,<=2,mg/L,Broth dilution
GCF_000567145.1,1400164.3,ampicillin/sulbactam,,>16,mg/L,Broth dilution
GCF_000567145.1,1400164.3,nitrofurantoin,,256,mg/L,Broth dilution
GCF_000567145.1,1400164.3,ceftriaxone,,4,mg/L,Broth dilution
GCF_000694515.1,1438787.3,ciprofloxacin,,<=0.25,mg/L,Broth dilution
GCF_000694515.1,1438787.3,gentamicin,,<=1,mg/L,Broth dilution
GCF_000694515.1,1438787.3,nitrofurantoin,,<=16,mg/L,Broth dilution
GCF_000567145.1,1400164.3,gentamicin,,>8,mg/L,Broth dilution
GCF_000694515.1,1438787.3,ampicillin/sulbactam,,<=2,mg/L,Broth dilution
GCF_000694515.1,1438787.3,levofloxacin,,<=0.12,mg/L,Broth dilution
GCF_000694515.1,1438787.3,ertapenem,,<=0.5,mg/L,Broth dilution
GCF_000694515.1,1438787.3,trimethoprim/sulfamethoxazole,,<=20,mg/L,Broth dilution
GCF_000694515.1,1438787.3,cefazolin,,<=4,mg/L,Broth dilution
GCF_000567145.1,1400164.3,ciprofloxacin,,>2,mg/L,Broth dilution
GCF_000567145.1,1400164.3,cefepime,,32,mg/L,Broth dilution
GCF_000567145.1,1400164.3,ceftazidime,,16,mg/L,Broth dilution
GCF_000694515.1,1438787.3,cephalothin,,<=1,mg/L,Broth dilution
GCF_000567145.1,1400164.3,amikacin,,<=2,mg/L,Broth dilution
GCF_000567145.1,1400164.3,piperacillin/tazobactam,,>64,mg/L,Broth dilution
GCF_000567145.1,1400164.3,meropenem,,0.094,mg/L,Broth dilution
GCF_000567145.1,1400164.3,trimethoprim/sulfamethoxazole,,>8,mg/L,Broth dilution
GCF_000694515.1,1438787.3,ampicillin,,16,mg/L,Broth dilution
GCF_000694515.1,1438787.3,meropenem,,<=0.25,mg/L,Broth dilution
GCF_000694515.1,1438787.3,imipenem,,<=0.25,mg/L,Broth dilution
GCF_000567145.1,1400164.3,tigecycline,,<2,mg/L,Broth dilution
GCF_000567145.1,1400164.3,tobramycin,,8,mg/L,Broth dilution
GCF_000694515.1,1438787.3,amikacin,,<=2,mg/L,Broth dilution
GCF_000567145.1,1400164.3,cefazolin,,>32,mg/L,Broth dilution
GCF_000694515.1,1438787.3,cefotaxime,,<=1,mg/L,Broth dilution
GCF_002248135.1,573.14841,colistin,Resistant,,mm,Disk diffusion
GCF_000566905.1,1400176.3,ampicillin,,>=32,mg/L,Broth dilution
GCF_000567605.1,1328382.3,gentamicin,Susceptible,,,Broth dilution
GCF_000567605.1,1328382.3,amikacin,Susceptible,,,Broth dilution
GCF_000492735.1,1328384.3,cefotaxime,Resistant,,,Broth dilution
GCF_000566845.1,1400179.3,cephalothin,,<=1,mg/L,Broth dilution
GCF_000492735.1,1328384.3,tigecycline,Susceptible,,,Broth dilution
GCF_000492735.1,1328384.3,cephalothin,Susceptible,,,Broth dilution
GCF_000492515.1,1328394.3,tigecycline,,4,mg/L,Broth dilution
GCF_000566845.1,1400179.3,cefazolin,,<=2,mg/L,Broth dilution
GCF_000566885.1,1400177.3,trimethoprim/sulfamethoxazole,,<=20,mg/L,Broth dilution
GCF_000694935.1,1438811.3,cefoxitin,,<=4,mg/L,Broth dilution
GCF_000566905.1,1400176.3,tigecycline,,<=2,mg/L,Broth dilution
GCF_000694935.1,1438811.3,tigecycline,,<=2,mg/L,Broth dilution
GCF_000566905.1,1400176.3,ampicillin/sulbactam,,>=32,mg/L,Broth dilution
GCF_000566845.1,1400179.3,ertapenem,,<=0.25,mg/L,Broth dilution
GCF_000694935.1,1438811.3,ertapenem,,<=0.25,mg/L,Broth dilution
GCF_000567605.1,1328382.3,trimethoprim/sulfamethoxazole,Resistant,,,Broth dilution
GCF_000567605.1,1328382.3,tigecycline,Susceptible,,,Broth dilution
GCF_000694935.1,1438811.3,trimethoprim/sulfamethoxazole,,<=20,mg/L,Broth dilution
GCF_000492735.1,1328384.3,amikacin,Susceptible,,,Broth dilution
GCF_000694935.1,1438811.3,meropenem,,<=0.25,mg/L,Broth dilution
GCF_000566885.1,1400177.3,cephalothin,,<=1,mg/L,Broth dilution
GCF_000566885.1,1400177.3,nitrofurantoin,,64,mg/L,Broth dilution
GCF_000566905.1,1400176.3,cephalothin,,>=64,mg/L,Broth dilution
GCF_000567605.1,1328382.3,meropenem,,2,mg/L,Broth dilution
GCF_000566885.1,1400177.3,gentamicin,,<=1,mg/L,Broth dilution
GCF_000566905.1,1400176.3,trimethoprim/sulfamethoxazole,,>=320,mg/L,Broth dilution
GCF_000567605.1,1328382.3,cephalothin,Susceptible,,,Broth dilution
GCF_000492515.1,1328394.3,ceftazidime,,<=1,mg/L,Broth dilution
GCF_000492735.1,1328384.3,ciprofloxacin,Susceptible,,,Broth dilution
GCF_000566905.1,1400176.3,nitrofurantoin,,32,mg/L,Broth dilution
GCF_000492515.1,1328394.3,cephalothin,,<=1,mg/L,Broth dilution
GCF_000492515.1,1328394.3,meropenem,,<=0.25,mg/L,Broth dilution
GCF_000492735.1,1328384.3,nitrofurantoin,Susceptible,,,Broth dilution
GCF_000492735.1,1328384.3,ampicillin,Resistant,,,Broth dilution
GCF_000492735.1,1328384.3,cefazolin,Resistant,,,Broth dilution
GCF_000694935.1,1438811.3,nitrofurantoin,,128,mg/L,Broth dilution
GCF_000566845.1,1400179.3,meropenem,,<=0.25,mg/L,Broth dilution
GCF_000566905.1,1400176.3,meropenem,,>=4,mg/L,Broth dilution
GCF_000566885.1,1400177.3,ampicillin,,>=32,mg/L,Broth dilution
GCF_000694935.1,1438811.3,ceftazidime,,<=1,mg/L,Broth dilution
GCF_000694935.1,1438811.3,gentamicin,,<=1,mg/L,Broth dilution
GCF_000566845.1,1400179.3,trimethoprim/sulfamethoxazole,,<=20,mg/L,Broth dilution
GCF_000566885.1,1400177.3,ampicillin/sulbactam,,<=2,mg/L,Broth dilution
GCF_000567605.1,1328382.3,ampicillin/sulbactam,Resistant,,,Broth dilution
GCF_000694935.1,1438811.3,amikacin,,<=2,mg/L,Broth dilution
GCF_000567605.1,1328382.3,levofloxacin,Susceptible,,,Broth dilution
GCF_000566885.1,1400177.3,ceftazidime,,<=1,mg/L,Broth dilution
GCF_000566905.1,1400176.3,cefazolin,,>=8,mg/L,Broth dilution
GCF_000566885.1,1400177.3,cefoxitin,,<=4,mg/L,Broth dilution
GCF_000492515.1,1328394.3,imipenem,,<=1,mg/L,Broth dilution
GCF_000492735.1,1328384.3,meropenem,Susceptible,,,Broth dilution
GCF_000566905.1,1400176.3,amikacin,,<=2,mg/L,Broth dilution
GCF_000567605.1,1328382.3,ampicillin,Resistant,,,Broth dilution
GCF_000566845.1,1400179.3,ampicillin,,>=32,mg/L,Broth dilution
GCF_000566885.1,1400177.3,cefazolin,,<=2,mg/L,Broth dilution
GCF_000566885.1,1400177.3,levofloxacin,,<=0.12,mg/L,Broth dilution
GCF_000492735.1,1328384.3,cefoxitin,Susceptible,,,Broth dilution
GCF_000492515.1,1328394.3,trimethoprim/sulfamethoxazole,,>=320,mg/L,Broth dilution
GCF_000566845.1,1400179.3,nitrofurantoin,,64,mg/L,Broth dilution
GCF_000566845.1,1400179.3,cefoxitin,,<=4,mg/L,Broth dilution
GCF_000566845.1,1400179.3,gentamicin,,<=1,mg/L,Broth dilution
GCF_000492735.1,1328384.3,ertapenem,Susceptible,,,Broth dilution
GCF_000566885.1,1400177.3,ertapenem,,<=0.25,mg/L,Broth dilution
GCF_000566885.1,1400177.3,meropenem,,<=0.25,mg/L,Broth dilution
GCF_000492735.1,1328384.3,levofloxacin,Susceptible,,,Broth dilution
GCF_000566845.1,1400179.3,levofloxacin,,<=0.12,mg/L,Broth dilution
GCF_000566885.1,1400177.3,amikacin,,<=2,mg/L,Broth dilution
GCF_000566905.1,1400176.3,ertapenem,,>=1,mg/L,Broth dilution
GCF_000566845.1,1400179.3,ampicillin/sulbactam,,4,mg/L,Broth dilution
GCF_000566845.1,1400179.3,tigecycline,,<=2,mg/L,Broth dilution
GCF_000566905.1,1400176.3,ciprofloxacin,,>=4,mg/L,Broth dilution
GCF_000566845.1,1400179.3,cefotaxime,,<=1,mg/L,Broth dilution
GCF_000492515.1,1328394.3,cefotaxime,,<=1,mg/L,Broth dilution
GCF_000492515.1,1328394.3,gentamicin,,<=1,mg/L,Broth dilution
GCF_000566905.1,1400176.3,gentamicin,,>=16,mg/L,Broth dilution
GCF_000566845.1,1400179.3,ciprofloxacin,,<=0.25,mg/L,Broth dilution
GCF_000567605.1,1328382.3,cefotaxime,Resistant,,,Broth dilution
GCF_000492735.1,1328384.3,trimethoprim/sulfamethoxazole,Susceptible,,,Broth dilution
GCF_000694935.1,1438811.3,cefotaxime,,<=1,mg/L,Broth dilution
GCF_000566845.1,1400179.3,imipenem,,<=1,mg/L,Broth dilution
GCF_000694935.1,1438811.3,ampicillin/sulbactam,,8,mg/L,Broth dilution
GCF_000492515.1,1328394.3,ertapenem,,<=0.25,mg/L,Broth dilution
GCF_000567605.1,1328382.3,cefoxitin,Susceptible,,,Broth dilution
GCF_000694935.1,1438811.3,ciprofloxacin,,<=0.25,mg/L,Broth dilution
GCF_000694935.1,1438811.3,cefazolin,,<=2,mg/L,Broth dilution
GCF_000566885.1,1400177.3,tigecycline,,<=2,mg/L,Broth dilution
GCF_000492515.1,1328394.3,ampicillin/sulbactam,,16,mg/L,Broth dilution
GCF_000566905.1,1400176.3,cefoxitin,,>=64,mg/L,Broth dilution
GCF_000567605.1,1328382.3,nitrofurantoin,Intermediate,,,Broth dilution
GCF_000567605.1,1328382.3,ciprofloxacin,Susceptible,,,Broth dilution
GCF_000694935.1,1438811.3,cephalothin,,<=1,mg/L,Broth dilution
GCF_000566885.1,1400177.3,cefotaxime,,<=1,mg/L,Broth dilution
GCF_000567605.1,1328382.3,ertapenem,,2,mg/L,Broth dilution
GCF_000492515.1,1328394.3,levofloxacin,,1,mg/L,Broth dilution
GCF_000567605.1,1328382.3,ceftazidime,Resistant,,,Broth dilution
GCF_000492735.1,1328384.3,ampicillin/sulbactam,Intermediate,,,Broth dilution
GCF_000492515.1,1328394.3,ampicillin,,>=32,mg/L,Broth dilution
GCF_000566905.1,1400176.3,levofloxacin,,4,mg/L,Broth dilution
GCF_000694935.1,1438811.3,imipenem,,<=1,mg/L,Broth dilution
GCF_000492735.1,1328384.3,ceftazidime,Resistant,,,Broth dilution
GCF_000566845.1,1400179.3,ceftazidime,,<=1,mg/L,Broth dilution
GCF_000566905.1,1400176.3,ceftazidime,,16,mg/L,Broth dilution
GCF_000492515.1,1328394.3,cefoxitin,,<=4,mg/L,Broth dilution
GCF_000566885.1,1400177.3,imipenem,,<=1,mg/L,Broth dilution
GCF_000566845.1,1400179.3,amikacin,,<=2,mg/L,Broth dilution
GCF_000492515.1,1328394.3,cefazolin,,<=2,mg/L,Broth dilution
GCF_000566905.1,1400176.3,imipenem,,<=1,mg/L,Broth dilution
GCF_000492515.1,1328394.3,ciprofloxacin,,<=0.25,mg/L,Broth dilution
GCF_000694935.1,1438811.3,ampicillin,,>=32,mg/L,Broth dilution
GCF_000492515.1,1328394.3,amikacin,,<=2,mg/L,Broth dilution
GCF_000492735.1,1328384.3,gentamicin,Susceptible,,,Broth dilution
GCF_000567605.1,1328382.3,cefazolin,Resistant,,,Broth dilution
GCF_000566905.1,1400176.3,cefotaxime,,>=64,mg/L,Broth dilution
GCF_000694935.1,1438811.3,levofloxacin,,0.25,mg/L,Broth dilution
GCF_000492735.1,1328384.3,imipenem,Susceptible,,,Broth dilution
GCF_000567605.1,1328382.3,imipenem,,2,mg/L,Broth dilution
GCF_000492515.1,1328394.3,nitrofurantoin,,64,mg/L,Broth dilution
GCF_000566885.1,1400177.3,ciprofloxacin,,<=0.25,mg/L,Broth dilution
GCF_002235765.1,573.14805,meropenem,,>=16,mg/L,Broth dilution
GCF_002235765.1,573.14805,imipenem,,>=16,mg/L,Broth dilution
GCF_002235765.1,573.14805,ciprofloxacin,,>=4,mg/L,Broth dilution
GCF_002235765.1,573.14805,amikacin,,>=64,mg/L,Broth dilution
GCF_002235765.1,573.14805,ertapenem,,>=8,mg/L,Broth dilution
GCF_002235765.1,573.14805,gentamicin,,4,mg/L,Broth dilution
GCF_002235765.1,573.14805,tigecycline,,2,mg/L,Disk diffusion
GCF_002235765.1,573.14805,trimethoprim/sulfamethoxazole,,>=320,mg/L,Broth dilution
GCF_002235765.1,573.14805,colistin,,<=0.5,mg/L,Disk diffusion
GCF_002845885.1,573.16473,polymyxin b,,32,mg/L,Broth dilution
GCF_002753375.1,573.15373,meropenem,Susceptible,,,Broth dilution
GCF_002753375.1,573.15373,ceftriaxone,Susceptible,,,Broth dilution
GCF_002753375.1,573.15373,piperacillin/tazobactam,Susceptible,,,Broth dilution
GCF_002753375.1,573.15373,norfloxacin,Susceptible,,,Broth dilution
GCF_002753375.1,573.15373,ticarcillin/clavulanic acid,Susceptible,,,Broth dilution
GCF_002753375.1,573.15373,tobramycin,Susceptible,,,Broth dilution
GCF_002753375.1,573.15373,amikacin,Susceptible,,,Broth dilution
GCF_002753375.1,573.15373,trimethoprim/sulfamethoxazole,Susceptible,,,Broth dilution
GCF_002753375.1,573.15373,gentamicin,Susceptible,,,Broth dilution
GCF_002753375.1,573.15373,cefazolin,Susceptible,,,Broth dilution
GCF_002753375.1,573.15373,amoxicillin/clavulanic acid,Susceptible,,,Broth dilution
GCF_002753375.1,573.15373,ceftazidime,Susceptible,,,Broth dilution
GCF_002753375.1,573.15373,trimethoprim,Susceptible,,,Broth dilution
GCF_002753375.1,573.15373,cefoxitin,Susceptible,,,Broth dilution
GCF_002753375.1,573.15373,ampicillin,Resistant,,,Broth dilution
GCF_002753375.1,573.15373,ciprofloxacin,Susceptible,,,Broth dilution
GCF_002753375.1,573.15373,cefepime,Susceptible,,,Broth dilution
GCF_003186535.1,573.18472,ciprofloxacin,Susceptible,<=0.25,mg/L,Broth dilution
GCF_003186535.1,573.18472,ceftriaxone,Resistant,>=64,mg/L,Broth dilution
GCF_003186535.1,573.18472,nitrofurantoin,Resistant,==128,mg/L,Broth dilution
GCF_003186535.1,573.18472,amoxicillin/clavulanic acid,Resistant,>=32/16,mg/L,Broth dilution
GCF_003186535.1,573.18472,ceftazidime,Resistant,==16,mg/L,Broth dilution
GCF_003186535.1,573.18472,ampicillin,Resistant,>=32,mg/L,Broth dilution
GCF_003186535.1,573.18472,levofloxacin,Susceptible,<=0.12,mg/L,Broth dilution
GCF_003186535.1,573.18472,tobramycin,Resistant,>=16,mg/L,Broth dilution
GCF_003186535.1,573.18472,amikacin,Susceptible,<=2,mg/L,Broth dilution
GCF_003186535.1,573.18472,cefepime,Susceptible,==2,mg/L,Broth dilution
GCF_003186535.1,573.18472,cefoxitin,Susceptible,<=4,mg/L,Broth dilution
GCF_003186535.1,573.18472,tetracycline,Resistant,>=16,mg/L,Broth dilution
GCF_003186535.1,573.18472,gentamicin,Susceptible,<=1,mg/L,Broth dilution
GCF_003186535.1,573.18472,piperacillin/tazobactam,Susceptible,==16/4,mg/L,Broth dilution
GCF_003186535.1,573.18472,trimethoprim/sulfamethoxazole,Resistant,<=16/304,mg/L,Broth dilution
GCF_003186535.1,573.18472,meropenem,Susceptible,>=0.25,mg/L,Broth dilution
GCF_003186535.1,573.18472,ertapenem,Susceptible,<=0.5,mg/L,Broth dilution
GCF_003571645.1,573.20063,cefepime,Resistant,>32,mg/L,Broth dilution
GCF_003571645.1,573.20063,ceftazidime,Resistant,>128,mg/L,Broth dilution
GCF_003571645.1,573.20063,colistin,,==4,mg/L,Broth dilution
GCF_003571645.1,573.20063,ciprofloxacin,Resistant,>8,mg/L,Broth dilution
GCF_003571645.1,573.20063,meropenem,Resistant,>8,mg/L,Broth dilution
GCF_003571645.1,573.20063,trimethoprim/sulfamethoxazole,Resistant,>8/152,mg/L,Broth dilution
GCF_003571645.1,573.20063,polymyxin b,,==4,mg/L,Broth dilution
GCF_003571645.1,573.20063,tobramycin,Resistant,>16,mg/L,Broth dilution
GCF_003571645.1,573.20063,ampicillin/sulbactam,Resistant,>32/16,mg/L,Broth dilution
GCF_003571645.1,573.20063,ertapenem,Resistant,>8,mg/L,Broth dilution
GCF_003571645.1,573.20063,amikacin,Resistant,>64,mg/L,Broth dilution
GCF_003571645.1,573.20063,cefoxitin,Resistant,>16,mg/L,Broth dilution
GCF_003571645.1,573.20063,gentamicin,Intermediate,==8,mg/L,Broth dilution
GCF_003571645.1,573.20063,cefotaxime,Resistant,>64,mg/L,Broth dilution
GCF_003571645.1,573.20063,cefazolin,Resistant,>8,mg/L,Broth dilution
GCF_003571645.1,573.20063,levofloxacin,Resistant,>8,mg/L,Broth dilution
GCF_003571645.1,573.20063,ampicillin,Resistant,>32,mg/L,Broth dilution
GCF_003571645.1,573.20063,doripenem,Resistant,>8,mg/L,Broth dilution
GCF_003571645.1,573.20063,piperacillin/tazobactam,Resistant,>128/4,mg/L,Broth dilution
GCF_003571645.1,573.20063,tigecycline,Susceptible,==2,mg/L,Broth dilution
GCF_003571645.1,573.20063,tetracycline,Resistant,==16,mg/L,Broth dilution
GCF_003571645.1,573.20063,amoxicillin/clavulanic acid,Resistant,>32/16,mg/L,Broth dilution
GCF_003571645.1,573.20063,aztreonam,Resistant,>64,mg/L,Broth dilution
GCF_003571645.1,573.20063,ceftriaxone,Resistant,>32,mg/L,Broth dilution
GCF_003571645.1,573.20063,imipenem,Resistant,==64,mg/L,Broth dilution
GCF_900504335.1,573.20813,colistin,Resistant,,,Broth dilution
GCF_900502405.1,573.20619,meropenem,,<=0.06,mg/L,Broth dilution
GCF_900501405.1,573.20520,meropenem,,<=0.06,mg/L,Broth dilution
GCF_900501425.1,573.20522,meropenem,,<=0.06,mg/L,Broth dilution
GCF_900503375.1,573.20716,meropenem,,<=0.06,mg/L,Broth dilution
GCF_900503525.1,573.20731,meropenem,,<=0.06,mg/L,Broth dilution
GCF_900501705.1,573.20549,meropenem,,0.12,mg/L,Broth dilution
GCF_900501905.1,573.20567,meropenem,,8,mg/L,Broth dilution
GCF_900504265.1,573.20805,meropenem,,<=0.06,mg/L,Broth dilution
GCF_900502375.1,573.20616,meropenem,,<=0.06,mg/L,Broth dilution
GCF_900503985.1,573.20775,meropenem,,<=0.06,mg/L,Broth dilution
GCF_900503365.1,573.20715,meropenem,,<=0.06,mg/L,Broth dilution
GCF_900502245.1,573.20604,meropenem,,<=0.06,mg/L,Broth dilution
GCF_900503965.1,573.20774,meropenem,,<=0.06,mg/L,Broth dilution
GCF_900504245.1,573.20803,meropenem,,<=0.06,mg/L,Broth dilution
GCF_900503205.1,573.20699,meropenem,,<=0.06,mg/L,Broth dilution
GCF_900503715.1,573.20750,meropenem,,<=0.06,mg/L,Broth dilution
GCF_900503145.1,573.20694,meropenem,,<=0.06,mg/L,Broth dilution
GCF_900503125.1,573.20692,meropenem,,<=0.06,mg/L,Broth dilution
GCF_900501505.1,573.20530,meropenem,,<=0.06,mg/L,Broth dilution
GCF_900503585.1,573.20737,meropenem,,<=0.06,mg/L,Broth dilution
GCF_900502275.1,573.20606,meropenem,,<=0.06,mg/L,Broth dilution
GCF_900504475.1,573.20826,meropenem,,<=0.06,mg/L,Broth dilution
GCF_900504485.1,573.20827,meropenem,,<=0.06,mg/L,Broth dilution
GCF_900505015.1,573.20880,meropenem,,<=0.06,mg/L,Broth dilution
GCF_900504925.1,573.20871,meropenem,,<=0.06,mg/L,Broth dilution
GCF_900503225.1,573.20701,meropenem,,<=0.06,mg/L,Broth dilution
GCF_900503385.1,573.20717,colistin,Susceptible,,,Broth dilution
GCF_900501135.1,573.20493,colistin,Susceptible,,,Broth dilution
GCF_900503005.1,573.20679,colistin,Susceptible,,,Broth dilution
GCF_900501025.1,573.20482,colistin,Susceptible,,,Broth dilution
GCF_900501055.1,573.20485,colistin,Susceptible,,,Broth dilution
GCF_900500865.1,573.20466,colistin,Susceptible,,,Broth dilution
GCF_900503065.1,573.20685,colistin,Susceptible,,,Broth dilution
GCF_900503465.1,573.20725,colistin,Susceptible,,,Broth dilution
GCF_900504425.1,573.20821,colistin,Susceptible,,,Broth dilution
GCF_900503105.1,573.20688,colistin,Susceptible,,,Broth dilution
GCF_900504715.1,573.20850,colistin,Susceptible,,,Broth dilution
GCF_900500755.1,573.20455,colistin,Resistant,,,Broth dilution
GCF_900504745.1,573.20853,colistin,Resistant,,,Broth dilution
GCF_900504675.1,573.20845,colistin,Susceptible,,,Broth dilution
GCF_900501385.1,573.20518,colistin,Susceptible,,,Broth dilution
GCF_900501015.1,573.20481,colistin,Susceptible,,,Broth dilution
GCF_900503925.1,573.20771,meropenem,,>32,mg/L,Broth dilution
GCF_900501055.1,573.20485,meropenem,,<=0.06,mg/L,Broth dilution
GCF_900503105.1,573.20688,meropenem,,<=0.06,mg/L,Broth dilution
GCF_900501135.1,573.20493,meropenem,,2,mg/L,Broth dilution
GCF_900501385.1,573.20518,meropenem,,>32,mg/L,Broth dilution
GCF_900503465.1,573.20725,meropenem,,2,mg/L,Broth dilution
GCF_900503005.1,573.20679,meropenem,,<=0.06,mg/L,Broth dilution
GCF_900500755.1,573.20455,meropenem,,<=0.06,mg/L,Broth dilution
GCF_900500865.1,573.20466,meropenem,,<=0.06,mg/L,Broth dilution
GCF_900501025.1,573.20482,meropenem,,<=0.06,mg/L,Broth dilution
GCF_900501015.1,573.20481,meropenem,,<=0.06,mg/L,Broth dilution
GCF_900503385.1,573.20717,meropenem,,<=0.06,mg/L,Broth dilution
GCF_900503065.1,573.20685,meropenem,,8,mg/L,Broth dilution
GCF_900504675.1,573.20845,meropenem,,0.12,mg/L,Broth dilution
GCF_900504715.1,573.20850,meropenem,,4,mg/L,Broth dilution
GCF_900504745.1,573.20853,meropenem,,2,mg/L,Broth dilution
GCF_900504425.1,573.20821,meropenem,,1,mg/L,Broth dilution
GCF_900503925.1,573.20771,colistin,Susceptible,,,Broth dilution
GCF_900505755.1,573.20953,meropenem,,<=0.06,mg/L,Broth dilution
GCF_900508545.1,573.21233,meropenem,,<=0.06,mg/L,Broth dilution
GCF_900507715.1,573.21150,meropenem,,<=0.06,mg/L,Broth dilution
GCF_900505495.1,573.20928,meropenem,,<=0.06,mg/L,Broth dilution
GCF_900508005.1,573.21179,meropenem,,<=0.06,mg/L,Broth dilution
GCF_900506555.1,573.21034,meropenem,,<=0.06,mg/L,Broth dilution
GCF_900508665.1,573.21245,meropenem,,<=0.06,mg/L,Broth dilution
GCF_900506335.1,573.21012,meropenem,,<=0.06,mg/L,Broth dilution
GCF_900507555.1,573.21134,meropenem,,<=0.06,mg/L,Broth dilution
GCF_900508465.1,573.21225,meropenem,,<=0.06,mg/L,Broth dilution
GCF_900507065.1,573.21085,meropenem,,2,mg/L,Broth dilution
GCF_900507845.1,573.21163,meropenem,,2,mg/L,Broth dilution
GCF_900508985.1,573.21278,meropenem,,0.12,mg/L,Broth dilution
GCF_900508635.1,573.21242,meropenem,,0.5,mg/L,Broth dilution
GCF_900508135.1,573.21192,meropenem,,<=0.06,mg/L,Broth dilution
GCF_900506655.1,573.21045,meropenem,,<=0.06,mg/L,Broth dilution
GCF_900505705.1,573.20949,meropenem,,<=0.06,mg/L,Broth dilution
GCF_900507475.1,573.21126,meropenem,,<=0.06,mg/L,Broth dilution
GCF_900505865.1,573.20965,meropenem,,<=0.06,mg/L,Broth dilution
GCF_900508165.1,573.21195,meropenem,,<=0.06,mg/L,Broth dilution
GCF_900505965.1,573.20975,meropenem,,<=0.06,mg/L,Broth dilution
GCF_900507505.1,573.21132,meropenem,,1,mg/L,Broth dilution
GCF_900507185.1,573.21098,meropenem,,<=0.06,mg/L,Broth dilution
GCF_900506415.1,573.21019,meropenem,,<=0.06,mg/L,Broth dilution
GCF_900506625.1,573.21041,meropenem,,<=0.06,mg/L,Broth dilution
GCF_900507685.1,573.21147,meropenem,,<=0.06,mg/L,Broth dilution
GCF_900506175.1,573.20996,meropenem,,0.25,mg/L,Broth dilution
GCF_900506955.1,573.21074,meropenem,,4,mg/L,Broth dilution
GCF_900507705.1,573.21149,meropenem,,<=0.06,mg/L,Broth dilution
GCF_900507155.1,573.21094,meropenem,,<=0.06,mg/L,Broth dilution
GCF_900505585.1,573.20938,meropenem,,0.5,mg/L,Broth dilution
GCF_900508255.1,573.21205,meropenem,,0.25,mg/L,Broth dilution
GCF_900507525.1,573.21129,meropenem,,<=0.06,mg/L,Broth dilution
GCF_900508845.1,573.21263,meropenem,,<=0.06,mg/L,Broth dilution
GCF_900505815.1,573.20959,meropenem,,<=0.06,mg/L,Broth dilution
GCF_900506195.1,573.20998,meropenem,,<=0.06,mg/L,Broth dilution
GCF_900506485.1,573.21027,meropenem,,<=0.06,mg/L,Broth dilution
GCF_900506205.1,573.20999,meropenem,,<=0.06,mg/L,Broth dilution
GCF_900506685.1,573.21047,meropenem,,<=0.06,mg/L,Broth dilution
GCF_900508285.1,573.21207,meropenem,,<=0.06,mg/L,Broth dilution
GCF_900508715.1,573.21250,meropenem,,>32,mg/L,Broth dilution
GCF_900508795.1,573.21258,colistin,Susceptible,,,Broth dilution
GCF_900506295.1,573.21008,colistin,Susceptible,,,Broth dilution
GCF_900505445.1,573.20923,colistin,Susceptible,,,Broth dilution
GCF_900508745.1,573.21253,colistin,Susceptible,,,Broth dilution
GCF_900507245.1,573.21103,colistin,Susceptible,,,Broth dilution
GCF_900507905.1,573.21169,colistin,Susceptible,,,Broth dilution
GCF_900507765.1,573.21156,colistin,Susceptible,,,Broth dilution
GCF_900507985.1,573.21177,colistin,Susceptible,,,Broth dilution
GCF_900508735.1,573.21252,colistin,Susceptible,,,Broth dilution
GCF_900507775.1,573.21155,colistin,Susceptible,,,Broth dilution
GCF_900507425.1,573.21121,colistin,Susceptible,,,Broth dilution
GCF_900508695.1,573.21248,colistin,Susceptible,,,Broth dilution
GCF_900507735.1,573.21152,colistin,Susceptible,,,Broth dilution
GCF_900508035.1,573.21181,colistin,Susceptible,,,Broth dilution
GCF_900507785.1,573.21157,colistin,Susceptible,,,Broth dilution
GCF_900506325.1,573.21011,colistin,Susceptible,,,Broth dilution
GCF_900508515.1,573.21230,colistin,Susceptible,,,Broth dilution
GCF_900507965.1,573.21175,colistin,Susceptible,,,Broth dilution
GCF_900508745.1,573.21253,meropenem,,>32,mg/L,Broth dilution
GCF_900505445.1,573.20923,meropenem,,1,mg/L,Broth dilution
GCF_900508795.1,573.21258,meropenem,,<=0.06,mg/L,Broth dilution
GCF_900507785.1,573.21157,meropenem,,<=0.06,mg/L,Broth dilution
GCF_900507905.1,573.21169,meropenem,,4,mg/L,Broth dilution
GCF_900506295.1,573.21008,meropenem,,2,mg/L,Broth dilution
GCF_900508735.1,573.21252,meropenem,,32,mg/L,Broth dilution
GCF_900507985.1,573.21177,meropenem,,4,mg/L,Broth dilution
GCF_900507765.1,573.21156,meropenem,,<=0.06,mg/L,Broth dilution
GCF_900508695.1,573.21248,meropenem,,0.12,mg/L,Broth dilution
GCF_900507965.1,573.21175,meropenem,,2,mg/L,Broth dilution
GCF_900508515.1,573.21230,meropenem,,<=0.06,mg/L,Broth dilution
GCF_900506325.1,573.21011,meropenem,,8,mg/L,Broth dilution
GCF_900507775.1,573.21155,meropenem,,2,mg/L,Broth dilution
GCF_900507425.1,573.21121,meropenem,,>32,mg/L,Broth dilution
GCF_900507295.1,573.21108,meropenem,,<=0.06,mg/L,Broth dilution
GCF_900507245.1,573.21103,meropenem,,<=0.06,mg/L,Broth dilution
GCF_900508035.1,573.21181,meropenem,,<=0.06,mg/L,Broth dilution
GCF_900507735.1,573.21152,meropenem,,16,mg/L,Broth dilution
GCF_900507295.1,573.21108,colistin,Susceptible,,,Broth dilution
GCF_900512205.1,573.21531,meropenem,,<=0.06,mg/L,Broth dilution
GCF_900513825.1,573.21693,meropenem,,16,mg/L,Broth dilution
GCF_900513555.1,573.21666,meropenem,,<=0.06,mg/L,Broth dilution
GCF_900511875.1,573.21498,meropenem,,<=0.06,mg/L,Broth dilution
GCF_900512575.1,573.21568,meropenem,,0.25,mg/L,Broth dilution
GCF_900513935.1,573.21704,meropenem,,4,mg/L,Broth dilution
GCF_900512695.1,573.21580,meropenem,,<=0.06,mg/L,Broth dilution
GCF_900510015.1,573.21312,meropenem,,0.25,mg/L,Broth dilution
GCF_900512225.1,573.21533,meropenem,,<=0.06,mg/L,Broth dilution
GCF_900512115.1,573.21529,meropenem,,<=0.06,mg/L,Broth dilution
GCF_900512045.1,573.21515,meropenem,,<=0.06,mg/L,Broth dilution
GCF_900512265.1,573.21537,meropenem,,<=0.06,mg/L,Broth dilution
GCF_900512085.1,573.21519,meropenem,,<=0.06,mg/L,Broth dilution
GCF_900510115.1,573.21322,meropenem,,<=0.06,mg/L,Broth dilution
GCF_900512425.1,573.21553,meropenem,,<=0.06,mg/L,Broth dilution
GCF_900511455.1,573.21456,meropenem,,0.12,mg/L,Broth dilution
GCF_900513415.1,573.21652,meropenem,,<=0.06,mg/L,Broth dilution
GCF_900513655.1,573.21676,meropenem,,<=0.06,mg/L,Broth dilution
GCF_900509985.1,573.21309,meropenem,,<=0.06,mg/L,Broth dilution
GCF_900512735.1,573.21584,meropenem,,<=0.06,mg/L,Broth dilution
GCF_900512705.1,573.21581,meropenem,,<=0.06,mg/L,Broth dilution
GCF_900512095.1,573.21520,meropenem,,<=0.06,mg/L,Broth dilution
GCF_900509125.1,573.21291,meropenem,,<=0.06,mg/L,Broth dilution
GCF_900512135.1,573.21523,meropenem,,<=0.06,mg/L,Broth dilution
GCF_900513175.1,573.21628,meropenem,,<=0.06,mg/L,Broth dilution
GCF_900512475.1,573.21558,meropenem,,<=0.06,mg/L,Broth dilution
GCF_900512825.1,573.21593,meropenem,,<=0.06,mg/L,Broth dilution
GCF_900512145.1,573.21524,meropenem,,0.12,mg/L,Broth dilution
GCF_900512955.1,573.21606,meropenem,,<=0.06,mg/L,Broth dilution
GCF_900511995.1,573.21510,meropenem,,<=0.06,mg/L,Broth dilution
GCF_900509115.1,573.21290,meropenem,,<=0.06,mg/L,Broth dilution
GCF_900511165.1,573.21427,colistin,Susceptible,,,Broth dilution
GCF_900510395.1,573.21350,colistin,Susceptible,,,Broth dilution
GCF_900513075.1,573.21618,colistin,Susceptible,,,Broth dilution
GCF_900512865.1,573.21594,colistin,Susceptible,,,Broth dilution
GCF_900511675.1,573.21477,colistin,Susceptible,,,Broth dilution
GCF_900511085.1,573.21419,colistin,Susceptible,,,Broth dilution
GCF_900510465.1,573.21357,colistin,Susceptible,,,Broth dilution
GCF_900509025.1,573.21280,colistin,Susceptible,,,Broth dilution
GCF_900512945.1,573.21605,colistin,Susceptible,,,Broth dilution
GCF_900511265.1,573.21436,colistin,Susceptible,,,Broth dilution
GCF_900513275.1,573.21637,colistin,Susceptible,,,Broth dilution
GCF_900510725.1,573.21383,colistin,Susceptible,,,Broth dilution
GCF_900513745.1,573.21685,colistin,Susceptible,,,Broth dilution
GCF_900511325.1,573.21443,colistin,Susceptible,,,Broth dilution
GCF_900512875.1,573.21597,colistin,Resistant,,,Broth dilution
GCF_900512985.1,573.21609,colistin,Susceptible,,,Broth dilution
GCF_900512665.1,573.21577,colistin,Susceptible,,,Broth dilution
GCF_900511695.1,573.21479,colistin,Susceptible,,,Broth dilution
GCF_900512405.1,573.21551,colistin,Susceptible,,,Broth dilution
GCF_900509905.1,573.21301,colistin,Susceptible,,,Broth dilution
GCF_900511615.1,573.21472,colistin,Susceptible,,,Broth dilution
GCF_900510445.1,573.21355,colistin,Susceptible,,,Broth dilution
GCF_900510425.1,573.21353,colistin,Susceptible,,,Broth dilution
GCF_900513145.1,573.21625,colistin,Susceptible,,,Broth dilution
GCF_900510665.1,573.21377,colistin,Susceptible,,,Broth dilution
GCF_900513125.1,573.21623,colistin,Susceptible,,,Broth dilution
GCF_900511335.1,573.21444,colistin,Susceptible,,,Broth dilution
GCF_900513115.1,573.21622,colistin,Susceptible,,,Broth dilution
GCF_900513075.1,573.21618,meropenem,,<=0.06,mg/L,Broth dilution
GCF_900512875.1,573.21597,meropenem,,>32,mg/L,Broth dilution
GCF_900511675.1,573.21477,meropenem,,<=0.06,mg/L,Broth dilution
GCF_900511615.1,573.21472,meropenem,,0.12,mg/L,Broth dilution
GCF_900511265.1,573.21436,meropenem,,<=0.06,mg/L,Broth dilution
GCF_900510395.1,573.21350,meropenem,,<=0.06,mg/L,Broth dilution
GCF_900512945.1,573.21605,meropenem,,<=0.06,mg/L,Broth dilution
GCF_900513145.1,573.21625,meropenem,,<=0.06,mg/L,Broth dilution
GCF_900510425.1,573.21353,meropenem,,2,mg/L,Broth dilution
GCF_900510665.1,573.21377,meropenem,,<=0.06,mg/L,Broth dilution
GCF_900513125.1,573.21623,meropenem,,<=0.06,mg/L,Broth dilution
GCF_900510465.1,573.21357,meropenem,,2,mg/L,Broth dilution
GCF_900511695.1,573.21479,meropenem,,<=0.06,mg/L,Broth dilution
GCF_900511085.1,573.21419,meropenem,,<=0.06,mg/L,Broth dilution
GCF_900510445.1,573.21355,meropenem,,<=0.06,mg/L,Broth dilution
GCF_900511165.1,573.21427,meropenem,,<=0.06,mg/L,Broth dilution
GCF_900511325.1,573.21443,meropenem,,0.5,mg/L,Broth dilution
GCF_900513275.1,573.21637,meropenem,,<=0.06,mg/L,Broth dilution
GCF_900512865.1,573.21594,meropenem,,<=0.06,mg/L,Broth dilution
GCF_900512405.1,573.21551,meropenem,,4,mg/L,Broth dilution
GCF_900513745.1,573.21685,meropenem,,1,mg/L,Broth dilution
GCF_900513115.1,573.21622,meropenem,,16,mg/L,Broth dilution
GCF_900512985.1,573.21609,meropenem,,<=0.06,mg/L,Broth dilution
GCF_900509025.1,573.21280,meropenem,,4,mg/L,Broth dilution
GCF_900512035.1,573.21514,meropenem,,2,mg/L,Broth dilution
GCF_900512665.1,573.21577,meropenem,,1,mg/L,Broth dilution
GCF_900511335.1,573.21444,meropenem,,<=0.06,mg/L,Broth dilution
GCF_900510725.1,573.21383,meropenem,,<=0.06,mg/L,Broth dilution
GCF_900509905.1,573.21301,meropenem,,<=0.06,mg/L,Broth dilution
GCF_900512035.1,573.21514,colistin,Susceptible,,,Broth dilution
GCF_900517545.1,573.22065,colistin,Susceptible,,,Broth dilution
GCF_900516075.1,573.21918,meropenem,,<=0.06,mg/L,Broth dilution
GCF_900514035.1,573.21714,meropenem,,16,mg/L,Broth dilution
GCF_900517825.1,573.22093,meropenem,,<=0.06,mg/L,Broth dilution
GCF_900513965.1,573.21707,meropenem,,<=0.06,mg/L,Broth dilution
GCF_900516975.1,573.22008,meropenem,,0.12,mg/L,Broth dilution
GCF_900516955.1,573.22006,meropenem,,<=0.06,mg/L,Broth dilution
GCF_900515245.1,573.21835,meropenem,,<=0.06,mg/L,Broth dilution
GCF_900517105.1,573.22021,meropenem,,<=0.06,mg/L,Broth dilution
GCF_900514425.1,573.21753,meropenem,,<=0.06,mg/L,Broth dilution
GCF_900517035.1,573.22014,meropenem,,<=0.06,mg/L,Broth dilution
GCF_900514375.1,573.21749,meropenem,,<=0.06,mg/L,Broth dilution
GCF_900517605.1,573.22072,colistin,Susceptible,,,Broth dilution
GCF_900516655.1,573.21974,colistin,Susceptible,,,Broth dilution
GCF_900515865.1,573.21897,colistin,Susceptible,,,Broth dilution
GCF_900514665.1,573.21777,colistin,Susceptible,,,Broth dilution
GCF_900515705.1,573.21880,colistin,Susceptible,,,Broth dilution
GCF_900514415.1,573.21752,colistin,Susceptible,,,Broth dilution
GCF_900517285.1,573.22039,colistin,Susceptible,,,Broth dilution
GCF_900517355.1,573.22046,colistin,Susceptible,,,Broth dilution
GCF_900516215.1,573.21935,colistin,Susceptible,,,Broth dilution
GCF_900517595.1,573.22070,colistin,Susceptible,,,Broth dilution
GCF_900517205.1,573.22031,colistin,Susceptible,,,Broth dilution
GCF_900514595.1,573.21770,colistin,Susceptible,,,Broth dilution
GCF_900517175.1,573.22028,colistin,Susceptible,,,Broth dilution
GCF_900517755.1,573.22086,colistin,Susceptible,,,Broth dilution
GCF_900517435.1,573.22054,colistin,Susceptible,,,Broth dilution
GCF_900516355.1,573.21946,colistin,Susceptible,,,Broth dilution
GCF_900515995.1,573.21910,colistin,Susceptible,,,Broth dilution
GCF_900515105.1,573.21821,colistin,Susceptible,,,Broth dilution
GCF_900516735.1,573.21984,colistin,Susceptible,,,Broth dilution
GCF_900514155.1,573.21726,colistin,Susceptible,,,Broth dilution
GCF_900517575.1,573.22068,colistin,Susceptible,,,Broth dilution
GCF_900517245.1,573.22035,colistin,Susceptible,,,Broth dilution
GCF_900516525.1,573.21963,colistin,Susceptible,,,Broth dilution
GCF_900514705.1,573.21781,colistin,Susceptible,,,Broth dilution
GCF_900514105.1,573.21721,colistin,Susceptible,,,Broth dilution
GCF_900517495.1,573.22060,colistin,Susceptible,,,Broth dilution
GCF_900517505.1,573.22061,colistin,Susceptible,,,Broth dilution
GCF_900516365.1,573.21947,colistin,Susceptible,,,Broth dilution
GCF_900516125.1,573.21923,colistin,Susceptible,,,Broth dilution
GCF_900516165.1,573.21926,colistin,Susceptible,,,Broth dilution
GCF_900516405.1,573.21951,colistin,Susceptible,,,Broth dilution
GCF_900517205.1,573.22031,meropenem,,<=0.06,mg/L,Broth dilution
GCF_900514705.1,573.21781,meropenem,,<=0.06,mg/L,Broth dilution
GCF_900516525.1,573.21963,meropenem,,1,mg/L,Broth dilution
GCF_900514595.1,573.21770,meropenem,,<=0.06,mg/L,Broth dilution
GCF_900515865.1,573.21897,meropenem,,<=0.06,mg/L,Broth dilution
GCF_900517505.1,573.22061,meropenem,,1,mg/L,Broth dilution
GCF_900517435.1,573.22054,meropenem,,<=0.06,mg/L,Broth dilution
GCF_900517755.1,573.22086,meropenem,,<=0.06,mg/L,Broth dilution
GCF_900514665.1,573.21777,meropenem,,<=0.06,mg/L,Broth dilution
GCF_900517595.1,573.22070,meropenem,,<=0.06,mg/L,Broth dilution
GCF_900517175.1,573.22028,meropenem,,<=0.06,mg/L,Broth dilution
GCF_900516105.1,573.21921,meropenem,,<=0.06,mg/L,Broth dilution
GCF_900516355.1,573.21946,meropenem,,0.12,mg/L,Broth dilution
GCF_900516245.1,573.21934,meropenem,,>32,mg/L,Broth dilution
GCF_900515995.1,573.21910,meropenem,,<=0.06,mg/L,Broth dilution
GCF_900517245.1,573.22035,meropenem,,<=0.06,mg/L,Broth dilution
GCF_900517575.1,573.22068,meropenem,,32,mg/L,Broth dilution
GCF_900517605.1,573.22072,meropenem,,<=0.06,mg/L,Broth dilution
GCF_900517765.1,573.22087,meropenem,,<=0.06,mg/L,Broth dilution
GCF_900517355.1,573.22046,meropenem,,<=0.06,mg/L,Broth dilution
GCF_900516215.1,573.21935,meropenem,,<=0.06,mg/L,Broth dilution
GCF_900514105.1,573.21721,meropenem,,<=0.06,mg/L,Broth dilution
GCF_900516655.1,573.21974,meropenem,,0.5,mg/L,Broth dilution
GCF_900516365.1,573.21947,meropenem,,>32,mg/L,Broth dilution
GCF_900514985.1,573.21809,meropenem,,<=0.06,mg/L,Broth dilution
GCF_900516735.1,573.21984,meropenem,,<=0.06,mg/L,Broth dilution
GCF_900517495.1,573.22060,meropenem,,<=0.06,mg/L,Broth dilution
GCF_900514155.1,573.21726,meropenem,,<=0.06,mg/L,Broth dilution
GCF_900515105.1,573.21821,meropenem,,<=0.06,mg/L,Broth dilution
GCF_900516405.1,573.21951,meropenem,,4,mg/L,Broth dilution
GCF_900516125.1,573.21923,meropenem,,<=0.06,mg/L,Broth dilution
GCF_900514415.1,573.21752,meropenem,,<=0.06,mg/L,Broth dilution
GCF_900515705.1,573.21880,meropenem,,4,mg/L,Broth dilution
GCF_900516165.1,573.21926,meropenem,,8,mg/L,Broth dilution
GCF_900517285.1,573.22039,meropenem,,<=0.06,mg/L,Broth dilution
GCF_900516105.1,573.21921,colistin,Susceptible,,,Broth dilution
GCF_900514985.1,573.21809,colistin,Susceptible,,,Broth dilution
GCF_900517765.1,573.22087,colistin,Susceptible,,,Broth dilution
GCF_900516245.1,573.21934,colistin,Resistant,,,Broth dilution
GCF_003664955.1,573.22567,ceftazidime,Susceptible,,,
GCF_003664915.1,573.22566,florfenicol,Resistant,,,Broth dilution
GCF_003664765.1,573.22559,imipenem,Susceptible,,,
GCF_003664955.1,573.22567,amikacin,Susceptible,,,
GCF_003664915.1,573.22566,amoxicillin/clavulanic acid,Resistant,,,
GCF_003664765.1,573.22559,colistin,Susceptible,,,
GCF_003664915.1,573.22566,piperacillin/tazobactam,Resistant,,,
GCF_003664955.1,573.22567,ciprofloxacin,Resistant,,,
GCF_003664915.1,573.22566,amikacin,Susceptible,,,
GCF_003664765.1,573.22559,ceftazidime,Susceptible,,,
GCF_003664765.1,573.22559,fosfomycin,Resistant,,,
GCF_003664955.1,573.22567,colistin,Susceptible,,,
GCF_003664915.1,573.22566,nitrofurantoin,Resistant,,,
GCF_003664765.1,573.22559,cefotaxime,Resistant,,,
GCF_003664915.1,573.22566,meropenem,Susceptible,,,
GCF_003664765.1,573.22559,ciprofloxacin,Resistant,,,
GCF_003664915.1,573.22566,trimethoprim/sulfamethoxazole,Resistant,,,
GCF_003664765.1,573.22559,tetracycline,Resistant,,,
GCF_003664915.1,573.22566,ciprofloxacin,Resistant,,,
GCF_003664955.1,573.22567,trimethoprim/sulfamethoxazole,Resistant,,,
GCF_003664955.1,573.22567,gentamicin,Resistant,,,
GCF_003664915.1,573.22566,tetracycline,Resistant,,,
GCF_003664765.1,573.22559,nitrofurantoin,Resistant,,,
GCF_003664955.1,573.22567,cefotaxime,Resistant,,,
GCF_003664915.1,573.22566,colistin,Susceptible,,,
GCF_003664765.1,573.22559,meropenem,Susceptible,,,
GCF_003664955.1,573.22567,tetracycline,Resistant,,,
GCF_003664955.1,573.22567,amoxicillin/clavulanic acid,Resistant,,,
GCF_003664915.1,573.22566,imipenem,Susceptible,,,
GCF_003664915.1,573.22566,cefotaxime,Resistant,,,
GCF_003664915.1,573.22566,fosfomycin,Resistant,,,
GCF_003664955.1,573.22567,meropenem,Susceptible,,,
GCF_003664955.1,573.22567,ertapenem,Susceptible,,,
GCF_003664955.1,573.22567,tigecycline,Susceptible,,,
GCF_003664955.1,573.22567,nitrofurantoin,Intermediate,,,
GCF_003664915.1,573.22566,ceftazidime,Susceptible,,,
GCF_003664955.1,573.22567,imipenem,Susceptible,,,
GCF_003664955.1,573.22567,florfenicol,Susceptible,,,Broth dilution
GCF_003664765.1,573.22559,gentamicin,Resistant,,,
GCF_003664955.1,573.22567,fosfomycin,Resistant,,,
GCF_003664915.1,573.22566,ertapenem,Susceptible,,,
GCF_003664765.1,573.22559,amoxicillin/clavulanic acid,Resistant,,,
GCF_003664765.1,573.22559,amikacin,Susceptible,,,
GCF_003664765.1,573.22559,ertapenem,Susceptible,,,
GCF_003664765.1,573.22559,florfenicol,Resistant,,,Broth dilution
GCF_003664955.1,573.22567,ertapenem,,0.05,mg/L,Broth dilution
GCF_003664765.1,573.22559,florfenicol,,32,mg/L,Broth dilution
GCF_003664915.1,573.22566,ceftazidime,,0.5,mg/L,Broth dilution
GCF_003664915.1,573.22566,gentamicin,,32,mg/L,Broth dilution
GCF_003664765.1,573.22559,gentamicin,,16,mg/L,Broth dilution
GCF_003664955.1,573.22567,amikacin,,2,mg/L,Broth dilution
GCF_003664765.1,573.22559,fosfomycin,,256,mg/L,Broth dilution
GCF_003664765.1,573.22559,nitrofurantoin,,128,mg/L,Broth dilution
GCF_003664915.1,573.22566,trimethoprim/sulfamethoxazole,,>16,mg/L,Broth dilution
GCF_003664765.1,573.22559,tetracycline,,128,mg/L,Broth dilution
GCF_003664915.1,573.22566,cefotaxime,,8,mg/L,Broth dilution
GCF_003664765.1,573.22559,imipenem,,0.125,mg/L,Broth dilution
GCF_003664955.1,573.22567,imipenem,,0.125,mg/L,Broth dilution
GCF_003664955.1,573.22567,trimethoprim/sulfamethoxazole,,8,mg/L,Broth dilution
GCF_003664765.1,573.22559,piperacillin/tazobactam,,4,mg/L,Broth dilution
GCF_003664915.1,573.22566,imipenem,,0.125,mg/L,Broth dilution
GCF_003664955.1,573.22567,meropenem,,0.015,mg/L,Broth dilution
GCF_003664915.1,573.22566,colistin,,125,mg/L,Broth dilution
GCF_003664955.1,573.22567,ciprofloxacin,,0.5,mg/L,Broth dilution
GCF_003664915.1,573.22566,meropenem,,0.015,mg/L,Broth dilution
GCF_003664915.1,573.22566,tigecycline,,2,mg/L,Broth dilution
GCF_003664765.1,573.22559,amikacin,,2,mg/L,Broth dilution
GCF_003664915.1,573.22566,amikacin,,4,mg/L,Broth dilution
GCF_003664765.1,573.22559,ceftazidime,,1,mg/L,Broth dilution
GCF_003664955.1,573.22567,nitrofurantoin,,64,mg/L,Broth dilution
GCF_003664915.1,573.22566,ciprofloxacin,,16,mg/L,Broth dilution
GCF_003664955.1,573.22567,amoxicillin/clavulanic acid,,32,mg/L,Broth dilution
GCF_003664765.1,573.22559,tigecycline,,1,mg/L,Broth dilution
GCF_003664915.1,573.22566,fosfomycin,,256,mg/L,Broth dilution
GCF_003664915.1,573.22566,tetracycline,,128,mg/L,Broth dilution
GCF_003664955.1,573.22567,colistin,,0.06,mg/L,Broth dilution
GCF_003664915.1,573.22566,piperacillin/tazobactam,,256,mg/L,Broth dilution
GCF_003664915.1,573.22566,nitrofurantoin,,256,mg/L,Broth dilution
GCF_003664765.1,573.22559,colistin,,0.125,mg/L,Broth dilution
GCF_003664765.1,573.22559,meropenem,,0.015,mg/L,Broth dilution
GCF_003664765.1,573.22559,cefotaxime,,8,mg/L,Broth dilution
GCF_003664955.1,573.22567,ceftazidime,,1,mg/L,Broth dilution
GCF_003664955.1,573.22567,piperacillin/tazobactam,,256,mg/L,Broth dilution
GCF_003664915.1,573.22566,florfenicol,,>32,mg/L,Broth dilution
GCF_003664915.1,573.22566,amoxicillin/clavulanic acid,,16,mg/L,Broth dilution
GCF_003664765.1,573.22559,amoxicillin/clavulanic acid,,16,mg/L,Broth dilution
GCF_003664765.1,573.22559,trimethoprim/sulfamethoxazole,,8,mg/L,Broth dilution
GCF_003664765.1,573.22559,ertapenem,,0.015,mg/L,Broth dilution
GCF_003664955.1,573.22567,tigecycline,,4,mg/L,Broth dilution
GCF_003664955.1,573.22567,cefotaxime,,>32,mg/L,Broth dilution
GCF_003664955.1,573.22567,fosfomycin,,>256,mg/L,Broth dilution
GCF_003664955.1,573.22567,florfenicol,,2,mg/L,Broth dilution
GCF_003664765.1,573.22559,ciprofloxacin,,4,mg/L,Broth dilution
GCF_003664915.1,573.22566,ertapenem,,0.06,mg/L,Broth dilution
GCF_003664765.1,573.22559,tigecycline,,1,mg/L,
GCF_003664955.1,573.22567,tetracycline,,128,mg/L,Broth dilution
GCF_003664955.1,573.22567,gentamicin,,64,mg/L,Broth dilution
GCF_003664915.1,573.22566,gentamicin,Resistant,,,
GCF_003664955.1,573.22567,piperacillin/tazobactam,Resistant,,,
GCF_003664765.1,573.22559,piperacillin/tazobactam,Resistant,,,
GCF_003664765.1,573.22559,trimethoprim/sulfamethoxazole,Resistant,,,
GCF_003664915.1,573.22566,tigecycline,Intermediate,,,
GCF_003664865.1,573.22564,fosfomycin,Resistant,,,
GCF_003664865.1,573.22564,ciprofloxacin,Resistant,,,
GCF_003664865.1,573.22564,amoxicillin/clavulanic acid,Resistant,,,
GCF_003664865.1,573.22564,piperacillin/tazobactam,Resistant,,,
GCF_003664865.1,573.22564,trimethoprim/sulfamethoxazole,Resistant,,,
GCF_003664865.1,573.22564,ceftazidime,Intermediate,,,
GCF_003664865.1,573.22564,imipenem,Susceptible,,,
GCF_003664865.1,573.22564,ceftazidime,Intermediate,,,
GCF_003664865.1,573.22564,imipenem,Susceptible,,,
GCF_003664865.1,573.22564,amikacin,Susceptible,,,
GCF_003664865.1,573.22564,gentamicin,Resistant,,,
GCF_003664865.1,573.22564,trimethoprim/sulfamethoxazole,Resistant,,,
GCF_003664865.1,573.22564,tetracycline,Resistant,,,
GCF_003664865.1,573.22564,florfenicol,Resistant,,,Broth dilution
GCF_003664865.1,573.22564,ciprofloxacin,Resistant,,,
GCF_003664865.1,573.22564,florfenicol,Resistant,,,Broth dilution
GCF_003664865.1,573.22564,meropenem,Susceptible,,,
GCF_003664865.1,573.22564,tigecycline,Intermediate,,,
GCF_003664865.1,573.22564,fosfomycin,Resistant,,,
GCF_003664865.1,573.22564,amoxicillin/clavulanic acid,Resistant,,,
GCF_003664865.1,573.22564,gentamicin,Resistant,,,
GCF_003664865.1,573.22564,ertapenem,Susceptible,,,
GCF_003664865.1,573.22564,amikacin,Susceptible,,,
GCF_003664865.1,573.22564,ertapenem,Susceptible,,,
GCF_003664865.1,573.22564,nitrofurantoin,Resistant,,,
GCF_003664865.1,573.22564,imipenem,,0.25,mg/L,Broth dilution
GCF_003664865.1,573.22564,gentamicin,,32,mg/L,Broth dilution
GCF_003664865.1,573.22564,ertapenem,,0.015,mg/L,Broth dilution
GCF_003664865.1,573.22564,ceftazidime,,2,mg/L,Broth dilution
GCF_003664865.1,573.22564,nitrofurantoin,,256,mg/L,Broth dilution
GCF_003664865.1,573.22564,colistin,,0.125,mg/L,Broth dilution
GCF_003664865.1,573.22564,tigecycline,,2,mg/L,Broth dilution
GCF_003664865.1,573.22564,amikacin,,4,mg/L,Broth dilution
GCF_003664865.1,573.22564,trimethoprim/sulfamethoxazole,,>16,mg/L,Broth dilution
GCF_003664865.1,573.22564,ciprofloxacin,,16,mg/L,Broth dilution
GCF_003664865.1,573.22564,piperacillin/tazobactam,,32,mg/L,Broth dilution
GCF_003664865.1,573.22564,imipenem,,0.25,mg/L,Broth dilution
GCF_003664865.1,573.22564,fosfomycin,,256,mg/L,Broth dilution
GCF_003664865.1,573.22564,colistin,,0.125,mg/L,Broth dilution
GCF_003664865.1,573.22564,trimethoprim/sulfamethoxazole,,>16,mg/L,Broth dilution
GCF_003664865.1,573.22564,fosfomycin,,256,mg/L,Broth dilution
GCF_003664865.1,573.22564,cefotaxime,,2,mg/L,Broth dilution
GCF_003664865.1,573.22564,gentamicin,,32,mg/L,Broth dilution
GCF_003664865.1,573.22564,tetracycline,,128,mg/L,Broth dilution
GCF_003664865.1,573.22564,amoxicillin/clavulanic acid,,16,mg/L,Broth dilution
GCF_003664865.1,573.22564,meropenem,,0.015,mg/L,Broth dilution
GCF_003664865.1,573.22564,cefotaxime,,2,mg/L,Broth dilution
GCF_003664865.1,573.22564,piperacillin/tazobactam,,32,mg/L,Broth dilution
GCF_003664865.1,573.22564,ciprofloxacin,,16,mg/L,Broth dilution
GCF_003664865.1,573.22564,florfenicol,,>32,mg/L,Broth dilution
GCF_003664865.1,573.22564,amoxicillin/clavulanic acid,,16,mg/L,Broth dilution
GCF_003664865.1,573.22564,amikacin,,4,mg/L,Broth dilution
GCF_003664865.1,573.22564,meropenem,,0.015,mg/L,Broth dilution
GCF_003664865.1,573.22564,tetracycline,,128,mg/L,Broth dilution
GCF_003664865.1,573.22564,ceftazidime,,2,mg/L,Broth dilution
GCF_003664865.1,573.22564,ertapenem,,0.015,mg/L,Broth dilution
GCF_003664865.1,573.22564,colistin,Susceptible,,,
GCF_003664865.1,573.22564,colistin,Susceptible,,,
GCF_003664865.1,573.22564,cefotaxime,Intermediate,,,
GCF_003664865.1,573.22564,meropenem,Susceptible,,,
GCF_003664865.1,573.22564,piperacillin/tazobactam,Resistant,,,
GCF_003664865.1,573.22564,cefotaxime,Intermediate,,,
GCF_003937475.1,573.23219,amikacin,Susceptible,,,Disk diffusion
GCF_003965135.1,573.23233,amikacin,Susceptible,,,Disk diffusion
GCF_003936425.1,573.23198,trimethoprim/sulfamethoxazole,Resistant,,,Disk diffusion
GCF_003936515.1,573.23203,fosfomycin,Susceptible,,,Disk diffusion
GCF_003937465.1,573.23218,aztreonam,Resistant,,,Disk diffusion
GCF_003937005.1,573.23204,levofloxacin,Resistant,,,Disk diffusion
GCF_003965135.1,573.23233,trimethoprim/sulfamethoxazole,Resistant,,,Disk diffusion
GCF_003937235.1,573.23215,doxycycline,Resistant,,,Disk diffusion
GCF_003937145.1,573.23212,trimethoprim/sulfamethoxazole,Resistant,,,Disk diffusion
GCF_003936375.1,573.23197,aztreonam,Resistant,,,Disk diffusion
GCF_003937005.1,573.23204,amikacin,Resistant,,,Disk diffusion
GCF_003937145.1,573.23212,levofloxacin,Susceptible,,,Disk diffusion
GCF_003965135.1,573.23233,minocycline,Resistant,,,Disk diffusion
GCF_003937475.1,573.23219,piperacillin/tazobactam,Susceptible,,,Disk diffusion
GCF_003937465.1,573.23218,piperacillin/tazobactam,Resistant,,,Disk diffusion
GCF_003936375.1,573.23197,fosfomycin,Susceptible,,,Disk diffusion
GCF_003937075.1,573.23208,doxycycline,Intermediate,,,Disk diffusion
GCF_003937005.1,573.23204,aztreonam,Resistant,,,Disk diffusion
GCF_003965135.1,573.23233,cefepime,Resistant,,,Disk diffusion
GCF_003936515.1,573.23203,cefepime,Resistant,,,Disk diffusion
GCF_003937475.1,573.23219,cefepime,Intermediate,,,Disk diffusion
GCF_003937075.1,573.23208,ceftazidime,Susceptible,,,Disk diffusion
GCF_003965135.1,573.23233,levofloxacin,Resistant,,,Disk diffusion
GCF_003936375.1,573.23197,doxycycline,Resistant,,,Disk diffusion
GCF_003937465.1,573.23218,tigecycline,Susceptible,,,Disk diffusion
GCF_003936375.1,573.23197,gentamicin,Resistant,,,Disk diffusion
GCF_003937465.1,573.23218,amikacin,Resistant,,,Disk diffusion
GCF_003936375.1,573.23197,ceftriaxone,Resistant,,,Disk diffusion
GCF_003937465.1,573.23218,nitrofurantoin,Resistant,,,Disk diffusion
GCF_003936425.1,573.23198,nitrofurantoin,Susceptible,,,Disk diffusion
GCF_003937145.1,573.23212,ampicillin,Resistant,,,Disk diffusion
GCF_003937475.1,573.23219,gentamicin,Susceptible,,,Disk diffusion
GCF_003937145.1,573.23212,tigecycline,Susceptible,,,Disk diffusion
GCF_003937145.1,573.23212,cefepime,Intermediate,,,Disk diffusion
GCF_003937145.1,573.23212,fosfomycin,Susceptible,,,Disk diffusion
GCF_003937475.1,573.23219,minocycline,Susceptible,,,Disk diffusion
GCF_003936375.1,573.23197,ceftazidime/avibactam,Susceptible,,,Disk diffusion
GCF_003937475.1,573.23219,cefazolin,Resistant,,,Disk diffusion
GCF_003936515.1,573.23203,ampicillin/sulbactam,Resistant,,,Disk diffusion
GCF_003937145.1,573.23212,ciprofloxacin,Susceptible,,,Disk diffusion
GCF_003937075.1,573.23208,amikacin,Susceptible,,,Disk diffusion
GCF_003937075.1,573.23208,levofloxacin,Susceptible,,,Disk diffusion
GCF_003937465.1,573.23218,ceftazidime/avibactam,Resistant,,,Disk diffusion
GCF_003936375.1,573.23197,tigecycline,Susceptible,,,Disk diffusion
GCF_003937465.1,573.23218,imipenem,Resistant,,,Disk diffusion
GCF_003937075.1,573.23208,aztreonam,Intermediate,,,Disk diffusion
GCF_003936375.1,573.23197,ceftazidime,Intermediate,,,Disk diffusion
GCF_003965135.1,573.23233,tigecycline,Intermediate,,,Disk diffusion
GCF_003936515.1,573.23203,gentamicin,Susceptible,,,Disk diffusion
GCF_003936515.1,573.23203,imipenem,Susceptible,,,Disk diffusion
GCF_003937075.1,573.23208,minocycline,Susceptible,,,Disk diffusion
GCF_003936425.1,573.23198,fosfomycin,Susceptible,,,Disk diffusion
GCF_003937465.1,573.23218,minocycline,Susceptible,,,Disk diffusion
GCF_003937005.1,573.23204,doxycycline,Susceptible,,,Disk diffusion
GCF_003937005.1,573.23204,ceftazidime/avibactam,Resistant,,,Disk diffusion
GCF_003937005.1,573.23204,cefazolin,Resistant,,,Disk diffusion
GCF_003936515.1,573.23203,piperacillin/tazobactam,Susceptible,,,Disk diffusion
GCF_003937465.1,573.23218,meropenem,Resistant,,,Disk diffusion
GCF_003937235.1,573.23215,piperacillin/tazobactam,Susceptible,,,Disk diffusion
GCF_003936425.1,573.23198,ampicillin/sulbactam,Resistant,,,Disk diffusion
GCF_003937145.1,573.23212,ampicillin/sulbactam,Susceptible,,,Disk diffusion
GCF_003936375.1,573.23197,nitrofurantoin,Susceptible,,,Disk diffusion
GCF_003937235.1,573.23215,ampicillin,Resistant,,,Disk diffusion
GCF_003936425.1,573.23198,cefepime,Resistant,,,Disk diffusion
GCF_003937475.1,573.23219,fosfomycin,Susceptible,,,Disk diffusion
GCF_003937465.1,573.23218,ceftazidime,Resistant,,,Disk diffusion
GCF_003937075.1,573.23208,ciprofloxacin,Susceptible,,,Disk diffusion
GCF_003937235.1,573.23215,fosfomycin,Susceptible,,,Disk diffusion
GCF_003937475.1,573.23219,ampicillin/sulbactam,Susceptible,,,Disk diffusion
GCF_003937235.1,573.23215,ceftriaxone,Resistant,,,Disk diffusion
GCF_003937005.1,573.23204,tigecycline,Susceptible,,,Disk diffusion
GCF_003936515.1,573.23203,ceftriaxone,Resistant,,,Disk diffusion
GCF_003965135.1,573.23233,ciprofloxacin,Resistant,,,Disk diffusion
GCF_003937235.1,573.23215,ceftazidime,Resistant,,,Disk diffusion
GCF_003937075.1,573.23208,gentamicin,Susceptible,,,Disk diffusion
GCF_003965135.1,573.23233,doxycycline,Resistant,,,Disk diffusion
GCF_003937145.1,573.23212,ceftazidime/avibactam,Susceptible,,,Disk diffusion
GCF_003965135.1,573.23233,imipenem,Susceptible,,,Disk diffusion
GCF_003936515.1,573.23203,minocycline,Resistant,,,Disk diffusion
GCF_003937475.1,573.23219,ampicillin,Resistant,,,Disk diffusion
GCF_003937235.1,573.23215,ampicillin/sulbactam,Resistant,,,Disk diffusion
GCF_003937145.1,573.23212,ceftazidime,Intermediate,,,Disk diffusion
GCF_003937145.1,573.23212,nitrofurantoin,Susceptible,,,Disk diffusion
GCF_003937145.1,573.23212,piperacillin/tazobactam,Susceptible,,,Disk diffusion
GCF_003936515.1,573.23203,amikacin,Susceptible,,,Disk diffusion
GCF_003937235.1,573.23215,amikacin,Susceptible,,,Disk diffusion
GCF_003937145.1,573.23212,doxycycline,Resistant,,,Disk diffusion
GCF_003936515.1,573.23203,trimethoprim/sulfamethoxazole,Resistant,,,Disk diffusion
GCF_003936515.1,573.23203,ceftazidime,Resistant,,,Disk diffusion
GCF_003937235.1,573.23215,cefepime,Resistant,,,Disk diffusion
GCF_003936375.1,573.23197,cefotetan,Susceptible,,,Disk diffusion
GCF_003965135.1,573.23233,ceftazidime/avibactam,Susceptible,,,Disk diffusion
GCF_003965135.1,573.23233,ceftriaxone,Resistant,,,Disk diffusion
GCF_003937475.1,573.23219,nitrofurantoin,Susceptible,,,Disk diffusion
GCF_003936375.1,573.23197,ampicillin/sulbactam,Resistant,,,Disk diffusion
GCF_003937475.1,573.23219,ceftriaxone,Resistant,,,Disk diffusion
GCF_003936515.1,573.23203,cefazolin,Resistant,,,Disk diffusion
GCF_003936425.1,573.23198,doxycycline,Resistant,,,Disk diffusion
GCF_003936375.1,573.23197,cefazolin,Resistant,,,Disk diffusion
GCF_003937235.1,573.23215,meropenem,Susceptible,,,Disk diffusion
GCF_003937465.1,573.23218,ceftriaxone,Resistant,,,Disk diffusion
GCF_003937005.1,573.23204,ceftazidime,Resistant,,,Disk diffusion
GCF_003937475.1,573.23219,ciprofloxacin,Susceptible,,,Disk diffusion
GCF_003937465.1,573.23218,ampicillin,Resistant,,,Disk diffusion
GCF_003937075.1,573.23208,nitrofurantoin,Susceptible,,,Disk diffusion
GCF_003965135.1,573.23233,nitrofurantoin,Susceptible,,,Disk diffusion
GCF_003937145.1,573.23212,amikacin,Susceptible,,,Disk diffusion
GCF_003936515.1,573.23203,aztreonam,Resistant,,,Disk diffusion
GCF_003936425.1,573.23198,ciprofloxacin,Resistant,,,Disk diffusion
GCF_003937075.1,573.23208,cefepime,Intermediate,,,Disk diffusion
GCF_003937475.1,573.23219,meropenem,Susceptible,,,Disk diffusion
GCF_003937005.1,573.23204,meropenem,Resistant,,,Disk diffusion
GCF_003937005.1,573.23204,cefepime,Resistant,,,Disk diffusion
GCF_003936425.1,573.23198,meropenem,Susceptible,,,Disk diffusion
GCF_003936375.1,573.23197,minocycline,Susceptible,,,Disk diffusion
GCF_003937075.1,573.23208,cefotetan,Susceptible,,,Disk diffusion
GCF_003937005.1,573.23204,ciprofloxacin,Resistant,,,Disk diffusion
GCF_003965135.1,573.23233,ampicillin/sulbactam,Resistant,,,Disk diffusion
GCF_003965135.1,573.23233,cefotetan,Susceptible,,,Disk diffusion
GCF_003937075.1,573.23208,ampicillin,Resistant,,,Disk diffusion
GCF_003937235.1,573.23215,minocycline,Resistant,,,Disk diffusion
GCF_003937005.1,573.23204,fosfomycin,Intermediate,,,Disk diffusion
GCF_003936425.1,573.23198,tigecycline,Intermediate,,,Disk diffusion
GCF_003936375.1,573.23197,cefepime,Intermediate,,,Disk diffusion
GCF_003936375.1,573.23197,imipenem,Susceptible,,,Disk diffusion
GCF_003937005.1,573.23204,ampicillin/sulbactam,Resistant,,,Disk diffusion
GCF_003936425.1,573.23198,imipenem,Susceptible,,,Disk diffusion
GCF_003937475.1,573.23219,aztreonam,Intermediate,,,Disk diffusion
GCF_003937005.1,573.23204,cefotetan,Resistant,,,Disk diffusion
GCF_003937005.1,573.23204,ampicillin,Resistant,,,Disk diffusion
GCF_003937475.1,573.23219,cefotetan,Susceptible,,,Disk diffusion
GCF_003965135.1,573.23233,ceftazidime,Resistant,,,Disk diffusion
GCF_003936425.1,573.23198,ceftazidime/avibactam,Susceptible,,,Disk diffusion
GCF_003937235.1,573.23215,cefazolin,Resistant,,,Disk diffusion
GCF_003937235.1,573.23215,ciprofloxacin,Resistant,,,Disk diffusion
GCF_003936375.1,573.23197,levofloxacin,Susceptible,,,Disk diffusion
GCF_003937075.1,573.23208,cefazolin,Resistant,,,Disk diffusion
GCF_003937235.1,573.23215,aztreonam,Resistant,,,Disk diffusion
GCF_003936515.1,573.23203,levofloxacin,Resistant,,,Disk diffusion
GCF_003937005.1,573.23204,nitrofurantoin,Resistant,,,Disk diffusion
GCF_003936515.1,573.23203,nitrofurantoin,Susceptible,,,Disk diffusion
GCF_003936515.1,573.23203,ciprofloxacin,Resistant,,,Disk diffusion
GCF_003936425.1,573.23198,ampicillin,Resistant,,,Disk diffusion
GCF_003937075.1,573.23208,tigecycline,Susceptible,,,Disk diffusion
GCF_003936425.1,573.23198,amikacin,Susceptible,,,Disk diffusion
GCF_003936425.1,573.23198,cefotetan,Susceptible,,,Disk diffusion
GCF_003937145.1,573.23212,gentamicin,Susceptible,,,Disk diffusion
GCF_003937465.1,573.23218,levofloxacin,Resistant,,,Disk diffusion
GCF_003937145.1,573.23212,aztreonam,Susceptible,,,Disk diffusion
GCF_003965135.1,573.23233,aztreonam,Resistant,,,Disk diffusion
GCF_003937005.1,573.23204,minocycline,Susceptible,,,Disk diffusion
GCF_003937475.1,573.23219,ceftazidime/avibactam,Susceptible,,,Disk diffusion
GCF_003936515.1,573.23203,ampicillin,Resistant,,,Disk diffusion
GCF_003936425.1,573.23198,minocycline,Resistant,,,Disk diffusion
GCF_003965135.1,573.23233,cefazolin,Resistant,,,Disk diffusion
GCF_003937145.1,573.23212,meropenem,Susceptible,,,Disk diffusion
GCF_003937075.1,573.23208,ceftazidime/avibactam,Susceptible,,,Disk diffusion
GCF_003965135.1,573.23233,meropenem,Susceptible,,,Disk diffusion
GCF_003936515.1,573.23203,doxycycline,Resistant,,,Disk diffusion
GCF_003937235.1,573.23215,ceftazidime/avibactam,Susceptible,,,Disk diffusion
GCF_003936375.1,573.23197,ciprofloxacin,Intermediate,,,Disk diffusion
GCF_003936425.1,573.23198,cefazolin,Resistant,,,Disk diffusion
GCF_003937475.1,573.23219,ceftazidime,Susceptible,,,Disk diffusion
GCF_003937475.1,573.23219,levofloxacin,Susceptible,,,Disk diffusion
GCF_003965135.1,573.23233,ampicillin,Resistant,,,Disk diffusion
GCF_003937465.1,573.23218,cefazolin,Resistant,,,Disk diffusion
GCF_003936375.1,573.23197,ampicillin,Resistant,,,Disk diffusion
GCF_003937475.1,573.23219,trimethoprim/sulfamethoxazole,Resistant,,,Disk diffusion
GCF_003936515.1,573.23203,meropenem,Susceptible,,,Disk diffusion
GCF_003937145.1,573.23212,cefotetan,Susceptible,,,Disk diffusion
GCF_003965135.1,573.23233,fosfomycin,Susceptible,,,Disk diffusion
GCF_003937005.1,573.23204,imipenem,Resistant,,,Disk diffusion
GCF_003937075.1,573.23208,fosfomycin,Susceptible,,,Disk diffusion
GCF_003937465.1,573.23218,doxycycline,Susceptible,,,Disk diffusion
GCF_003936375.1,573.23197,amikacin,Susceptible,,,Disk diffusion
GCF_003937005.1,573.23204,piperacillin/tazobactam,Resistant,,,Disk diffusion
GCF_003937235.1,573.23215,nitrofurantoin,Susceptible,,,Disk diffusion
GCF_003936425.1,573.23198,ceftriaxone,Resistant,,,Disk diffusion
GCF_003965135.1,573.23233,gentamicin,Susceptible,,,Disk diffusion
GCF_003936375.1,573.23197,meropenem,Susceptible,,,Disk diffusion
GCF_003937235.1,573.23215,trimethoprim/sulfamethoxazole,Resistant,,,Disk diffusion
GCF_003936425.1,573.23198,ceftazidime,Resistant,,,Disk diffusion
GCF_003937145.1,573.23212,ceftriaxone,Resistant,,,Disk diffusion
GCF_003936515.1,573.23203,cefotetan,Susceptible,,,Disk diffusion
GCF_003937145.1,573.23212,cefazolin,Resistant,,,Disk diffusion
GCF_003936375.1,573.23197,trimethoprim/sulfamethoxazole,Resistant,,,Disk diffusion
GCF_003937075.1,573.23208,piperacillin/tazobactam,Susceptible,,,Disk diffusion
GCF_003937075.1,573.23208,ceftriaxone,Resistant,,,Disk diffusion
GCF_003937235.1,573.23215,gentamicin,Susceptible,,,Disk diffusion
GCF_003937075.1,573.23208,ampicillin/sulbactam,Susceptible,,,Disk diffusion
GCF_003965135.1,573.23233,piperacillin/tazobactam,Susceptible,,,Disk diffusion
GCF_003937235.1,573.23215,cefotetan,Susceptible,,,Disk diffusion
GCF_003937235.1,573.23215,tigecycline,Intermediate,,,Disk diffusion
GCF_003937235.1,573.23215,imipenem,Susceptible,,,Disk diffusion
GCF_003936515.1,573.23203,ceftazidime/avibactam,Susceptible,,,Disk diffusion
GCF_003937465.1,573.23218,cefepime,Resistant,,,Disk diffusion
GCF_003937475.1,573.23219,doxycycline,Susceptible,,,Disk diffusion
GCF_003936425.1,573.23198,levofloxacin,Intermediate,,,Disk diffusion
GCF_003937075.1,573.23208,imipenem,Susceptible,,,Disk diffusion
GCF_003937235.1,573.23215,levofloxacin,Resistant,,,Disk diffusion
GCF_003937475.1,573.23219,imipenem,Susceptible,,,Disk diffusion
GCF_003937465.1,573.23218,fosfomycin,Susceptible,,,Disk diffusion
GCF_003936425.1,573.23198,aztreonam,Resistant,,,Disk diffusion
GCF_003937005.1,573.23204,trimethoprim/sulfamethoxazole,Resistant,,,Disk diffusion
GCF_003937465.1,573.23218,ampicillin/sulbactam,Resistant,,,Disk diffusion
GCF_003936375.1,573.23197,piperacillin/tazobactam,Susceptible,,,Disk diffusion
GCF_003936425.1,573.23198,piperacillin/tazobactam,Susceptible,,,Disk diffusion
GCF_003937005.1,573.23204,gentamicin,Resistant,,,Disk diffusion
GCF_003937465.1,573.23218,cefotetan,Resistant,,,Disk diffusion
GCF_003936425.1,573.23198,gentamicin,Susceptible,,,Disk diffusion
GCF_003937075.1,573.23208,trimethoprim/sulfamethoxazole,Resistant,,,Disk diffusion
GCF_003937475.1,573.23219,tigecycline,Susceptible,,,Disk diffusion
GCF_003937145.1,573.23212,imipenem,Susceptible,,,Disk diffusion
GCF_003936515.1,573.23203,tigecycline,Intermediate,,,Disk diffusion
GCF_003937005.1,573.23204,ceftriaxone,Resistant,,,Disk diffusion
GCF_003937075.1,573.23208,meropenem,Susceptible,,,Disk diffusion
GCF_003937465.1,573.23218,ciprofloxacin,Resistant,,,Disk diffusion
GCF_003937465.1,573.23218,trimethoprim/sulfamethoxazole,Resistant,,,Disk diffusion
GCF_003937145.1,573.23212,minocycline,Susceptible,,,Disk diffusion
GCF_003937465.1,573.23218,gentamicin,Resistant,,,Disk diffusion
GCF_900774715.1,573.26136,ceftazidime,Susceptible,,,Broth dilution
GCF_900774715.1,573.26136,nitrofurantoin,Susceptible,,,Broth dilution
GCF_900774715.1,573.26136,tigecycline,Susceptible,,,Broth dilution
GCF_900774715.1,573.26136,aztreonam,Susceptible,,,Broth dilution
GCF_900774715.1,573.26136,ampicillin/sulbactam,Susceptible,,,Broth dilution
GCF_900774715.1,573.26136,cefazolin,Susceptible,,,Broth dilution
GCF_900774715.1,573.26136,ertapenem,Susceptible,,,Broth dilution
GCF_900774715.1,573.26136,amikacin,Susceptible,,,Broth dilution
GCF_900774715.1,573.26136,ciprofloxacin,Susceptible,,,Broth dilution
GCF_900774715.1,573.26136,ceftriaxone,Susceptible,,,Broth dilution
GCF_900774715.1,573.26136,trimethoprim/sulfobactam,Resistant,,,Broth dilution
GCF_900774715.1,573.26136,cefepime,Susceptible,,,Broth dilution
GCF_900774715.1,573.26136,meropenem,Susceptible,,,Broth dilution
GCF_900774715.1,573.26136,gentamicin,Susceptible,,,Broth dilution
GCF_900774715.1,573.26136,ampicillin,Resistant,,,Broth dilution
GCF_900774655.1,573.26130,cefepime,Susceptible,,,Broth dilution
GCF_900774445.1,573.26109,ceftriaxone,Susceptible,,,Broth dilution
GCF_900774955.1,573.26160,trimethoprim/sulfobactam,Susceptible,,,Broth dilution
GCF_900774535.1,573.26118,trimethoprim/sulfobactam,Susceptible,,,Broth dilution
GCF_900774695.1,573.26134,piperacillin/tazobactam,Susceptible,,,Broth dilution
GCF_900775495.1,573.26215,ceftriaxone,Susceptible,,,Broth dilution
GCF_900774625.1,573.26127,tigecycline,Susceptible,,,Broth dilution
GCF_900775375.1,573.26203,cefazolin,Susceptible,,,Broth dilution
GCF_900774855.1,573.26150,nitrofurantoin,Intermediate,,,Broth dilution
GCF_900775295.1,573.26195,cefepime,Susceptible,,,Broth dilution
GCF_900774115.1,573.26077,ciprofloxacin,Susceptible,,,Broth dilution
GCF_900774095.1,573.26075,cefepime,Susceptible,,,Broth dilution
GCF_900775495.1,573.26215,trimethoprim/sulfobactam,Susceptible,,,Broth dilution
GCF_900774375.1,573.26102,trimethoprim/sulfobactam,Resistant,,,Broth dilution
GCF_900775495.1,573.26215,amikacin,Susceptible,,,Broth dilution
GCF_900775105.1,573.26175,amikacin,Susceptible,,,Broth dilution
GCF_900775495.1,573.26215,gentamicin,Susceptible,,,Broth dilution
GCF_900775285.1,573.26194,amikacin,Susceptible,,,Broth dilution
GCF_900774375.1,573.26102,ceftriaxone,Resistant,,,Broth dilution
GCF_900774415.1,573.26106,ceftazidime,Susceptible,,,Broth dilution
GCF_900774145.1,573.26080,meropenem,Susceptible,,,Broth dilution
GCF_900774965.1,573.26161,ceftriaxone,Susceptible,,,Broth dilution
GCF_900774505.1,573.26115,nitrofurantoin,Intermediate,,,Broth dilution
GCF_900774445.1,573.26109,ertapenem,Susceptible,,,Broth dilution
GCF_900775295.1,573.26195,meropenem,Susceptible,,,Broth dilution
GCF_900774205.1,573.26085,ertapenem,Susceptible,,,Broth dilution
GCF_900775285.1,573.26194,ertapenem,Susceptible,,,Broth dilution
GCF_900775425.1,573.26208,piperacillin/tazobactam,Intermediate,,,Broth dilution
GCF_900775085.1,573.26173,cefepime,Susceptible,,,Broth dilution
GCF_900774855.1,573.26150,tigecycline,Susceptible,,,Broth dilution
GCF_900775425.1,573.26208,ampicillin/sulbactam,Resistant,,,Broth dilution
GCF_900775105.1,573.26175,ciprofloxacin,Susceptible,,,Broth dilution
GCF_900775555.1,573.26221,ceftriaxone,Susceptible,,,Broth dilution
GCF_900774475.1,573.26112,amikacin,Susceptible,,,Broth dilution
GCF_900775085.1,573.26173,aztreonam,Susceptible,,,Broth dilution
GCF_900774145.1,573.26080,tigecycline,Susceptible,,,Broth dilution
GCF_900774145.1,573.26080,nitrofurantoin,Susceptible,,,Broth dilution
GCF_900775085.1,573.26173,piperacillin/tazobactam,Susceptible,,,Broth dilution
GCF_900774895.1,573.26154,meropenem,Susceptible,,,Broth dilution
GCF_900774505.1,573.26115,ertapenem,Susceptible,,,Broth dilution
GCF_900775385.1,573.26204,ampicillin/sulbactam,Susceptible,,,Broth dilution
GCF_900774695.1,573.26134,cefepime,Susceptible,,,Broth dilution
GCF_900774535.1,573.26118,aztreonam,Susceptible,,,Broth dilution
GCF_900774205.1,573.26085,ampicillin/sulbactam,Resistant,,,Broth dilution
GCF_900774205.1,573.26085,gentamicin,Resistant,,,Broth dilution
GCF_900775315.1,573.26197,cefepime,Susceptible,,,Broth dilution
GCF_900774145.1,573.26080,piperacillin/tazobactam,Susceptible,,,Broth dilution
GCF_900774475.1,573.26112,cefepime,Susceptible,,,Broth dilution
GCF_900774655.1,573.26130,ampicillin,Resistant,,,Broth dilution
GCF_900774505.1,573.26115,ceftazidime,Susceptible,,,Broth dilution
GCF_900775505.1,573.26216,cefepime,Intermediate,,,Broth dilution
GCF_900774415.1,573.26106,ampicillin,Resistant,,,Broth dilution
GCF_900774375.1,573.26102,aztreonam,Intermediate,,,Broth dilution
GCF_900775285.1,573.26194,ceftriaxone,Susceptible,,,Broth dilution
GCF_900774985.1,573.26163,gentamicin,Susceptible,,,Broth dilution
GCF_900774995.1,573.26164,nitrofurantoin,Susceptible,,,Broth dilution
GCF_900775085.1,573.26173,tigecycline,Susceptible,,,Broth dilution
GCF_900774625.1,573.26127,ampicillin,Resistant,,,Broth dilution
GCF_900774415.1,573.26106,tigecycline,Susceptible,,,Broth dilution
GCF_900774735.1,573.26138,piperacillin/tazobactam,Intermediate,,,Broth dilution
GCF_900775375.1,573.26203,nitrofurantoin,Intermediate,,,Broth dilution
GCF_900774695.1,573.26134,meropenem,Susceptible,,,Broth dilution
GCF_900775505.1,573.26216,ceftriaxone,Resistant,,,Broth dilution
GCF_900775085.1,573.26173,ciprofloxacin,Susceptible,,,Broth dilution
GCF_900775515.1,573.26217,amikacin,Susceptible,,,Broth dilution
GCF_900774965.1,573.26161,ertapenem,Susceptible,,,Broth dilution
GCF_900774565.1,573.26121,piperacillin/tazobactam,Susceptible,,,Broth dilution
GCF_900774445.1,573.26109,ceftazidime,Susceptible,,,Broth dilution
GCF_900775515.1,573.26217,nitrofurantoin,Susceptible,,,Broth dilution
GCF_900774695.1,573.26134,tigecycline,Susceptible,,,Broth dilution
GCF_900775505.1,573.26216,ampicillin,Resistant,,,Broth dilution
GCF_900774835.1,573.26148,ampicillin/sulbactam,Susceptible,,,Broth dilution
GCF_900774145.1,573.26080,ertapenem,Susceptible,,,Broth dilution
GCF_900774855.1,573.26150,ceftazidime,Intermediate,,,Broth dilution
GCF_900775295.1,573.26195,tigecycline,Susceptible,,,Broth dilution
GCF_900774205.1,573.26085,ciprofloxacin,Resistant,,,Broth dilution
GCF_900774995.1,573.26164,ceftazidime,Susceptible,,,Broth dilution
GCF_900774995.1,573.26164,ampicillin/sulbactam,Susceptible,,,Broth dilution
GCF_900775285.1,573.26194,cefepime,Susceptible,,,Broth dilution
GCF_900774115.1,573.26077,ceftriaxone,Susceptible,,,Broth dilution
GCF_900774995.1,573.26164,cefepime,Susceptible,,,Broth dilution
GCF_900774115.1,573.26077,tigecycline,Susceptible,,,Broth dilution
GCF_900774985.1,573.26163,trimethoprim/sulfobactam,Susceptible,,,Broth dilution
GCF_900774655.1,573.26130,trimethoprim/sulfobactam,Susceptible,,,Broth dilution
GCF_900774655.1,573.26130,aztreonam,Susceptible,,,Broth dilution
GCF_900775425.1,573.26208,ertapenem,Susceptible,,,Broth dilution
GCF_900775375.1,573.26203,trimethoprim/sulfobactam,Susceptible,,,Broth dilution
GCF_900774375.1,573.26102,ceftazidime,Intermediate,,,Broth dilution
GCF_900775105.1,573.26175,tigecycline,Susceptible,,,Broth dilution
GCF_900774625.1,573.26127,ceftazidime,Susceptible,,,Broth dilution
GCF_900774095.1,573.26075,amikacin,Susceptible,,,Broth dilution
GCF_900774835.1,573.26148,meropenem,Susceptible,,,Broth dilution
GCF_900775555.1,573.26221,ertapenem,Susceptible,,,Broth dilution
GCF_900774095.1,573.26075,aztreonam,Susceptible,,,Broth dilution
GCF_900775295.1,573.26195,amikacin,Susceptible,,,Broth dilution
GCF_900774695.1,573.26134,cefazolin,Susceptible,,,Broth dilution
GCF_900775295.1,573.26195,ceftriaxone,Susceptible,,,Broth dilution
GCF_900774115.1,573.26077,ceftazidime,Susceptible,,,Broth dilution
GCF_900775375.1,573.26203,ceftriaxone,Susceptible,,,Broth dilution
GCF_900774205.1,573.26085,amikacin,Intermediate,,,Broth dilution
GCF_900774625.1,573.26127,amikacin,Susceptible,,,Broth dilution
GCF_900774115.1,573.26077,trimethoprim/sulfobactam,Susceptible,,,Broth dilution
GCF_900774985.1,573.26163,ciprofloxacin,Susceptible,,,Broth dilution
GCF_900774895.1,573.26154,tigecycline,Susceptible,,,Broth dilution
GCF_900774205.1,573.26085,ceftazidime,Intermediate,,,Broth dilution
GCF_900775495.1,573.26215,cefazolin,Susceptible,,,Broth dilution
GCF_900774895.1,573.26154,ceftazidime,Susceptible,,,Broth dilution
GCF_900775515.1,573.26217,aztreonam,Susceptible,,,Broth dilution
GCF_900774565.1,573.26121,gentamicin,Susceptible,,,Broth dilution
GCF_900774735.1,573.26138,aztreonam,Susceptible,,,Broth dilution
GCF_900774475.1,573.26112,meropenem,Susceptible,,,Broth dilution
GCF_900774985.1,573.26163,amikacin,Susceptible,,,Broth dilution
GCF_900774695.1,573.26134,ciprofloxacin,Susceptible,,,Broth dilution
GCF_900774535.1,573.26118,amikacin,Susceptible,,,Broth dilution
GCF_900774415.1,573.26106,ampicillin/sulbactam,Susceptible,,,Broth dilution
GCF_900775385.1,573.26204,ertapenem,Susceptible,,,Broth dilution
GCF_900774475.1,573.26112,ertapenem,Susceptible,,,Broth dilution
GCF_900775295.1,573.26195,ertapenem,Susceptible,,,Broth dilution
GCF_900774475.1,573.26112,ceftazidime,Susceptible,,,Broth dilution
GCF_900774895.1,573.26154,gentamicin,Susceptible,,,Broth dilution
GCF_900775315.1,573.26197,ampicillin/sulbactam,Susceptible,,,Broth dilution
GCF_900774995.1,573.26164,ciprofloxacin,Susceptible,,,Broth dilution
GCF_900775315.1,573.26197,ceftriaxone,Susceptible,,,Broth dilution
GCF_900774995.1,573.26164,ceftriaxone,Susceptible,,,Broth dilution
GCF_900775555.1,573.26221,cefazolin,Susceptible,,,Broth dilution
GCF_900775495.1,573.26215,cefepime,Susceptible,,,Broth dilution
GCF_900775105.1,573.26175,meropenem,Susceptible,,,Broth dilution
GCF_900774735.1,573.26138,trimethoprim/sulfobactam,Susceptible,,,Broth dilution
GCF_900774985.1,573.26163,ceftazidime,Susceptible,,,Broth dilution
GCF_900774375.1,573.26102,nitrofurantoin,Resistant,,,Broth dilution
GCF_900774145.1,573.26080,cefepime,Susceptible,,,Broth dilution
GCF_900774095.1,573.26075,ceftazidime,Susceptible,,,Broth dilution
GCF_900775385.1,573.26204,ceftriaxone,Susceptible,,,Broth dilution
GCF_900775425.1,573.26208,trimethoprim/sulfobactam,Susceptible,,,Broth dilution
GCF_900774415.1,573.26106,aztreonam,Susceptible,,,Broth dilution
GCF_900774145.1,573.26080,gentamicin,Resistant,,,Broth dilution
GCF_900775315.1,573.26197,meropenem,Susceptible,,,Broth dilution
GCF_900775505.1,573.26216,piperacillin/tazobactam,Susceptible,,,Broth dilution
GCF_900774535.1,573.26118,cefepime,Susceptible,,,Broth dilution
GCF_900774995.1,573.26164,gentamicin,Susceptible,,,Broth dilution
GCF_900774985.1,573.26163,cefepime,Susceptible,,,Broth dilution
GCF_900775375.1,573.26203,cefepime,Susceptible,,,Broth dilution
GCF_900775285.1,573.26194,tigecycline,Susceptible,,,Broth dilution
GCF_900774535.1,573.26118,tigecycline,Susceptible,,,Broth dilution
GCF_900774625.1,573.26127,gentamicin,Susceptible,,,Broth dilution
GCF_900775505.1,573.26216,tigecycline,Susceptible,,,Broth dilution
GCF_900774835.1,573.26148,amikacin,Susceptible,,,Broth dilution
GCF_900775425.1,573.26208,tigecycline,Susceptible,,,Broth dilution
GCF_900775315.1,573.26197,ertapenem,Susceptible,,,Broth dilution
GCF_900774505.1,573.26115,ceftriaxone,Susceptible,,,Broth dilution
GCF_900774375.1,573.26102,ertapenem,Susceptible,,,Broth dilution
GCF_900774735.1,573.26138,ertapenem,Susceptible,,,Broth dilution
GCF_900775425.1,573.26208,ceftazidime,Susceptible,,,Broth dilution
GCF_900775105.1,573.26175,cefepime,Susceptible,,,Broth dilution
GCF_900774505.1,573.26115,amikacin,Susceptible,,,Broth dilution
GCF_900775105.1,573.26175,nitrofurantoin,Susceptible,,,Broth dilution
GCF_900774565.1,573.26121,ertapenem,Susceptible,,,Broth dilution
GCF_900775425.1,573.26208,cefepime,Susceptible,,,Broth dilution
GCF_900774475.1,573.26112,tigecycline,Susceptible,,,Broth dilution
GCF_900774965.1,573.26161,nitrofurantoin,Intermediate,,,Broth dilution
GCF_900774895.1,573.26154,ampicillin/sulbactam,Susceptible,,,Broth dilution
GCF_900774535.1,573.26118,ceftazidime,Susceptible,,,Broth dilution
GCF_900775505.1,573.26216,nitrofurantoin,Intermediate,,,Broth dilution
GCF_900774145.1,573.26080,aztreonam,Susceptible,,,Broth dilution
GCF_900775345.1,573.26200,amikacin,Susceptible,,,Broth dilution
GCF_900775315.1,573.26197,ampicillin,Resistant,,,Broth dilution
GCF_900774835.1,573.26148,nitrofurantoin,Intermediate,,,Broth dilution
GCF_900775315.1,573.26197,trimethoprim/sulfobactam,Resistant,,,Broth dilution
GCF_900774445.1,573.26109,aztreonam,Susceptible,,,Broth dilution
GCF_900774505.1,573.26115,gentamicin,Susceptible,,,Broth dilution
GCF_900774855.1,573.26150,amikacin,Susceptible,,,Broth dilution
GCF_900774095.1,573.26075,piperacillin/tazobactam,Susceptible,,,Broth dilution
GCF_900775285.1,573.26194,ceftazidime,Susceptible,,,Broth dilution
GCF_900774565.1,573.26121,ampicillin/sulbactam,Susceptible,,,Broth dilution
GCF_900775085.1,573.26173,nitrofurantoin,Susceptible,,,Broth dilution
GCF_900774985.1,573.26163,ceftriaxone,Susceptible,,,Broth dilution
GCF_900775315.1,573.26197,ciprofloxacin,Susceptible,,,Broth dilution
GCF_900775375.1,573.26203,ampicillin/sulbactam,Resistant,,,Broth dilution
GCF_900775555.1,573.26221,ampicillin/sulbactam,Susceptible,,,Broth dilution
GCF_900775555.1,573.26221,piperacillin/tazobactam,Susceptible,,,Broth dilution
GCF_900774625.1,573.26127,trimethoprim/sulfobactam,Susceptible,,,Broth dilution
GCF_900774835.1,573.26148,trimethoprim/sulfobactam,Susceptible,,,Broth dilution
GCF_900775345.1,573.26200,cefepime,Susceptible,,,Broth dilution
GCF_900774445.1,573.26109,trimethoprim/sulfobactam,Susceptible,,,Broth dilution
GCF_900774095.1,573.26075,ciprofloxacin,Susceptible,,,Broth dilution
GCF_900774695.1,573.26134,ceftazidime,Susceptible,,,Broth dilution
GCF_900775555.1,573.26221,nitrofurantoin,Susceptible,,,Broth dilution
GCF_900774985.1,573.26163,aztreonam,Susceptible,,,Broth dilution
GCF_900774625.1,573.26127,ceftriaxone,Susceptible,,,Broth dilution
GCF_900775315.1,573.26197,amikacin,Susceptible,,,Broth dilution
GCF_900774695.1,573.26134,ampicillin,Resistant,,,Broth dilution
GCF_900774735.1,573.26138,meropenem,Susceptible,,,Broth dilution
GCF_900775425.1,573.26208,aztreonam,Susceptible,,,Broth dilution
GCF_900774145.1,573.26080,ceftriaxone,Susceptible,,,Broth dilution
GCF_900775345.1,573.26200,ciprofloxacin,Susceptible,,,Broth dilution
GCF_900775315.1,573.26197,gentamicin,Susceptible,,,Broth dilution
GCF_900774475.1,573.26112,cefazolin,Susceptible,,,Broth dilution
GCF_900775495.1,573.26215,meropenem,Susceptible,,,Broth dilution
GCF_900775515.1,573.26217,gentamicin,Susceptible,,,Broth dilution
GCF_900774695.1,573.26134,gentamicin,Susceptible,,,Broth dilution
GCF_900774955.1,573.26160,amikacin,Susceptible,,,Broth dilution
GCF_900774095.1,573.26075,ampicillin/sulbactam,Susceptible,,,Broth dilution
GCF_900774095.1,573.26075,trimethoprim/sulfobactam,Susceptible,,,Broth dilution
GCF_900774415.1,573.26106,meropenem,Susceptible,,,Broth dilution
GCF_900775345.1,573.26200,ampicillin,Resistant,,,Broth dilution
GCF_900775515.1,573.26217,ampicillin/sulbactam,Susceptible,,,Broth dilution
GCF_900775495.1,573.26215,ampicillin/sulbactam,Susceptible,,,Broth dilution
GCF_900775495.1,573.26215,ciprofloxacin,Susceptible,,,Broth dilution
GCF_900774995.1,573.26164,cefazolin,Susceptible,,,Broth dilution
GCF_900775285.1,573.26194,trimethoprim/sulfobactam,Resistant,,,Broth dilution
GCF_900774895.1,573.26154,trimethoprim/sulfobactam,Susceptible,,,Broth dilution
GCF_900774095.1,573.26075,ertapenem,Susceptible,,,Broth dilution
GCF_900775285.1,573.26194,ampicillin/sulbactam,Susceptible,,,Broth dilution
GCF_900774655.1,573.26130,ceftriaxone,Susceptible,,,Broth dilution
GCF_900774445.1,573.26109,cefepime,Susceptible,,,Broth dilution
GCF_900774955.1,573.26160,ertapenem,Susceptible,,,Broth dilution
GCF_900774995.1,573.26164,amikacin,Susceptible,,,Broth dilution
GCF_900774735.1,573.26138,cefepime,Susceptible,,,Broth dilution
GCF_900774115.1,573.26077,aztreonam,Susceptible,,,Broth dilution
GCF_900774985.1,573.26163,ampicillin/sulbactam,Susceptible,,,Broth dilution
GCF_900774535.1,573.26118,ciprofloxacin,Susceptible,,,Broth dilution
GCF_900774145.1,573.26080,ceftazidime,Susceptible,,,Broth dilution
GCF_900775315.1,573.26197,aztreonam,Susceptible,,,Broth dilution
GCF_900774535.1,573.26118,ampicillin/sulbactam,Susceptible,,,Broth dilution
GCF_900774985.1,573.26163,cefazolin,Susceptible,,,Broth dilution
GCF_900774095.1,573.26075,ampicillin,Resistant,,,Broth dilution
GCF_900774955.1,573.26160,ampicillin,Resistant,,,Broth dilution
GCF_900774855.1,573.26150,ampicillin/sulbactam,Resistant,,,Broth dilution
GCF_900775505.1,573.26216,aztreonam,Intermediate,,,Broth dilution
GCF_900774505.1,573.26115,meropenem,Susceptible,,,Broth dilution
GCF_900774475.1,573.26112,nitrofurantoin,Susceptible,,,Broth dilution
GCF_900775505.1,573.26216,amikacin,Susceptible,,,Broth dilution
GCF_900774995.1,573.26164,ertapenem,Susceptible,,,Broth dilution
GCF_900774895.1,573.26154,cefepime,Susceptible,,,Broth dilution
GCF_900774375.1,573.26102,cefazolin,Resistant,,,Broth dilution
GCF_900775085.1,573.26173,ampicillin/sulbactam,Susceptible,,,Broth dilution
GCF_900774115.1,573.26077,nitrofurantoin,Intermediate,,,Broth dilution
GCF_900774995.1,573.26164,ampicillin,Resistant,,,Broth dilution
GCF_900774375.1,573.26102,ampicillin/sulbactam,Resistant,,,Broth dilution
GCF_900775345.1,573.26200,ampicillin/sulbactam,Susceptible,,,Broth dilution
GCF_900774965.1,573.26161,cefepime,Susceptible,,,Broth dilution
GCF_900775375.1,573.26203,piperacillin/tazobactam,Intermediate,,,Broth dilution
GCF_900774415.1,573.26106,piperacillin/tazobactam,Susceptible,,,Broth dilution
GCF_900774505.1,573.26115,ampicillin,Resistant,,,Broth dilution
GCF_900774145.1,573.26080,ampicillin,Resistant,,,Broth dilution
GCF_900774535.1,573.26118,ertapenem,Susceptible,,,Broth dilution
GCF_900774625.1,573.26127,meropenem,Susceptible,,,Broth dilution
GCF_900774445.1,573.26109,meropenem,Susceptible,,,Broth dilution
GCF_900775425.1,573.26208,nitrofurantoin,Susceptible,,,Broth dilution
GCF_900775085.1,573.26173,ertapenem,Susceptible,,,Broth dilution
GCF_900775345.1,573.26200,nitrofurantoin,Intermediate,,,Broth dilution
GCF_900774625.1,573.26127,nitrofurantoin,Intermediate,,,Broth dilution
GCF_900774655.1,573.26130,tigecycline,Susceptible,,,Broth dilution
GCF_900774095.1,573.26075,ceftriaxone,Susceptible,,,Broth dilution
GCF_900775515.1,573.26217,ceftazidime,Susceptible,,,Broth dilution
GCF_900775105.1,573.26175,trimethoprim/sulfobactam,Susceptible,,,Broth dilution
GCF_900774415.1,573.26106,nitrofurantoin,Intermediate,,,Broth dilution
GCF_900775285.1,573.26194,piperacillin/tazobactam,Susceptible,,,Broth dilution
GCF_900775495.1,573.26215,ceftazidime,Susceptible,,,Broth dilution
GCF_900774205.1,573.26085,ceftriaxone,Resistant,,,Broth dilution
GCF_900775285.1,573.26194,ampicillin,Resistant,,,Broth dilution
GCF_900775505.1,573.26216,gentamicin,Susceptible,,,Broth dilution
GCF_900775515.1,573.26217,ampicillin,Resistant,,,Broth dilution
GCF_900775105.1,573.26175,ceftazidime,Susceptible,,,Broth dilution
GCF_900775505.1,573.26216,ampicillin/sulbactam,Resistant,,,Broth dilution
GCF_900774565.1,573.26121,trimethoprim/sulfobactam,Susceptible,,,Broth dilution
GCF_900774735.1,573.26138,ciprofloxacin,Susceptible,,,Broth dilution
GCF_900775345.1,573.26200,ceftazidime,Susceptible,,,Broth dilution
GCF_900774985.1,573.26163,ampicillin,Resistant,,,Broth dilution
GCF_900774895.1,573.26154,nitrofurantoin,Intermediate,,,Broth dilution
GCF_900774505.1,573.26115,trimethoprim/sulfobactam,Susceptible,,,Broth dilution
GCF_900774445.1,573.26109,ampicillin/sulbactam,Susceptible,,,Broth dilution
GCF_900774375.1,573.26102,amikacin,Susceptible,,,Broth dilution
GCF_900775295.1,573.26195,ceftazidime,Susceptible,,,Broth dilution
GCF_900774955.1,573.26160,cefepime,Susceptible,,,Broth dilution
GCF_900774415.1,573.26106,ciprofloxacin,Susceptible,,,Broth dilution
GCF_900774535.1,573.26118,cefazolin,Susceptible,,,Broth dilution
GCF_900774375.1,573.26102,cefepime,Intermediate,,,Broth dilution
GCF_900774965.1,573.26161,ampicillin/sulbactam,Susceptible,,,Broth dilution
GCF_900774895.1,573.26154,ceftriaxone,Susceptible,,,Broth dilution
GCF_900774835.1,573.26148,ampicillin,Resistant,,,Broth dilution
GCF_900774965.1,573.26161,tigecycline,Susceptible,,,Broth dilution
GCF_900775345.1,573.26200,ceftriaxone,Susceptible,,,Broth dilution
GCF_900775385.1,573.26204,ciprofloxacin,Susceptible,,,Broth dilution
GCF_900774375.1,573.26102,ciprofloxacin,Resistant,,,Broth dilution
GCF_900775375.1,573.26203,tigecycline,Susceptible,,,Broth dilution
GCF_900775555.1,573.26221,trimethoprim/sulfobactam,Susceptible,,,Broth dilution
GCF_900775315.1,573.26197,cefazolin,Susceptible,,,Broth dilution
GCF_900774625.1,573.26127,cefepime,Susceptible,,,Broth dilution
GCF_900774375.1,573.26102,piperacillin/tazobactam,Susceptible,,,Broth dilution
GCF_900774695.1,573.26134,aztreonam,Susceptible,,,Broth dilution
GCF_900774445.1,573.26109,ampicillin,Resistant,,,Broth dilution
GCF_900774415.1,573.26106,cefazolin,Susceptible,,,Broth dilution
GCF_900774145.1,573.26080,ampicillin/sulbactam,Susceptible,,,Broth dilution
GCF_900774855.1,573.26150,meropenem,Susceptible,,,Broth dilution
GCF_900774445.1,573.26109,amikacin,Susceptible,,,Broth dilution
GCF_900774995.1,573.26164,meropenem,Susceptible,,,Broth dilution
GCF_900774655.1,573.26130,cefazolin,Susceptible,,,Broth dilution
GCF_900774735.1,573.26138,ceftriaxone,Susceptible,,,Broth dilution
GCF_900774565.1,573.26121,ciprofloxacin,Susceptible,,,Broth dilution
GCF_900774535.1,573.26118,meropenem,Susceptible,,,Broth dilution
GCF_900775295.1,573.26195,ampicillin/sulbactam,Susceptible,,,Broth dilution
GCF_900775295.1,573.26195,aztreonam,Susceptible,,,Broth dilution
GCF_900774415.1,573.26106,trimethoprim/sulfobactam,Susceptible,,,Broth dilution
GCF_900774895.1,573.26154,aztreonam,Susceptible,,,Broth dilution
GCF_900774565.1,573.26121,cefazolin,Susceptible,,,Broth dilution
GCF_900775085.1,573.26173,gentamicin,Susceptible,,,Broth dilution
GCF_900774655.1,573.26130,piperacillin/tazobactam,Susceptible,,,Broth dilution
GCF_900774505.1,573.26115,ciprofloxacin,Susceptible,,,Broth dilution
GCF_900775375.1,573.26203,ertapenem,Susceptible,,,Broth dilution
GCF_900774475.1,573.26112,trimethoprim/sulfobactam,Susceptible,,,Broth dilution
GCF_900775085.1,573.26173,cefazolin,Susceptible,,,Broth dilution
GCF_900775515.1,573.26217,trimethoprim/sulfobactam,Susceptible,,,Broth dilution
GCF_900774095.1,573.26075,gentamicin,Susceptible,,,Broth dilution
GCF_900774565.1,573.26121,aztreonam,Susceptible,,,Broth dilution
GCF_900774655.1,573.26130,ceftazidime,Susceptible,,,Broth dilution
GCF_900774835.1,573.26148,aztreonam,Susceptible,,,Broth dilution
GCF_900774995.1,573.26164,tigecycline,Susceptible,,,Broth dilution
GCF_900774895.1,573.26154,piperacillin/tazobactam,Susceptible,,,Broth dilution
GCF_900775385.1,573.26204,nitrofurantoin,Susceptible,,,Broth dilution
GCF_900775285.1,573.26194,ciprofloxacin,Susceptible,,,Broth dilution
GCF_900775345.1,573.26200,cefazolin,Susceptible,,,Broth dilution
GCF_900774475.1,573.26112,aztreonam,Susceptible,,,Broth dilution
GCF_900774375.1,573.26102,gentamicin,Susceptible,,,Broth dilution
GCF_900774965.1,573.26161,meropenem,Susceptible,,,Broth dilution
GCF_900774475.1,573.26112,ciprofloxacin,Susceptible,,,Broth dilution
GCF_900775085.1,573.26173,ceftazidime,Susceptible,,,Broth dilution
GCF_900775345.1,573.26200,gentamicin,Susceptible,,,Broth dilution
GCF_900775505.1,573.26216,trimethoprim/sulfobactam,Resistant,,,Broth dilution
GCF_900775385.1,573.26204,cefepime,Susceptible,,,Broth dilution
GCF_900774565.1,573.26121,ceftazidime,Susceptible,,,Broth dilution
GCF_900774095.1,573.26075,tigecycline,Susceptible,,,Broth dilution
GCF_900774115.1,573.26077,cefazolin,Susceptible,,,Broth dilution
GCF_900774955.1,573.26160,ciprofloxacin,Susceptible,,,Broth dilution
GCF_900775375.1,573.26203,meropenem,Susceptible,,,Broth dilution
GCF_900774115.1,573.26077,amikacin,Susceptible,,,Broth dilution
GCF_900775315.1,573.26197,tigecycline,Susceptible,,,Broth dilution
GCF_900774655.1,573.26130,gentamicin,Susceptible,,,Broth dilution
GCF_900774855.1,573.26150,ciprofloxacin,Susceptible,,,Broth dilution
GCF_900775105.1,573.26175,piperacillin/tazobactam,Susceptible,,,Broth dilution
GCF_900775515.1,573.26217,ciprofloxacin,Susceptible,,,Broth dilution
GCF_900774735.1,573.26138,ampicillin/sulbactam,Resistant,,,Broth dilution
GCF_900775515.1,573.26217,tigecycline,Susceptible,,,Broth dilution
GCF_900775105.1,573.26175,ampicillin/sulbactam,Susceptible,,,Broth dilution
GCF_900775385.1,573.26204,aztreonam,Susceptible,,,Broth dilution
GCF_900774655.1,573.26130,ampicillin/sulbactam,Susceptible,,,Broth dilution
GCF_900774955.1,573.26160,aztreonam,Susceptible,,,Broth dilution
GCF_900774205.1,573.26085,aztreonam,Intermediate,,,Broth dilution
GCF_900774115.1,573.26077,ampicillin,Resistant,,,Broth dilution
GCF_900775295.1,573.26195,ampicillin,Resistant,,,Broth dilution
GCF_900774445.1,573.26109,ciprofloxacin,Susceptible,,,Broth dilution
GCF_900775425.1,573.26208,cefazolin,Susceptible,,,Broth dilution
GCF_900774205.1,573.26085,piperacillin/tazobactam,Susceptible,,,Broth dilution
GCF_900774835.1,573.26148,cefazolin,Susceptible,,,Broth dilution
GCF_900774855.1,573.26150,ertapenem,Susceptible,,,Broth dilution
GCF_900774855.1,573.26150,ceftriaxone,Resistant,,,Broth dilution
GCF_900775105.1,573.26175,ceftriaxone,Susceptible,,,Broth dilution
GCF_900775505.1,573.26216,meropenem,Susceptible,,,Broth dilution
GCF_900774735.1,573.26138,amikacin,Susceptible,,,Broth dilution
GCF_900774475.1,573.26112,gentamicin,Susceptible,,,Broth dilution
GCF_900775505.1,573.26216,ceftazidime,Intermediate,,,Broth dilution
GCF_900774505.1,573.26115,cefazolin,Susceptible,,,Broth dilution
GCF_900775515.1,573.26217,ertapenem,Susceptible,,,Broth dilution
GCF_900774835.1,573.26148,ceftriaxone,Susceptible,,,Broth dilution
GCF_900775345.1,573.26200,piperacillin/tazobactam,Susceptible,,,Broth dilution
GCF_900775085.1,573.26173,meropenem,Susceptible,,,Broth dilution
GCF_900774955.1,573.26160,tigecycline,Susceptible,,,Broth dilution
GCF_900775375.1,573.26203,ceftazidime,Susceptible,,,Broth dilution
GCF_900774625.1,573.26127,ciprofloxacin,Susceptible,,,Broth dilution
GCF_900775385.1,573.26204,meropenem,Susceptible,,,Broth dilution
GCF_900774095.1,573.26075,cefazolin,Susceptible,,,Broth dilution
GCF_900775425.1,573.26208,ceftriaxone,Susceptible,,,Broth dilution
GCF_900774955.1,573.26160,nitrofurantoin,Susceptible,,,Broth dilution
GCF_900775555.1,573.26221,cefepime,Susceptible,,,Broth dilution
GCF_900774145.1,573.26080,cefazolin,Susceptible,,,Broth dilution
GCF_900774475.1,573.26112,ceftriaxone,Susceptible,,,Broth dilution
GCF_900774695.1,573.26134,trimethoprim/sulfobactam,Susceptible,,,Broth dilution
GCF_900774505.1,573.26115,tigecycline,Susceptible,,,Broth dilution
GCF_900775555.1,573.26221,gentamicin,Susceptible,,,Broth dilution
GCF_900774505.1,573.26115,piperacillin/tazobactam,Susceptible,,,Broth dilution
GCF_900774205.1,573.26085,ampicillin,Resistant,,,Broth dilution
GCF_900775555.1,573.26221,meropenem,Susceptible,,,Broth dilution
GCF_900774445.1,573.26109,cefazolin,Susceptible,,,Broth dilution
GCF_900775515.1,573.26217,ceftriaxone,Susceptible,,,Broth dilution
GCF_900774415.1,573.26106,cefepime,Susceptible,,,Broth dilution
GCF_900774695.1,573.26134,amikacin,Susceptible,,,Broth dilution
GCF_900775295.1,573.26195,piperacillin/tazobactam,Susceptible,,,Broth dilution
GCF_900774965.1,573.26161,ampicillin,Resistant,,,Broth dilution
GCF_900774735.1,573.26138,ampicillin,Resistant,,,Broth dilution
GCF_900775105.1,573.26175,cefazolin,Susceptible,,,Broth dilution
GCF_900775505.1,573.26216,ertapenem,Susceptible,,,Broth dilution
GCF_900774835.1,573.26148,ertapenem,Susceptible,,,Broth dilution
GCF_900774445.1,573.26109,nitrofurantoin,Susceptible,,,Broth dilution
GCF_900774855.1,573.26150,piperacillin/tazobactam,Susceptible,,,Broth dilution
GCF_900774565.1,573.26121,cefepime,Susceptible,,,Broth dilution
GCF_900774505.1,573.26115,ampicillin/sulbactam,Susceptible,,,Broth dilution
GCF_900775375.1,573.26203,ampicillin,Resistant,,,Broth dilution
GCF_900774145.1,573.26080,trimethoprim/sulfobactam,Resistant,,,Broth dilution
GCF_900775285.1,573.26194,cefazolin,Susceptible,,,Broth dilution
GCF_900774415.1,573.26106,ertapenem,Susceptible,,,Broth dilution
GCF_900775085.1,573.26173,ceftriaxone,Susceptible,,,Broth dilution
GCF_900774955.1,573.26160,ceftazidime,Susceptible,,,Broth dilution
GCF_900774375.1,573.26102,tigecycline,Susceptible,,,Broth dilution
GCF_900774415.1,573.26106,amikacin,Susceptible,,,Broth dilution
GCF_900774985.1,573.26163,nitrofurantoin,Susceptible,,,Broth dilution
GCF_900775425.1,573.26208,ampicillin,Resistant,,,Broth dilution
GCF_900774115.1,573.26077,piperacillin/tazobactam,Susceptible,,,Broth dilution
GCF_900774735.1,573.26138,cefazolin,Susceptible,,,Broth dilution
GCF_900774535.1,573.26118,nitrofurantoin,Intermediate,,,Broth dilution
GCF_900774965.1,573.26161,trimethoprim/sulfobactam,Susceptible,,,Broth dilution
GCF_900774835.1,573.26148,gentamicin,Susceptible,,,Broth dilution
GCF_900775385.1,573.26204,amikacin,Susceptible,,,Broth dilution
GCF_900774445.1,573.26109,piperacillin/tazobactam,Susceptible,,,Broth dilution
GCF_900775385.1,573.26204,ampicillin,Resistant,,,Broth dilution
GCF_900774115.1,573.26077,gentamicin,Susceptible,,,Broth dilution
GCF_900774565.1,573.26121,tigecycline,Susceptible,,,Broth dilution
GCF_900774895.1,573.26154,ciprofloxacin,Susceptible,,,Broth dilution
GCF_900774965.1,573.26161,aztreonam,Susceptible,,,Broth dilution
GCF_900774625.1,573.26127,cefazolin,Susceptible,,,Broth dilution
GCF_900774835.1,573.26148,ciprofloxacin,Susceptible,,,Broth dilution
GCF_900775295.1,573.26195,gentamicin,Resistant,,,Broth dilution
GCF_900775085.1,573.26173,trimethoprim/sulfobactam,Susceptible,,,Broth dilution
GCF_900774625.1,573.26127,ertapenem,Susceptible,,,Broth dilution
GCF_900775385.1,573.26204,tigecycline,Susceptible,,,Broth dilution
GCF_900775375.1,573.26203,aztreonam,Susceptible,,,Broth dilution
GCF_900774145.1,573.26080,ciprofloxacin,Susceptible,,,Broth dilution
GCF_900774505.1,573.26115,cefepime,Susceptible,,,Broth dilution
GCF_900774695.1,573.26134,ertapenem,Susceptible,,,Broth dilution
GCF_900774145.1,573.26080,amikacin,Susceptible,,,Broth dilution
GCF_900775495.1,573.26215,ampicillin,Resistant,,,Broth dilution
GCF_900774205.1,573.26085,trimethoprim/sulfobactam,Resistant,,,Broth dilution
GCF_900774625.1,573.26127,aztreonam,Susceptible,,,Broth dilution
GCF_900775315.1,573.26197,piperacillin/tazobactam,Susceptible,,,Broth dilution
GCF_900774115.1,573.26077,ampicillin/sulbactam,Susceptible,,,Broth dilution
GCF_900774695.1,573.26134,ceftriaxone,Susceptible,,,Broth dilution
GCF_900774205.1,573.26085,meropenem,Susceptible,,,Broth dilution
GCF_900774655.1,573.26130,nitrofurantoin,Intermediate,,,Broth dilution
GCF_900774535.1,573.26118,gentamicin,Susceptible,,,Broth dilution
GCF_900774565.1,573.26121,amikacin,Susceptible,,,Broth dilution
GCF_900774375.1,573.26102,ampicillin,Resistant,,,Broth dilution
GCF_900775425.1,573.26208,amikacin,Susceptible,,,Broth dilution
GCF_900775085.1,573.26173,ampicillin,Resistant,,,Broth dilution
GCF_900774095.1,573.26075,nitrofurantoin,Intermediate,,,Broth dilution
GCF_900774965.1,573.26161,gentamicin,Susceptible,,,Broth dilution
GCF_900775295.1,573.26195,ciprofloxacin,Susceptible,,,Broth dilution
GCF_900775105.1,573.26175,ampicillin,Resistant,,,Broth dilution
GCF_900774445.1,573.26109,gentamicin,Susceptible,,,Broth dilution
GCF_900774735.1,573.26138,tigecycline,Susceptible,,,Broth dilution
GCF_900774565.1,573.26121,nitrofurantoin,Intermediate,,,Broth dilution
GCF_900775555.1,573.26221,ciprofloxacin,Susceptible,,,Broth dilution
GCF_900774115.1,573.26077,cefepime,Susceptible,,,Broth dilution
GCF_900774965.1,573.26161,ceftazidime,Susceptible,,,Broth dilution
GCF_900774855.1,573.26150,aztreonam,Intermediate,,,Broth dilution
GCF_900774835.1,573.26148,cefepime,Susceptible,,,Broth dilution
GCF_900774535.1,573.26118,piperacillin/tazobactam,Susceptible,,,Broth dilution
GCF_900775285.1,573.26194,aztreonam,Susceptible,,,Broth dilution
GCF_900774095.1,573.26075,meropenem,Susceptible,,,Broth dilution
GCF_900775385.1,573.26204,gentamicin,Susceptible,,,Broth dilution
GCF_900775345.1,573.26200,ertapenem,Susceptible,,,Broth dilution
GCF_900775515.1,573.26217,cefazolin,Susceptible,,,Broth dilution
GCF_900775375.1,573.26203,amikacin,Susceptible,,,Broth dilution
GCF_900774985.1,573.26163,piperacillin/tazobactam,Susceptible,,,Broth dilution
GCF_900775385.1,573.26204,ceftazidime,Susceptible,,,Broth dilution
GCF_900775555.1,573.26221,ceftazidime,Susceptible,,,Broth dilution
GCF_900774855.1,573.26150,trimethoprim/sulfobactam,Resistant,,,Broth dilution
GCF_900774415.1,573.26106,gentamicin,Susceptible,,,Broth dilution
GCF_900774205.1,573.26085,tigecycline,Susceptible,,,Broth dilution
GCF_900774965.1,573.26161,piperacillin/tazobactam,Susceptible,,,Broth dilution
GCF_900774205.1,573.26085,cefepime,Intermediate,,,Broth dilution
GCF_900774375.1,573.26102,meropenem,Susceptible,,,Broth dilution
GCF_900774855.1,573.26150,ampicillin,Resistant,,,Broth dilution
GCF_900774895.1,573.26154,ampicillin,Resistant,,,Broth dilution
GCF_900775505.1,573.26216,cefazolin,Resistant,,,Broth dilution
GCF_900774985.1,573.26163,meropenem,Susceptible,,,Broth dilution
GCF_900775515.1,573.26217,cefepime,Susceptible,,,Broth dilution
GCF_900774655.1,573.26130,amikacin,Susceptible,,,Broth dilution
GCF_900774625.1,573.26127,piperacillin/tazobactam,Susceptible,,,Broth dilution
GCF_900774895.1,573.26154,cefazolin,Susceptible,,,Broth dilution
GCF_900775385.1,573.26204,trimethoprim/sulfobactam,Susceptible,,,Broth dilution
GCF_900775375.1,573.26203,gentamicin,Susceptible,,,Broth dilution
GCF_900774565.1,573.26121,ceftriaxone,Susceptible,,,Broth dilution
GCF_900775555.1,573.26221,tigecycline,Susceptible,,,Broth dilution
GCF_900774955.1,573.26160,meropenem,Susceptible,,,Broth dilution
GCF_900774205.1,573.26085,cefazolin,Resistant,,,Broth dilution
GCF_900775495.1,573.26215,tigecycline,Susceptible,,,Broth dilution
GCF_900774415.1,573.26106,ceftriaxone,Susceptible,,,Broth dilution
GCF_900774955.1,573.26160,ceftriaxone,Susceptible,,,Broth dilution
GCF_900775555.1,573.26221,aztreonam,Susceptible,,,Broth dilution
GCF_900774735.1,573.26138,nitrofurantoin,Susceptible,,,Broth dilution
GCF_900774115.1,573.26077,meropenem,Susceptible,,,Broth dilution
GCF_900775285.1,573.26194,gentamicin,Susceptible,,,Broth dilution
GCF_900775315.1,573.26197,nitrofurantoin,Susceptible,,,Broth dilution
GCF_900774855.1,573.26150,cefazolin,Resistant,,,Broth dilution
GCF_900774695.1,573.26134,nitrofurantoin,Intermediate,,,Broth dilution
GCF_900775385.1,573.26204,piperacillin/tazobactam,Susceptible,,,Broth dilution
GCF_900775375.1,573.26203,ciprofloxacin,Susceptible,,,Broth dilution
GCF_900774965.1,573.26161,cefazolin,Susceptible,,,Broth dilution
GCF_900774475.1,573.26112,piperacillin/tazobactam,Susceptible,,,Broth dilution
GCF_900775495.1,573.26215,ertapenem,Susceptible,,,Broth dilution
GCF_900775295.1,573.26195,nitrofurantoin,Susceptible,,,Broth dilution
GCF_900774985.1,573.26163,tigecycline,Susceptible,,,Broth dilution
GCF_900774895.1,573.26154,amikacin,Susceptible,,,Broth dilution
GCF_900774955.1,573.26160,gentamicin,Susceptible,,,Broth dilution
GCF_900774695.1,573.26134,ampicillin/sulbactam,Susceptible,,,Broth dilution
GCF_900774535.1,573.26118,ampicillin,Resistant,,,Broth dilution
GCF_900774895.1,573.26154,ertapenem,Susceptible,,,Broth dilution
GCF_900774735.1,573.26138,gentamicin,Susceptible,,,Broth dilution
GCF_900775555.1,573.26221,ampicillin,Resistant,,,Broth dilution
GCF_900775555.1,573.26221,amikacin,Susceptible,,,Broth dilution
GCF_900775105.1,573.26175,aztreonam,Susceptible,,,Broth dilution
GCF_900775345.1,573.26200,meropenem,Susceptible,,,Broth dilution
GCF_900774835.1,573.26148,tigecycline,Resistant,,,Broth dilution
GCF_900775085.1,573.26173,amikacin,Susceptible,,,Broth dilution
GCF_900774955.1,573.26160,piperacillin/tazobactam,Susceptible,,,Broth dilution
GCF_900775345.1,573.26200,aztreonam,Susceptible,,,Broth dilution
GCF_900774995.1,573.26164,piperacillin/tazobactam,Susceptible,,,Broth dilution
GCF_900774655.1,573.26130,ciprofloxacin,Susceptible,,,Broth dilution
GCF_900774475.1,573.26112,ampicillin,Resistant,,,Broth dilution
GCF_900774835.1,573.26148,ceftazidime,Susceptible,,,Broth dilution
GCF_900775515.1,573.26217,piperacillin/tazobactam,Susceptible,,,Broth dilution
GCF_900775425.1,573.26208,gentamicin,Susceptible,,,Broth dilution
GCF_900775425.1,573.26208,ciprofloxacin,Susceptible,,,Broth dilution
GCF_900774955.1,573.26160,ampicillin/sulbactam,Susceptible,,,Broth dilution
GCF_900774655.1,573.26130,ertapenem,Susceptible,,,Broth dilution
GCF_900775495.1,573.26215,nitrofurantoin,Intermediate,,,Broth dilution
GCF_900774445.1,573.26109,tigecycline,Susceptible,,,Broth dilution
GCF_900774955.1,573.26160,cefazolin,Susceptible,,,Broth dilution
GCF_900774115.1,573.26077,ertapenem,Susceptible,,,Broth dilution
GCF_900774535.1,573.26118,ceftriaxone,Susceptible,,,Broth dilution
GCF_900774655.1,573.26130,meropenem,Susceptible,,,Broth dilution
GCF_900774735.1,573.26138,ceftazidime,Susceptible,,,Broth dilution
GCF_900775285.1,573.26194,nitrofurantoin,Susceptible,,,Broth dilution
GCF_900774995.1,573.26164,trimethoprim/sulfobactam,Susceptible,,,Broth dilution
GCF_900775315.1,573.26197,ceftazidime,Susceptible,,,Broth dilution
GCF_900774475.1,573.26112,ampicillin/sulbactam,Intermediate,,,Broth dilution
GCF_900775515.1,573.26217,meropenem,Susceptible,,,Broth dilution
GCF_900774835.1,573.26148,piperacillin/tazobactam,Susceptible,,,Broth dilution
GCF_900775425.1,573.26208,meropenem,Susceptible,,,Broth dilution
GCF_900774625.1,573.26127,ampicillin/sulbactam,Susceptible,,,Broth dilution
GCF_900774965.1,573.26161,ciprofloxacin,Susceptible,,,Broth dilution
GCF_900775105.1,573.26175,ertapenem,Susceptible,,,Broth dilution
GCF_900774205.1,573.26085,nitrofurantoin,Intermediate,,,Broth dilution
GCF_900774855.1,573.26150,gentamicin,Resistant,,,Broth dilution
GCF_900775285.1,573.26194,meropenem,Susceptible,,,Broth dilution
GCF_900775345.1,573.26200,tigecycline,Susceptible,,,Broth dilution
GCF_900775295.1,573.26195,trimethoprim/sulfobactam,Susceptible,,,Broth dilution
GCF_900774995.1,573.26164,aztreonam,Susceptible,,,Broth dilution
GCF_900774565.1,573.26121,meropenem,Susceptible,,,Broth dilution
GCF_900775295.1,573.26195,cefazolin,Susceptible,,,Broth dilution
GCF_900774565.1,573.26121,ampicillin,Resistant,,,Broth dilution
GCF_900775345.1,573.26200,trimethoprim/sulfobactam,Susceptible,,,Broth dilution
GCF_900774965.1,573.26161,amikacin,Susceptible,,,Broth dilution
GCF_900775105.1,573.26175,gentamicin,Susceptible,,,Broth dilution
GCF_900775495.1,573.26215,aztreonam,Susceptible,,,Broth dilution
GCF_900775505.1,573.26216,ciprofloxacin,Resistant,,,Broth dilution
GCF_900774505.1,573.26115,aztreonam,Susceptible,,,Broth dilution
GCF_900774985.1,573.26163,ertapenem,Susceptible,,,Broth dilution
GCF_900774855.1,573.26150,cefepime,Intermediate,,,Broth dilution
GCF_900775385.1,573.26204,cefazolin,Susceptible,,,Broth dilution
GCF_900775495.1,573.26215,piperacillin/tazobactam,Susceptible,,,Broth dilution
GCF_004924315.1,573.25927,levofloxacin,Susceptible,<=0.125,mg/L,Broth dilution
GCF_004924315.1,573.25927,ciprofloxacin,Susceptible,<=0.25,mg/L,Broth dilution
GCF_004924315.1,573.25927,trimethoprim/sulfamethoxazole,Susceptible,<=0.5/9.5,mg/L,Broth dilution
GCF_004924315.1,573.25927,imipenem,Intermediate,==2,mg/L,Broth dilution
GCF_004924315.1,573.25927,tetracycline,Susceptible,<=2,mg/L,Broth dilution
GCF_004924315.1,573.25927,gentamicin,Susceptible,<=0.25,mg/L,Broth dilution
GCF_004924315.1,573.25927,ampicillin,Resistant,<32,mg/L,Broth dilution
GCF_004924315.1,573.25927,aztreonam,Intermediate,==8,mg/L,Broth dilution
GCF_004924315.1,573.25927,ceftriaxone,Resistant,>32,mg/L,Broth dilution
GCF_004924315.1,573.25927,colistin,,<=0.25,mg/L,Broth dilution
GCF_004924315.1,573.25927,cefotaxime,Resistant,==4,mg/L,Broth dilution
GCF_004924315.1,573.25927,ceftazidime,Susceptible,<=1,mg/L,Broth dilution
GCF_004924315.1,573.25927,piperacillin/tazobactam,Resistant,==128/4,mg/L,Broth dilution
GCF_004924315.1,573.25927,meropenem,Intermediate,==2,mg/L,Broth dilution
GCF_004924315.1,573.25927,ceftazidime/avibactam,Susceptible,<=0.5/4,mg/L,Broth dilution
GCF_004924315.1,573.25927,doripenem,Susceptible,==1,mg/L,Broth dilution
GCF_004924315.1,573.25927,tigecycline,Susceptible,<=0.5,mg/L,Broth dilution
GCF_004924315.1,573.25927,amikacin,Susceptible,<=1,mg/L,Broth dilution
GCF_004924315.1,573.25927,cefepime,Susceptible,==2,mg/L,Broth dilution
GCF_004924315.1,573.25927,ertapenem,Resistant,==2,mg/L,Broth dilution
GCF_900775915.1,573.26259,trimethoprim/sulfobactam,Susceptible,,,Broth dilution
GCF_900776515.1,573.26319,ceftazidime,Resistant,,,Broth dilution
GCF_900775855.1,573.26253,gentamicin,Resistant,,,Broth dilution
GCF_900776445.1,573.26312,ciprofloxacin,Susceptible,,,Broth dilution
GCF_900776225.1,573.26290,ampicillin,Resistant,,,Broth dilution
GCF_900775925.1,573.26260,ceftazidime,Resistant,,,Broth dilution
GCF_900775585.1,573.26224,ampicillin/sulbactam,Susceptible,,,Broth dilution
GCF_900775605.1,573.26226,piperacillin/tazobactam,Intermediate,,,Broth dilution
GCF_900776515.1,573.26319,ertapenem,Susceptible,,,Broth dilution
GCF_900775665.1,573.26234,meropenem,Susceptible,,,Broth dilution
GCF_900776175.1,573.26285,meropenem,Susceptible,,,Broth dilution
GCF_900776215.1,573.26289,ertapenem,Susceptible,,,Broth dilution
GCF_900775605.1,573.26226,gentamicin,Susceptible,,,Broth dilution
GCF_900775585.1,573.26224,ertapenem,Susceptible,,,Broth dilution
GCF_900776055.1,573.26273,gentamicin,Resistant,,,Broth dilution
GCF_900776305.1,573.26298,meropenem,Susceptible,,,Broth dilution
GCF_900776315.1,573.26299,ertapenem,Susceptible,,,Broth dilution
GCF_900775955.1,573.26263,aztreonam,Susceptible,,,Broth dilution
GCF_900775785.1,573.26246,tigecycline,Susceptible,,,Broth dilution
GCF_900776245.1,573.26292,ampicillin/sulbactam,Resistant,,,Broth dilution
GCF_900775775.1,573.26245,nitrofurantoin,Intermediate,,,Broth dilution
GCF_900776515.1,573.26319,piperacillin/tazobactam,Susceptible,,,Broth dilution
GCF_900775915.1,573.26259,cefepime,Susceptible,,,Broth dilution
GCF_900776175.1,573.26285,aztreonam,Susceptible,,,Broth dilution
GCF_900775855.1,573.26253,meropenem,Susceptible,,,Broth dilution
GCF_900775785.1,573.26246,ceftriaxone,Susceptible,,,Broth dilution
GCF_900775785.1,573.26246,ertapenem,Susceptible,,,Broth dilution
GCF_900775585.1,573.26224,nitrofurantoin,Susceptible,,,Broth dilution
GCF_900776305.1,573.26298,ertapenem,Susceptible,,,Broth dilution
GCF_900776175.1,573.26285,cefazolin,Susceptible,,,Broth dilution
GCF_900775825.1,573.26250,amikacin,Susceptible,,,Broth dilution
GCF_900775825.1,573.26250,piperacillin/tazobactam,Susceptible,,,Broth dilution
GCF_900775795.1,573.26247,piperacillin/tazobactam,Susceptible,,,Broth dilution
GCF_900775995.1,573.26267,piperacillin/tazobactam,Susceptible,,,Broth dilution
GCF_900776435.1,573.26311,piperacillin/tazobactam,Susceptible,,,Broth dilution
GCF_900776055.1,573.26273,meropenem,Susceptible,,,Broth dilution
GCF_900776175.1,573.26285,ertapenem,Susceptible,,,Broth dilution
GCF_900776215.1,573.26289,piperacillin/tazobactam,Susceptible,,,Broth dilution
GCF_900775995.1,573.26267,aztreonam,Susceptible,,,Broth dilution
GCF_900776215.1,573.26289,tigecycline,Susceptible,,,Broth dilution
GCF_900775925.1,573.26260,cefepime,Resistant,,,Broth dilution
GCF_900775995.1,573.26267,ampicillin/sulbactam,Susceptible,,,Broth dilution
GCF_900776085.1,573.26276,ciprofloxacin,Resistant,,,Broth dilution
GCF_900776335.1,573.26301,cefazolin,Susceptible,,,Broth dilution
GCF_900775855.1,573.26253,ampicillin/sulbactam,Resistant,,,Broth dilution
GCF_900775825.1,573.26250,tigecycline,Susceptible,,,Broth dilution
GCF_900775585.1,573.26224,cefazolin,Susceptible,,,Broth dilution
GCF_900776255.1,573.26293,ertapenem,Susceptible,,,Broth dilution
GCF_900775895.1,573.26257,nitrofurantoin,Intermediate,,,Broth dilution
GCF_900776305.1,573.26298,cefepime,Resistant,,,Broth dilution
GCF_900775895.1,573.26257,cefepime,Resistant,,,Broth dilution
GCF_900775785.1,573.26246,ampicillin,Resistant,,,Broth dilution
GCF_900775995.1,573.26267,ampicillin,Resistant,,,Broth dilution
GCF_900775665.1,573.26234,piperacillin/tazobactam,Susceptible,,,Broth dilution
GCF_900776335.1,573.26301,ciprofloxacin,Susceptible,,,Broth dilution
GCF_900776085.1,573.26276,aztreonam,Resistant,,,Broth dilution
GCF_900776445.1,573.26312,gentamicin,Susceptible,,,Broth dilution
GCF_900775805.1,573.26248,gentamicin,Resistant,,,Broth dilution
GCF_900775775.1,573.26245,cefepime,Susceptible,,,Broth dilution
GCF_900775855.1,573.26253,aztreonam,Resistant,,,Broth dilution
GCF_900776315.1,573.26299,ciprofloxacin,Susceptible,,,Broth dilution
GCF_900776315.1,573.26299,ampicillin,Resistant,,,Broth dilution
GCF_900775925.1,573.26260,ampicillin,Resistant,,,Broth dilution
GCF_900776335.1,573.26301,ampicillin,Resistant,,,Broth dilution
GCF_900775855.1,573.26253,ciprofloxacin,Susceptible,,,Broth dilution
GCF_900775915.1,573.26259,ertapenem,Susceptible,,,Broth dilution
GCF_900776255.1,573.26293,amikacin,Intermediate,,,Broth dilution
GCF_900776305.1,573.26298,nitrofurantoin,Resistant,,,Broth dilution
GCF_900776225.1,573.26290,aztreonam,Susceptible,,,Broth dilution
GCF_900775565.1,573.26222,piperacillin/tazobactam,Susceptible,,,Broth dilution
GCF_900776215.1,573.26289,amikacin,Susceptible,,,Broth dilution
GCF_900775775.1,573.26245,ampicillin,Resistant,,,Broth dilution
GCF_900776195.1,573.26287,meropenem,Susceptible,,,Broth dilution
GCF_900775915.1,573.26259,ampicillin/sulbactam,Susceptible,,,Broth dilution
GCF_900775565.1,573.26222,ceftriaxone,Susceptible,,,Broth dilution
GCF_900776225.1,573.26290,tigecycline,Susceptible,,,Broth dilution
GCF_900775995.1,573.26267,gentamicin,Susceptible,,,Broth dilution
GCF_900775785.1,573.26246,ceftazidime,Susceptible,,,Broth dilution
GCF_900776515.1,573.26319,ceftriaxone,Resistant,,,Broth dilution
GCF_900775785.1,573.26246,ampicillin/sulbactam,Susceptible,,,Broth dilution
GCF_900776515.1,573.26319,amikacin,Susceptible,,,Broth dilution
GCF_900775565.1,573.26222,amikacin,Susceptible,,,Broth dilution
GCF_900776245.1,573.26292,amikacin,Susceptible,,,Broth dilution
GCF_900776175.1,573.26285,cefepime,Susceptible,,,Broth dilution
GCF_900776145.1,573.26282,nitrofurantoin,Intermediate,,,Broth dilution
GCF_900776055.1,573.26273,ertapenem,Susceptible,,,Broth dilution
GCF_900776145.1,573.26282,cefazolin,Susceptible,,,Broth dilution
GCF_900775805.1,573.26248,ciprofloxacin,Resistant,,,Broth dilution
GCF_900776175.1,573.26285,nitrofurantoin,Susceptible,,,Broth dilution
GCF_900775785.1,573.26246,cefazolin,Susceptible,,,Broth dilution
GCF_900775795.1,573.26247,ampicillin/sulbactam,Susceptible,,,Broth dilution
GCF_900776255.1,573.26293,piperacillin/tazobactam,Susceptible,,,Broth dilution
GCF_900775855.1,573.26253,trimethoprim/sulfobactam,Resistant,,,Broth dilution
GCF_900776215.1,573.26289,ceftriaxone,Susceptible,,,Broth dilution
GCF_900775605.1,573.26226,ceftazidime,Susceptible,,,Broth dilution
GCF_900776215.1,573.26289,ampicillin,Resistant,,,Broth dilution
GCF_900776085.1,573.26276,nitrofurantoin,Intermediate,,,Broth dilution
GCF_900775805.1,573.26248,tigecycline,Intermediate,,,Broth dilution
GCF_900776225.1,573.26290,gentamicin,Susceptible,,,Broth dilution
GCF_900775565.1,573.26222,ertapenem,Susceptible,,,Broth dilution
GCF_900775855.1,573.26253,nitrofurantoin,Intermediate,,,Broth dilution
GCF_900775825.1,573.26250,trimethoprim/sulfobactam,Resistant,,,Broth dilution
GCF_900775775.1,573.26245,meropenem,Susceptible,,,Broth dilution
GCF_900775795.1,573.26247,meropenem,Susceptible,,,Broth dilution
GCF_900776195.1,573.26287,gentamicin,Susceptible,,,Broth dilution
GCF_900776255.1,573.26293,ceftriaxone,Resistant,,,Broth dilution
GCF_900775895.1,573.26257,amikacin,Susceptible,,,Broth dilution
GCF_900775785.1,573.26246,meropenem,Susceptible,,,Broth dilution
GCF_900775795.1,573.26247,aztreonam,Susceptible,,,Broth dilution
GCF_900776255.1,573.26293,gentamicin,Susceptible,,,Broth dilution
GCF_900776215.1,573.26289,nitrofurantoin,Susceptible,,,Broth dilution
GCF_900776145.1,573.26282,ceftazidime,Susceptible,,,Broth dilution
GCF_900775605.1,573.26226,ampicillin/sulbactam,Resistant,,,Broth dilution
GCF_900776335.1,573.26301,ampicillin/sulbactam,Susceptible,,,Broth dilution
GCF_900775895.1,573.26257,ceftriaxone,Resistant,,,Broth dilution
GCF_900776435.1,573.26311,ceftazidime,Resistant,,,Broth dilution
GCF_900776145.1,573.26282,aztreonam,Susceptible,,,Broth dilution
GCF_900776195.1,573.26287,ciprofloxacin,Susceptible,,,Broth dilution
GCF_900776055.1,573.26273,tigecycline,Susceptible,,,Broth dilution
GCF_900775775.1,573.26245,amikacin,Susceptible,,,Broth dilution
GCF_900775585.1,573.26224,piperacillin/tazobactam,Susceptible,,,Broth dilution
GCF_900775995.1,573.26267,tigecycline,Susceptible,,,Broth dilution
GCF_900776145.1,573.26282,amikacin,Susceptible,,,Broth dilution
GCF_900776515.1,573.26319,cefazolin,Resistant,,,Broth dilution
GCF_900776175.1,573.26285,tigecycline,Susceptible,,,Broth dilution
GCF_900776215.1,573.26289,gentamicin,Susceptible,,,Broth dilution
GCF_900776245.1,573.26292,ciprofloxacin,Susceptible,,,Broth dilution
GCF_900776055.1,573.26273,ampicillin,Resistant,,,Broth dilution
GCF_900775665.1,573.26234,ertapenem,Susceptible,,,Broth dilution
GCF_900776225.1,573.26290,ciprofloxacin,Susceptible,,,Broth dilution
GCF_900775605.1,573.26226,tigecycline,Susceptible,,,Broth dilution
GCF_900776175.1,573.26285,ampicillin,Resistant,,,Broth dilution
GCF_900775855.1,573.26253,cefazolin,Resistant,,,Broth dilution
GCF_900776445.1,573.26312,piperacillin/tazobactam,Susceptible,,,Broth dilution
GCF_900775915.1,573.26259,ampicillin,Resistant,,,Broth dilution
GCF_900776195.1,573.26287,tigecycline,Susceptible,,,Broth dilution
GCF_900776445.1,573.26312,ceftazidime,Susceptible,,,Broth dilution
GCF_900775995.1,573.26267,meropenem,Susceptible,,,Broth dilution
GCF_900775795.1,573.26247,amikacin,Susceptible,,,Broth dilution
GCF_900776195.1,573.26287,ertapenem,Susceptible,,,Broth dilution
GCF_900776515.1,573.26319,ampicillin,Resistant,,,Broth dilution
GCF_900775585.1,573.26224,ampicillin,Resistant,,,Broth dilution
GCF_900776175.1,573.26285,ceftriaxone,Susceptible,,,Broth dilution
GCF_900776305.1,573.26298,gentamicin,Resistant,,,Broth dilution
GCF_900775925.1,573.26260,trimethoprim/sulfobactam,Resistant,,,Broth dilution
GCF_900776245.1,573.26292,gentamicin,Resistant,,,Broth dilution
GCF_900775805.1,573.26248,nitrofurantoin,Intermediate,,,Broth dilution
GCF_900776085.1,573.26276,cefepime,Resistant,,,Broth dilution
GCF_900776515.1,573.26319,gentamicin,Resistant,,,Broth dilution
GCF_900776195.1,573.26287,ampicillin/sulbactam,Susceptible,,,Broth dilution
GCF_900776315.1,573.26299,piperacillin/tazobactam,Susceptible,,,Broth dilution
GCF_900776175.1,573.26285,trimethoprim/sulfobactam,Susceptible,,,Broth dilution
GCF_900775855.1,573.26253,ertapenem,Susceptible,,,Broth dilution
GCF_900775995.1,573.26267,cefazolin,Susceptible,,,Broth dilution
GCF_900776245.1,573.26292,meropenem,Susceptible,,,Broth dilution
GCF_900775995.1,573.26267,trimethoprim/sulfobactam,Susceptible,,,Broth dilution
GCF_900775815.1,573.26249,aztreonam,Susceptible,,,Broth dilution
GCF_900776315.1,573.26299,ampicillin/sulbactam,Resistant,,,Broth dilution
GCF_900775605.1,573.26226,meropenem,Susceptible,,,Broth dilution
GCF_900775665.1,573.26234,cefepime,Susceptible,,,Broth dilution
GCF_900775665.1,573.26234,nitrofurantoin,Resistant,,,Broth dilution
GCF_900775895.1,573.26257,ciprofloxacin,Susceptible,,,Broth dilution
GCF_900775785.1,573.26246,cefepime,Susceptible,,,Broth dilution
GCF_900775815.1,573.26249,ampicillin,Resistant,,,Broth dilution
GCF_900775955.1,573.26263,piperacillin/tazobactam,Susceptible,,,Broth dilution
GCF_900775565.1,573.26222,aztreonam,Susceptible,,,Broth dilution
GCF_900775995.1,573.26267,cefepime,Susceptible,,,Broth dilution
GCF_900775815.1,573.26249,tigecycline,Susceptible,,,Broth dilution
GCF_900775795.1,573.26247,nitrofurantoin,Susceptible,,,Broth dilution
GCF_900776305.1,573.26298,ceftriaxone,Resistant,,,Broth dilution
GCF_900775915.1,573.26259,ciprofloxacin,Susceptible,,,Broth dilution
GCF_900776305.1,573.26298,tigecycline,Susceptible,,,Broth dilution
GCF_900776245.1,573.26292,piperacillin/tazobactam,Intermediate,,,Broth dilution
GCF_900775915.1,573.26259,tigecycline,Susceptible,,,Broth dilution
GCF_900776435.1,573.26311,cefazolin,Resistant,,,Broth dilution
GCF_900775855.1,573.26253,ceftazidime,Resistant,,,Broth dilution
GCF_900775665.1,573.26234,cefazolin,Susceptible,,,Broth dilution
GCF_900776195.1,573.26287,piperacillin/tazobactam,Susceptible,,,Broth dilution
GCF_900776435.1,573.26311,ampicillin,Resistant,,,Broth dilution
GCF_900775955.1,573.26263,ceftazidime,Susceptible,,,Broth dilution
GCF_900775925.1,573.26260,ceftriaxone,Resistant,,,Broth dilution
GCF_900776315.1,573.26299,aztreonam,Resistant,,,Broth dilution
GCF_900775785.1,573.26246,gentamicin,Susceptible,,,Broth dilution
GCF_900775815.1,573.26249,nitrofurantoin,Intermediate,,,Broth dilution
GCF_900775775.1,573.26245,cefazolin,Susceptible,,,Broth dilution
GCF_900775585.1,573.26224,gentamicin,Susceptible,,,Broth dilution
GCF_900775895.1,573.26257,gentamicin,Resistant,,,Broth dilution
GCF_900776305.1,573.26298,ampicillin,Resistant,,,Broth dilution
GCF_900775895.1,573.26257,ertapenem,Susceptible,,,Broth dilution
GCF_900776335.1,573.26301,aztreonam,Susceptible,,,Broth dilution
GCF_900775825.1,573.26250,ampicillin/sulbactam,Resistant,,,Broth dilution
GCF_900776315.1,573.26299,amikacin,Susceptible,,,Broth dilution
GCF_900776255.1,573.26293,ampicillin/sulbactam,Resistant,,,Broth dilution
GCF_900775805.1,573.26248,trimethoprim/sulfobactam,Resistant,,,Broth dilution
GCF_900776435.1,573.26311,gentamicin,Susceptible,,,Broth dilution
GCF_900775895.1,573.26257,ampicillin/sulbactam,Resistant,,,Broth dilution
GCF_900776145.1,573.26282,ciprofloxacin,Susceptible,,,Broth dilution
GCF_900776225.1,573.26290,ampicillin/sulbactam,Susceptible,,,Broth dilution
GCF_900776435.1,573.26311,ceftriaxone,Resistant,,,Broth dilution
GCF_900775795.1,573.26247,ceftazidime,Susceptible,,,Broth dilution
GCF_900776225.1,573.26290,meropenem,Susceptible,,,Broth dilution
GCF_900775955.1,573.26263,trimethoprim/sulfobactam,Susceptible,,,Broth dilution
GCF_900776055.1,573.26273,ceftazidime,Resistant,,,Broth dilution
GCF_900775955.1,573.26263,meropenem,Susceptible,,,Broth dilution
GCF_900775815.1,573.26249,ampicillin/sulbactam,Susceptible,,,Broth dilution
GCF_900775775.1,573.26245,ceftazidime,Susceptible,,,Broth dilution
GCF_900776315.1,573.26299,meropenem,Susceptible,,,Broth dilution
GCF_900776145.1,573.26282,cefepime,Susceptible,,,Broth dilution
GCF_900776305.1,573.26298,ceftazidime,Resistant,,,Broth dilution
GCF_900776515.1,573.26319,ciprofloxacin,Resistant,,,Broth dilution
GCF_900775915.1,573.26259,ceftriaxone,Susceptible,,,Broth dilution
GCF_900776145.1,573.26282,ampicillin/sulbactam,Susceptible,,,Broth dilution
GCF_900775775.1,573.26245,ampicillin/sulbactam,Susceptible,,,Broth dilution
GCF_900776515.1,573.26319,aztreonam,Resistant,,,Broth dilution
GCF_900776445.1,573.26312,meropenem,Susceptible,,,Broth dilution
GCF_900776335.1,573.26301,gentamicin,Susceptible,,,Broth dilution
GCF_900775665.1,573.26234,ceftazidime,Susceptible,,,Broth dilution
GCF_900776335.1,573.26301,ceftriaxone,Susceptible,,,Broth dilution
GCF_900775805.1,573.26248,ceftazidime,Resistant,,,Broth dilution
GCF_900775805.1,573.26248,ceftriaxone,Resistant,,,Broth dilution
GCF_900775565.1,573.26222,gentamicin,Susceptible,,,Broth dilution
GCF_900776445.1,573.26312,tigecycline,Susceptible,,,Broth dilution
GCF_900776145.1,573.26282,piperacillin/tazobactam,Susceptible,,,Broth dilution
GCF_900775895.1,573.26257,trimethoprim/sulfobactam,Resistant,,,Broth dilution
GCF_900776305.1,573.26298,ciprofloxacin,Resistant,,,Broth dilution
GCF_900775915.1,573.26259,gentamicin,Susceptible,,,Broth dilution
GCF_900775825.1,573.26250,ciprofloxacin,Resistant,,,Broth dilution
GCF_900776225.1,573.26290,nitrofurantoin,Susceptible,,,Broth dilution
GCF_900775855.1,573.26253,piperacillin/tazobactam,Susceptible,,,Broth dilution
GCF_900775825.1,573.26250,nitrofurantoin,Intermediate,,,Broth dilution
GCF_900775995.1,573.26267,amikacin,Susceptible,,,Broth dilution
GCF_900775955.1,573.26263,ampicillin/sulbactam,Susceptible,,,Broth dilution
GCF_900776175.1,573.26285,piperacillin/tazobactam,Susceptible,,,Broth dilution
GCF_900775775.1,573.26245,gentamicin,Susceptible,,,Broth dilution
GCF_900775915.1,573.26259,nitrofurantoin,Intermediate,,,Broth dilution
GCF_900776055.1,573.26273,ampicillin/sulbactam,Resistant,,,Broth dilution
GCF_900776055.1,573.26273,nitrofurantoin,Intermediate,,,Broth dilution
GCF_900776085.1,573.26276,gentamicin,Resistant,,,Broth dilution
GCF_900776195.1,573.26287,cefepime,Susceptible,,,Broth dilution
GCF_900775925.1,573.26260,cefazolin,Resistant,,,Broth dilution
GCF_900776435.1,573.26311,nitrofurantoin,Intermediate,,,Broth dilution
GCF_900775825.1,573.26250,gentamicin,Resistant,,,Broth dilution
GCF_900775825.1,573.26250,ceftriaxone,Resistant,,,Broth dilution
GCF_900776335.1,573.26301,trimethoprim/sulfobactam,Susceptible,,,Broth dilution
GCF_900776245.1,573.26292,trimethoprim/sulfobactam,Resistant,,,Broth dilution
GCF_900775825.1,573.26250,ampicillin,Resistant,,,Broth dilution
GCF_900776315.1,573.26299,nitrofurantoin,Intermediate,,,Broth dilution
GCF_900776175.1,573.26285,ampicillin/sulbactam,Susceptible,,,Broth dilution
GCF_900775785.1,573.26246,ciprofloxacin,Susceptible,,,Broth dilution
GCF_900775605.1,573.26226,ciprofloxacin,Susceptible,,,Broth dilution
GCF_900775825.1,573.26250,ceftazidime,Resistant,,,Broth dilution
GCF_900776315.1,573.26299,trimethoprim/sulfobactam,Resistant,,,Broth dilution
GCF_900775925.1,573.26260,nitrofurantoin,Intermediate,,,Broth dilution
GCF_900776515.1,573.26319,cefepime,Resistant,,,Broth dilution
GCF_900775915.1,573.26259,ceftazidime,Susceptible,,,Broth dilution
GCF_900776445.1,573.26312,ertapenem,Susceptible,,,Broth dilution
GCF_900776315.1,573.26299,ceftriaxone,Resistant,,,Broth dilution
GCF_900775585.1,573.26224,amikacin,Susceptible,,,Broth dilution
GCF_900776445.1,573.26312,trimethoprim/sulfobactam,Susceptible,,,Broth dilution
GCF_900776175.1,573.26285,ciprofloxacin,Susceptible,,,Broth dilution
GCF_900776335.1,573.26301,cefepime,Susceptible,,,Broth dilution
GCF_900776085.1,573.26276,ampicillin,Resistant,,,Broth dilution
GCF_900776255.1,573.26293,tigecycline,Susceptible,,,Broth dilution
GCF_900776145.1,573.26282,meropenem,Susceptible,,,Broth dilution
GCF_900776315.1,573.26299,cefazolin,Resistant,,,Broth dilution
GCF_900776305.1,573.26298,ampicillin/sulbactam,Resistant,,,Broth dilution
GCF_900775775.1,573.26245,piperacillin/tazobactam,Susceptible,,,Broth dilution
GCF_900776245.1,573.26292,cefazolin,Resistant,,,Broth dilution
GCF_900775815.1,573.26249,ceftriaxone,Susceptible,,,Broth dilution
GCF_900776085.1,573.26276,amikacin,Susceptible,,,Broth dilution
GCF_900775585.1,573.26224,ciprofloxacin,Susceptible,,,Broth dilution
GCF_900776315.1,573.26299,gentamicin,Susceptible,,,Broth dilution
GCF_900776245.1,573.26292,cefepime,Resistant,,,Broth dilution
GCF_900776145.1,573.26282,tigecycline,Susceptible,,,Broth dilution
GCF_900776255.1,573.26293,trimethoprim/sulfobactam,Resistant,,,Broth dilution
GCF_900776335.1,573.26301,ceftazidime,Susceptible,,,Broth dilution
GCF_900775995.1,573.26267,ceftriaxone,Susceptible,,,Broth dilution
GCF_900775565.1,573.26222,tigecycline,Susceptible,,,Broth dilution
GCF_900776085.1,573.26276,ceftriaxone,Resistant,,,Broth dilution
GCF_900775665.1,573.26234,ciprofloxacin,Susceptible,,,Broth dilution
GCF_900775805.1,573.26248,amikacin,Intermediate,,,Broth dilution
GCF_900776305.1,573.26298,trimethoprim/sulfobactam,Resistant,,,Broth dilution
GCF_900776055.1,573.26273,cefepime,Resistant,,,Broth dilution
GCF_900776145.1,573.26282,ertapenem,Susceptible,,,Broth dilution
GCF_900775925.1,573.26260,piperacillin/tazobactam,Susceptible,,,Broth dilution
GCF_900775605.1,573.26226,amikacin,Susceptible,,,Broth dilution
GCF_900776195.1,573.26287,aztreonam,Susceptible,,,Broth dilution
GCF_900775955.1,573.26263,ampicillin,Resistant,,,Broth dilution
GCF_900775795.1,573.26247,cefazolin,Susceptible,,,Broth dilution
GCF_900776435.1,573.26311,aztreonam,Resistant,,,Broth dilution
GCF_900776335.1,573.26301,nitrofurantoin,Intermediate,,,Broth dilution
GCF_900776195.1,573.26287,amikacin,Susceptible,,,Broth dilution
GCF_900776085.1,573.26276,ampicillin/sulbactam,Resistant,,,Broth dilution
GCF_900775815.1,573.26249,ciprofloxacin,Susceptible,,,Broth dilution
GCF_900776225.1,573.26290,cefazolin,Susceptible,,,Broth dilution
GCF_900775785.1,573.26246,trimethoprim/sulfobactam,Susceptible,,,Broth dilution
GCF_900775585.1,573.26224,ceftriaxone,Susceptible,,,Broth dilution
GCF_900775565.1,573.26222,ceftazidime,Susceptible,,,Broth dilution
GCF_900775795.1,573.26247,ceftriaxone,Susceptible,,,Broth dilution
GCF_900775605.1,573.26226,ampicillin,Resistant,,,Broth dilution
GCF_900776215.1,573.26289,cefazolin,Susceptible,,,Broth dilution
GCF_900775805.1,573.26248,aztreonam,Resistant,,,Broth dilution
GCF_900776085.1,573.26276,meropenem,Susceptible,,,Broth dilution
GCF_900775915.1,573.26259,aztreonam,Susceptible,,,Broth dilution
GCF_900775895.1,573.26257,ceftazidime,Resistant,,,Broth dilution
GCF_900775815.1,573.26249,cefazolin,Susceptible,,,Broth dilution
GCF_900776255.1,573.26293,ampicillin,Resistant,,,Broth dilution
GCF_900775825.1,573.26250,cefepime,Resistant,,,Broth dilution
GCF_900776215.1,573.26289,ciprofloxacin,Susceptible,,,Broth dilution
GCF_900775805.1,573.26248,ampicillin/sulbactam,Resistant,,,Broth dilution
GCF_900775795.1,573.26247,gentamicin,Susceptible,,,Broth dilution
GCF_900775855.1,573.26253,tigecycline,Susceptible,,,Broth dilution
GCF_900776305.1,573.26298,amikacin,Susceptible,,,Broth dilution
GCF_900776245.1,573.26292,ampicillin,Resistant,,,Broth dilution
GCF_900776445.1,573.26312,cefazolin,Susceptible,,,Broth dilution
GCF_900776255.1,573.26293,ciprofloxacin,Resistant,,,Broth dilution
GCF_900776195.1,573.26287,ceftazidime,Susceptible,,,Broth dilution
GCF_900775585.1,573.26224,cefepime,Susceptible,,,Broth dilution
GCF_900775825.1,573.26250,meropenem,Susceptible,,,Broth dilution
GCF_900776195.1,573.26287,trimethoprim/sulfobactam,Susceptible,,,Broth dilution
GCF_900775565.1,573.26222,cefazolin,Susceptible,,,Broth dilution
GCF_900776215.1,573.26289,cefepime,Susceptible,,,Broth dilution
GCF_900775665.1,573.26234,tigecycline,Susceptible,,,Broth dilution
GCF_900776435.1,573.26311,ertapenem,Susceptible,,,Broth dilution
GCF_900775605.1,573.26226,cefazolin,Susceptible,,,Broth dilution
GCF_900776445.1,573.26312,ceftriaxone,Susceptible,,,Broth dilution
GCF_900775665.1,573.26234,trimethoprim/sulfobactam,Susceptible,,,Broth dilution
GCF_900775795.1,573.26247,ertapenem,Susceptible,,,Broth dilution
GCF_900776145.1,573.26282,ceftriaxone,Susceptible,,,Broth dilution
GCF_900776335.1,573.26301,ertapenem,Susceptible,,,Broth dilution
GCF_900775775.1,573.26245,tigecycline,Susceptible,,,Broth dilution
GCF_900776055.1,573.26273,cefazolin,Resistant,,,Broth dilution
GCF_900775955.1,573.26263,nitrofurantoin,Intermediate,,,Broth dilution
GCF_900775665.1,573.26234,ampicillin/sulbactam,Resistant,,,Broth dilution
GCF_900775605.1,573.26226,ertapenem,Susceptible,,,Broth dilution
GCF_900776305.1,573.26298,cefazolin,Resistant,,,Broth dilution
GCF_900775815.1,573.26249,trimethoprim/sulfobactam,Susceptible,,,Broth dilution
GCF_900775815.1,573.26249,ceftazidime,Susceptible,,,Broth dilution
GCF_900776435.1,573.26311,cefepime,Resistant,,,Broth dilution
GCF_900776335.1,573.26301,amikacin,Susceptible,,,Broth dilution
GCF_900776085.1,573.26276,cefazolin,Resistant,,,Broth dilution
GCF_900775855.1,573.26253,amikacin,Susceptible,,,Broth dilution
GCF_900776445.1,573.26312,nitrofurantoin,Intermediate,,,Broth dilution
GCF_900776335.1,573.26301,piperacillin/tazobactam,Susceptible,,,Broth dilution
GCF_900775775.1,573.26245,ceftriaxone,Susceptible,,,Broth dilution
GCF_900775925.1,573.26260,meropenem,Susceptible,,,Broth dilution
GCF_900776055.1,573.26273,trimethoprim/sulfobactam,Resistant,,,Broth dilution
GCF_900775565.1,573.26222,nitrofurantoin,Susceptible,,,Broth dilution
GCF_900776225.1,573.26290,ceftazidime,Susceptible,,,Broth dilution
GCF_900775785.1,573.26246,aztreonam,Susceptible,,,Broth dilution
GCF_900776255.1,573.26293,aztreonam,Resistant,,,Broth dilution
GCF_900775605.1,573.26226,trimethoprim/sulfobactam,Susceptible,,,Broth dilution
GCF_900775565.1,573.26222,trimethoprim/sulfobactam,Susceptible,,,Broth dilution
GCF_900776305.1,573.26298,piperacillin/tazobactam,Susceptible,,,Broth dilution
GCF_900775815.1,573.26249,piperacillin/tazobactam,Susceptible,,,Broth dilution
GCF_900776255.1,573.26293,nitrofurantoin,Susceptible,,,Broth dilution
GCF_900775785.1,573.26246,nitrofurantoin,Susceptible,,,Broth dilution
GCF_900775665.1,573.26234,amikacin,Susceptible,,,Broth dilution
GCF_900775955.1,573.26263,ertapenem,Susceptible,,,Broth dilution
GCF_900776255.1,573.26293,ceftazidime,Resistant,,,Broth dilution
GCF_900776435.1,573.26311,trimethoprim/sulfobactam,Resistant,,,Broth dilution
GCF_900775955.1,573.26263,tigecycline,Intermediate,,,Broth dilution
GCF_900776215.1,573.26289,ampicillin/sulbactam,Susceptible,,,Broth dilution
GCF_900776195.1,573.26287,ampicillin,Resistant,,,Broth dilution
GCF_900775895.1,573.26257,piperacillin/tazobactam,Susceptible,,,Broth dilution
GCF_900775925.1,573.26260,gentamicin,Susceptible,,,Broth dilution
GCF_900775895.1,573.26257,ampicillin,Resistant,,,Broth dilution
GCF_900775925.1,573.26260,aztreonam,Resistant,,,Broth dilution
GCF_900776145.1,573.26282,ampicillin,Resistant,,,Broth dilution
GCF_900776085.1,573.26276,ceftazidime,Resistant,,,Broth dilution
GCF_900775995.1,573.26267,ceftazidime,Susceptible,,,Broth dilution
GCF_900775995.1,573.26267,ertapenem,Susceptible,,,Broth dilution
GCF_900775795.1,573.26247,trimethoprim/sulfobactam,Susceptible,,,Broth dilution
GCF_900775925.1,573.26260,amikacin,Susceptible,,,Broth dilution
GCF_900775605.1,573.26226,nitrofurantoin,Susceptible,,,Broth dilution
GCF_900776085.1,573.26276,trimethoprim/sulfobactam,Resistant,,,Broth dilution
GCF_900775665.1,573.26234,ampicillin,Resistant,,,Broth dilution
GCF_900776435.1,573.26311,ciprofloxacin,Resistant,,,Broth dilution
GCF_900776085.1,573.26276,tigecycline,Susceptible,,,Broth dilution
GCF_900776445.1,573.26312,cefepime,Susceptible,,,Broth dilution
GCF_900776215.1,573.26289,ceftazidime,Susceptible,,,Broth dilution
GCF_900775895.1,573.26257,meropenem,Susceptible,,,Broth dilution
GCF_900775925.1,573.26260,ciprofloxacin,Susceptible,,,Broth dilution
GCF_900776515.1,573.26319,tigecycline,Susceptible,,,Broth dilution
GCF_900775795.1,573.26247,ampicillin,Resistant,,,Broth dilution
GCF_900775955.1,573.26263,amikacin,Susceptible,,,Broth dilution
GCF_900776445.1,573.26312,ampicillin/sulbactam,Susceptible,,,Broth dilution
GCF_900776055.1,573.26273,aztreonam,Resistant,,,Broth dilution
GCF_900775855.1,573.26253,ampicillin,Resistant,,,Broth dilution
GCF_900776255.1,573.26293,meropenem,Susceptible,,,Broth dilution
GCF_900775915.1,573.26259,cefazolin,Susceptible,,,Broth dilution
GCF_900776215.1,573.26289,trimethoprim/sulfobactam,Susceptible,,,Broth dilution
GCF_900775955.1,573.26263,cefazolin,Susceptible,,,Broth dilution
GCF_900775795.1,573.26247,cefepime,Susceptible,,,Broth dilution
GCF_900775605.1,573.26226,ceftriaxone,Susceptible,,,Broth dilution
GCF_900776055.1,573.26273,ciprofloxacin,Resistant,,,Broth dilution
GCF_900776255.1,573.26293,cefazolin,Resistant,,,Broth dilution
GCF_900775925.1,573.26260,ampicillin/sulbactam,Resistant,,,Broth dilution
GCF_900776245.1,573.26292,tigecycline,Susceptible,,,Broth dilution
GCF_900776515.1,573.26319,meropenem,Susceptible,,,Broth dilution
GCF_900776255.1,573.26293,cefepime,Resistant,,,Broth dilution
GCF_900776215.1,573.26289,meropenem,Susceptible,,,Broth dilution
GCF_900776175.1,573.26285,ceftazidime,Susceptible,,,Broth dilution
GCF_900775585.1,573.26224,meropenem,Susceptible,,,Broth dilution
GCF_900775805.1,573.26248,meropenem,Susceptible,,,Broth dilution
GCF_900775855.1,573.26253,cefepime,Resistant,,,Broth dilution
GCF_900775585.1,573.26224,tigecycline,Susceptible,,,Broth dilution
GCF_900775915.1,573.26259,amikacin,Susceptible,,,Broth dilution
GCF_900775605.1,573.26226,cefepime,Susceptible,,,Broth dilution
GCF_900775795.1,573.26247,tigecycline,Susceptible,,,Broth dilution
GCF_900776435.1,573.26311,tigecycline,Susceptible,,,Broth dilution
GCF_900775855.1,573.26253,ceftriaxone,Resistant,,,Broth dilution
GCF_900775605.1,573.26226,aztreonam,Susceptible,,,Broth dilution
GCF_900775825.1,573.26250,cefazolin,Resistant,,,Broth dilution
GCF_900775895.1,573.26257,aztreonam,Resistant,,,Broth dilution
GCF_900775785.1,573.26246,piperacillin/tazobactam,Susceptible,,,Broth dilution
GCF_900775815.1,573.26249,cefepime,Susceptible,,,Broth dilution
GCF_900776515.1,573.26319,trimethoprim/sulfobactam,Resistant,,,Broth dilution
GCF_900776085.1,573.26276,piperacillin/tazobactam,Susceptible,,,Broth dilution
GCF_900776085.1,573.26276,ertapenem,Susceptible,,,Broth dilution
GCF_900775895.1,573.26257,cefazolin,Resistant,,,Broth dilution
GCF_900776515.1,573.26319,nitrofurantoin,Susceptible,,,Broth dilution
GCF_900775955.1,573.26263,cefepime,Susceptible,,,Broth dilution
GCF_900775795.1,573.26247,ciprofloxacin,Susceptible,,,Broth dilution
GCF_900775815.1,573.26249,ertapenem,Susceptible,,,Broth dilution
GCF_900776055.1,573.26273,piperacillin/tazobactam,Susceptible,,,Broth dilution
GCF_900775955.1,573.26263,ceftriaxone,Susceptible,,,Broth dilution
GCF_900775785.1,573.26246,amikacin,Susceptible,,,Broth dilution
GCF_900776305.1,573.26298,aztreonam,Resistant,,,Broth dilution
GCF_900775805.1,573.26248,cefazolin,Resistant,,,Broth dilution
GCF_900776315.1,573.26299,tigecycline,Susceptible,,,Broth dilution
GCF_900776435.1,573.26311,meropenem,Susceptible,,,Broth dilution
GCF_900775955.1,573.26263,ciprofloxacin,Susceptible,,,Broth dilution
GCF_900775775.1,573.26245,trimethoprim/sulfobactam,Susceptible,,,Broth dilution
GCF_900775805.1,573.26248,piperacillin/tazobactam,Resistant,,,Broth dilution
GCF_900775955.1,573.26263,gentamicin,Susceptible,,,Broth dilution
GCF_900775665.1,573.26234,ceftriaxone,Susceptible,,,Broth dilution
GCF_900776435.1,573.26311,amikacin,Susceptible,,,Broth dilution
GCF_900775665.1,573.26234,aztreonam,Susceptible,,,Broth dilution
GCF_900775925.1,573.26260,tigecycline,Susceptible,,,Broth dilution
GCF_900775895.1,573.26257,tigecycline,Susceptible,,,Broth dilution
GCF_900775585.1,573.26224,ceftazidime,Susceptible,,,Broth dilution
GCF_900776335.1,573.26301,meropenem,Susceptible,,,Broth dilution
GCF_900775665.1,573.26234,gentamicin,Resistant,,,Broth dilution
GCF_900775815.1,573.26249,amikacin,Susceptible,,,Broth dilution
GCF_900776335.1,573.26301,tigecycline,Susceptible,,,Broth dilution
GCF_900776145.1,573.26282,trimethoprim/sulfobactam,Susceptible,,,Broth dilution
GCF_900775585.1,573.26224,aztreonam,Susceptible,,,Broth dilution
GCF_900776195.1,573.26287,nitrofurantoin,Susceptible,,,Broth dilution
GCF_900776245.1,573.26292,ceftazidime,Resistant,,,Broth dilution
GCF_900776245.1,573.26292,nitrofurantoin,Resistant,,,Broth dilution
GCF_900776435.1,573.26311,ampicillin/sulbactam,Resistant,,,Broth dilution
GCF_900776225.1,573.26290,cefepime,Susceptible,,,Broth dilution
GCF_900776195.1,573.26287,ceftriaxone,Susceptible,,,Broth dilution
GCF_900775825.1,573.26250,aztreonam,Resistant,,,Broth dilution
GCF_900775995.1,573.26267,nitrofurantoin,Intermediate,,,Broth dilution
GCF_900775915.1,573.26259,piperacillin/tazobactam,Susceptible,,,Broth dilution
GCF_900776225.1,573.26290,trimethoprim/sulfobactam,Susceptible,,,Broth dilution
GCF_900776215.1,573.26289,aztreonam,Susceptible,,,Broth dilution
GCF_900775565.1,573.26222,meropenem,Susceptible,,,Broth dilution
GCF_900775825.1,573.26250,ertapenem,Susceptible,,,Broth dilution
GCF_900775775.1,573.26245,ertapenem,Susceptible,,,Broth dilution
GCF_900776445.1,573.26312,amikacin,Susceptible,,,Broth dilution
GCF_900776175.1,573.26285,amikacin,Susceptible,,,Broth dilution
GCF_900776445.1,573.26312,aztreonam,Susceptible,,,Broth dilution
GCF_900776315.1,573.26299,ceftazidime,Resistant,,,Broth dilution
GCF_900775805.1,573.26248,cefepime,Resistant,,,Broth dilution
GCF_900775815.1,573.26249,gentamicin,Susceptible,,,Broth dilution
GCF_900775815.1,573.26249,meropenem,Susceptible,,,Broth dilution
GCF_900776225.1,573.26290,amikacin,Susceptible,,,Broth dilution
GCF_900776245.1,573.26292,ceftriaxone,Resistant,,,Broth dilution
GCF_900775925.1,573.26260,ertapenem,Susceptible,,,Broth dilution
GCF_900775805.1,573.26248,ertapenem,Susceptible,,,Broth dilution
GCF_900775565.1,573.26222,ampicillin,Resistant,,,Broth dilution
GCF_900776055.1,573.26273,ceftriaxone,Resistant,,,Broth dilution
GCF_900776225.1,573.26290,ceftriaxone,Susceptible,,,Broth dilution
GCF_900776515.1,573.26319,ampicillin/sulbactam,Resistant,,,Broth dilution
GCF_900776225.1,573.26290,piperacillin/tazobactam,Susceptible,,,Broth dilution
GCF_900776245.1,573.26292,ertapenem,Susceptible,,,Broth dilution
GCF_900776145.1,573.26282,gentamicin,Susceptible,,,Broth dilution
GCF_900776055.1,573.26273,amikacin,Susceptible,,,Broth dilution
GCF_900776195.1,573.26287,cefazolin,Susceptible,,,Broth dilution
GCF_900775585.1,573.26224,trimethoprim/sulfobactam,Susceptible,,,Broth dilution
GCF_900776225.1,573.26290,ertapenem,Susceptible,,,Broth dilution
GCF_900775565.1,573.26222,ciprofloxacin,Susceptible,,,Broth dilution
GCF_900776315.1,573.26299,cefepime,Resistant,,,Broth dilution
GCF_900775915.1,573.26259,meropenem,Susceptible,,,Broth dilution
GCF_900776445.1,573.26312,ampicillin,Resistant,,,Broth dilution
GCF_900775995.1,573.26267,ciprofloxacin,Susceptible,,,Broth dilution
GCF_900776175.1,573.26285,gentamicin,Susceptible,,,Broth dilution
GCF_900776245.1,573.26292,aztreonam,Resistant,,,Broth dilution
GCF_900775565.1,573.26222,cefepime,Susceptible,,,Broth dilution
GCF_900775565.1,573.26222,ampicillin/sulbactam,Susceptible,,,Broth dilution
GCF_900775775.1,573.26245,aztreonam,Susceptible,,,Broth dilution
GCF_900775805.1,573.26248,ampicillin,Resistant,,,Broth dilution
GCF_900775775.1,573.26245,ciprofloxacin,Susceptible,,,Broth dilution
GCF_902506815.1,573.29596,colistin,Susceptible,0.256,mg/L,Agar dilution
GCF_902506915.1,573.29605,colistin,Susceptible,0.25,mg/L,Agar dilution
GCF_902507155.1,573.29630,colistin,Resistant,128,mg/L,Agar dilution
GCF_902704295.1,573.29921,chloramphenicol,Susceptible,<=8,mg/L,Broth dilution
GCF_902705025.1,573.29995,amikacin,Susceptible,<=4,mg/L,Broth dilution
GCF_902705025.1,573.29995,ceftazidime/avibactam,Susceptible,<=1/4,mg/L,Broth dilution
GCF_902704635.1,573.29956,colistin,Susceptible,<=1,mg/L,Broth dilution
GCF_902704645.1,573.29958,meropenem,Resistant,32,mg/L,Broth dilution
GCF_902704295.1,573.29921,imipenem,Resistant,8,mg/L,Broth dilution
GCF_902705025.1,573.29995,colistin,Susceptible,<=1,mg/L,Broth dilution
GCF_902704295.1,573.29921,tigecycline,Susceptible,0.5,mg/L,Broth dilution
GCF_902705025.1,573.29995,gentamicin,Susceptible,<=1,mg/L,Broth dilution
GCF_902704635.1,573.29956,amikacin,Susceptible,<=4,mg/L,Broth dilution
GCF_902703855.1,573.29878,meropenem,Resistant,64,mg/L,Broth dilution
GCF_902705025.1,573.29995,ertapenem,Resistant,>1,mg/L,Broth dilution
GCF_902704295.1,573.29921,amikacin,Susceptible,<=4,mg/L,Broth dilution
GCF_902703695.1,573.29868,meropenem,Resistant,128,mg/L,Broth dilution
GCF_902703855.1,573.29878,gentamicin,Resistant,>4,mg/L,Broth dilution
GCF_902703695.1,573.29868,trimethoprim/sulfamethoxazole,Susceptible,<=1/19,mg/L,Broth dilution
GCF_902703695.1,573.29868,colistin,Susceptible,<=1,mg/L,Broth dilution
GCF_902703695.1,573.29868,amikacin,Resistant,>32,mg/L,Broth dilution
GCF_902703655.1,573.29865,fosfomycin,Susceptible,,,Broth dilution
GCF_902704295.1,573.29921,ceftazidime/avibactam,Susceptible,<=1/4,mg/L,Broth dilution
GCF_902703855.1,573.29878,tigecycline,Susceptible,0.5,mg/L,Broth dilution
GCF_902703695.1,573.29868,chloramphenicol,Resistant,16,mg/L,Broth dilution
GCF_902703655.1,573.29865,trimethoprim/sulfamethoxazole,Resistant,>4/76,mg/L,Broth dilution
GCF_902704635.1,573.29956,ciprofloxacin,Resistant,2,mg/L,Broth dilution
GCF_902705025.1,573.29995,imipenem,Resistant,8,mg/L,Broth dilution
GCF_902705025.1,573.29995,meropenem,Intermediate,8,mg/L,Broth dilution
GCF_902703855.1,573.29878,colistin,Susceptible,<=1,mg/L,Broth dilution
GCF_902703855.1,573.29878,chloramphenicol,Resistant,>16,mg/L,Broth dilution
GCF_902703655.1,573.29865,ceftazidime/avibactam,Susceptible,<=1/4,mg/L,Broth dilution
GCF_902704635.1,573.29956,ceftazidime/avibactam,Resistant,>16/4,mg/L,Broth dilution
GCF_902704635.1,573.29956,trimethoprim/sulfamethoxazole,Resistant,>4/76,mg/L,Broth dilution
GCF_902704635.1,573.29956,chloramphenicol,Susceptible,<=8,mg/L,Broth dilution
GCF_902703695.1,573.29868,imipenem,Resistant,>8,mg/L,Broth dilution
GCF_902703855.1,573.29878,imipenem,Resistant,>8,mg/L,Broth dilution
GCF_902704295.1,573.29921,gentamicin,Susceptible,<=1,mg/L,Broth dilution
GCF_902704295.1,573.29921,ciprofloxacin,Intermediate,0.5,mg/L,Broth dilution
GCF_902703695.1,573.29868,ceftazidime/avibactam,Susceptible,<=1/4,mg/L,Broth dilution
GCF_902703655.1,573.29865,tigecycline,Susceptible,0.5,mg/L,Broth dilution
GCF_902705025.1,573.29995,chloramphenicol,Susceptible,<=8,mg/L,Broth dilution
GCF_902704645.1,573.29958,colistin,Resistant,>8,mg/L,Broth dilution
GCF_902703855.1,573.29878,ciprofloxacin,Resistant,>2,mg/L,Broth dilution
GCF_902704645.1,573.29958,ceftazidime/avibactam,Susceptible,<=1/4,mg/L,Broth dilution
GCF_902703855.1,573.29878,amikacin,Susceptible,<=4,mg/L,Broth dilution
GCF_902704645.1,573.29958,tigecycline,Susceptible,0.5,mg/L,Broth dilution
GCF_902703855.1,573.29878,ceftazidime/avibactam,Susceptible,<=1/4,mg/L,Broth dilution
GCF_902704635.1,573.29956,gentamicin,Susceptible,<=1,mg/L,Broth dilution
GCF_902703655.1,573.29865,imipenem,Resistant,>8,mg/L,Broth dilution
GCF_902704645.1,573.29958,trimethoprim/sulfamethoxazole,Resistant,>4/76,mg/L,Broth dilution
GCF_902704635.1,573.29956,tigecycline,Susceptible,0.5,mg/L,Broth dilution
GCF_902704645.1,573.29958,gentamicin,Susceptible,<=1,mg/L,Broth dilution
GCF_902703695.1,573.29868,tigecycline,Susceptible,0.5,mg/L,Broth dilution
GCF_902704635.1,573.29956,meropenem,Intermediate,4,mg/L,Broth dilution
GCF_902703655.1,573.29865,ertapenem,Resistant,>1,mg/L,Broth dilution
GCF_902704295.1,573.29921,trimethoprim/sulfamethoxazole,Susceptible,<=1/19,mg/L,Broth dilution
GCF_902704295.1,573.29921,ertapenem,Resistant,>1,mg/L,Broth dilution
GCF_902704645.1,573.29958,ertapenem,Resistant,>1,mg/L,Broth dilution
GCF_902703655.1,573.29865,colistin,Susceptible,<=1,mg/L,Broth dilution
GCF_902704635.1,573.29956,imipenem,Susceptible,<=1,mg/L,Broth dilution
GCF_902705025.1,573.29995,fosfomycin,Susceptible,,,Broth dilution
GCF_902704645.1,573.29958,amikacin,Susceptible,<=4,mg/L,Broth dilution
GCF_902703855.1,573.29878,trimethoprim/sulfamethoxazole,Susceptible,2/38,mg/L,Broth dilution
GCF_902704295.1,573.29921,colistin,Susceptible,<=1,mg/L,Broth dilution
GCF_902703695.1,573.29868,fosfomycin,Susceptible,,,Broth dilution
GCF_902705025.1,573.29995,ciprofloxacin,Susceptible,<=0,,Broth dilution
GCF_902703695.1,573.29868,ciprofloxacin,Resistant,>2,mg/L,Broth dilution
GCF_902703655.1,573.29865,gentamicin,Susceptible,<=1,mg/L,Broth dilution
GCF_902703655.1,573.29865,ciprofloxacin,Resistant,>2,mg/L,Broth dilution
GCF_902704295.1,573.29921,meropenem,Resistant,16,mg/L,Broth dilution
GCF_902703695.1,573.29868,gentamicin,Resistant,>4,mg/L,Broth dilution
GCF_902703855.1,573.29878,fosfomycin,Susceptible,,,Broth dilution
GCF_902703655.1,573.29865,chloramphenicol,Susceptible,<=8,mg/L,Broth dilution
GCF_902704645.1,573.29958,chloramphenicol,Susceptible,<=8,mg/L,Broth dilution
GCF_902704645.1,573.29958,ciprofloxacin,Resistant,>2,mg/L,Broth dilution
GCF_902704645.1,573.29958,fosfomycin,Susceptible,,,Broth dilution
GCF_902704635.1,573.29956,fosfomycin,Susceptible,,,Broth dilution
GCF_902705025.1,573.29995,trimethoprim/sulfamethoxazole,Susceptible,<=1/19,mg/L,Broth dilution
GCF_902704645.1,573.29958,imipenem,Resistant,>8,mg/L,Broth dilution
GCF_902704295.1,573.29921,fosfomycin,Susceptible,,,Broth dilution
GCF_902705025.1,573.29995,tigecycline,Susceptible,<=0,,Broth dilution
GCF_902703855.1,573.29878,ertapenem,Resistant,>1,mg/L,Broth dilution
GCF_902703655.1,573.29865,fosfomycin,,8,mg/L,Agar dilution
GCF_902705025.1,573.29995,fosfomycin,,<=4,mg/L,Agar dilution
GCF_902703695.1,573.29868,fosfomycin,,16,mg/L,Agar dilution
GCF_902704645.1,573.29958,fosfomycin,,16,mg/L,Agar dilution
GCF_902704635.1,573.29956,fosfomycin,,<=4,mg/L,Agar dilution
GCF_902704635.1,573.29956,ertapenem,,<=1,mg/L,Broth dilution
GCF_902704295.1,573.29921,fosfomycin,,<=4,mg/L,Agar dilution
GCF_902703855.1,573.29878,fosfomycin,,16,mg/L,Agar dilution
GCF_902703655.1,573.29865,amikacin,Resistant,16,mg/L,Broth dilution
GCF_902703695.1,573.29868,ertapenem,Resistant,>1,mg/L,Broth dilution
GCF_902703655.1,573.29865,meropenem,Resistant,128,mg/L,Broth dilution
GCF_903171875.1,573.31885,colistin,,<=0.25,mg/L,MIC
GCF_903171865.1,573.31887,colistin,,<=0.25,mg/L,MIC
GCF_013056105.1,573.31611,ciprofloxacin,,>4,mg/L,Broth dilution
GCF_013056105.1,573.31611,gentamicin,,4,mg/L,Broth dilution
GCF_013056105.1,573.31611,colistin,,8,mg/L,Broth dilution
GCF_013056105.1,573.31611,trimethoprim_sulfonamide,,>320,mg/L,Broth dilution
GCF_013056105.1,573.31611,amikacin,,>64,mg/L,Broth dilution
GCF_013056105.1,573.31611,ertapenem,,>=8,mg/L,Broth dilution
GCF_013056105.1,573.31611,ceftazidime,,>=64,mg/L,Broth dilution
GCF_013056105.1,573.31611,meropenem,,>16,mg/L,Broth dilution
GCF_013056105.1,573.31611,piperacillin/tazobactam,,>=128,mg/L,Broth dilution
GCF_013056105.1,573.31611,cefotaxime,,>=64,mg/L,Broth dilution
GCF_013056105.1,573.31611,cefoxitin,,>=64,mg/L,Broth dilution
GCF_013056105.1,573.31611,tigecycline,,2,mg/L,Broth dilution
GCF_013056105.1,573.31611,amoxicillin/clavulanic acid,,>=32,mg/L,Broth dilution
GCF_013056105.1,573.31611,cefepime,,>=64,mg/L,Broth dilution
GCF_013056105.1,573.31611,imipenem,,>16,mg/L,Broth dilution
GCF_013056105.1,573.31611,ampicillin,,>=32,mg/L,Broth dilution
GCF_013056105.1,573.31611,fosfomycin,,128,mg/L,Broth dilution
GCF_002247885.1,72407.672,ceftriaxone,Resistant,,mm,Disk diffusion
GCF_002248635.1,72407.685,ceftriaxone,Resistant,,mg/L,Agar dilution
GCF_002246835.1,72407.661,ertapenem,Resistant,,mm,Disk diffusion
GCF_002248425.1,72407.677,ceftriaxone,Resistant,,mg/L,Agar dilution
GCF_002248815.1,72407.686,ceftriaxone,Resistant,,mm,Disk diffusion
GCF_002744555.1,72407.732,ceftriaxone,Intermediate,,mm,Disk diffusion
GCF_003010735.1,574.20,aztreonam,Resistant,>64,mg/L,Broth dilution
GCF_003010735.1,574.20,tobramycin,Resistant,==16,mg/L,Broth dilution
GCF_003010735.1,574.20,ceftazidime,Resistant,>128,mg/L,Broth dilution
GCF_003010735.1,574.20,piperacillin/tazobactam,Resistant,>128/4,mg/L,Broth dilution
GCF_003010735.1,574.20,levofloxacin,Resistant,>8,mg/L,Broth dilution
GCF_003010735.1,574.20,trimethoprim/sulfamethoxazole,Resistant,>8/152,mg/L,Broth dilution
GCF_003010735.1,574.20,cefazolin,Resistant,>8,mg/L,Broth dilution
GCF_003010735.1,574.20,polymyxin b,,==0.5,mg/L,Broth dilution
GCF_003010735.1,574.20,cefepime,Resistant,>32,mg/L,Broth dilution
GCF_003010735.1,574.20,colistin,,==0.5,mg/L,Broth dilution
GCF_003010735.1,574.20,cefoxitin,Resistant,>16,mg/L,Broth dilution
GCF_003010735.1,574.20,imipenem,Resistant,>64,mg/L,Broth dilution
GCF_003010735.1,574.20,ampicillin,Resistant,>32,mg/L,Broth dilution
GCF_003010735.1,574.20,meropenem,Resistant,>8,mg/L,Broth dilution
GCF_003010735.1,574.20,ampicillin/sulbactam,Resistant,>32/16,mg/L,Broth dilution
GCF_003010735.1,574.20,tigecycline,Susceptible,==1,mg/L,Broth dilution
GCF_003010735.1,574.20,ceftriaxone,Resistant,>32,mg/L,Broth dilution
GCF_003010735.1,574.20,amoxicillin/clavulanic acid,Resistant,>32/16,mg/L,Broth dilution
GCF_003010735.1,574.20,cefotaxime,Resistant,>64,mg/L,Broth dilution
GCF_003010735.1,574.20,ertapenem,Resistant,>8,mg/L,Broth dilution
GCF_003010735.1,574.20,tetracycline,Susceptible,==4,mg/L,Broth dilution
GCF_003010735.1,574.20,amikacin,Susceptible,==8,mg/L,Broth dilution
GCF_003010735.1,574.20,ciprofloxacin,Resistant,>8,mg/L,Broth dilution
GCF_003010735.1,574.20,doripenem,Resistant,>8,mg/L,Broth dilution
GCF_003010735.1,574.20,gentamicin,Susceptible,==4,mg/L,Broth dilution
