Strain_ID,ST,Country,Region,Year,Source,K_locus,O_type,virulence_score,resistance_score,Convergence_event
16703_5_23,ST185,Australia,Oceania,2013,human,KL130,unknown,0,0,
16703_7_9,ST3043,Australia,Oceania,2013,human,KL10,unknown,0,0,
16780_6_28,ST537,Australia,Oceania,2013,human,KL136,unknown,0,0,
16870_7_32,ST1393,Australia,Oceania,2013,human,KL8,O1,1,0,
16870_7_48,ST215,Australia,Oceania,2013,human,KL16,O1,1,0,
16870_7_72,ST882,Australia,Oceania,2013,human,KL16,O1,1,0,
16870_7_75,ST1322,Australia,Oceania,2013,human,KL139,O1,0,0,
16703_5_4,ST607,Australia,Oceania,2013,human,KL48,O1,0,0,
16703_5_34,ST133,Australia,Oceania,2013,human,KL116,O1,2,0,
16703_5_71,ST458,Australia,Oceania,2013,human,KL142,O1,0,0,
16870_8_40,ST1010,Australia,Oceania,2013,human,KL142,O1,0,0,
16870_8_74,ST180,Australia,Oceania,2013,human,KL55,O1,1,0,
16703_7_24,ST500,Australia,Oceania,2013,human,KL34,O1,0,0,
16703_7_59,ST3057,Australia,Oceania,2014,human,KL30,O1,1,0,
Klebsiella_pneumoniae_INF319,ST461,Australia,Oceania,2014,human,KL25,O1,0,0,
16780_6_4,ST3051,Australia,Oceania,2014,human,KL20,O1,4,0,
CH0031R_C4PNMANXX_TAGGCATG-GTAAGGAG_L006,ST1213,Australia,Oceania,2013,human,KL103,O1,0,1,
16780_6_39,ST128,Australia,Oceania,2013,human,KL6,O1,0,0,
16780_6_32,ST3169,Australia,Oceania,2013,human,KL31,O1,0,0,
16852_1_61,ST215,Australia,Oceania,2014,human,KL16,O1,0,0,
16852_1_69,ST310,Australia,Oceania,2014,human,KL1,O1,0,0,
AH0620_C4PNMANXX_GGACTCCT-CTAAGCCT_L006,ST1049,Australia,Oceania,2014,human,KL5,O1,4,0,
16870_7_83,ST110,Australia,Oceania,2013,human,KL108,O1,0,0,
16703_5_15,ST3041,Australia,Oceania,2013,human,KL30,O1,0,0,
16703_5_40,ST3064,Australia,Oceania,2013,human,KL54,O1,0,0,
16870_8_13,ST2116,Australia,Oceania,2013,human,KL28,O1,0,0,
Klebsiella_pneumoniae_INF171,ST711,Australia,Oceania,2013,human,KL54,O1,1,1,
16780_6_25,ST2116,Australia,Oceania,2013,human,KL28,O1,0,0,
16852_1_38,ST252,Australia,Oceania,2014,human,KL81,O1,0,0,
16852_1_6,ST359,Australia,Oceania,2013,human,KL10,O1,0,0,
16870_7_51,ST3038,Australia,Oceania,2013,human,KL24,O2,0,0,
16703_5_62,ST1193,Australia,Oceania,2013,human,KL22,O2,0,0,
16703_5_65,ST3075,Australia,Oceania,2013,human,KL133,O2,0,0,
16703_5_74,ST268,Australia,Oceania,2013,human,KL20,O2,1,0,
Klebsiella_pneumoniae_INF151,ST93,Australia,Oceania,2013,human,KL4,O2,4,0,
16870_8_80,ST564,Australia,Oceania,2013,human,KL28,O2,1,0,
16870_8_82,ST3072,Australia,Oceania,2013,human,KL39,O2,1,0,
Klebsiella_pneumoniae_INF242,ST3072,Australia,Oceania,2013,human,KL39,O2,1,0,
16703_7_2,ST3063,Australia,Oceania,2013,human,KL20,O2,0,0,
16703_7_6,ST485,Australia,Oceania,2013,human,KL28,O2,0,0,
16703_7_33,ST3072,Australia,Oceania,2014,human,KL39,O2,0,0,
16703_7_54,ST1997,Australia,Oceania,2014,human,KL28,O2,0,0,
Klebsiella_pneumoniae_INF358,ST2513,Australia,Oceania,2014,human,KL62,O2,1,0,
16780_6_40,ST2136,Australia,Oceania,2013,human,KL102,O2,0,0,
Klebsiella_pneumoniae_KSB1_6F,ST116,Australia,Oceania,2013,human,KL6,O2,1,0,
16852_1_62,ST1731,Australia,Oceania,2014,human,KL43,O2,0,0,
18090_3_27,ST643,Australia,Oceania,2014,human,KL38,O2,0,0,
16870_7_34,ST1583,Australia,Oceania,2013,human,KL102,O2,0,0,
18090_3_1,ST27,Australia,Oceania,2013,human,KL109,O2,0,0,
16703_5_32,ST1583,Australia,Oceania,2013,human,KL102,O2,0,0,
16703_5_46,ST321,Australia,Oceania,2013,human,KL3,O2,0,0,
AUSMDU00003494_S13_L001,ST280,Australia,Oceania,2013,human,KL23,O2,1,0,
16870_8_5,ST12,Australia,Oceania,2013,human,KL122,O2,0,0,
16870_8_8,ST20,Australia,Oceania,2013,human,KL28,O2,0,0,
Klebsiella_pneumoniae_INF177,ST3061,Australia,Oceania,2013,human,KL8,O2,1,0,
16870_8_42,ST292,Australia,Oceania,2013,human,KL143,O2,0,0,
16870_8_44,ST3052,Australia,Oceania,2013,human,KL112,O2,0,0,
16703_7_78,ST27,Australia,Oceania,2014,human,KL109,O2,0,0,
16852_1_25,ST1800,Australia,Oceania,2014,human,KL30,O2,0,0,
16852_1_39,ST127,Australia,Oceania,2014,human,KL30,O2,0,0,
16852_1_56,ST463,Australia,Oceania,2014,human,KL117,O2,0,0,
16870_7_60,ST2931,Australia,Oceania,2013,human,KL22,O3/O3a,0,0,
16870_7_62,ST1263,Australia,Oceania,2013,human,KL10,O3/O3a,0,0,
16870_8_41,ST629,Australia,Oceania,2013,human,KL10,O3/O3a,0,0,
16703_7_61,ST792,Australia,Oceania,2014,human,KL25,O3/O3a,2,0,
Klebsiella_pneumoniae_INF341,ST792,Australia,Oceania,2014,human,KL25,O3/O3a,2,0,
16870_7_81,ST603,Australia,Oceania,2013,human,KL22,O3b,0,0,
16703_5_1,ST584,Australia,Oceania,2013,human,KL60,O3b,0,0,
16703_5_16,ST3046,Australia,Oceania,2013,human,KL22,O3b,0,0,
16703_5_29,ST603,Australia,Oceania,2013,human,KL22,O3b,1,0,
16703_5_31,ST611,Australia,Oceania,2013,human,KL71,O3b,0,0,
16703_5_54,ST221,Australia,Oceania,2013,human,KL39,O3b,0,1,
16703_5_59,ST1621,Australia,Oceania,2013,human,KL46,O3b,0,0,
16703_5_63,ST1441,Australia,Oceania,2013,human,KL10,O3b,0,0,
16703_5_79,ST412,Australia,Oceania,2013,human,KL57,O3b,1,0,
16703_5_82,ST176,Australia,Oceania,2013,human,KL13,O3b,0,0,
16870_8_9,ST54,Australia,Oceania,2013,human,KL14,O3b,0,0,
Klebsiella_pneumoniae_INF182,ST412,Australia,Oceania,2013,human,KL57,O3b,0,0,
Klebsiella_pneumoniae_INF192,ST3067,Australia,Oceania,2013,human,KL63,O3b,1,0,
16703_7_11,ST3074,Australia,Oceania,2013,human,KL13,O3b,0,0,
16703_7_15,ST221,Australia,Oceania,2013,human,KL39,O3b,0,0,
16703_7_16,ST1017,Australia,Oceania,2013,human,KL58,O3b,0,0,
16703_7_35,ST3096,Australia,Oceania,2014,human,KL58,O3b,0,0,
AUSMDU00003502_S14_L001,ST3040,Australia,Oceania,2014,human,KL38,O3b,0,0,
16703_7_50,ST3054,Australia,Oceania,2014,human,KL46,O3b,0,0,
Klebsiella_pneumoniae_INF329,ST323,Australia,Oceania,2014,human,KL21,O3b,0,1,
16703_7_79,ST34,Australia,Oceania,2014,human,KL38,O3b,0,0,
16780_6_37,ST1966,Australia,Oceania,2013,human,KL58,O3b,0,0,
16780_6_17,ST2800-1LV,Australia,Oceania,2013,human,KL27,O3b,0,0,
AH0297_C4PNMANXX_CGAGGCTG-AAGGAGTA_L006,ST3040,Australia,Oceania,2014,human,KL38,O3b,0,0,
16852_1_3,ST1243-1LV,Australia,Oceania,2013,human,KL14,O3b,0,0,
AH0360_C4PNMANXX_GTAGAGGA-AAGGAGTA_L006,ST34-1LV,Australia,Oceania,2014,human,KL111,O3b,1,0,
16852_1_40,ST34-1LV,Australia,Oceania,2014,human,KL111,O3b,1,0,
16870_7_26,ST345,Australia,Oceania,2013,human,KL15,O4,0,0,
16703_5_20,ST3050,Australia,Oceania,2013,human,KL36,O4,0,0,
16870_8_10,ST2370,Australia,Oceania,2013,human,KL15,O4,1,0,
Klebsiella_pneumoniae_INF188,ST17-1LV,Australia,Oceania,2013,human,KL141,O4,0,1,
16870_8_68,ST3068,Australia,Oceania,2013,human,KL119,O4,0,0,
16852_1_33,ST345,Australia,Oceania,2014,human,KL15,O4,0,0,
Klebsiella_pneumoniae_KSB1_9A,ST2999,Australia,Oceania,2013,human,KL141,O4,0,0,
16870_8_75,ST134,Australia,Oceania,2013,human,KL25,O5,0,0,
Klebsiella_pneumoniae_INF359,ST17,Australia,Oceania,2014,human,KL25,O5,1,1,
16703_5_30,ST1307,Australia,Oceania,2013,human,KL127,OL101,1,0,
16870_8_16,ST256,Australia,Oceania,2013,human,KL47,OL101,0,0,
Klebsiella_pneumoniae_INF355,ST491,Australia,Oceania,2014,human,KL118,OL101,0,1,
AH0225_C4PNMANXX_CTCTCTAC-AAGGAGTA_L006,ST1464,Australia,Oceania,2013,human,KL109,OL101,0,0,
16852_1_72,ST2267,Australia,Oceania,2014,human,KL127,OL101,0,0,
16870_7_44,ST2997,Australia,Oceania,2013,human,KL158,OL102,0,0,
16703_5_25,ST2415,Australia,Oceania,2013,human,KL131,O4,0,0,
AS14_C4PNMANXX_GTAGAGGA-AGAGTAGA_L006,ST2039,Australia,Oceania,2008,human,KL2,O1,5,0,
AS6_C4PNMANXX_TCCTGAGC-AGAGTAGA_L006,ST1065,Australia,Oceania,2009,human,KL35,O3/O3a,0,0,
AS18_C4PNMANXX_TCCTGAGC-GTAAGGAG_L006,ST1345-2LV,Australia,Oceania,unknown,human,KL60,O3/O3a,0,0,
AS8_C4PNMANXX_TAGGCATG-AGAGTAGA_L006,ST2459,Australia,Oceania,2008,human,KL61,O3b,1,0,
AS11_C4PNMANXX_GCTACGCT-AGAGTAGA_L006,ST322,Australia,Oceania,unknown,human,KL17,O4,0,0,
SB4386,ST380-1LV,France,Europe_western,2008,human,KL2,O1,5,0,
ERR560516,ST380,France,Europe_western,2010,human,KL2,O1,5,0,
ERR560517,ST380,France,Europe_western,2010,human,KL2,O1,5,0,
ERR560501,ST57-1LV,France,Europe_western,unknown,human,KL1,O1,5,0,
ERR562353,ST23,Taiwan,Asia_eastern,unknown,human,KL1,O1,4,0,
ERR560515,ST520,France,Europe_western,unknown,human,KL2,O1,0,1,
ERR560518,ST375,France,Europe_western,2008,human,KL2,O1,0,0,
ERR562359,ST57,France,Europe_western,2011,human,KL1,O1,5,0,
ERR560513,ST65,France,Europe_western,1987,lemur,KL2,O1,3,0,
ERR560499,ST86,unknown,unknown,unknown,unknown,KL2,O2,1,0,
SB2803,ST163,Netherlands,Europe_western,1999,equine,KL35,O3b,1,0,
SRR1561230,ST43,India,Asia_southern,2007,human,KL30,O1,0,2,
SRR1561321,ST14-1LV,USA,America_northern,2011,human,KL2,O1,1,2,
SRR1561358,ST39,USA,America_northern,2011,human,KL2,O1,1,1,
SRR1561338,ST42,USA,America_northern,2004,human,KL106,O1,0,2,
SRR1561357,ST1978,USA,America_northern,2001,human,KL64,O2,0,0,
SRR1561337,ST2983,USA,America_northern,2004,human,KL140,O2,0,2,
SRR1561208,ST855-1LV,Brazil,America_Latin_Caribbean,2010,human,KL10,O3/O3a,1,3,
SRR1561209,ST855,Brazil,America_Latin_Caribbean,2010,human,KL10,O3/O3a,0,2,
SRR1561236,ST277,Israel,Asia_western,2007,human,KL46,O3b,0,2,
SRR1561304,ST2457,USA,America_northern,2008,human,KL21,O3b,0,2,
ERR349784,ST1,Nepal,Asia_southern,2012,human,KL17,O1,0,1,
ERR349828,ST15,Nepal,Asia_southern,2012,human,KL112,O1,1,1,
ERR349769,ST1787,Nepal,Asia_southern,2012,human,KL148,O1,0,1,
ERR349818,ST716,Nepal,Asia_southern,2012,human,KL110,O2,0,1,
ERR349773,ST307,Nepal,Asia_southern,2012,human,KL102,O2,0,1,
ERR349813,ST3395,Nepal,Asia_southern,2012,human,KL14,O3b,1,1,
ERR349835,ST3395,Nepal,Asia_southern,2012,human,KL14,O3b,1,1,
ERR349811,ST628,Nepal,Asia_southern,2012,human,KL15,O4,0,1,
ERR349846,ST152,Nepal,Asia_southern,2012,human,KL149,O4,0,1,
SRR2098701,ST6,USA,America_northern,2012,food,KL7,O1,1,0,
SRR2098694,ST1780,USA,America_northern,2012,food,KL17,O1,0,0,
SRR2098700,ST1686-1LV,USA,America_northern,2011,human,KL113,O1,0,0,
SRR2098764,ST435,USA,America_northern,2012,food,KL17,O1,3,0,
SRR2098698,ST44,USA,America_northern,2012,food,KL57,O1,0,0,
SRR2098775,ST1692,USA,America_northern,2012,food,KL30,O1,0,0,
SRR2098814,ST220-1LV,USA,America_northern,2012,food,KL114,O1,0,0,
SRR2098769,ST1694,USA,America_northern,2012,food,KL63,O1,0,0,
SRR2098785,ST1691,USA,America_northern,2012,human,KL110,O2,0,0,
SRR2098760,ST487-1LV,USA,America_northern,2012,food,KL8,O2,0,0,
SRR2098693,ST188,USA,America_northern,2012,human,KL51,O2,0,0,
SRR2098755,ST896,USA,America_northern,2012,human,KL3,O2,0,0,
SRR2098690,ST629,USA,America_northern,2012,food,KL10,O3/O3a,0,0,
SRR2098687,ST76,USA,America_northern,2012,food,KL21,O3/O3a,0,0,
SRR2098691,ST188,USA,America_northern,2012,food,KL31,O3b,0,0,
SRR2098758,ST1296,USA,America_northern,2012,human,KL105,O3b,0,0,
SRR2098794,ST17-1LV,USA,America_northern,2012,human,KL15,O4,0,0,
SRR2098787,ST134,USA,America_northern,2012,food,KL25,O5,0,0,
SRR2098759,ST1613,USA,America_northern,2012,food,KL12,OL103,0,0,
SRR1166947,ST258-1LV,USA,America_northern,2004,human,KL107,O2,2,1,
SRR1166954,ST418,USA,America_northern,2007,human,KL107,O2,0,2,
SRR1166966,ST379,USA,America_northern,2009,human,KL107,O2,0,2,
SRR1167000,ST11-1LV,USA,America_northern,2011,human,KL107,O2,2,2,
SRR1167020,ST258-1LV,Canada,America_northern,2012,human,KL106,O2,0,2,
ERR257675,ST253,UK,Europe_northern,2010,human,KL133,O1,0,0,
ERR314415,ST449-1LV,UK,Europe_northern,2012,human,KL22,O1,1,1,
ERR314501,ST3713,UK,Europe_northern,2012,human,KL10,O1,0,1,
ERR257688,ST101-1LV,UK,Europe_northern,unknown,human,KL17,O1,1,1,
ERR257614,ST874,UK,Europe_northern,2006,human,KL45,O1,0,1,
ERR257627,ST171,UK,Europe_northern,2010,human,KL122,O1,0,1,
ERR257636,ST13,UK,Europe_northern,2010,human,KL3,O1,1,0,
ERR257621,ST70-1LV,UK,Europe_northern,2011,human,KL136,O1,1,1,
ERR314400,ST25-1LV,UK,Europe_northern,2012,human,KL2,O1,1,0,
ERR257655,ST874,UK,Europe_northern,unknown,human,KL45,O1,0,1,
ERR257666,ST22-1LV,UK,Europe_northern,2009,human,KL6,O2,0,0,
ERR311483,ST1193,UK,Europe_northern,2012,human,KL22,O2,0,1,
ERR314535,ST268-1LV,UK,Europe_northern,2012,human,KL20,O2,1,1,
ERR257626,ST158,UK,Europe_northern,unknown,human,KL62,O2,0,0,
ERR314500,ST280-1LV,UK,Europe_northern,2012,human,KL23,O2,0,1,
ERR314527,ST471,UK,Europe_northern,2012,human,KL57,O2,0,1,
ERR314532,ST280,UK,Europe_northern,2012,human,KL23,O2,0,1,
ERR257679,ST54,UK,Europe_northern,2006,human,KL14,O3b,0,0,
ERR314553,ST353,UK,Europe_northern,unknown,human,KL110,O3b,1,1,
ERR314564,ST378,UK,Europe_northern,2007,human,KL125,O5,0,0,
ERR304790,ST17-1LV,UK,Europe_northern,2008,human,KL25,O5,0,0,
ERR314467,ST485,UK,Europe_northern,2012,human,KL25,O5,0,0,
ERR314563,ST378,UK,Europe_northern,unknown,human,KL125,O5,0,0,
ERR315125,ST2810,Kenya,Africa_sub_saharan,2009,human,KL13,O1,0,0,
ERR315126,ST831,Kenya,Africa_sub_saharan,2009,human,KL18,O1,1,0,
ERR315146,ST964,Kenya,Africa_sub_saharan,2010,human,KL103,O1,0,0,
ERR315147,ST297,Kenya,Africa_sub_saharan,2010,human,KL10,O1,0,0,
ERR315156,ST831,Kenya,Africa_sub_saharan,2010,human,KL18,O1,1,0,
ERR315157,ST3,Kenya,Africa_sub_saharan,2010,human,KL3,O1,2,0,
ERR315186,ST789,Kenya,Africa_sub_saharan,2011,human,KL18,O1,0,1,
ERR319521,ST1726,Kenya,Africa_sub_saharan,2002,human,KL81,O1,0,0,
ERR319526,ST500,Kenya,Africa_sub_saharan,2002,human,KL34,O1,0,0,
ERR319527,ST2807,Kenya,Africa_sub_saharan,2002,human,KL64,O1,0,0,
ERR319546,ST397,Kenya,Africa_sub_saharan,2004,human,KL158,O1,0,0,
ERR319568,ST2798,Kenya,Africa_sub_saharan,2006,human,KL16,O1,0,0,
ERR319572,ST831,Kenya,Africa_sub_saharan,2007,human,KL18,O1,1,0,
ERR319573,ST290,Kenya,Africa_sub_saharan,2007,human,KL21,O1,0,1,
ERR319576,ST2816,Kenya,Africa_sub_saharan,2007,human,KL30,O1,0,0,
ERR319578,ST2800,Kenya,Africa_sub_saharan,unknown,human,KL47,O1,0,1,
ERR319506,ST290,Kenya,Africa_sub_saharan,2008,human,KL21,O1,0,1,
ERR323225,ST2808,Kenya,Africa_sub_saharan,2011,human,KL122,O1,0,1,
ERR323226,ST2808,Kenya,Africa_sub_saharan,2011,human,KL122,O1,0,1,
ERR315148,ST1557,Kenya,Africa_sub_saharan,2010,human,KL3,O1,0,1,
ERR315109,ST391,Kenya,Africa_sub_saharan,2008,human,KL30,O1,1,1,
ERR315174,ST70,Kenya,Africa_sub_saharan,2011,human,KL136,O1,1,1,
ERR315184,ST1927,Kenya,Africa_sub_saharan,unknown,human,KL2,O1,0,0,
ERR319513,ST234,Kenya,Africa_sub_saharan,2001,human,KL30,O1,0,1,
ERR319560,ST140,Kenya,Africa_sub_saharan,2005,human,KL55,O1,0,0,
ERR315129,ST2805,Kenya,Africa_sub_saharan,2009,human,KL110,O2,0,0,
ERR319509,ST337,Kenya,Africa_sub_saharan,2001,human,KL110,O2,0,0,
ERR319579,ST2805,Kenya,Africa_sub_saharan,2008,human,KL110,O2,0,1,
ERR315115,ST584,Kenya,Africa_sub_saharan,2009,human,KL23,O2,0,0,
ERR315162,ST471,Kenya,Africa_sub_saharan,2010,human,KL57,O2,1,1,
ERR315170,ST280,Kenya,Africa_sub_saharan,2011,human,KL23,O2,0,1,
ERR319530,ST1408,Kenya,Africa_sub_saharan,2002,human,KL102,O2,0,0,
ERR319555,ST2136,Kenya,Africa_sub_saharan,2005,human,KL2,O2,0,0,
ERR319590,ST1693,Kenya,Africa_sub_saharan,2008,human,KL23,O2,0,1,
ERR319552,ST2812,Kenya,Africa_sub_saharan,2004,human,KL55,O3/O3a,0,0,
ERR315121,ST37,Kenya,Africa_sub_saharan,2009,human,KL14,O3b,1,0,
ERR315140,ST54,Kenya,Africa_sub_saharan,2009,human,KL14,O3b,0,1,
ERR319548,ST323,Kenya,Africa_sub_saharan,2004,human,KL21,O3b,0,0,
ERR319551,ST1051,Kenya,Africa_sub_saharan,2004,human,KL105,O3b,0,0,
ERR319554,ST605,Kenya,Africa_sub_saharan,2004,human,KL58,O3b,0,0,
ERR319565,ST788,Kenya,Africa_sub_saharan,2005,human,KL31,O3b,0,0,
ERR319504,ST2811,Kenya,Africa_sub_saharan,2007,human,KL2,O3b,0,0,
ERR319571,ST2703,Kenya,Africa_sub_saharan,2007,human,KL149,O3b,0,0,
ERR319584,ST1962,Kenya,Africa_sub_saharan,2008,human,KL14,O3b,0,0,
ERR319512,ST2803,Kenya,Africa_sub_saharan,2001,human,KL109,OL101,0,0,
ERR319503,ST2802,Kenya,Africa_sub_saharan,unknown,human,KL109,OL101,0,0,
ERR319558,ST2802,Kenya,Africa_sub_saharan,2005,human,KL109,OL101,0,0,
ERR319562,ST38,Kenya,Africa_sub_saharan,2005,human,KL52,OL101,0,1,
5299_1_1,ST186-1LV,USA,America_northern,2006,bovine,KL114,unknown,0,0,
5151_3_10,ST198,USA,America_northern,2005,bovine,KL30,O1,1,0,
5151_3_11,ST180,USA,America_northern,2005,bovine,KL55,O1,0,0,
5151_6_3,ST2140,USA,America_northern,2005,bovine,KL18,O1,0,0,
5151_5_1,ST35,USA,America_northern,2005,bovine,KL22,O1,0,0,
5151_5_3,ST227,USA,America_northern,2005,bovine,KL64,O1,0,0,
5235_3_4,ST295,USA,America_northern,2007,bovine,KL30,O1,0,0,
5235_7_2,ST43-1LV,Indonesia,Asia_SE,2005,human,KL30,O1,0,1,
5299_7_5,ST482,Indonesia,Asia_SE,2005,human,KL18,O1,0,1,
5235_8_6,ST219-1LV,Vietnam,Asia_SE,2008,human,KL121,O1,1,0,
5193_1_5,ST231,Vietnam,Asia_SE,2009,human,KL64,O1,1,1,
5235_5_5,ST828-1LV,Vietnam,Asia_SE,2009,human,KL5,O1,4,0,
5150_1_10,ST2278-2LV,Australia,Oceania,2001,human,KL81,O1,0,1,
5150_1_3,ST30,Australia,Oceania,2001,human,KL64,O1,0,1,
5150_2_12,ST294,Australia,Oceania,2002,human,KL30,O1,0,0,
5150_3_10,ST310,Australia,Oceania,2002,human,KL1,O1,0,0,
5151_2_3,ST828,Singapore,Asia_SE,2004,human,KL5,O1,4,0,
5193_8_12,ST2039,Singapore,Asia_SE,2002,human,KL2,O1,5,0,
5193_5_10,ST2129-1LV,Vietnam,Asia_SE,2006,human,KL64,O1,0,1,
5197_2_3,ST540,Vietnam,Asia_SE,2004,human,KL13,O1,0,1,
5197_7_2,ST791-1LV,Laos,Asia_SE,2007,human,KL62,O1,1,0,
5193_7_6,ST1948,Laos,Asia_SE,2002,human,KL24,O1,4,0,
5193_2_6,ST2054,Vietnam,Asia_SE,2007,human,KL81,O1,0,1,
5235_8_7,ST65-1LV,USA,America_northern,2006,bovine,KL2,O1,5,0,
5151_5_4,ST228,USA,America_northern,2005,bovine,KL57,O1,0,0,
5299_1_3,ST185-1LV,USA,America_northern,2006,bovine,KL130,O1,0,0,
5299_7_7,ST194,USA,America_northern,2006,bovine,KL120,O1,0,0,
5299_7_3,ST503-1LV,Indonesia,Asia_SE,2005,human,KL2,O1,0,1,
5235_8_3,ST806-2LV,Vietnam,Asia_SE,2008,human,KL108,O1,1,0,
5193_3_12,ST2126,Vietnam,Asia_SE,2005,human,KL54,O1,0,0,
5193_3_6,ST1,Vietnam,Asia_SE,2005,human,KL19,O1,0,1,
5193_2_9,ST416,Vietnam,Asia_SE,2004,human,KL23,O1,0,1,
5193_2_11,ST416,Vietnam,Asia_SE,2004,human,KL23,O1,0,1,
5193_6_10,ST2058,USA,America_northern,2008,human,KL108,O1,5,0,
5197_7_3,ST23-1LV,Laos,Asia_SE,2008,human,KL1,O1,5,0,
5193_1_12,ST20,Vietnam,Asia_SE,2003,human,KL101,O1,0,1,
5151_2_11,ST245,USA,America_northern,2006,bovine,KL43,O2,0,0,
5150_3_9,ST1007-2LV,Australia,Oceania,2002,human,KL5,O2,0,0,
5150_5_3,ST2123,Australia,Oceania,2002,human,KL28,O2,0,0,
5151_5_12,ST2141,USA,America_northern,2006,human,KL120,O2,0,0,
5197_8_1,ST515,Laos,Asia_SE,2005,human,KL18,O2,0,0,
5150_3_5,ST1454,Australia,Oceania,2002,human,KL25,O2,0,1,
5193_8_10,ST11,Singapore,Asia_SE,2005,human,KL105,O2,1,1,
5193_8_3,ST11-1LV,Singapore,Asia_SE,2004,human,KL105,O2,1,0,
5299_1_7,ST225-1LV,USA,America_northern,2007,human,KL3,O2,0,0,
5235_1_11,ST278-1LV,USA,America_northern,2007,human,KL136,O2,0,0,
5235_2_2,ST1201-1LV,USA,America_northern,2007,human,KL23,O2,0,0,
5193_2_7,ST610,USA,America_northern,2006,bovine,KL55,O3/O3a,1,0,
5299_1_2,ST246,USA,America_northern,2006,bovine,KL25,O3/O3a,0,0,
5235_3_12,ST629-1LV,USA,America_northern,2006,bovine,KL10,O3/O3a,0,0,
5235_7_3,ST495-1LV,Indonesia,Asia_SE,2005,human,KL27,O3/O3a,0,1,
5235_7_4,ST495,Indonesia,Asia_SE,2005,human,KL27,O3/O3a,0,1,
5299_7_6,ST1411,Indonesia,Asia_SE,2005,human,KL125,O3/O3a,0,1,
5151_6_9,ST237,USA,America_northern,2005,environmental,KL31,O3b,0,0,
5235_6_12,ST54-1LV,Indonesia,Asia_SE,2005,human,KL14,O3b,0,1,
5235_5_2,ST592-1LV,Vietnam,Asia_SE,2009,human,KL57,O3b,3,0,
5235_8_9,ST499,Vietnam,Asia_SE,2009,human,KL33,O3b,1,0,
5150_1_9,ST2118,Australia,Oceania,2001,human,KL46,O3b,0,0,
5150_2_5,ST483-2LV,Australia,Oceania,2001,human,KL49,O3b,1,0,
5150_2_3,ST292,Australia,Oceania,2002,human,KL51,O3b,0,0,
5150_5_7,ST1777,Australia,Oceania,2002,human,KL111,O3b,0,0,
5193_3_10,ST2124,Vietnam,Asia_SE,2005,human,KL11,O3b,0,0,
5193_8_5,ST11-1LV,Singapore,Asia_SE,2005,human,KL38,O3b,0,0,
5193_6_2,ST2132,Vietnam,Asia_SE,2006,human,KL115,O3b,0,1,
5299_1_10,ST189,USA,America_northern,2007,human,KL128,O3b,0,0,
5193_7_2,ST273,Laos,Asia_SE,2009,human,KL74,O3b,0,1,
5299_7_1,ST2113,Indonesia,Asia_SE,2005,human,KL119,O4,0,0,
5150_5_1,ST2120,Australia,Oceania,2002,human,KL119,O4,0,0,
5151_6_4,ST183,USA,America_northern,2005,bovine,KL125,O5,0,0,
5151_5_8,ST22,USA,America_northern,2006,bovine,KL123,O5,0,0,
5193_5_2,ST2108,Vietnam,Asia_SE,2007,human,KL31,O5,0,0,
5193_5_9,ST76,Vietnam,Asia_SE,2006,human,KL35,O5,0,1,
5197_8_2,ST17,Laos,Asia_SE,2005,human,KL25,O5,1,0,
5197_7_7,ST177,USA,America_northern,2006,bovine,KL12,OL103,0,0,
ERR3415970,ST964,Madagascar,Africa_sub_saharan,2016,human,KL103,O1,0,0,
ERR3416056,ST2556,Madagascar,Africa_sub_saharan,2016,human,KL53,O1,0,0,
ERR3416138,ST60,Madagascar,Africa_sub_saharan,2016,human,KL5,O1,4,0,
ERR3416391,ST3106,Madagascar,Africa_sub_saharan,2016,human,KL113,O1,0,0,
ERR3415947,ST629,Madagascar,Africa_sub_saharan,unknown,human,KL10,O3/O3a,0,0,
ERR3415941,ST2467,Madagascar,Africa_sub_saharan,2015,human,KL111,O3b,0,0,
ERR3416361,ST3293,Senegal,Africa_sub_saharan,2016,human,KL60,O3b,0,0,
ERR3416366,ST3297,Senegal,Africa_sub_saharan,2016,human,KL39,O3b,0,0,
NUH26_S15_L001,ST1049,Singapore,Asia_SE,unknown,human,KL5,O1,4,0,
SGH07_S22_L001,ST60,Singapore,Asia_SE,unknown,human,KL5,O1,1,0,
TTSH18_S27_L001,ST828,Singapore,Asia_SE,unknown,human,KL5,O1,4,0,
NUH36_S19_L001,ST2973,Singapore,Asia_SE,unknown,human,KL63,O1,1,0,
ERR971964,ST664,Malawi,Africa_sub_saharan,1998,human,KL62,O1,0,0,
ERR926439,ST4073,Malawi,Africa_sub_saharan,2011,human,KL5,O1,0,0,
ERR926443,ST106-1LV,Malawi,Africa_sub_saharan,2012,human,KL43,O1,0,1,
ERR926371,ST609-1LV,Malawi,Africa_sub_saharan,2013,human,KL114,O1,0,0,
ERR972022,ST1916,Malawi,Africa_sub_saharan,2009,human,KL27,O1,0,1,
ERR972001,ST3132,Malawi,Africa_sub_saharan,2004,human,KL142,O1,0,0,
ERR972005,ST664,Malawi,Africa_sub_saharan,2005,human,KL62,O1,0,0,
ERR971948,ST664,Malawi,Africa_sub_saharan,2006,human,KL62,O1,0,0,
ERR971999,ST297,Malawi,Africa_sub_saharan,2006,human,KL10,O1,0,0,
ERR972026,ST14,Malawi,Africa_sub_saharan,2006,human,KL2,O1,0,1,
ERR972012,ST4,Malawi,Africa_sub_saharan,2008,human,KL13,O1,0,1,
ERR971972,ST4228,Malawi,Africa_sub_saharan,2008,human,KL103,O1,0,1,
ERR971985,ST198,Malawi,Africa_sub_saharan,2009,human,KL30,O1,0,1,
ERR971998,ST73,Malawi,Africa_sub_saharan,2000,human,KL25,O1,4,0,
ERR971953,ST111,Malawi,Africa_sub_saharan,1996,human,KL63,O1,0,0,
ERR972006,ST881,Malawi,Africa_sub_saharan,2005,human,KL2,O1,0,0,
ERR972031,ST896,Malawi,Africa_sub_saharan,2012,human,KL3,O2,1,1,
ERR971955,ST18,Malawi,Africa_sub_saharan,2007,human,KL23,O2,0,0,
ERR972007,ST218,Malawi,Africa_sub_saharan,1999,human,KL57,O2,3,0,
ERR972011,ST560,Malawi,Africa_sub_saharan,2005,human,KL9,O2,0,0,
ERR972018,ST276-2LV,Malawi,Africa_sub_saharan,2008,human,KL43,O2,0,0,
ERR971949,ST478,Malawi,Africa_sub_saharan,2007,human,KL125,O5,0,1,
ERR971967,ST2280,Malawi,Africa_sub_saharan,2007,human,KL127,OL101,0,0,
GCF_003830175.1,ST43,Thailand,Asia_SE,2015,Chrysomya sp. (blowfly),KL61,unknown,3,0,
GCF_002182145.1,ST299,USA,America_northern,2013,human,KL7,unknown,0,3,
GCF_900774835.1,ST34,Caribbean,America_Latin_Caribbean,unknown,human,KL118,unknown,0,0,
GCF_900776315.1,ST219,Caribbean,America_Latin_Caribbean,unknown,human,KL114,unknown,0,1,
GCF_900451755.1,ST3,Netherlands,Europe_western,1937,human,KL3,unknown,2,0,
GCF_900452235.1,ST500,unknown,unknown,unknown,not available,KL34,unknown,0,0,
GCF_900451575.1,ST505,unknown,unknown,unknown,unknown,KL64,unknown,0,0,
GCF_003954505.1,ST789,unknown,unknown,unknown,unknown,KL18,unknown,2,2,
GCF_900172715.1,ST3014,UK,Europe_northern,2014,environmental,KL158,unknown,0,0,
GCF_001056275.1,ST3804,USA,America_northern,2012,human,KL2,unknown,3,0,
GCF_900775505.1,ST391,Caribbean,America_Latin_Caribbean,unknown,human,KL30,unknown,1,1,
GCF_900085665.1,ST1380,UK,Europe_northern,2010,human,KL2,unknown,0,0,
GCF_900085705.1,ST460,UK,Europe_northern,2010,human,KL140,unknown,0,0,
GCF_011008895.1,ST25,Chile,America_Latin_Caribbean,2013,human,KL2,unknown,1,1,
GCF_003195145.1,ST3842,USA,America_northern,2017,human,KL2,unknown,0,0,
GCF_900084385.1,ST3700,UK,Europe_northern,2006,human,KL38,O12,0,0,
GCF_900173235.1,ST1999,UK,Europe_northern,2015,human,KL38,O12,0,0,
GCF_004320595.1,ST2582,China,Asia_eastern,2016,Migratory bird,KL82,O12,0,2,
GCF_004320625.1,ST2582,China,Asia_eastern,2016,Migratory bird,KL82,O12,0,3,
GCF_900635125.1,ST507,UK,Europe_northern,unknown,unknown,KL82,O12,0,0,
GCF_003664765.1,ST3801,China,Asia_eastern,2015,animal manure,KL34,O1,0,1,
GCF_012167075.1,ST889,China,Asia_eastern,2018,bovine,KL54,O1,0,0,
GCF_004127835.1,ST15-1LV,China,Asia_eastern,2014,chicken,KL24,O1,0,1,
GCF_003830245.1,ST43,Thailand,Asia_SE,2015,Chrysomya sp. (blowfly),KL61,O1,3,0,
GCF_009646185.1,ST219,Romania,Europe_eastern,unknown,environmental,KL114,O1,1,2,
GCF_003063145.1,ST3128,Germany,Europe_western,2014,environmental,KL21,O1,0,0,
GCF_003062765.1,ST3128,Germany,Europe_western,2014,environmental,KL21,O1,0,1,
GCF_003062805.1,ST3128,Germany,Europe_western,2014,environmental,KL21,O1,0,0,
GCF_003062585.1,ST3128,Germany,Europe_western,2014,environmental,KL21,O1,0,0,
GCF_001720645.1,ST1544,Russia,Europe_eastern,2011,environmental,KL20,O1,4,0,
GCF_003346685.1,ST219,Algeria,Africa_northern,2013,food,KL114,O1,0,1,
GCF_002411735.1,ST397,Ghana,Africa_sub_saharan,2015,human,KL158,O1,1,1,
GCF_000747055.1,ST3583,Malaysia,Asia_SE,2013,human,KL2,O1,5,0,
GCF_003598825.1,ST188,Belgium,Europe_western,2015,human,KL116,O1,0,3,
GCF_008572955.1,ST420,Singapore,Asia_SE,2014,human,KL20,O1,4,2,event_131_ST420 KPC-2 Singapore
GCF_002173955.1,ST1117,China,Asia_eastern,2012,human,KL117,O1,1,0,
GCF_011044535.1,ST395,Russia,Europe_eastern,2018,human,KL39,O1,4,2,event_126_ST395 iuc1 multicountry 
GCF_000788025.1,ST3,USA,America_northern,unknown,human,KL3,O1,2,0,
GCF_008830605.1,ST660,China,Asia_eastern,2015,human,KL16,O1,4,2,event_154_ST660 KPC-2 China
GCF_002182205.1,ST219,USA,America_northern,2013,human,KL114,O1,0,1,
GCF_002182235.1,ST327,USA,America_northern,2013,human,KL39,O1,1,1,
GCF_001060895.1,ST253,USA,America_northern,2013,human,KL60,O1,0,0,
GCF_001060495.1,ST327,USA,America_northern,2013,human,KL39,O1,0,0,
GCF_001062915.1,ST3580,USA,America_northern,2012,human,KL117,O1,0,0,
GCF_900083665.1,ST1536,UK,Europe_northern,2002,human,KL61,O1,0,0,
GCF_900181355.1,ST15,Pakistan,Asia_southern,unknown,human,KL112,O1,3,1,event_29_ST15 iuc1 Pakistan
GCF_900182215.1,ST3806,Pakistan,Asia_southern,unknown,human,KL2,O1,1,1,
GCF_900181115.1,ST15-1LV,Pakistan,Asia_southern,unknown,human,KL112,O1,0,2,
GCF_900181455.1,ST48,Pakistan,Asia_southern,unknown,human,KL62,O1,4,1,event_141_ST48 iuc1 Pakistan
GCF_900493815.1,ST60,Thailand,Asia_SE,2016,human,KL5,O1,1,2,
GCF_900493885.1,ST3588,Thailand,Asia_SE,2016,human,KL2,O1,3,0,
GCF_900494115.1,ST791,Thailand,Asia_SE,2016,human,KL62,O1,0,2,
GCF_900494185.1,ST420,Thailand,Asia_SE,2016,human,KL20,O1,1,2,
GCF_900494335.1,ST420,Thailand,Asia_SE,2016,human,KL20,O1,4,2,event_133_ST420 OXA-232 Thailand
GCF_900493515.1,ST3596,Thailand,Asia_SE,2016,human,KL13,O1,0,2,
GCF_900492885.1,ST964,Thailand,Asia_SE,2016,human,KL103,O1,0,0,
GCF_900492965.1,ST163,Thailand,Asia_SE,2016,human,KL12,O1,0,1,
GCF_902161365.1,ST922,UK,Europe_northern,2018,human,KL24,O1,0,0,
GCF_902166475.1,ST2990,UK,Europe_northern,2018,human,KL8,O1,0,0,
GCF_902163245.1,ST2990,UK,Europe_northern,2018,human,KL8,O1,1,0,
GCF_902165145.1,ST4387,UK,Europe_northern,2018,human,KL24,O1,1,0,
GCF_902165045.1,ST4387,UK,Europe_northern,2018,human,KL24,O1,1,0,
GCF_900775605.1,ST327,Caribbean,America_Latin_Caribbean,unknown,human,KL39,O1,0,0,
GCF_900775585.1,ST299,Caribbean,America_Latin_Caribbean,unknown,human,KL7,O1,2,0,
GCF_900774145.1,ST1536,Caribbean,America_Latin_Caribbean,unknown,human,KL61,O1,0,0,
GCF_900774115.1,ST294,Caribbean,America_Latin_Caribbean,unknown,human,KL30,O1,2,0,
GCF_900774415.1,ST133,Caribbean,America_Latin_Caribbean,unknown,human,KL116,O1,0,0,
GCF_900774625.1,ST133,Caribbean,America_Latin_Caribbean,unknown,human,KL116,O1,0,0,
GCF_900774695.1,ST1049-1LV,Caribbean,America_Latin_Caribbean,unknown,human,KL5,O1,0,0,
GCF_900774715.1,ST2390,Caribbean,America_Latin_Caribbean,unknown,human,KL16,O1,0,0,
GCF_900775775.1,ST3109,Caribbean,America_Latin_Caribbean,unknown,human,KL124,O1,0,0,
GCF_900775795.1,ST3132,Caribbean,America_Latin_Caribbean,unknown,human,KL142,O1,0,0,
GCF_900775825.1,ST2390,Caribbean,America_Latin_Caribbean,unknown,human,KL16,O1,0,1,
GCF_900775955.1,ST836,Caribbean,America_Latin_Caribbean,unknown,human,KL30,O1,1,0,
GCF_900776225.1,ST882,Caribbean,America_Latin_Caribbean,unknown,human,KL16,O1,0,0,
GCF_900776215.1,ST160,Caribbean,America_Latin_Caribbean,unknown,human,KL62,O1,0,0,
GCF_010590705.1,ST380,USA,America_northern,2016,human,KL2,O1,4,0,
GCF_010597245.1,ST20,USA,America_northern,2016,human,KL61,O1,0,0,
GCF_001929345.1,ST6,unknown,unknown,unknown,human,KL7,O1,1,0,
GCF_002866585.1,ST1799,Lebanon,Asia_western,2013,human,KL16,O1,1,3,
GCF_002866675.1,ST1799,Lebanon,Asia_western,2013,human,KL16,O1,1,3,
GCF_002775555.1,ST500,Lebanon,Asia_western,2015,human,KL34,O1,0,2,
GCF_001441295.1,ST327,Israel,Asia_western,2005,human,KL39,O1,1,1,
GCF_902506915.1,ST86,China,Asia_eastern,2009,human,KL2,O1,3,0,
GCF_011742195.1,ST2096,India,Asia_southern,2019,human,KL64,O1,4,3,event_37_ST2096 iuc1 India
GCF_011742585.2,ST2096,India,Asia_southern,2019,human,KL64,O1,4,2,event_37_ST2096 iuc1 India
GCF_011759445.1,ST2096,India,Asia_southern,2019,human,KL64,O1,4,1,event_37_ST2096 iuc1 India
GCF_011742075.1,ST2096,India,Asia_southern,2019,human,KL64,O1,4,2,event_37_ST2096 iuc1 India
GCF_000764635.1,ST3611,USA,America_northern,2012,human,KL24,O1,0,1,
GCF_002188175.1,ST831,Nigeria,Africa_sub_saharan,2015,human,KL18,O1,1,1,
GCF_001034055.1,ST3616,unknown,unknown,2014,human,KL157,O1,0,2,
GCF_011742415.2,ST2096,India,Asia_southern,2019,human,KL64,O1,4,2,event_37_ST2096 iuc1 India
GCF_000492735.1,ST133,USA,America_northern,2012,human,KL116,O1,2,0,
GCF_013169065.1,ST964,Colombia,America_Latin_Caribbean,2013,human,KL103,O1,0,2,
GCF_001720905.1,ST3622,Pakistan,Asia_southern,2013,human,KL112,O1,1,3,
GCF_002851245.1,ST2310,Colombia,America_Latin_Caribbean,2003,human,KL39,O1,0,1,
GCF_002853815.1,ST20,Colombia,America_Latin_Caribbean,2002,human,KL24,O1,0,1,
GCF_002851055.1,ST789,Colombia,America_Latin_Caribbean,2006,human,KL18,O1,0,1,
GCF_002851015.1,ST15,Colombia,America_Latin_Caribbean,2006,human,KL24,O1,0,0,
GCF_002855015.1,ST505,Colombia,America_Latin_Caribbean,2011,human,KL64,O1,0,2,
GCF_009661195.1,ST395,Russia,Europe_eastern,2018,human,KL39,O1,1,2,
GCF_002184745.2,ST1746,USA,America_northern,2015,human,KL142,O1,0,0,
GCF_002936165.2,ST14,USA,America_northern,2016,human,KL16,O1,0,2,
GCF_002935445.2,ST1496,USA,America_northern,2013,human,KL62,O1,1,2,
GCF_902507105.1,ST380,China,Asia_eastern,2011,human,KL2,O1,5,0,
GCF_003227135.1,ST2502,Italy,Europe_southern,2016,human,KL17,O1,0,2,
GCF_003227305.1,ST2502,Italy,Europe_southern,2016,human,KL17,O1,1,2,
GCF_003227275.1,ST2502,Italy,Europe_southern,2016,human,KL17,O1,1,2,
GCF_003226945.1,ST35,Italy,Europe_southern,2016,human,KL22,O1,1,2,
GCF_003226905.1,ST2502,Italy,Europe_southern,2016,human,KL17,O1,1,2,
GCF_000281755.1,ST3,unknown,unknown,1955,human,KL3,O1,2,0,
GCF_902507245.1,ST1049,China,Asia_eastern,2012,human,KL5,O1,4,0,
GCF_902507285.1,ST1764,China,Asia_eastern,2012,human,KL64,O1,3,0,
GCF_004120155.1,ST3685,China,Asia_eastern,2014,human,KL64,O1,3,0,
GCF_008087375.1,ST660,China,Asia_eastern,2016,human,KL16,O1,4,1,event_153_ST660 SHV-5^ China
GCF_002187385.1,ST73,Nigeria,Africa_sub_saharan,2014,human,KL25,O1,1,0,
GCF_002239965.1,ST4,Nigeria,Africa_sub_saharan,2012,human,KL13,O1,1,1,
GCF_003977495.1,ST870,Egypt,Africa_northern,unknown,human,KL17,O1,1,0,
GCF_002157345.1,ST198,Brazil,America_Latin_Caribbean,2013,human,KL30,O1,1,1,
GCF_002241035.1,ST198,Brazil,America_Latin_Caribbean,2013,human,KL30,O1,1,0,
GCF_900498355.1,ST1801,Germany,Europe_western,2014,human,KL35,O1,1,0,
GCF_900498885.1,ST540,Germany,Europe_western,2014,human,KL13,O1,0,0,
GCF_900498695.1,ST1013,Germany,Europe_western,2014,human,KL39,O1,1,0,
GCF_900498645.1,ST14,Germany,Europe_western,2014,human,KL16,O1,0,1,
GCF_900498445.1,ST3694,Germany,Europe_western,2014,human,KL35,O1,1,0,
GCF_002795445.1,ST664,Austria,Europe_western,2016,human,KL62,O1,1,0,
GCF_002795625.1,ST664,Austria,Europe_western,2016,human,KL62,O1,1,0,
GCF_900086015.1,ST985,UK,Europe_northern,2005,human,KL31,O1,0,0,
GCF_900084085.1,ST1686,UK,Europe_northern,2006,human,KL113,O1,0,0,
GCF_900085385.1,ST3704,UK,Europe_northern,2009,human,KL16,O1,1,1,
GCF_900085575.1,ST15-1LV,UK,Europe_northern,2010,human,KL24,O1,0,1,
GCF_900085645.1,ST215,UK,Europe_northern,2010,human,KL16,O1,0,1,
GCF_900085745.1,ST1236,UK,Europe_northern,2011,human,KL62,O1,1,1,
GCF_900086005.1,ST3705,UK,Europe_northern,2002,human,KL60,O1,0,0,
GCF_900084815.1,ST3709,UK,Europe_northern,2002,human,KL46,O1,0,0,
GCF_003034445.1,ST101,Greece,Europe_southern,2015,human,KL17,O1,1,3,
GCF_002269865.1,ST3712,China,Asia_eastern,2016,human,KL16,O1,3,0,
GCF_900084975.1,ST3713,UK,Europe_northern,2004,human,KL10,O1,0,1,
GCF_900407195.1,ST348,Tanzania,Africa_sub_saharan,2013,human,KL23,O1,1,1,
GCF_900407275.1,ST348,Tanzania,Africa_sub_saharan,2015,human,KL23,O1,1,1,
GCF_900407265.1,ST297,Tanzania,Africa_sub_saharan,2013,human,KL10,O1,0,1,
GCF_012952385.1,ST348,USA,America_northern,2017,human,KL62,O1,0,1,
GCF_003861425.1,ST551,USA,America_northern,2017,human,KL10,O1,0,1,
GCF_003860845.1,ST299,USA,America_northern,2017,human,KL7,O1,2,0,
GCF_903171865.1,ST48,Portugal,Europe_southern,2008,human,KL62,O1,0,1,
GCF_903171875.1,ST133,Portugal,Europe_southern,2008,human,KL116,O1,1,1,
GCF_003226095.1,ST297,Spain,Europe_southern,2007,human,KL10,O1,0,1,
GCF_002872205.1,ST1948,India,Asia_southern,2013,human,KL24,O1,0,0,
GCF_003057345.1,ST3483,Lebanon,Asia_western,2017,human,KL18,O1,0,1,
GCF_012944055.1,ST660,China,Asia_eastern,2016,human,KL16,O1,4,0,
GCF_012027195.1,ST14-1LV,South Korea,Asia_eastern,2013,human,KL2,O1,1,1,
GCF_902704635.1,ST253,Italy,Europe_southern,2016,human,KL64,O1,0,2,
GCF_902703695.1,ST101,Italy,Europe_southern,2016,human,KL17,O1,1,3,
GCF_902703855.1,ST395,Italy,Europe_southern,2016,human,KL2,O1,4,2,event_126_ST395 iuc1 multicountry 
GCF_902704645.1,ST3499,Italy,Europe_southern,2016,human,KL48,O1,1,3,
GCF_000695935.1,ST34,USA,America_northern,2012,human,KL37,O1,0,2,
GCF_003363735.1,ST101,UK,Europe_northern,2018,human,KL62,O1,1,2,
GCF_013375185.1,ST551-1LV,Argentina,America_Latin_Caribbean,2014,human,KL10,O1,0,2,
GCF_003428845.1,ST14,South Korea,Asia_eastern,2015,human,KL64,O1,1,2,
GCF_001033755.1,ST2147,unknown,unknown,2014,human,KL24,O1,1,1,
GCF_001033975.1,ST607,unknown,unknown,2014,human,KL48,O1,0,0,
GCF_003115155.1,ST656,Vietnam,Asia_SE,2017,human,KL64,O1,1,2,
GCF_009937845.1,ST14,India,Asia_southern,2018,human,KL2,O1,1,2,
GCF_000981955.1,ST48,USA,America_northern,2009,human,KL62,O1,0,1,
GCF_000982215.1,ST48,USA,America_northern,2011,human,KL62,O1,1,1,
GCF_008082915.1,ST34,USA,America_northern,unknown,human,KL48,O1,0,0,
GCF_900451595.1,ST3764,unknown,unknown,1935,human,KL1,O1,3,0,
GCF_900451605.1,ST3764,unknown,unknown,1940,human,KL1,O1,3,0,
GCF_900451355.1,ST3,unknown,unknown,1940,human,KL3,O1,5,0,
GCF_900461475.1,ST3764,unknown,unknown,1935,human,KL1,O1,3,0,
GCF_900452365.1,ST163,Denmark,Europe_northern,1952,human,KL12,O1,0,0,
GCF_900452445.1,ST504,Denmark,Europe_northern,1952,human,KL13,O1,0,0,
GCF_900452095.1,ST566,Denmark,Europe_northern,1952,human,KL46,O1,4,0,
GCF_011682815.1,ST464,Israel,Asia_western,2017,human,KL17,O1,0,1,
GCF_006130485.1,ST290,China,Asia_eastern,unknown,human,KL21,O1,1,2,
GCF_006937825.1,ST785,Norway,Europe_northern,2012,human,KL103,O1,1,0,
GCF_006937755.1,ST48,Norway,Europe_northern,2012,human,KL62,O1,1,0,
GCF_002944845.1,ST86,China,Asia_eastern,2016,human,KL2,O1,3,2,event_160_ST86 KPC-2 NDM-1 China
GCF_008120365.1,ST1401,UK,Europe_northern,2016,human,KL38,O1,0,0,
GCF_900092795.1,ST1530,Thailand,Asia_SE,2015,human,KL117,O1,0,0,
GCF_003006495.1,ST43,India,Asia_southern,2017,human,KL30,O1,4,3,event_134_ST43 iuc1 India
GCF_001530015.1,ST374,China,Asia_eastern,2014,human,KL2,O1,4,0,
GCF_000821665.1,ST1631,Italy,Europe_southern,2012,human,KL142,O1,0,0,
GCF_000821905.1,ST466,Italy,Europe_southern,2013,human,KL22,O1,1,0,
GCF_900978065.1,ST380,France,Europe_western,2011,human,KL2,O1,2,0,
GCF_003194955.1,ST2174,Russia,Europe_eastern,2015,human,KL2,O1,3,0,
GCF_001701575.1,ST2316,China,Asia_eastern,2012,human,KL2,O1,0,1,
GCF_001701755.1,ST875,China,Asia_eastern,2011,human,KL25,O1,1,1,
GCF_002417075.1,ST1414,South Africa,Africa_sub_saharan,2013,human,KL8,O1,0,1,
GCF_002417305.1,ST1552,South Africa,Africa_sub_saharan,2013,human,KL25,O1,0,1,
GCF_002417105.1,ST1552,South Africa,Africa_sub_saharan,2013,human,KL25,O1,0,1,
GCF_008081905.1,ST12-2LV,USA,America_northern,unknown,human,KL157,O1,0,0,
GCF_008082105.1,ST6,USA,America_northern,unknown,human,KL7,O1,0,0,
GCF_003437295.1,ST875,China,Asia_eastern,2013,human,KL25,O1,0,0,
GCF_004312045.1,ST1824,Japan,Asia_eastern,2013,human,KL16,O1,0,0,
GCF_004312465.1,ST1266,Japan,Asia_eastern,2013,human,KL35,O1,1,0,
GCF_004312525.1,ST215,Japan,Asia_eastern,2013,human,KL16,O1,0,0,
GCF_004313005.1,ST107,Japan,Asia_eastern,2014,human,KL103,O1,0,0,
GCF_900173395.1,ST6,UK,Europe_northern,2015,human,KL7,O1,1,0,
GCF_003312145.1,ST290,China,Asia_eastern,2017,human,KL21,O1,0,2,
GCF_013283935.1,ST1764,China,Asia_eastern,2019,human,KL64,O1,3,0,
GCF_003196295.1,ST27,USA,America_northern,2017,human,KL37,O1,0,0,
GCF_003196935.1,ST551,USA,America_northern,2017,human,KL10,O1,0,1,
GCF_003195655.1,ST3847,USA,America_northern,2017,human,KL10,O1,0,1,
GCF_902508555.1,ST660,China,Asia_eastern,2017,human,KL16,O1,4,0,
GCF_902508735.1,ST1049,China,Asia_eastern,2017,human,KL5,O1,4,0,
GCF_902508845.1,ST86,China,Asia_eastern,2017,human,KL2,O1,4,0,
GCF_902509265.1,ST60,China,Asia_eastern,2017,human,KL5,O1,1,0,
GCF_902509185.1,ST505,China,Asia_eastern,2017,human,KL64,O1,1,0,
GCF_902509385.1,ST1764,China,Asia_eastern,2017,human,KL64,O1,3,0,
GCF_902509425.1,ST219,China,Asia_eastern,2017,human,KL114,O1,1,1,
GCF_902508285.1,ST180,China,Asia_eastern,2017,human,KL54,O1,0,0,
GCF_901421045.1,ST561,Denmark,Europe_northern,unknown,not available,KL16,O1,0,0,
GCF_901420605.1,ST155,unknown,unknown,unknown,not available,KL22,O1,0,0,
GCF_901420465.1,ST43,unknown,unknown,unknown,not available,KL30,O1,0,0,
GCF_901422065.1,ST171,Denmark,Europe_northern,1952,not available,KL37,O1,0,0,
GCF_009822605.1,ST107,unknown,unknown,unknown,pig,KL102,O1,4,0,
GCF_900171745.1,ST2585,UK,Europe_northern,2015,turkey,KL45,O1,0,1,
GCF_900171755.1,ST3010,UK,Europe_northern,2015,turkey,KL45,O1,0,1,
GCF_900172055.1,ST3010,UK,Europe_northern,2015,turkey,KL45,O1,0,1,
GCF_900171855.1,ST3010,UK,Europe_northern,2015,turkey,KL45,O1,0,1,
GCF_002180255.1,ST163,unknown,unknown,unknown,unknown,KL12,O1,0,2,
GCF_001720695.1,ST493,Netherlands,Europe_western,1985,unknown,KL2,O1,1,0,
GCF_900451615.1,ST82,unknown,unknown,1940,unknown,KL1,O1,3,0,
GCF_901420755.1,ST82,Netherlands,Europe_western,1937,unknown,KL1,O1,0,0,
GCF_900452505.1,ST505,USA,America_northern,1953,unknown,KL64,O1,0,0,
GCF_900451885.1,ST3,USA ,America_northern,1955,unknown,KL3,O1,5,0,
GCF_900451185.1,ST3,unknown,unknown,1955,unknown,KL3,O1,5,0,
GCF_003339395.1,ST3366,Italy,Europe_southern,unknown,unknown,KL17,O1,1,2,
GCF_012102535.1,ST2121,Brazil,America_Latin_Caribbean,2019,African bush elephant,KL113,O1,0,0,
GCF_012167385.1,ST228,China,Asia_eastern,2018,bovine,KL57,O1,0,0,
GCF_012113635.1,ST107,China,Asia_eastern,2018,bovine,KL148,O1,0,0,
GCF_900707015.1,ST692,unknown,unknown,unknown,bovine,KL147,O1,0,0,
GCF_001308905.1,ST375,China,Asia_eastern,2012,environmental,KL2,O1,3,0,
GCF_003121425.1,ST3901,Malaysia,Asia_SE,2016,environmental,KL30,O1,0,0,
GCF_003965135.1,ST337,Pakistan,Asia_southern,2016,environmental,KL8,O1,0,1,
GCF_003936515.1,ST337,Pakistan,Asia_southern,2016,environmental,KL8,O1,0,1,
GCF_003937235.1,ST337,Pakistan,Asia_southern,2016,environmental,KL8,O1,0,1,
GCF_003936425.1,ST337,Pakistan,Asia_southern,2016,environmental,KL8,O1,0,1,
GCF_003936375.1,ST391,Pakistan,Asia_southern,2016,environmental,KL30,O1,0,1,
GCF_002935085.1,ST252,USA,America_northern,2016,environmental,KL81,O1,0,2,
GCF_002903005.1,ST252,USA,America_northern,2016,environmental,KL81,O1,0,3,
GCF_902754115.1,ST784,UK,Europe_northern,unknown,environmental,KL146,O1,0,0,
GCF_003664865.1,ST967,China,Asia_eastern,2015,environmental,KL18,O1,0,1,
GCF_900172665.1,ST26,UK,Europe_northern,2014,environmental,KL25,O1,0,0,
GCF_900172865.1,ST874,UK,Europe_northern,2015,environmental,KL45,O1,0,1,
GCF_009925405.1,ST1741,Tanzania,Africa_sub_saharan,2018,food,KL104,O1,0,1,
GCF_004803085.1,ST383,Egypt,Africa_northern,unknown,human,KL30,O1,0,2,
GCF_003382225.1,ST1788,Ghana,Africa_sub_saharan,2015,human,KL2,O1,1,1,
GCF_009935695.1,ST1660,China,Asia_eastern,2015,human,KL1,O1,5,2,event_35_ST1660 KPC-2 China
GCF_011044835.1,ST874,Russia,Europe_eastern,2019,human,KL45,O1,3,2,event_170_ST874 iuc1 Russia
GCF_009497755.1,ST1265,China,Asia_eastern,2014,human,KL1,O1,5,2,event_16_ST1265 KPC-2 China
GCF_008830645.1,ST1660,China,Asia_eastern,2015,human,KL1,O1,5,2,event_35_ST1660 KPC-2 China
GCF_002180685.1,ST3584,USA,America_northern,2013,human,KL63,O1,0,2,
GCF_001647465.1,ST44,USA,America_northern,2008,human,KL57,O1,0,1,
GCF_008867865.1,ST3360,Spain,Europe_southern,2018,human,KL19,O1,0,2,
GCF_001462885.1,ST525,Norway,Europe_northern,2011,human,KL45,O1,0,2,
GCF_001062535.1,ST184,USA,America_northern,2013,human,KL113,O1,0,0,
GCF_900181205.1,ST13,Pakistan,Asia_southern,unknown,human,KL3,O1,0,1,
GCF_900494205.1,ST530,Thailand,Asia_SE,2016,human,KL54,O1,0,2,
GCF_900494315.1,ST656,Thailand,Asia_SE,2016,human,KL105,O1,0,1,
GCF_900494275.1,ST8,Thailand,Asia_SE,2016,human,KL3,O1,0,2,
GCF_902161355.1,ST359,UK,Europe_northern,2018,human,KL10,O1,0,0,
GCF_902161315.1,ST359,UK,Europe_northern,2018,human,KL10,O1,0,0,
GCF_902161675.1,ST461,UK,Europe_northern,2018,human,KL10,O1,0,0,
GCF_902165195.1,ST643-1LV,UK,Europe_northern,2018,human,KL62,O1,0,0,
GCF_001701985.1,ST383,Greece,Europe_southern,2013,human,KL30,O1,0,3,
GCF_900775105.1,ST13,Caribbean,America_Latin_Caribbean,unknown,human,KL3,O1,0,0,
GCF_900774955.1,ST784,Caribbean,America_Latin_Caribbean,unknown,human,KL146,O1,0,0,
GCF_900774985.1,ST140,Caribbean,America_Latin_Caribbean,unknown,human,KL49,O1,0,0,
GCF_900774375.1,ST391,Caribbean,America_Latin_Caribbean,unknown,human,KL30,O1,1,1,
GCF_900775915.1,ST65,Caribbean,America_Latin_Caribbean,unknown,human,KL2,O1,3,0,
GCF_900776175.1,ST1886,Caribbean,America_Latin_Caribbean,unknown,human,KL58,O1,0,0,
GCF_900776245.1,ST39,Caribbean,America_Latin_Caribbean,unknown,human,KL149,O1,1,1,
GCF_900776335.1,ST111,Caribbean,America_Latin_Caribbean,unknown,human,KL63,O1,1,0,
GCF_900775665.1,ST39,Caribbean,America_Latin_Caribbean,unknown,human,KL149,O1,1,0,
GCF_001065795.1,ST643-1LV,USA,America_northern,2013,human,KL62,O1,0,0,
GCF_003469885.1,ST2054,China,Asia_eastern,2013,human,KL109,O1,0,0,
GCF_010590345.1,ST1401,USA,America_northern,2015,human,KL102,O1,0,0,
GCF_010590265.1,ST193,USA,America_northern,2015,human,KL30,O1,0,0,
GCF_002300775.1,ST443,Brazil,America_Latin_Caribbean,2010,human,KL146,O1,0,2,
GCF_902506815.1,ST65,China,Asia_eastern,2009,human,KL2,O1,5,0,
GCF_001033995.1,ST23,unknown,unknown,2013,human,KL1,O1,5,0,
GCF_001033445.1,ST25,USA,America_northern,2014,human,KL2,O1,3,0,
GCF_013170505.1,ST140,Colombia,America_Latin_Caribbean,2014,human,KL55,O1,0,2,
GCF_008931565.1,ST1109,Australia,Oceania,2007,human,KL54,O1,0,2,
GCF_001032845.1,ST2121,USA,America_northern,2014,human,KL113,O1,0,2,
GCF_002854055.1,ST979,Colombia,America_Latin_Caribbean,2010,human,KL122,O1,0,2,
GCF_002854745.1,ST252,Colombia,America_Latin_Caribbean,2003,human,KL81,O1,0,0,
GCF_002853725.1,ST8,Colombia,America_Latin_Caribbean,2002,human,KL3,O1,0,0,
GCF_002851195.1,ST13,Colombia,America_Latin_Caribbean,2004,human,KL3,O1,2,0,
GCF_002851475.1,ST1271,Colombia,America_Latin_Caribbean,2006,human,KL28,O1,0,0,
GCF_002850795.1,ST1303,Colombia,America_Latin_Caribbean,2006,human,KL58,O1,0,0,
GCF_002935325.2,ST461,USA,America_northern,2012,human,KL62,O1,0,2,
GCF_902506985.1,ST700,China,Asia_eastern,2011,human,KL1,O1,1,0,
GCF_902507155.1,ST23-1LV,China,Asia_eastern,2012,human,KL1,O1,4,0,
GCF_001534855.2,ST359,USA,America_northern,2013,human,KL10,O1,0,0,
GCF_002188075.1,ST1788,Nigeria,Africa_sub_saharan,2012,human,KL2,O1,1,1,
GCF_002187395.1,ST1788,Nigeria,Africa_sub_saharan,2014,human,KL2,O1,1,2,
GCF_008756815.1,ST700,China,Asia_eastern,2016,human,KL1,O1,4,0,
GCF_013187705.1,ST501,Nigeria,Africa_sub_saharan,2019,human,KL8,O1,0,0,
GCF_009898185.1,ST460,Brazil,America_Latin_Caribbean,2019,human,KL140,O1,0,3,
GCF_003312195.1,ST1,China,Asia_eastern,2017,human,KL19,O1,1,2,
GCF_900085225.1,ST3697,UK,Europe_northern,2005,human,KL45,O1,0,1,
GCF_900084435.1,ST3697,UK,Europe_northern,2005,human,KL45,O1,0,1,
GCF_900084185.1,ST3698,UK,Europe_northern,2006,human,KL63,O1,1,0,
GCF_900084115.1,ST103-1LV,UK,Europe_northern,2006,human,KL45,O1,0,1,
GCF_900085955.1,ST26,UK,Europe_northern,2006,human,KL10,O1,0,0,
GCF_900086345.1,ST3697,UK,Europe_northern,2007,human,KL45,O1,0,1,
GCF_900084545.1,ST874,UK,Europe_northern,2007,human,KL45,O1,0,1,
GCF_900085245.1,ST3697,UK,Europe_northern,2009,human,KL45,O1,0,1,
GCF_900085515.1,ST465,UK,Europe_northern,2010,human,KL54,O1,0,0,
GCF_900084715.1,ST163,UK,Europe_northern,2002,human,KL28,O1,0,0,
GCF_900085685.1,ST252,UK,Europe_northern,2011,human,KL51,O1,0,0,
GCF_900084735.1,ST42,UK,Europe_northern,2002,human,KL106,O1,0,1,
GCF_900084785.1,ST448-1LV,UK,Europe_northern,2002,human,KL54,O1,0,0,
GCF_002264435.1,ST23,China,Asia_eastern,2015,human,KL1,O1,5,2,event_47_ST23 KPC-2 China
GCF_900086075.1,ST3697,UK,Europe_northern,2003,human,KL45,O1,0,1,
GCF_900085055.1,ST42,UK,Europe_northern,2003,human,KL106,O1,0,0,
GCF_900085865.1,ST253,UK,Europe_northern,2003,human,KL2,O1,0,1,
GCF_002887675.1,ST375,China,Asia_eastern,2015,human,KL2,O1,3,0,
GCF_900084955.1,ST3697,UK,Europe_northern,2004,human,KL45,O1,0,1,
GCF_900086125.1,ST1,UK,Europe_northern,2004,human,KL45,O1,0,0,
GCF_900085205.1,ST359,UK,Europe_northern,2004,human,KL10,O1,0,0,
GCF_900407035.1,ST231,Tanzania,Africa_sub_saharan,2013,human,KL51,O1,1,1,
GCF_900407155.1,ST29,Tanzania,Africa_sub_saharan,2014,human,KL19,O1,1,1,
GCF_900407175.1,ST3717,Tanzania,Africa_sub_saharan,2014,human,KL57,O1,0,1,
GCF_900407315.1,ST193,Tanzania,Africa_sub_saharan,2015,human,KL63,O1,0,1,
GCF_012952405.1,ST231,USA,America_northern,2017,human,KL51,O1,0,0,
GCF_003865115.1,ST1245,Japan,Asia_eastern,2016,human,KL3,O1,0,0,
GCF_003225795.1,ST151,Spain,Europe_southern,2013,human,KL30,O1,1,2,
GCF_002845885.1,ST700-1LV,China,Asia_eastern,2009,human,KL1,O1,1,0,
GCF_002248115.2,ST1,Thailand,Asia_SE,2016,human,KL45,O1,0,1,
GCF_001033675.1,ST70,unknown,unknown,2014,human,KL136,O1,1,1,
GCF_012056395.1,ST29,Vietnam,Asia_SE,2015,human,KL19,O1,1,1,
GCF_001546515.1,ST29,unknown,unknown,unknown,human,KL30,O1,2,0,
GCF_000982205.1,ST111,USA,America_northern,2011,human,KL63,O1,1,0,
GCF_011682845.1,ST985,Israel,Asia_western,2017,human,KL39,O1,1,1,
GCF_008120645.1,ST461,UK,Europe_northern,2016,human,KL10,O1,1,0,
GCF_008120605.1,ST253,UK,Europe_northern,2016,human,KL62,O1,0,0,
GCF_008120045.1,ST2211,UK,Europe_northern,2016,human,KL10,O1,0,0,
GCF_008119815.1,ST253,UK,Europe_northern,2016,human,KL35,O1,0,0,
GCF_008630225.1,ST20-1LV,China,Asia_eastern,2013,human,KL28,O1,0,2,
GCF_008630125.1,ST25,China,Asia_eastern,2013,human,KL2,O1,3,2,event_90_ST25 NDM-1 China
GCF_002186895.1,ST1035,Nigeria,Africa_sub_saharan,2010,human,KL57,O1,0,0,
GCF_002186705.1,ST25,Nigeria,Africa_sub_saharan,2010,human,KL2,O1,0,1,
GCF_000822965.1,ST70-1LV,Italy,Europe_southern,2012,human,KL122,O1,0,0,
GCF_003286995.1,ST1660,China,Asia_eastern,2015,human,KL1,O1,5,2,event_34_ST1660 KPC-2 China
GCF_001720625.1,ST3798,Russia,Europe_eastern,2013,human,KL2,O1,3,0,
GCF_003194965.1,ST65,Russia,Europe_eastern,2014,human,KL2,O1,5,0,
GCF_004924315.1,ST23,USA,America_northern,2016,human,KL1,O1,5,2,event_75_ST23 KPC-2 USA
GCF_003569855.1,ST2237,China,Asia_eastern,2018,human,KL19,O1,4,2,event_42_ST2237 iuc1 China
GCF_003569845.1,ST2237,China,Asia_eastern,2018,human,KL19,O1,4,2,event_42_ST2237 iuc1 China
GCF_000710805.1,ST65,Malaysia,Asia_SE,unknown,human,KL2,O1,3,0,
GCF_001611095.1,ST383,Greece,Europe_southern,2013,human,KL30,O1,0,0,
GCF_001611055.1,ST383,Greece,Europe_southern,2011,human,KL30,O1,0,0,
GCF_004311145.1,ST220,Japan,Asia_eastern,2014,human,KL114,O1,0,0,
GCF_004311865.1,ST1109,Japan,Asia_eastern,2014,human,KL54,O1,0,0,
GCF_002186435.1,ST530,Nigeria,Africa_sub_saharan,2013,human,KL62,O1,0,1,
GCF_003196555.1,ST70,USA,America_northern,2017,human,KL122,O1,0,1,
GCF_902508605.1,ST784-1LV,China,Asia_eastern,2017,human,KL1,O1,0,0,
GCF_902508635.1,ST700,China,Asia_eastern,2017,human,KL1,O1,4,0,
GCF_902508795.1,ST65,China,Asia_eastern,2017,human,KL2,O1,3,0,
GCF_902509275.1,ST896-1LV,China,Asia_eastern,2017,human,KL3,O1,3,0,
GCF_902508465.1,ST1660,China,Asia_eastern,2017,human,KL1,O1,5,0,
GCF_010586985.1,ST10,USA,America_northern,unknown,lab strain,KL10,O1,0,0,
GCF_004402035.1,ST2121,Uganda,Africa_sub_saharan,unknown,unknown,KL113,O1,0,0,
GCF_002202275.1,ST1161,unknown,unknown,unknown,unknown,KL19,O1,0,1,
GCF_000949515.1,ST375,Germany,Europe_western,2014,unknown,KL2,O1,3,0,
GCF_004023985.1,ST2793,USA,America_northern,2017,unknown,KL55,O1,0,2,
GCF_900451655.1,ST3765,unknown,unknown,1932,unknown,KL1,O1,3,0,
GCF_004127495.1,ST256,China,Asia_eastern,2014,chicken,KL28,O2,0,2,
GCF_009184445.1,ST661,Brazil,America_Latin_Caribbean,2018,environmental,KL132,O2,0,0,
GCF_009184435.1,ST4416,Brazil,America_Latin_Caribbean,2018,environmental,KL142,O2,0,0,
GCF_003937465.1,ST3741,Pakistan,Asia_southern,2016,environmental,KL64,O2,1,2,
GCF_003937005.1,ST3742,Pakistan,Asia_southern,2016,environmental,KL64,O2,1,2,
GCF_900172185.1,ST1919,UK,Europe_northern,2014,environmental,KL28,O2,0,0,
GCF_900171905.1,ST3008,UK,Europe_northern,2014,environmental,KL22,O2,0,0,
GCF_900092865.1,ST1966,Thailand,Asia_SE,2015,environmental,KL43,O2,0,1,
GCF_002182575.1,ST3586,USA,America_northern,2013,human,KL102,O2,0,1,
GCF_008867725.1,ST464,Spain,Europe_southern,2018,human,KL53,O2,0,2,
GCF_900084005.1,ST3574,UK,Europe_northern,2006,human,KL48,O2,1,0,
GCF_900494675.1,ST1545,Thailand,Asia_SE,2016,human,KL55,O2,0,2,
GCF_900494145.1,ST3591,Thailand,Asia_SE,2016,human,KL22,O2,0,0,
GCF_900494305.1,ST3593,Thailand,Asia_SE,2016,human,KL28,O2,0,2,
GCF_900493325.1,ST661,Thailand,Asia_SE,2016,human,KL24,O2,1,0,
GCF_902165635.1,ST2805,UK,Europe_northern,2018,human,KL110,O2,1,0,
GCF_900774895.1,ST556,Caribbean,America_Latin_Caribbean,unknown,human,KL62,O2,0,0,
GCF_900775375.1,ST268,Caribbean,America_Latin_Caribbean,unknown,human,KL20,O2,1,0,
GCF_900775805.1,ST147,Caribbean,America_Latin_Caribbean,unknown,human,KL64,O2,0,1,
GCF_002187735.1,ST716,Nigeria,Africa_sub_saharan,2016,human,KL110,O2,1,1,
GCF_002108275.1,ST147,Philippines,Asia_SE,2013,human,KL64,O2,1,1,
GCF_002776395.1,ST45,Lebanon,Asia_western,2015,human,KL24,O2,1,2,
GCF_007993545.1,ST348,Portugal,Europe_southern,2012,human,KL62,O2,1,1,
GCF_001031245.1,ST432,USA,America_northern,2014,human,KL62,O2,0,1,
GCF_001032125.1,ST158,USA,America_northern,2014,human,KL62,O2,0,0,
GCF_002854585.1,ST45-1LV,Colombia,America_Latin_Caribbean,2007,human,KL24,O2,1,1,
GCF_900498995.1,ST704,Germany,Europe_western,2014,human,KL31,O2,1,1,
GCF_900086265.1,ST158,UK,Europe_northern,2006,human,KL62,O2,0,1,
GCF_900086365.1,ST27,UK,Europe_northern,2007,human,KL117,O2,0,0,
GCF_900084595.1,ST1380,UK,Europe_northern,2008,human,KL31,O2,0,1,
GCF_900086155.1,ST147-1LV,UK,Europe_northern,2004,human,KL64,O2,0,1,
GCF_001460505.1,ST1782,Netherlands,Europe_western,2012,human,KL62,O2,0,1,
GCF_001693715.1,ST301,Denmark,Europe_northern,2012,human,KL7,O2,0,1,
GCF_003123945.1,ST147,France,Europe_western,2017,human,KL64,O2,1,2,
GCF_003432145.1,ST661,Australia,Oceania,2014,human,KL24,O2,1,0,
GCF_002903965.1,ST3751,Spain,Europe_southern,2016,human,KL24,O2,1,3,
GCF_000694515.1,ST35,USA,America_northern,2013,human,KL110,O2,0,0,
GCF_000773875.1,ST199,USA,America_northern,2009,human,KL154,O2,0,2,
GCF_008083005.1,ST117-1LV,USA,America_northern,unknown,human,KL163,O2,0,0,
GCF_900451425.1,ST90 (subsp. ozanae),unknown,unknown,1940,human,KL5,O2,3,0,
GCF_900451395.1,ST3767,unknown,unknown,1940,human,KL43,O2,0,0,
GCF_006131185.1,ST268,China,Asia_eastern,unknown,human,KL20,O2,5,2,event_95_ST268 KPC-2 China
GCF_900092705.1,ST199,Thailand,Asia_SE,2015,human,KL154,O2,0,0,
GCF_000822245.1,ST268,Italy,Europe_southern,2006,human,KL20,O2,0,0,
GCF_000823005.1,ST45,Italy,Europe_southern,2012,human,KL24,O2,1,0,
GCF_003363555.1,ST147,Sri Lanka,Asia_southern,2015,human,KL64,O2,1,2,
GCF_009746245.1,ST13,Spain,Europe_southern,unknown,human,KL30,O2,0,2,
GCF_008081755.1,ST267-1LV,USA,America_northern,unknown,human,KL22,O2,0,0,
GCF_004311125.1,ST3822,Japan,Asia_eastern,2014,human,KL102,O2,0,0,
GCF_004311605.1,ST3824,Japan,Asia_eastern,2014,human,KL28,O2,0,0,
GCF_004311625.1,ST1164,Japan,Asia_eastern,2014,human,KL62,O2,0,0,
GCF_004313185.1,ST3829,Japan,Asia_eastern,unknown,human,KL7,O2,0,0,
GCF_004313665.1,ST997,Japan,Asia_eastern,2014,human,KL102,O2,0,0,
GCF_900173825.1,ST1189,UK,Europe_northern,2015,human,KL28,O2,0,0,
GCF_002851905.1,ST1640,China,Asia_eastern,2017,human,KL64,O2,1,2,
GCF_003262545.1,ST1640,China,Asia_eastern,2017,human,KL64,O2,1,2,
GCF_002257975.1,ST3822,China,Asia_eastern,2015,human,KL102,O2,0,2,
GCF_002257935.3,ST36,China,Asia_eastern,2015,human,KL62,O2,5,2,event_116_ST36 KPC-2 China
GCF_002258175.1,ST1213,China,Asia_eastern,2014,human,KL103,O2,0,2,
GCF_902508935.1,ST268,China,Asia_eastern,2017,human,KL20,O2,5,0,
GCF_900451495.1,ST3768,unknown,unknown,1955,unknown,KL4,O2,4,0,
GCF_900451765.1,ST91,unknown,unknown,unknown,unknown,KL6,O2,4,0,
GCF_003664915.1,ST1967,China,Asia_eastern,2015,animal manure,KL57,O2,0,1,
GCF_012167215.1,ST4327,China,Asia_eastern,2018,bovine,KL3,O2,0,0,
GCF_000812525.1,ST490,Malaysia,Asia_SE,2014,environmental,KL3,O2,0,0,
GCF_003937145.1,ST617,Pakistan,Asia_southern,2016,environmental,KL122,O2,0,1,
GCF_003937075.1,ST617,Pakistan,Asia_southern,2016,environmental,KL122,O2,0,1,
GCF_003937475.1,ST584,Pakistan,Asia_southern,2016,environmental,KL9,O2,0,1,
GCF_001884465.1,ST278,Canada,America_northern,2013,environmental,KL136,O2,0,2,
GCF_001884485.1,ST278,Canada,America_northern,2011,environmental,KL136,O2,0,2,
GCF_013282295.1,ST659,Norway,Europe_northern,2018,environmental,KL107,O2,0,1,
GCF_900093285.1,ST394,Thailand,Asia_SE,2015,environmental,KL3,O2,1,1,
GCF_002104635.1,ST2646,Brazil,America_Latin_Caribbean,2016,food,KL102,O2,0,1,
GCF_002235765.1,ST1519,Italy,Europe_southern,2013,human,KL107,O2,0,2,
GCF_000807395.2,ST258,USA,America_northern,2010,human,KL106,O2,0,2,
GCF_002182245.1,ST3587,USA,America_northern,2013,human,KL106,O2,0,2,
GCF_009826095.1,ST258-1LV,USA,America_northern,2006,human,KL107,O2,0,2,
GCF_009825475.1,ST379,USA,America_northern,2010,human,KL107,O2,0,2,
GCF_008867705.1,ST321,Spain,Europe_southern,2018,human,KL3,O2,0,2,
GCF_001061605.1,ST278,USA,America_northern,2013,human,KL136,O2,0,0,
GCF_002738115.1,ST3579,Romania,Europe_eastern,2013,human,KL102,O2,3,2,event_106_ST307/LV iuc1 Romania
GCF_001701555.1,ST258,Greece,Europe_southern,2012,human,KL106,O2,1,2,
GCF_900181725.1,ST3805,Pakistan,Asia_southern,unknown,human,KL8,O2,1,2,
GCF_900181985.1,ST442,Pakistan,Asia_southern,unknown,human,KL107,O2,0,1,
GCF_900180845.1,ST3805,Pakistan,Asia_southern,unknown,human,KL8,O2,1,2,
GCF_900474465.1,ST278,Pakistan,Asia_southern,unknown,human,KL136,O2,0,1,
GCF_900494085.1,ST2426,Thailand,Asia_SE,2016,human,KL117,O2,1,2,
GCF_900493295.1,ST617,Thailand,Asia_SE,2016,human,KL122,O2,0,1,
GCF_000699325.1,ST1125,USA,America_northern,2003,human,KL102,O2,0,1,
GCF_902161835.1,ST1412,UK,Europe_northern,2018,human,KL7,O2,1,0,
GCF_900775565.1,ST298,Caribbean,America_Latin_Caribbean,unknown,human,KL27,O2,0,0,
GCF_900774445.1,ST36-1LV,Caribbean,America_Latin_Caribbean,unknown,human,KL102,O2,0,0,
GCF_900774535.1,ST1583,Caribbean,America_Latin_Caribbean,unknown,human,KL102,O2,1,0,
GCF_900775855.1,ST462,Caribbean,America_Latin_Caribbean,unknown,human,KL9,O2,1,1,
GCF_900776055.1,ST307-1LV,Caribbean,America_Latin_Caribbean,unknown,human,KL102,O2,0,1,
GCF_900776085.1,ST307-1LV,Caribbean,America_Latin_Caribbean,unknown,human,KL102,O2,0,1,
GCF_900776305.1,ST307,Caribbean,America_Latin_Caribbean,unknown,human,KL102,O2,0,1,
GCF_900776515.1,ST4090,Caribbean,America_Latin_Caribbean,unknown,human,KL112,O2,0,0,
GCF_003325525.1,ST442,Brazil,America_Latin_Caribbean,2011,human,KL107,O2,0,1,
GCF_002269895.1,ST258-1LV,USA,America_northern,2010,human,KL106,O2,0,3,
GCF_900465375.1,ST1519,Italy,Europe_southern,2017,human,KL107,O2,0,2,
GCF_900465335.1,ST1519,Italy,Europe_southern,2017,human,KL107,O2,0,0,
GCF_013395175.1,ST225,Tanzania,Africa_sub_saharan,2019,human,KL3,O2,0,0,
GCF_013170325.1,ST36,Colombia,America_Latin_Caribbean,2014,human,KL153,O2,0,2,
GCF_001456135.1,ST941,USA,America_northern,2010,human,KL25,O2,0,3,
GCF_002751475.1,ST471,China,Asia_eastern,2015,human,KL57,O2,0,1,
GCF_002751515.1,ST471,China,Asia_eastern,2015,human,KL57,O2,0,1,
GCF_002853955.1,ST560,Colombia,America_Latin_Caribbean,2013,human,KL9,O2,1,2,
GCF_002851155.1,ST442,Colombia,America_Latin_Caribbean,2005,human,KL107,O2,0,0,
GCF_002851615.1,ST999,Colombia,America_Latin_Caribbean,2002,human,KL22,O2,0,0,
GCF_002854285.1,ST1440,Colombia,America_Latin_Caribbean,2011,human,KL19,O2,0,2,
GCF_009661265.1,ST377,Russia,Europe_eastern,2017,human,KL102,O2,0,2,
GCF_009661675.1,ST377,Russia,Europe_eastern,2017,human,KL102,O2,0,2,
GCF_002184415.2,ST258,USA,America_northern,2015,human,KL107,O2,0,2,
GCF_002185465.2,ST258,USA,America_northern,2014,human,KL107,O2,2,2,
GCF_002185515.2,ST3631,USA,America_northern,2014,human,KL107,O2,0,2,
GCF_002970515.2,ST418,USA,America_northern,2013,human,KL106,O2,0,2,
GCF_002970785.2,ST3631,USA,America_northern,2014,human,KL107,O2,0,2,
GCF_002970835.2,ST418,USA,America_northern,2014,human,KL106,O2,0,2,
GCF_002936615.2,ST941,USA,America_northern,2014,human,KL102,O2,0,2,
GCF_002936645.2,ST36,USA,America_northern,2015,human,KL27,O2,0,2,
GCF_013180385.1,ST11-1LV,Brazil,America_Latin_Caribbean,2005,human,KL27,O2,2,1,
GCF_001704235.1,ST34,USA,America_northern,2010,human,KL57,O2,0,2,
GCF_004120135.1,ST3686,China,Asia_eastern,2014,human,KL27,O2,0,0,
GCF_002187255.1,ST108,Nigeria,Africa_sub_saharan,2015,human,KL112,O2,0,1,
GCF_003183925.1,ST377,Turkey,Asia_western,2017,human,KL102,O2,1,3,
GCF_003183935.1,ST22,Turkey,Asia_western,2017,human,KL9,O2,0,2,
GCF_002761515.1,ST659,China,Asia_eastern,2010,human,KL107,O2,0,0,
GCF_002174075.1,ST462,China,Asia_eastern,2012,human,KL9,O2,0,0,
GCF_002167115.1,ST307-1LV,UK,Europe_northern,2015,human,KL102,O2,1,3,
GCF_002167105.1,ST2975,UK,Europe_northern,2015,human,KL102,O2,0,2,
GCF_013187465.1,ST36,Nigeria,Africa_sub_saharan,2019,human,KL102,O2,0,0,
GCF_900498435.1,ST3692,Germany,Europe_western,2014,human,KL8,O2,0,0,
GCF_003660185.1,ST105,Australia,Oceania,2013,human,KL102,O2,1,0,
GCF_900085805.1,ST2599-1LV,UK,Europe_northern,2006,human,KL27,O2,0,0,
GCF_900086415.1,ST560,UK,Europe_northern,2007,human,KL12,O2,0,1,
GCF_900086445.1,ST280,UK,Europe_northern,2008,human,KL23,O2,0,0,
GCF_900084635.1,ST225-1LV,UK,Europe_northern,2008,human,KL3,O2,0,0,
GCF_900086055.1,ST423,UK,Europe_northern,2001,human,KL8,O2,0,1,
GCF_003006555.1,ST1419,Malaysia,Asia_SE,2014,human,KL136,O2,1,0,
GCF_900084945.1,ST490,UK,Europe_northern,2003,human,KL3,O2,0,0,
GCF_900085135.1,ST3715,UK,Europe_northern,2004,human,KL8,O2,0,0,
GCF_900407225.1,ST3718,Tanzania,Africa_sub_saharan,2015,human,KL23,O2,0,0,
GCF_002166965.1,ST307,Colombia,America_Latin_Caribbean,2014,human,KL102,O2,0,1,
GCF_002120065.1,ST868,Colombia,America_Latin_Caribbean,2014,human,KL107,O2,0,2,
GCF_013056105.1,ST512,Italy,Europe_southern,2013,human,KL107,O2,0,2,
GCF_001678695.1,ST3586,Denmark,Europe_northern,2012,human,KL102,O2,0,0,
GCF_000512165.1,ST442,Brazil,America_Latin_Caribbean,2009,human,KL107,O2,1,3,
GCF_002631045.1,ST442,Brazil,America_Latin_Caribbean,2003,human,KL107,O2,0,2,
GCF_002744555.1,ST1015,Thailand,Asia_SE,2015,human,KL17,O2,0,1,
GCF_011029935.1,ST394,Lebanon,Asia_western,2016,human,KL3,O2,0,2,
GCF_900608415.1,ST512,Switzerland,Europe_western,2014,human,KL107,O2,0,2,
GCF_902703655.1,ST745,Italy,Europe_southern,2016,human,KL107,O2,0,3,
GCF_000784945.1,ST1518,USA,America_northern,2013,human,KL64,O2,0,2,
GCF_002248635.1,ST105,Thailand,Asia_SE,2016,human,KL102,O2,1,1,
GCF_001182565.1,ST512,Italy,Europe_southern,2013,human,KL107,O2,0,3,
GCF_002261615.1,ST11-1LV,China,Asia_eastern,2016,human,KL105,O2,1,2,
GCF_009387915.1,ST1315,Laos,Asia_SE,2012,human,KL64,O2,0,0,
GCF_003095615.1,ST442,Brazil,America_Latin_Caribbean,2011,human,KL107,O2,1,3,
GCF_013305325.1,ST515,Australia,Oceania,2016,human,KL102,O2,1,1,
GCF_008082855.1,ST188,USA,America_northern,unknown,human,KL51,O2,0,0,
GCF_900451725.1,ST67 (subsp. rhinoscleromatis),Netherlands,Europe_western,unknown,human,KL3,O2,4,0,
GCF_008632745.1,ST4298,China,Asia_eastern,2018,human,KL122,O2,0,2,
GCF_008630085.1,ST105,China,Asia_eastern,2016,human,KL102,O2,1,2,
GCF_005239285.1,ST3795,USA,America_northern,2016,human,KL107,O2,0,2,
GCF_009710025.1,ST307,Romania,Europe_eastern,unknown,human,KL102,O2,0,1,
GCF_000822485.1,ST1628,Italy,Europe_southern,2013,human,KL7,O2,1,0,
GCF_003037695.1,ST490,China,Asia_eastern,2016,human,KL3,O2,0,2,
GCF_002852895.1,ST3817,China,Asia_eastern,2016,human,KL102,O2,0,2,
GCF_001701695.1,ST896,China,Asia_eastern,2011,human,KL3,O2,0,1,
GCF_004311245.1,ST105-1LV,Japan,Asia_eastern,2013,human,KL102,O2,1,0,
GCF_004311765.1,ST896,Japan,Asia_eastern,2014,human,KL3,O2,0,0,
GCF_004311785.1,ST1419,Japan,Asia_eastern,2014,human,KL136,O2,0,0,
GCF_004311845.1,ST883,Japan,Asia_eastern,2014,human,KL109,O2,0,0,
GCF_004312025.1,ST218,Japan,Asia_eastern,2014,human,KL57,O2,4,0,
GCF_004312665.1,ST3826,Japan,Asia_eastern,2013,human,KL27,O2,1,0,
GCF_004312785.1,ST1245,Japan,Asia_eastern,2013,human,KL3,O2,0,0,
GCF_004313245.1,ST433,Japan,Asia_eastern,2013,human,KL102,O2,0,0,
GCF_000566845.1,ST1444,USA,America_northern,unknown,human,KL10,O2,0,0,
GCF_000492515.1,ST1198,USA,America_northern,unknown,human,KL8,O2,0,0,
GCF_000827775.2,ST67 (subsp. rhinoscleromatis),Indonesia,Asia_SE,1973,human,KL3,O2,4,0,
GCF_002257965.1,ST2004,China,Asia_eastern,2015,human,KL28,O2,0,2,
GCF_002258085.1,ST394,China,Asia_eastern,2014,human,KL3,O2,0,2,
GCF_003195915.1,ST3843,USA,America_northern,2017,human,KL107,O2,2,2,
GCF_003195395.1,ST12,USA,America_northern,2017,human,KL122,O2,0,0,
GCF_003195315.1,ST3850,USA,America_northern,2017,human,KL140,O2,0,0,
GCF_003196695.1,ST433,USA,America_northern,2017,human,KL102,O2,0,0,
GCF_902508645.1,ST2668,China,Asia_eastern,2017,human,KL143,O2,0,0,
GCF_902509155.1,ST218,China,Asia_eastern,2017,human,KL57,O2,3,1,event_41_ST218 CTX-M-14 China
GCF_902509015.1,ST659,China,Asia_eastern,2017,human,KL3,O2,3,0,
GCF_902509255.1,ST1037,China,Asia_eastern,2017,human,KL7,O2,1,0,
GCF_002910085.1,ST3792,Australia,Oceania,2015,lab strain,KL106,O2,1,2,
GCF_005048725.1,ST1165,USA,America_northern,2018,Mus musculus,KL45,O2,0,0,
GCF_005048785.1,ST1165,USA,America_northern,2018,Mus musculus,KL45,O2,0,0,
GCF_005048095.1,ST1165,USA,America_northern,2018,Mus musculus,KL45,O2,0,0,
GCF_005047295.1,ST1165,USA,America_northern,2018,Mus musculus,KL45,O2,0,0,
GCF_013407825.1,ST1519,Italy,Europe_southern,2017,object,KL107,O2,1,0,
GCF_001874875.1,ST34,unknown,unknown,unknown,unknown,KL57,O2,0,2,
GCF_901670045.1,ST37-1LV,unknown,unknown,unknown,unknown,KL23,O2,1,3,
GCF_901421925.1,ST321,unknown,unknown,1984,unknown,KL3,O2,0,0,
GCF_900451795.1,ST3772,UK,Europe_northern,unknown,unknown,KL3,O2,4,0,
GCF_004137665.1,ST20,China,Asia_eastern,2015,unknown,KL28,O2,0,0,
GCF_000967845.1,ST67 (subsp. rhinoscleromatis),unknown,unknown,unknown,unknown,KL3,O2,3,0,
GCF_012113655.1,ST629,China,Asia_eastern,2019,bovine,KL134,O3/O3a,0,0,
GCF_001463525.1,ST855,Norway,Europe_northern,2014,human,KL10,O3/O3a,0,2,
GCF_900493075.1,ST629,Thailand,Asia_SE,2016,human,KL10,O3/O3a,0,1,
GCF_902166265.1,ST2452,UK,Europe_northern,2018,human,KL11,O3/O3a,0,0,
GCF_900774965.1,ST3639,Caribbean,America_Latin_Caribbean,unknown,human,KL22,O3/O3a,0,0,
GCF_900774505.1,ST1607,Caribbean,America_Latin_Caribbean,unknown,human,KL55,O3/O3a,0,0,
GCF_900776445.1,ST528,Caribbean,America_Latin_Caribbean,unknown,human,KL10,O3/O3a,0,0,
GCF_001066095.1,ST3601,USA,America_northern,2013,human,KL151,O3/O3a,0,0,
GCF_001721565.1,ST3607,India,Asia_southern,2015,human,KL25,O3/O3a,0,0,
GCF_000567605.1,ST113,USA,America_northern,2012,human,KL114,O3/O3a,0,2,
GCF_001720345.1,ST855,Brazil,America_Latin_Caribbean,2010,human,KL10,O3/O3a,0,3,
GCF_002854035.1,ST629,Colombia,America_Latin_Caribbean,2014,human,KL10,O3/O3a,0,2,
GCF_002851495.1,ST77,Colombia,America_Latin_Caribbean,2005,human,KL55,O3/O3a,1,1,
GCF_002936255.2,ST2167,USA,America_northern,2012,human,KL10,O3/O3a,0,2,
GCF_000783515.2,ST1263,USA,America_northern,2013,human,KL10,O3/O3a,0,0,
GCF_002188105.1,ST3687,Nigeria,Africa_sub_saharan,2013,human,KL55,O3/O3a,0,0,
GCF_900085875.1,ST1180,UK,Europe_northern,2008,human,KL125,O3/O3a,0,1,
GCF_011006575.1,ST1027,China,Asia_eastern,2012,human,KL20,O3/O3a,4,1,event_2_ST1027 China unresolvable
GCF_900084745.1,ST776,UK,Europe_northern,2002,human,KL57,O3/O3a,0,0,
GCF_002251875.2,ST3541,Thailand,Asia_SE,2016,human,KL123,O3/O3a,3,1,event_114_ST3541 CTX-M-14 Thailand
GCF_902705025.1,ST2185,Italy,Europe_southern,2016,human,KL11,O3/O3a,0,2,
GCF_001950655.1,ST485,Japan,Asia_eastern,unknown,human,KL10,O3/O3a,0,0,
GCF_900461405.1,ST116,unknown,unknown,unknown,human,KL11,O3/O3a,0,0,
GCF_900451965.1,ST150,UK,Europe_northern,unknown,human,KL25,O3/O3a,0,0,
GCF_003196815.1,ST116,USA,America_northern,2017,human,KL11,O3/O3a,0,0,
GCF_003571035.1,ST2843,New Zealand,Oceania,2014,Phocarctos hookeri,KL114,O3/O3a,3,0,
GCF_003573795.1,ST2843,New Zealand,Oceania,2015,Stercorarius antarcticus,KL114,O3/O3a,3,0,
GCF_003010735.1,ST2167,unknown,unknown,unknown,unknown,KL10,O3/O3a,0,2,
GCF_003571645.1,ST3603,unknown,unknown,unknown,unknown,KL10,O3/O3a,0,2,
GCF_009184455.1,ST4415,Brazil,America_Latin_Caribbean,2018,environmental,KL14,O3b,0,0,
GCF_003173515.1,ST2701,India,Asia_southern,2016,environmental,KL5,O3b,0,0,
GCF_003583115.1,ST323,Austria,Europe_western,2016,environmental,KL21,O3b,0,1,
GCF_003664955.1,ST1738,China,Asia_eastern,2015,environmental,KL38,O3b,1,1,
GCF_900172065.1,ST346,UK,Europe_northern,2014,environmental,KL111,O3b,0,0,
GCF_900172115.1,ST1436,UK,Europe_northern,2014,environmental,KL128,O3b,0,1,
GCF_900172965.1,ST1436,UK,Europe_northern,2015,environmental,KL128,O3b,0,1,
GCF_900172985.1,ST1436,UK,Europe_northern,2015,environmental,KL128,O3b,0,1,
GCF_900171845.1,ST277-1LV,UK,Europe_northern,2014,environmental,KL163,O3b,0,1,
GCF_900171705.1,ST277,UK,Europe_northern,2014,environmental,KL163,O3b,0,1,
GCF_011684055.1,ST3827,Brazil,America_Latin_Caribbean,2019,food,KL111,O3b,0,1,
GCF_002181635.1,ST3585,USA,America_northern,2013,human,KL111,O3b,0,2,
GCF_009826295.1,ST21,USA,America_northern,2004,human,KL58,O3b,0,0,
GCF_009825885.1,ST584,South Korea,Asia_eastern,2014,human,KL38,O3b,0,0,
GCF_001060105.1,ST846,USA,America_northern,2013,human,KL60,O3b,0,0,
GCF_900493755.1,ST469,Thailand,Asia_SE,2016,human,KL12,O3b,0,2,
GCF_900494725.1,ST1779,Thailand,Asia_SE,2016,human,KL38,O3b,0,0,
GCF_900494545.1,ST592,Thailand,Asia_SE,2016,human,KL57,O3b,3,2,event_144_ST592 OXA-232 Thailand
GCF_900494165.1,ST353,Thailand,Asia_SE,2016,human,KL110,O3b,1,2,
GCF_900493345.1,ST323,Thailand,Asia_SE,2016,human,KL21,O3b,0,1,
GCF_900496885.1,ST45,Thailand,Asia_SE,2016,human,KL5,O3b,1,0,
GCF_902159615.1,ST104-1LV,UK,Europe_northern,2018,human,KL31,O3b,1,0,
GCF_902159635.1,ST1877,UK,Europe_northern,2018,human,KL14,O3b,0,0,
GCF_902161325.1,ST188,UK,Europe_northern,2018,human,KL31,O3b,0,0,
GCF_902164535.1,ST1877,UK,Europe_northern,2018,human,KL14,O3b,0,0,
GCF_900774655.1,ST528,Caribbean,America_Latin_Caribbean,unknown,human,KL128,O3b,0,0,
GCF_900775085.1,ST1294-3LV,Caribbean,America_Latin_Caribbean,unknown,human,KL13,O3b,1,0,
GCF_900775295.1,ST277,Caribbean,America_Latin_Caribbean,unknown,human,KL46,O3b,0,0,
GCF_900775425.1,ST251,Caribbean,America_Latin_Caribbean,unknown,human,KL13,O3b,0,0,
GCF_900775385.1,ST189,Caribbean,America_Latin_Caribbean,unknown,human,KL128,O3b,0,0,
GCF_900775345.1,ST412,Caribbean,America_Latin_Caribbean,unknown,human,KL142,O3b,0,0,
GCF_900775495.1,ST528,Caribbean,America_Latin_Caribbean,unknown,human,KL128,O3b,0,0,
GCF_900774475.1,ST1569,Caribbean,America_Latin_Caribbean,unknown,human,KL25,O3b,0,0,
GCF_900775815.1,ST1665,Caribbean,America_Latin_Caribbean,unknown,human,KL38,O3b,0,0,
GCF_900775925.1,ST26-1LV,Caribbean,America_Latin_Caribbean,unknown,human,KL21,O3b,1,1,
GCF_900775995.1,ST742,Caribbean,America_Latin_Caribbean,unknown,human,KL51,O3b,0,0,
GCF_900776195.1,ST592-1LV,Caribbean,America_Latin_Caribbean,unknown,human,KL57,O3b,3,0,
GCF_001068035.1,ST592-1LV,USA,America_northern,2012,human,KL57,O3b,3,0,
GCF_002188255.1,ST1658,Nigeria,Africa_sub_saharan,2016,human,KL19,O3b,0,0,
GCF_010602565.1,ST628,USA,America_northern,2016,human,KL123,O3b,0,0,
GCF_002775575.1,ST1593,Lebanon,Asia_western,2014,human,KL137,O3b,1,0,
GCF_002187615.1,ST3612,Nigeria,Africa_sub_saharan,2015,human,KL151,O3b,0,0,
GCF_000492335.1,ST1430,USA,America_northern,2012,human,KL122,O3b,0,0,
GCF_000567145.1,ST3614,USA,America_northern,2013,human,KL21,O3b,0,0,
GCF_000567065.1,ST3615,USA,America_northern,2013,human,KL2,O3b,1,0,
GCF_013392195.1,ST560-1LV,Switzerland,Europe_western,2019,human,KL46,O3b,1,1,
GCF_010183705.1,ST3493,China,Asia_eastern,2017,human,KL140,O3b,0,2,
GCF_001902535.1,ST340,USA,America_northern,2011,human,KL55,O3b,0,2,
GCF_000805735.1,ST323,Brazil,America_Latin_Caribbean,2013,human,KL21,O3b,0,3,
GCF_001032775.1,ST3626,USA,America_northern,2014,human,KL8,O3b,0,2,
GCF_002854855.1,ST584,Colombia,America_Latin_Caribbean,2004,human,KL38,O3b,0,0,
GCF_002853895.1,ST834,Colombia,America_Latin_Caribbean,2003,human,KL123,O3b,0,0,
GCF_002851135.1,ST353,Colombia,America_Latin_Caribbean,2005,human,KL110,O3b,1,2,
GCF_003400915.1,ST628,USA,America_northern,2014,human,KL2,O3b,0,1,
GCF_002185975.2,ST247,USA,America_northern,2015,human,KL10,O3b,0,2,
GCF_002936875.2,ST2891,USA,America_northern,2015,human,KL31,O3b,0,2,
GCF_002935555.2,ST1140,USA,America_northern,2013,human,KL125,O3b,0,2,
GCF_002935705.2,ST846,USA,America_northern,2014,human,KL110,O3b,0,2,
GCF_003316235.1,ST221,Australia,Oceania,2015,human,KL39,O3b,1,0,
GCF_013280475.1,ST987,Lebanon,Asia_western,2019,human,KL46,O3b,0,2,
GCF_008756915.1,ST412,China,Asia_eastern,2016,human,KL57,O3b,3,0,
GCF_900498575.1,ST1630,Germany,Europe_western,2014,human,KL21,O3b,1,0,
GCF_900498635.1,ST37,Germany,Europe_western,2014,human,KL14,O3b,0,0,
GCF_900498665.1,ST966,Germany,Europe_western,2014,human,KL123,O3b,1,0,
GCF_900498875.1,ST611,Germany,Europe_western,2014,human,KL49,O3b,0,0,
GCF_900498905.1,ST1877,Germany,Europe_western,2014,human,KL14,O3b,0,0,
GCF_900085345.1,ST16,UK,Europe_northern,2005,human,KL51,O3b,0,1,
GCF_900085355.1,ST1658,UK,Europe_northern,2006,human,KL60,O3b,0,0,
GCF_900086255.1,ST834,UK,Europe_northern,2006,human,KL123,O3b,0,1,
GCF_900085315.1,ST292,UK,Europe_northern,2008,human,KL38,O3b,2,1,
GCF_900085465.1,ST54,UK,Europe_northern,2010,human,KL14,O3b,0,1,
GCF_900085655.1,ST188,UK,Europe_northern,2010,human,KL8,O3b,0,0,
GCF_900085735.1,ST221,UK,Europe_northern,2011,human,KL39,O3b,0,2,
GCF_001483725.1,ST273,Norway,Europe_northern,2007,human,KL74,O3b,0,2,
GCF_900084865.1,ST1967,UK,Europe_northern,2003,human,KL21,O3b,0,0,
GCF_003693325.1,ST3720,Italy,Europe_southern,2016,human,KL51,O3b,1,2,
GCF_001938035.1,ST3721,Lebanon,Asia_western,2016,human,KL51,O3b,1,1,
GCF_003225815.1,ST54,Spain,Europe_southern,2014,human,KL14,O3b,1,2,
GCF_003429065.3,ST719,China,Asia_eastern,2014,human,KL9,O3b,0,2,
GCF_006152055.2,ST1639-1LV,Brazil,America_Latin_Caribbean,2017,human,KL111,O3b,0,0,
GCF_003225855.1,ST628,Spain,Europe_southern,2012,human,KL2,O3b,1,2,
GCF_002246835.1,ST37,Thailand,Asia_SE,2016,human,KL38,O3b,0,0,
GCF_002248135.1,ST1867,Thailand,Asia_SE,2016,human,KL123,O3b,3,1,event_36_ST1867 Thailand unresolvable
GCF_002247885.1,ST2555,Thailand,Asia_SE,2014,human,KL150,O3b,0,1,
GCF_011029745.1,ST16,Lebanon,Asia_western,2017,human,KL51,O3b,1,2,
GCF_902704295.1,ST3500,Italy,Europe_southern,2016,human,KL111,O3b,0,2,
GCF_002753375.1,ST37,Australia,Oceania,2014,human,KL14,O3b,0,0,
GCF_000492755.1,ST1436,USA,America_northern,2012,human,KL128,O3b,0,0,
GCF_002186935.1,ST1658,Nigeria,Africa_sub_saharan,2014,human,KL19,O3b,0,0,
GCF_003408615.1,ST422,unknown,unknown,2015,human,KL111,O3b,0,2,
GCF_006131015.1,ST1779,China,Asia_eastern,2015,human,KL38,O3b,0,2,
GCF_007197815.1,ST1779,China,Asia_eastern,2018,human,KL38,O3b,1,0,
GCF_002187745.1,ST873,Nigeria,Africa_sub_saharan,2009,human,KL38,O3b,0,1,
GCF_003592205.1,ST1274,Russia,Europe_eastern,2013,human,KL111,O3b,0,0,
GCF_000822665.1,ST1243,Italy,Europe_southern,2012,human,KL14,O3b,0,0,
GCF_004832105.1,ST16,Thailand,Asia_SE,2018,human,KL51,O3b,1,2,
GCF_004833395.1,ST16,Thailand,Asia_SE,2018,human,KL51,O3b,1,2,
GCF_004833685.1,ST16,Thailand,Asia_SE,2018,human,KL51,O3b,1,2,
GCF_001701625.1,ST1798,China,Asia_eastern,2011,human,KL58,O3b,0,1,
GCF_004311105.1,ST412,Japan,Asia_eastern,2014,human,KL57,O3b,4,0,
GCF_004311205.1,ST3823,Japan,Asia_eastern,2014,human,KL139,O3b,0,0,
GCF_004311705.1,ST247,Japan,Asia_eastern,2014,human,KL10,O3b,0,0,
GCF_004312125.1,ST3825,Japan,Asia_eastern,2014,human,KL60,O3b,0,0,
GCF_004312185.1,ST200,Japan,Asia_eastern,2014,human,KL123,O3b,0,0,
GCF_004312245.1,ST692,Japan,Asia_eastern,2014,human,KL58,O3b,0,0,
GCF_004312905.1,ST1731,Japan,Asia_eastern,2014,human,KL71,O3b,0,0,
GCF_004313145.1,ST3828,Japan,Asia_eastern,2014,human,KL123,O3b,0,0,
GCF_004313505.1,ST54,Japan,Asia_eastern,2014,human,KL14,O3b,0,0,
GCF_000566905.1,ST873,USA,America_northern,unknown,human,KL38,O3b,0,1,
GCF_000566885.1,ST3833,USA,America_northern,unknown,human,KL30,O3b,0,0,
GCF_001034305.1,ST277,unknown,unknown,2014,human,KL46,O3b,0,0,
GCF_900173495.1,ST37,UK,Europe_northern,2015,human,KL38,O3b,0,0,
GCF_900173795.1,ST54,UK,Europe_northern,2015,human,KL14,O3b,0,0,
GCF_900173985.1,ST3020,UK,Europe_northern,2015,human,KL111,O3b,0,0,
GCF_003261795.1,ST292,China,Asia_eastern,2017,human,KL38,O3b,0,1,
GCF_002852615.1,ST412,China,Asia_eastern,2017,human,KL57,O3b,0,0,
GCF_002258155.1,ST726,China,Asia_eastern,2016,human,KL14,O3b,0,2,
GCF_003195735.1,ST788,USA,America_northern,2017,human,KL39,O3b,0,1,
GCF_003195695.1,ST3846,USA,America_northern,2017,human,KL11,O3b,0,0,
GCF_003253855.1,ST1689,USA,America_northern,2017,human,KL13,O3b,0,0,
GCF_902508345.1,ST996-1LV,China,Asia_eastern,2017,human,KL123,O3b,1,0,
GCF_007955295.1,ST983-1LV,Russia,Europe_eastern,2017,human sapiens,KL39,O3b,1,0,
GCF_004138665.1,ST726,China,Asia_eastern,2018,pneumoniae,KL14,O3b,0,0,
GCF_004208475.1,ST3796,China,Asia_eastern,2015,rabbit,KL14,O3b,3,1,event_122_ST3796 China unresolvable
GCF_010374875.1,ST1235,unknown,unknown,2004,unknown,KL14,O3b,0,1,
GCF_900451405.1,ST3756,unknown,unknown,unknown,unknown,KL149,O3b,0,0,
GCF_900451545.1,ST3761,unknown,unknown,unknown,unknown,KL14,O3b,0,2,
GCF_900093445.1,ST322,Thailand,Asia_SE,2015,environmental,KL17,O4,0,1,
GCF_013389225.1,ST3559,South Africa,Africa_sub_saharan,2017,environmental,KL27,O4,0,1,
GCF_900172625.1,ST322,UK,Europe_northern,2014,environmental,KL17,O4,0,0,
GCF_900093155.1,ST462,Thailand,Asia_SE,2015,environmental,KL149,O4,0,0,
GCF_002411675.1,ST2171,Ghana,Africa_sub_saharan,2015,human,KL15,O4,0,1,
GCF_004801235.1,ST2570,China,Asia_eastern,2018,human,KL131,O4,0,1,
GCF_002180725.1,ST392,USA,America_northern,2013,human,KL27,O4,0,2,
GCF_900182225.1,ST474,Pakistan,Asia_southern,unknown,human,KL17,O4,0,1,
GCF_900493255.1,ST659,Thailand,Asia_SE,2016,human,KL15,O4,0,0,
GCF_900493155.1,ST502,Thailand,Asia_SE,2016,human,KL15,O4,0,1,
GCF_900774995.1,ST244,Caribbean,America_Latin_Caribbean,unknown,human,KL15,O4,0,0,
GCF_900775515.1,ST502,Caribbean,America_Latin_Caribbean,unknown,human,KL15,O4,0,0,
GCF_900774205.1,ST392,Caribbean,America_Latin_Caribbean,unknown,human,KL27,O4,0,1,
GCF_900774095.1,ST309,Caribbean,America_Latin_Caribbean,unknown,human,KL42,O4,0,0,
GCF_900774565.1,ST322,Caribbean,America_Latin_Caribbean,unknown,human,KL17,O4,0,0,
GCF_900776255.1,ST152,Caribbean,America_Latin_Caribbean,unknown,human,KL149,O4,1,1,
GCF_900776435.1,ST405,Caribbean,America_Latin_Caribbean,unknown,human,KL151,O4,1,1,
GCF_001034085.1,ST16,unknown,unknown,2014,human,KL149,O4,0,1,
GCF_013170445.1,ST502,Colombia,America_Latin_Caribbean,2014,human,KL15,O4,0,2,
GCF_001908515.1,ST244,USA,America_northern,2008,human,KL15,O4,0,2,
GCF_001952875.1,ST392,USA,America_northern,unknown,human,KL27,O4,0,2,
GCF_002851575.1,ST552,Colombia,America_Latin_Caribbean,2003,human,KL131,O4,0,0,
GCF_004212555.1,ST152,South Africa,Africa_sub_saharan,2017,human,KL149,O4,1,1,
GCF_007655035.1,ST345,China,Asia_eastern,2018,human,KL15,O4,1,1,
GCF_002636095.1,ST340,Canada,America_northern,2014,human,KL15,O4,0,2,
GCF_002187185.1,ST429,Nigeria,Africa_sub_saharan,2016,human,KL27,O4,0,1,
GCF_003590665.1,ST253,Australia,Oceania,2013,human,KL15,O4,0,0,
GCF_900085335.1,ST108-2LV,UK,Europe_northern,2005,human,KL17,O4,0,0,
GCF_900084575.1,ST340-1LV,UK,Europe_northern,2008,human,KL15,O4,0,1,
GCF_900407015.1,ST392,Tanzania,Africa_sub_saharan,2014,human,KL27,O4,0,1,
GCF_009928575.1,ST309,Argentina,America_Latin_Caribbean,2009,human,KL42,O4,0,2,
GCF_008704045.1,ST3559,South Africa,Africa_sub_saharan,2018,human,KL27,O4,0,2,
GCF_001665995.1,ST37,USA,America_northern,2013,human,KL15,O4,0,2,
GCF_002248425.1,ST3810,Thailand,Asia_SE,2016,human,KL15,O4,1,1,
GCF_000567745.1,ST392,USA,America_northern,2012,human,KL27,O4,0,1,
GCF_002153165.1,ST3321,USA,America_northern,2015,human,KL17,O4,0,0,
GCF_001185665.1,ST309,unknown,unknown,2014,human,KL42,O4,0,2,
GCF_003965875.1,ST3050,Egypt,Africa_northern,2012,human,KL36,O4,0,1,
GCF_002417015.1,ST152,South Africa,Africa_sub_saharan,2013,human,KL149,O4,1,1,
GCF_009746265.1,ST340,Spain,Europe_southern,unknown,human,KL15,O4,0,2,
GCF_004312265.1,ST2370,Japan,Asia_eastern,2014,human,KL36,O4,1,0,
GCF_004312965.1,ST502,Japan,Asia_eastern,2014,human,KL15,O4,0,0,
GCF_000694935.1,ST37,USA,America_northern,2013,human,KL15,O4,0,0,
GCF_003195215.1,ST3840,USA,America_northern,2017,human,KL15,O4,0,0,
GCF_003197035.1,ST1451,USA,America_northern,2017,human,KL131,O4,0,0,
GCF_003195755.1,ST3845,USA,America_northern,2017,human,KL151,O4,1,1,
GCF_901420865.1,ST322,Denmark,Europe_northern,unknown,not available,KL17,O4,0,0,
GCF_009822395.1,ST462,unknown,unknown,unknown,pig,KL149,O4,0,1,
GCF_000521985.1,ST502,unknown,unknown,2012,unknown,KL15,O4,0,0,
GCF_003171755.1,ST3689,India,Asia_southern,2016,environmental,KL16,O5,0,0,
GCF_900172095.1,ST902,UK,Europe_northern,2014,environmental,KL125,O5,0,1,
GCF_002811525.1,ST2867,China,Asia_eastern,2017,environmental,KL35,O5,0,2,
GCF_002181225.1,ST1502,USA,America_northern,2013,human,KL125,O5,0,2,
GCF_001463215.1,ST336,Norway,Europe_northern,2012,human,KL25,O5,1,2,
GCF_001463295.1,ST187,Norway,Europe_northern,2013,human,KL10,O5,1,2,
GCF_900181555.1,ST336,Pakistan,Asia_southern,unknown,human,KL25,O5,1,1,
GCF_900180625.1,ST3278,Pakistan,Asia_southern,unknown,human,KL125,O5,0,1,
GCF_900493945.1,ST17,Thailand,Asia_SE,2016,human,KL25,O5,0,2,
GCF_900493115.1,ST378,Thailand,Asia_SE,2016,human,KL125,O5,0,1,
GCF_900775285.1,ST1626,Caribbean,America_Latin_Caribbean,unknown,human,KL151,O5,0,0,
GCF_900775315.1,ST1626,Caribbean,America_Latin_Caribbean,unknown,human,KL151,O5,0,0,
GCF_900774735.1,ST1229,Caribbean,America_Latin_Caribbean,unknown,human,KL125,O5,0,0,
GCF_900775785.1,ST495-1LV,Caribbean,America_Latin_Caribbean,unknown,human,KL14,O5,0,0,
GCF_900776145.1,ST134,Caribbean,America_Latin_Caribbean,unknown,human,KL25,O5,0,0,
GCF_001034135.1,ST3618,unknown,unknown,2014,human,KL125,O5,0,1,
GCF_002853935.1,ST378,Colombia,America_Latin_Caribbean,2005,human,KL125,O5,0,0,
GCF_009661105.1,ST336,Russia,Europe_eastern,2018,human,KL25,O5,4,2,event_109_ST336 iuc1 Russia
GCF_008693425.1,ST1833-1LV,USA,America_northern,unknown,human,KL61,O5,0,2,
GCF_900498625.1,ST1944,Germany,Europe_western,2014,human,KL10,O5,0,0,
GCF_900498675.1,ST1878,Germany,Europe_western,2014,human,KL125,O5,0,0,
GCF_900084225.1,ST336-1LV,UK,Europe_northern,2005,human,KL25,O5,1,0,
GCF_900086275.1,ST336,UK,Europe_northern,2006,human,KL25,O5,1,1,
GCF_900084305.1,ST3702,UK,Europe_northern,2007,human,KL60,O5,0,0,
GCF_002152435.1,ST478,USA,America_northern,2015,human,KL125,O5,0,0,
GCF_900093125.1,ST336,Thailand,Asia_SE,2015,human,KL25,O5,0,1,
GCF_000822225.1,ST1626,Italy,Europe_southern,2007,human,KL151,O5,0,0,
GCF_002853395.1,ST2407,China,Asia_eastern,2017,human,KL25,O5,1,2,
GCF_004313645.1,ST715,Japan,Asia_eastern,2014,human,KL25,O5,0,1,
GCF_002853095.1,ST1229,China,Asia_eastern,2016,human,KL125,O5,0,0,
GCF_003195795.1,ST478,USA,America_northern,2017,human,KL125,O5,0,1,
GCF_009822365.1,ST273-2LV,unknown,unknown,unknown,pig,KL35,O5,0,1,
GCF_009822565.1,ST273-2LV,unknown,unknown,unknown,pig,KL35,O5,0,1,
GCF_009822505.1,ST273-2LV,unknown,unknown,unknown,pig,KL35,O5,0,0,
GCF_002856455.1,ST3633,USA,America_northern,2017,bovine,KL127,OL101,0,0,
GCF_001460975.1,ST1427,Netherlands,Europe_western,2012,environmental,KL67,OL101,0,1,
GCF_900093335.1,ST3172,Thailand,Asia_SE,2015,environmental,KL137,OL101,1,1,
GCF_003186535.1,ST983,USA,America_northern,2016,human,KL127,OL101,0,1,
GCF_005504265.1,ST4496,China,Asia_eastern,2017,human,KL47,OL101,1,2,
GCF_001060275.1,ST3578,USA,America_northern,2013,human,KL127,OL101,1,0,
GCF_900180675.1,ST38-1LV,Pakistan,Asia_southern,unknown,human,KL52,OL101,0,2,
GCF_900774855.1,ST1427,Caribbean,America_Latin_Caribbean,unknown,human,KL67,OL101,0,1,
GCF_900775555.1,ST491,Caribbean,America_Latin_Caribbean,unknown,human,KL118,OL101,0,0,
GCF_900775895.1,ST40,Caribbean,America_Latin_Caribbean,unknown,human,KL155,OL101,0,1,
GCF_002845345.1,ST11,China,Asia_eastern,2015,human,KL47,OL101,1,2,
GCF_002866665.1,ST2719,Lebanon,Asia_western,2013,human,KL81,OL101,0,2,
GCF_004212455.1,ST983,South Africa,Africa_sub_saharan,2017,human,KL127,OL101,0,1,
GCF_004120075.1,ST3684,China,Asia_eastern,2014,human,KL47,OL101,1,2,
GCF_002845095.1,ST11,China,Asia_eastern,2015,human,KL47,OL101,1,2,
GCF_002264905.1,ST3348,China,Asia_eastern,2014,human,KL47,OL101,1,2,
GCF_900407025.1,ST491,Tanzania,Africa_sub_saharan,2015,human,KL118,OL101,0,0,
GCF_002248815.1,ST914,Thailand,Asia_SE,2014,human,KL81,OL101,0,1,
GCF_001457335.1,ST1427,Netherlands,Europe_western,2012,human,KL67,OL101,0,1,
GCF_001460475.1,ST1427,Netherlands,Europe_western,2012,human,KL67,OL101,0,1,
GCF_006130695.1,ST11,China,Asia_eastern,2015,human,KL47,OL101,1,2,
GCF_006131045.1,ST11,China,Asia_eastern,unknown,human,KL47,OL101,1,2,
GCF_900093035.1,ST895,Thailand,Asia_SE,2015,human,KL155,OL101,0,1,
GCF_009710195.1,ST1564,Romania,Europe_eastern,unknown,human,KL126,OL101,0,1,
GCF_902509145.1,ST4496,China,Asia_eastern,2017,human,KL47,OL101,1,2,
GCF_902507425.1,ST4496,China,Asia_eastern,2017,human,KL47,OL101,1,2,
GCF_902507495.1,ST4496,China,Asia_eastern,2017,human,KL47,OL101,1,2,
GCF_902507755.1,ST4496,China,Asia_eastern,2017,human,KL47,OL101,1,2,
GCF_003195325.1,ST1427,USA,America_northern,2017,human,KL155,OL101,0,0,
GCF_011077815.1,ST1086,China,Asia_eastern,2017,Swine,KL126,OL101,0,1,
GCF_009821955.1,ST534,unknown,unknown,unknown,chicken,KL164,OL102,0,0,
GCF_002184985.2,ST2623,USA,America_northern,2014,human,KL52,OL103,0,0,
GCF_003318315.1,ST37-1LV,Brazil,America_Latin_Caribbean,2015,human,KL12,OL103,0,2,
GCF_001663455.1,ST2623,USA,America_northern,2014,unknown,KL52,OL103,0,0,
GCF_002854115.1,ST528,Colombia,America_Latin_Caribbean,2013,human,KL46,OL104,0,0,
GCF_002854655.1,ST273,Colombia,America_Latin_Caribbean,2007,human,KL74,OL104,0,0,
GCF_900501705.1,ST308,Greece,Europe_southern,2014,human,KL157,unknown,0,0,
GCF_900510445.1,ST3147,France,Europe_western,2014,human,KL38,O12,0,0,
GCF_900506485.1,ST3636,Belgium,Europe_western,2013,human,KL121,O1,0,0,
GCF_900507185.1,ST3638,Belgium,Europe_western,2014,human,KL61,O1,0,0,
GCF_900506655.1,ST1145,Belgium,Europe_western,2014,human,KL30,O1,0,0,
GCF_900507525.1,ST4,Belgium,Europe_western,2014,human,KL10,O1,1,1,
GCF_900516735.1,ST889,Bulgaria,Europe_eastern,2014,human,KL54,O1,1,0,
GCF_900511085.1,ST525,Czech Republic,Europe_eastern,2014,human,KL45,O1,0,0,
GCF_900511875.1,ST3640,Germany,Europe_western,2014,human,KL64,O1,0,0,
GCF_900512115.1,ST299,Germany,Europe_western,2014,human,KL7,O1,0,0,
GCF_900512425.1,ST6,Germany,Europe_western,2013,human,KL7,O1,1,0,
GCF_900512695.1,ST3643,Germany,Europe_western,2014,human,KL64,O1,1,0,
GCF_900512735.1,ST542,Germany,Europe_western,2014,human,KL8,O1,1,0,
GCF_900516365.1,ST1961,Spain,Europe_southern,2013,human,KL48,O1,0,2,
GCF_900516525.1,ST15,Spain,Europe_southern,2013,human,KL112,O1,1,2,
GCF_900517175.1,ST542,Spain,Europe_southern,2014,human,KL8,O1,0,0,
GCF_900517245.1,ST449,Spain,Europe_southern,2014,human,KL22,O1,1,0,
GCF_900517505.1,ST326,Spain,Europe_southern,2014,human,KL25,O1,0,2,
GCF_900517545.1,ST326,Spain,Europe_southern,2014,human,KL25,O1,0,2,
GCF_900501405.1,ST1916,Greece,Europe_southern,2013,human,KL27,O1,0,0,
GCF_900501425.1,ST882,Greece,Europe_southern,2013,human,KL16,O1,1,0,
GCF_900502245.1,ST461,Greece,Europe_southern,2013,human,KL64,O1,0,0,
GCF_902156795.1,ST420,Greece,Europe_southern,2014,human,KL20,O1,4,2,event_129_ST420 KPC-2 Greece
GCF_900506205.1,ST1010,Croatia,Europe_southern,2014,human,KL142,O1,0,0,
GCF_900503365.1,ST3132,Croatia,Europe_southern,2014,human,KL142,O1,0,0,
GCF_900505015.1,ST870,Croatia,Europe_southern,2013,human,KL17,O1,0,0,
GCF_900516975.1,ST253,Hungary,Europe_eastern,2013,human,KL37,O1,0,0,
GCF_900517035.1,ST3640,Hungary,Europe_eastern,2013,human,KL64,O1,0,0,
GCF_900506295.1,ST133,Ireland,Europe_northern,2013,human,KL116,O1,0,2,
GCF_900506325.1,ST5,Ireland,Europe_northern,2014,human,KL39,O1,2,2,
GCF_900512145.1,ST1269,Israel,Asia_western,2014,human,KL139,O1,0,0,
GCF_900512265.1,ST290,Israel,Asia_western,2014,human,KL21,O1,1,0,
GCF_900512955.1,ST1536,Israel,Asia_western,2013,human,KL61,O1,0,0,
GCF_900513175.1,ST4063,Israel,Asia_western,2013,human,KL24,O1,0,0,
GCF_900513655.1,ST4,Israel,Asia_western,2014,human,KL13,O1,1,0,
GCF_900513145.1,ST107,Italy,Europe_southern,2013,human,KL47,O1,0,2,
GCF_900514375.1,ST180,Italy,Europe_southern,2014,human,KL55,O1,1,0,
GCF_900514595.1,ST3660,Italy,Europe_southern,2014,human,KL25,O1,0,0,
GCF_900515865.1,ST466,Italy,Europe_southern,2014,human,KL22,O1,1,0,
GCF_900516105.1,ST3661,Italy,Europe_southern,2013,human,KL21,O1,0,0,
GCF_900516245.1,ST1685,Italy,Europe_southern,2014,human,KL17,O1,1,3,
GCF_900516215.1,ST889,Italy,Europe_southern,2013,human,KL54,O1,0,0,
GCF_900512825.1,ST107,Norway,Europe_northern,2013,human,KL103,O1,0,0,
GCF_900502655.1,ST3650,Portugal,Europe_southern,2013,human,KL110,O1,0,2,
GCF_900502805.1,ST3650,Portugal,Europe_southern,2014,human,KL110,O1,0,2,
GCF_900502185.1,ST152,Portugal,Europe_southern,2014,human,KL163,O1,0,1,
GCF_900504335.1,ST101,Romania,Europe_eastern,2014,human,KL17,O1,1,2,
GCF_900503325.1,ST889,Romania,Europe_eastern,2013,human,KL54,O1,1,0,
GCF_900505445.1,ST101,Serbia,Europe_southern,2014,human,KL17,O1,1,1,
GCF_900505495.1,ST3671,Serbia,Europe_southern,2013,human,KL30,O1,4,1,event_118_ST3671 Serbia unresolvable
GCF_900503005.1,ST5,Slovenia,Europe_southern,2014,human,KL39,O1,4,0,
GCF_900503105.1,ST343,Slovenia,Europe_southern,2013,human,KL30,O1,1,0,
GCF_900503385.1,ST295,Slovenia,Europe_southern,2013,human,KL30,O1,0,0,
GCF_900508005.1,ST3677,Turkey,Asia_western,2013,human,KL18,O1,0,0,
GCF_900508035.1,ST3679,Turkey,Asia_western,2014,human,KL25,O1,1,0,
GCF_900507555.1,ST160,Turkey,Asia_western,2014,human,KL62,O1,0,0,
GCF_900508135.1,ST420,Turkey,Asia_western,2014,human,KL20,O1,0,0,
GCF_900508795.1,ST504,Turkey,Asia_western,2014,human,KL62,O1,1,0,
GCF_900509025.1,ST107,Turkey,Asia_western,2013,human,KL10,O1,1,2,
GCF_900508165.1,ST48,Turkey,Asia_western,2014,human,KL62,O1,1,0,
GCF_900508285.1,ST882,Turkey,Asia_western,2013,human,KL16,O1,1,0,
GCF_900503985.1,ST3682,UK,Europe_northern,2013,human,KL30,O1,0,0,
GCF_900503145.1,ST327,UK,Europe_northern,2013,human,KL39,O1,1,0,
GCF_900503225.1,ST3682,UK,Europe_northern,2014,human,KL30,O1,0,0,
GCF_900506335.1,ST416,Belgium,Europe_western,2014,human,KL30,O1,0,0,
GCF_900506685.1,ST234,Belgium,Europe_western,2013,human,KL30,O1,2,0,
GCF_900511325.1,ST461,Czech Republic,Europe_eastern,2014,human,KL62,O1,0,2,
GCF_902156035.1,ST530,Germany,Europe_western,2013,human,KL54,O1,1,2,
GCF_900502595.1,ST39,Denmark,Europe_northern,2014,human,KL51,O1,0,0,
GCF_900516355.1,ST163,Spain,Europe_southern,2013,human,KL28,O1,0,1,
GCF_900501015.1,ST1823,Spain,Europe_southern,2014,human,KL113,O1,0,0,
GCF_900501025.1,ST234,Spain,Europe_southern,2014,human,KL30,O1,1,0,
GCF_900511265.1,ST3650,France,Europe_western,2013,human,KL62,O1,0,1,
GCF_900501505.1,ST111,Greece,Europe_southern,2014,human,KL63,O1,1,0,
GCF_900504925.1,ST525,Croatia,Europe_southern,2013,human,KL45,O1,0,0,
GCF_900513745.1,ST111,Israel,Asia_western,2014,human,KL63,O1,1,1,
GCF_900508515.1,ST186,Italy,Europe_southern,2013,human,KL114,O1,1,0,
GCF_900513075.1,ST3656,Italy,Europe_southern,2013,human,KL146,O1,0,0,
GCF_900513275.1,ST416,Italy,Europe_southern,2013,human,KL30,O1,0,0,
GCF_900514985.1,ST985,Italy,Europe_southern,2014,human,KL39,O1,0,0,
GCF_900514705.1,ST881,Italy,Europe_southern,2014,human,KL2,O1,3,0,
GCF_900504425.1,ST383,Romania,Europe_eastern,2014,human,KL30,O1,0,2,
GCF_900504475.1,ST8,Romania,Europe_eastern,2014,human,KL3,O1,2,0,
GCF_900510725.1,ST234,Slovakia,Europe_eastern,2014,human,KL30,O1,0,0,
GCF_900507715.1,ST110,Turkey,Asia_western,2014,human,KL2,O1,1,0,
GCF_900507735.1,ST530,Turkey,Asia_western,2013,human,KL54,O1,1,2,
GCF_900507475.1,ST985,Turkey,Asia_western,2013,human,KL39,O1,1,1,
GCF_900508635.1,ST530,Turkey,Asia_western,2014,human,KL54,O1,1,2,
GCF_900508735.1,ST525,Turkey,Asia_western,2014,human,KL45,O1,0,3,
GCF_900508715.1,ST525,Turkey,Asia_western,2014,human,KL45,O1,0,3,
GCF_900508745.1,ST525,Turkey,Asia_western,2014,human,KL45,O1,0,3,
GCF_900509115.1,ST985,Turkey,Asia_western,2014,human,KL39,O1,1,1,
GCF_900508255.1,ST185,Turkey,Asia_western,2013,human,KL130,O1,1,0,
GCF_900503065.1,ST13,UK,Europe_northern,2014,human,KL3,O1,1,2,
GCF_900503205.1,ST922,UK,Europe_northern,2014,human,KL2,O1,0,0,
GCF_900511335.1,ST3635,Austria,Europe_western,2014,human,KL132,O2,0,0,
GCF_900506625.1,ST485,Belgium,Europe_western,2013,human,KL28,O2,1,0,
GCF_900517355.1,ST3646,Spain,Europe_southern,2014,human,KL22,O2,0,0,
GCF_900510395.1,ST3649,France,Europe_western,2013,human,KL24,O2,3,0,
GCF_900502405.1,ST3652,Greece,Europe_southern,2014,human,KL47,O2,0,0,
GCF_900512985.1,ST2938,Italy,Europe_southern,2013,human,KL62,O2,0,0,
GCF_900515105.1,ST268,Italy,Europe_southern,2014,human,KL20,O2,0,0,
GCF_900511455.1,ST3665,Poland,Europe_eastern,2014,human,KL7,O2,0,0,
GCF_900502625.1,ST45,Portugal,Europe_southern,2013,human,KL24,O2,1,2,
GCF_900504245.1,ST1408,Romania,Europe_eastern,2014,human,KL24,O2,0,0,
GCF_900510665.1,ST3674,Slovakia,Europe_eastern,2014,human,KL39,O2,0,0,
GCF_900507845.1,ST1731,Turkey,Asia_western,2013,human,KL43,O2,0,2,
GCF_900507905.1,ST294,Turkey,Asia_western,2014,human,KL30,O2,1,2,
GCF_900507965.1,ST294,Turkey,Asia_western,2013,human,KL30,O2,1,2,
GCF_900507985.1,ST294,Turkey,Asia_western,2014,human,KL30,O2,1,2,
GCF_900508845.1,ST1193,Turkey,Asia_western,2014,human,KL22,O2,0,1,
GCF_900504745.1,ST2333,UK,Europe_northern,2013,human,KL28,O2,0,2,
GCF_900512705.1,ST867,Germany,Europe_western,2014,human,KL3,O2,0,0,
GCF_900501135.1,ST307,Spain,Europe_southern,2014,human,KL102,O2,0,2,
GCF_900517285.1,ST278,Spain,Europe_southern,2014,human,KL136,O2,0,0,
GCF_900517595.1,ST278,Spain,Europe_southern,2014,human,KL136,O2,0,0,
GCF_900517605.1,ST453,Spain,Europe_southern,2014,human,KL8,O2,0,0,
GCF_900517765.1,ST433,Spain,Europe_southern,2014,human,KL102,O2,0,0,
GCF_900510425.1,ST307,France,Europe_western,2013,human,KL102,O2,1,2,
GCF_900511615.1,ST34,France,Europe_western,2014,human,KL122,O2,0,0,
GCF_900511695.1,ST218,France,Europe_western,2014,human,KL57,O2,4,2,event_40_ST218 OXA-48 France
GCF_902156155.1,ST1709,France,Europe_western,2014,human,KL122,O2,0,2,
GCF_900501385.1,ST258,Greece,Europe_southern,2014,human,KL106,O2,1,3,
GCF_900502275.1,ST3651,Greece,Europe_southern,2013,human,KL28,O2,0,0,
GCF_900505965.1,ST218,Croatia,Europe_southern,2014,human,KL57,O2,3,0,
GCF_900516955.1,ST4065,Hungary,Europe_eastern,2013,human,KL23,O2,0,0,
GCF_900513555.1,ST1412,Israel,Asia_western,2013,human,KL107,O2,0,1,
GCF_900512865.1,ST3655,Italy,Europe_southern,2013,human,KL140,O2,0,0,
GCF_900512875.1,ST512,Italy,Europe_southern,2013,human,KL107,O2,0,2,
GCF_900512945.1,ST280,Italy,Europe_southern,2013,human,KL23,O2,0,1,
GCF_900513115.1,ST20,Italy,Europe_southern,2013,human,KL28,O2,0,0,
GCF_900508545.1,ST896,Italy,Europe_southern,2013,human,KL3,O2,0,0,
GCF_900515245.1,ST463,Italy,Europe_southern,2014,human,KL117,O2,0,0,
GCF_900514665.1,ST471,Italy,Europe_southern,2013,human,KL57,O2,0,1,
GCF_900515995.1,ST433,Italy,Europe_southern,2014,human,KL102,O2,0,0,
GCF_900516125.1,ST1628,Italy,Europe_southern,2013,human,KL7,O2,1,0,
GCF_900502115.1,ST2599,Portugal,Europe_southern,2014,human,KL27,O2,0,0,
GCF_900503965.1,ST3668,Romania,Europe_eastern,2013,human,KL8,O2,0,1,
GCF_900507685.1,ST105,Turkey,Asia_western,2014,human,KL102,O2,1,1,
GCF_900507705.1,ST1015,Turkey,Asia_western,2014,human,KL17,O2,0,1,
GCF_900507775.1,ST377,Turkey,Asia_western,2013,human,KL102,O2,1,2,
GCF_900507505.1,ST17,Turkey,Asia_western,2014,human,KL122,O2,0,2,
GCF_900508985.1,ST1207,Turkey,Asia_western,2013,human,KL136,O2,1,1,
GCF_900504715.1,ST661,UK,Europe_northern,2013,human,KL140,O2,0,2,
GCF_900503925.1,ST915,UK,Europe_northern,2014,human,KL62,O2,0,2,
GCF_900512475.1,ST3641,Germany,Europe_western,2014,human,KL39,O3/O3a,0,0,
GCF_900517495.1,ST792,Spain,Europe_southern,2013,human,KL25,O3/O3a,2,1,
GCF_900500865.1,ST610,Greece,Europe_southern,2013,human,KL55,O3/O3a,1,0,
GCF_900510115.1,ST2447,Poland,Europe_eastern,2014,human,KL35,O3/O3a,1,0,
GCF_900511165.1,ST2428,Austria,Europe_western,2014,human,KL46,O3b,0,0,
GCF_900510465.1,ST1243,Austria,Europe_western,2014,human,KL14,O3b,0,0,
GCF_900509905.1,ST323,Austria,Europe_western,2014,human,KL21,O3b,0,0,
GCF_900512405.1,ST1804,Germany,Europe_western,2014,human,KL38,O3b,0,1,
GCF_900512575.1,ST3642,Germany,Europe_western,2014,human,KL46,O3b,0,1,
GCF_900502615.1,ST1890,Denmark,Europe_northern,2014,human,KL22,O3b,0,3,
GCF_900501055.1,ST605,Spain,Europe_southern,2013,human,KL58,O3b,0,0,
GCF_900517435.1,ST33,Spain,Europe_southern,2013,human,KL13,O3b,0,0,
GCF_900517575.1,ST104,Spain,Europe_southern,2014,human,KL31,O3b,1,2,
GCF_900517755.1,ST104,Spain,Europe_southern,2014,human,KL31,O3b,1,2,
GCF_900500755.1,ST104,Spain,Europe_southern,2014,human,KL31,O3b,1,1,
GCF_900501905.1,ST1486,Greece,Europe_southern,2013,human,KL38,O3b,0,2,
GCF_900502375.1,ST774,Greece,Europe_southern,2014,human,KL105,O3b,0,0,
GCF_900505865.1,ST1574,Croatia,Europe_southern,2013,human,KL114,O3b,0,0,
GCF_900506195.1,ST49,Croatia,Europe_southern,2013,human,KL39,O3b,0,0,
GCF_900517105.1,ST200,Hungary,Europe_eastern,2014,human,KL22,O3b,0,0,
GCF_900512095.1,ST2703,Israel,Asia_western,2014,human,KL16,O3b,0,0,
GCF_900512135.1,ST3653,Israel,Asia_western,2014,human,KL14,O3b,0,0,
GCF_900512205.1,ST168,Israel,Asia_western,2013,human,KL39,O3b,1,0,
GCF_900512225.1,ST3654,Israel,Asia_western,2014,human,KL13,O3b,0,0,
GCF_900513415.1,ST4064,Israel,Asia_western,2013,human,KL46,O3b,1,0,
GCF_900514105.1,ST3155,Italy,Europe_southern,2013,human,KL139,O3b,0,0,
GCF_900514155.1,ST628,Italy,Europe_southern,2013,human,KL9,O3b,0,0,
GCF_900513125.1,ST1418,Italy,Europe_southern,2013,human,KL13,O3b,1,0,
GCF_900514415.1,ST3659,Italy,Europe_southern,2014,human,KL111,O3b,1,0,
GCF_900514425.1,ST432,Italy,Europe_southern,2014,human,KL46,O3b,0,0,
GCF_900516165.1,ST2217,Italy,Europe_southern,2014,human,KL13,O3b,0,2,
GCF_900515705.1,ST2217,Italy,Europe_southern,2014,human,KL13,O3b,0,2,
GCF_900516075.1,ST1471,Italy,Europe_southern,2014,human,KL110,O3b,0,0,
GCF_900508465.1,ST1243,Lithuania,Europe_northern,2014,human,KL14,O3b,0,1,
GCF_900503585.1,ST584,Luxembourg,Europe_western,2014,human,KL38,O3b,0,1,
GCF_900503715.1,ST427,Luxembourg,Europe_western,2014,human,KL31,O3b,0,1,
GCF_900513825.1,ST274,Montenegro,Europe_southern,2014,human,KL14,O3b,1,3,
GCF_900513935.1,ST274,Montenegro,Europe_southern,2014,human,KL14,O3b,1,3,
GCF_900513965.1,ST274,Montenegro,Europe_southern,2014,human,KL14,O3b,1,0,
GCF_900514035.1,ST274,Montenegro,Europe_southern,2013,human,KL14,O3b,1,3,
GCF_900511995.1,ST200,Malta,Europe_southern,2013,human,KL61,O3b,0,0,
GCF_900512045.1,ST292,Malta,Europe_southern,2013,human,KL38,O3b,0,0,
GCF_900501935.1,ST104,Portugal,Europe_southern,2014,human,KL31,O3b,1,2,
GCF_900502005.1,ST2428,Portugal,Europe_southern,2014,human,KL46,O3b,0,0,
GCF_900502035.1,ST277,Portugal,Europe_southern,2014,human,KL46,O3b,0,0,
GCF_900504265.1,ST189,Romania,Europe_eastern,2014,human,KL128,O3b,1,0,
GCF_900503465.1,ST274,Serbia,Europe_southern,2013,human,KL14,O3b,1,3,
GCF_900503525.1,ST353,Serbia,Europe_southern,2013,human,KL110,O3b,1,1,
GCF_900507785.1,ST3676,Turkey,Asia_western,2013,human,KL14,O3b,0,0,
GCF_900507425.1,ST11,Turkey,Asia_western,2013,human,KL125,O3b,0,3,
GCF_900508665.1,ST1228,Turkey,Asia_western,2014,human,KL38,O3b,0,0,
GCF_900504675.1,ST1593,UK,Europe_northern,2013,human,KL137,O3b,0,1,
GCF_900503125.1,ST1593,UK,Europe_northern,2014,human,KL137,O3b,0,1,
GCF_900506555.1,ST405,Belgium,Europe_western,2014,human,KL151,O4,1,1,
GCF_900507065.1,ST405,Belgium,Europe_western,2014,human,KL151,O4,1,2,
GCF_900516405.1,ST405,Spain,Europe_southern,2013,human,KL151,O4,1,1,
GCF_900516655.1,ST405,Spain,Europe_southern,2013,human,KL151,O4,1,0,
GCF_900517205.1,ST163,Spain,Europe_southern,2013,human,KL139,O4,0,0,
GCF_900505705.1,ST322,Croatia,Europe_southern,2014,human,KL17,O4,0,0,
GCF_900505755.1,ST437,Croatia,Europe_southern,2014,human,KL36,O4,0,0,
GCF_900505815.1,ST437,Croatia,Europe_southern,2014,human,KL36,O4,0,0,
GCF_900503375.1,ST502,Croatia,Europe_southern,2014,human,KL15,O4,1,0,
GCF_900506175.1,ST437,Croatia,Europe_southern,2014,human,KL36,O4,0,1,
GCF_900517825.1,ST437,Croatia,Europe_southern,2014,human,KL36,O4,0,1,
GCF_900504485.1,ST2286,Romania,Europe_eastern,2013,human,KL45,O4,0,0,
GCF_900505585.1,ST340,Serbia,Europe_southern,2013,human,KL15,O4,0,2,
GCF_900507765.1,ST345,Turkey,Asia_western,2013,human,KL15,O4,0,0,
GCF_900506955.1,ST788,Belgium,Europe_western,2014,human,KL25,O5,1,2,
GCF_900509985.1,ST17,Estonia,Europe_northern,2014,human,KL25,O5,1,0,
GCF_900510015.1,ST17,Estonia,Europe_northern,2014,human,KL25,O5,1,0,
GCF_900511675.1,ST902,France,Europe_western,2014,human,KL125,O5,0,1,
GCF_900512035.1,ST1626,Lithuania,Europe_northern,2014,human,KL151,O5,0,1,
GCF_900507245.1,ST336,Turkey,Asia_western,2013,human,KL25,O5,1,0,
GCF_900507295.1,ST636,Turkey,Asia_western,2013,human,KL61,O5,0,0,
GCF_900506415.1,ST230,Belgium,Europe_western,2014,human,KL127,OL101,1,0,
GCF_900512665.1,ST1307,Germany,Europe_western,2013,human,KL127,OL101,4,2,event_17_ST1307 Germany unresolvable
GCF_900512085.1,ST873,Lithuania,Europe_northern,2013,human,KL52,OL101,0,0,
GCF_900507155.1,ST999,Serbia,Europe_southern,2013,human,KL127,OL101,0,0,
GCF_900509125.1,ST1634,Turkey,Asia_western,2014,human,KL151,OL102,0,0,
GCF_900508695.1,ST940,Turkey,Asia_western,2014,human,KL48,OL103,0,0,
SRR5877463,ST252,Cambodia,Asia_SE,2013,human,KL8,O1,0,1,
SRR5877473,ST29,Cambodia,Asia_SE,2013,human,KL54,O1,0,1,
SRR5877521,ST409,Cambodia,Asia_SE,2013,human,KL9,O3b,0,1,
SRR5877514,ST409,Cambodia,Asia_SE,2013,human,KL9,O3b,0,1,
SRR5877500,ST502-1LV,Cambodia,Asia_SE,2013,human,KL15,O4,0,0,
ERR276929,ST3042,UK,Europe_northern,2011,human,KL18,O1,1,0,
ERR276937,ST45,UK,Europe_northern,2011,human,KL24,O2,1,0,
ERR276942,ST490,UK,Europe_northern,2011,human,KL3,O2,0,1,
ERR276948,ST490,UK,Europe_northern,2011,human,KL3,O2,0,1,
ERR276955,ST490,UK,Europe_northern,2011,human,KL3,O2,0,1,
ERR276960,ST490,UK,Europe_northern,2011,human,KL3,O2,0,1,
ERR276970,ST883-2LV,UK,Europe_northern,2011,human,KL61,O3/O3a,0,0,
ERR276932,ST473-3LV,UK,Europe_northern,2011,human,KL39,O3b,1,0,
ERR276972,ST432,UK,Europe_northern,2011,human,KL57,O3b,0,0,
ERR276939,ST940,UK,Europe_northern,2011,human,KL18,O4,0,0,
ERR276989,ST309,UK,Europe_northern,2011,human,KL42,O4,0,0,
SRR1508882,ST340,Nepal,Asia_southern,2008,human,KL15,O4,0,1,
SRR1508865,ST478,Nepal,Asia_southern,2012,human,KL125,O5,0,0,
SRR1508820,ST1626,Nepal,Asia_southern,2011,human,KL151,O5,0,1,
ERR713641,ST23,USA,America_northern,2006,human,KL1,unknown,5,0,
ERR713647,ST249,Denmark,Europe_northern,unknown,human,KL1,O1,0,0,
ERR713523,ST260,Taiwan,Asia_eastern,1996,human,KL1,O1,5,0,
ERR712625,ST23-1LV,USA,America_northern,2007,human,KL1,O1,5,0,
ERR713642,ST23-1LV,Sweden,Europe_northern,2008,human,KL1,O1,5,0,
ERR720259,ST375,USA,America_northern,unknown,unknown,KL2,O1,0,0,
ERR732775,ST2498,USA,America_northern,2006,human,KL24,O2,0,0,
ERR720244,ST340-1LV,USA,America_northern,2005,human,KL15,O4,0,1,
ERR279216,ST82,unknown,unknown,1932,unknown,KL1,O1,3,0,
ERR279267,ST3764,unknown,unknown,1940,unknown,KL1,O1,3,0,
ERR314344,ST90 (subsp. ozanae),unknown,unknown,1940,unknown,KL5,O2,3,0,
ERR279244,ST90 (subsp. ozanae),unknown,unknown,1940,unknown,KL5,O2,3,0,
ERR314347,ST3767,unknown,unknown,1940,unknown,KL43,O2,0,0,
ERR314350,ST93,unknown,unknown,1940,unknown,KL4,O2,4,0,
24042_7_269,ST7-1LV,Laos,Asia_SE,2015,human,KL54,O1,3,0,
49,ST709,Vietnam,Asia_SE,2011,human,KL163,O1,0,0,
89,ST2156-2LV,Vietnam,Asia_SE,2012,human,KL142,O1,0,0,
24042_7_258,ST500,Thailand,Asia_SE,2015,human,KL34,O1,0,0,
103,ST15,Vietnam,Asia_SE,2011,human,KL10,O1,1,0,
24042_7_259,ST889,Thailand,Asia_SE,2016,human,KL54,O1,1,0,
24042_7_260,ST3132,Thailand,Asia_SE,2017,human,KL142,O1,0,1,
172,ST828,Vietnam,Asia_SE,2010,human,KL5,O1,4,0,
BP2189,ST3609,India,Asia_southern,2017,human,KL117,O1,0,2,
24042_7_231,ST950,Cambodia,Asia_SE,2014,human,KL7,O1,0,0,
24042_7_256,ST540,Cambodia,Asia_SE,2017,human,KL21,O1,0,1,
24042_7_338,ST180,Hong Kong,Asia_eastern,2016,human,KL54,O1,0,0,
24042_7_340,ST86,Hong Kong,Asia_eastern,2016,human,KL2,O1,0,0,
24042_7_346,ST35,Hong Kong,Asia_eastern,2016,human,KL62,O1,4,0,
24042_7_351,ST1049,Hong Kong,Asia_eastern,2016,human,KL5,O1,1,0,
24042_7_334,ST1117,Hong Kong,Asia_eastern,2016,human,KL117,O1,1,0,
24042_7_274,ST65,Laos,Asia_SE,2015,human,KL2,O1,5,0,
24042_7_276,ST1787,Laos,Asia_SE,2015,human,KL148,O1,1,1,
24042_7_222,ST17-1LV,Cambodia,Asia_SE,2014,human,KL122,O1,0,1,
24042_7_215,ST1104,Cambodia,Asia_SE,2014,human,KL54,O1,0,0,
24042_7_308,ST966,Laos,Asia_SE,2016,human,KL102,O2,0,0,
24042_7_236,ST29-1LV,Cambodia,Asia_SE,2015,human,KL24,O2,0,0,
2481,ST394,Nepal,Asia_southern,2016,human,KL3,O2,1,1,
24042_7_320,ST2188,Laos,Asia_SE,2016,human,KL136,O2,0,0,
2,ST17,Vietnam,Asia_SE,2012,human,KL23,O2,1,0,
41,ST394,Vietnam,Asia_SE,2012,human,KL3,O2,0,1,
117,ST218,Vietnam,Asia_SE,2011,human,KL57,O2,4,0,
256,ST2797,Vietnam,Asia_SE,2014,human,KL23,O2,0,0,
KPN238,ST17-1LV,Cambodia,Asia_SE,2014,human,KL122,O2,0,1,
24042_7_342,ST1317,Hong Kong,Asia_eastern,2016,human,KL9,O2,0,0,
24042_7_337,ST896,Hong Kong,Asia_eastern,2016,human,KL3,O2,0,1,
24042_7_266,ST945-2LV,Laos,Asia_SE,2015,human,KL125,O3/O3a,3,0,
167,ST1263,Vietnam,Asia_SE,2010,human,KL10,O3/O3a,0,1,
21,ST592,Vietnam,Asia_SE,2012,human,KL57,O3b,3,0,
24042_7_221,ST667,Cambodia,Asia_SE,2014,human,KL135,O3b,0,1,
24042_7_230,ST1777,Cambodia,Asia_SE,2014,human,KL111,O3b,0,0,
24042_7_217,ST685,Cambodia,Asia_SE,2014,human,KL13,O3b,0,0,
24042_7_330,ST1569,Hong Kong,Asia_eastern,2016,human,KL114,O3b,0,0,
24042_7_241,ST2459,Cambodia,Asia_SE,2016,human,KL15,O4,0,1,
24042_7_332,ST152,Hong Kong,Asia_eastern,2016,human,KL149,O4,0,0,
51,ST29-3LV,Vietnam,Asia_SE,2013,human,KL103,O5,0,0,
24042_7_341,ST4081,Hong Kong,Asia_eastern,2016,human,KL125,O5,0,0,
24042_7_248,ST3658,Cambodia,Asia_SE,2016,human,KL52,OL101,0,0,
93,ST534,Vietnam,Asia_SE,2011,human,KL164,OL102,0,0,
24042_7_348,ST1613,Hong Kong,Asia_eastern,2016,human,KL12,OL103,0,0,
