genome_id,antibiotic,call
g1307.7503,doxycycline,1
g1307.7504,doxycycline,1
g1307.7505,doxycycline,0
g1307.7506,doxycycline,0
g1307.7507,doxycycline,0
g1307.7508,doxycycline,1
g1307.7509,doxycycline,0
g1307.7510,doxycycline,1
g1307.7511,doxycycline,1
g1307.7512,doxycycline,0
g1307.7513,doxycycline,1
g1307.7514,doxycycline,1
g1307.7515,doxycycline,1
g1307.7516,doxycycline,1
g1307.7517,doxycycline,0
g1307.7518,doxycycline,1
g1307.7519,doxycycline,1
g1307.7520,doxycycline,1
g1307.7521,doxycycline,0
g1307.7522,doxycycline,0
g1307.7523,doxycycline,1
g1307.7524,doxycycline,1
g1307.7525,doxycycline,1
g1307.7526,doxycycline,1
g1307.7527,doxycycline,1
g1307.7528,doxycycline,1
g1307.7529,doxycycline,0
g1307.7530,doxycycline,1
g1307.7531,doxycycline,0
g1307.7532,doxycycline,1
g1307.7533,doxycycline,0
g1307.7534,doxycycline,1
g1307.7535,doxycycline,0
g1307.7536,doxycycline,1
g1307.7537,doxycycline,0
g1307.7538,doxycycline,1
g1307.7539,doxycycline,0
g1307.7540,doxycycline,1
g1307.7541,doxycycline,1
g1307.7542,doxycycline,0
g1307.7543,doxycycline,0
g1307.7544,doxycycline,0
g1307.7545,doxycycline,1
g1307.7546,doxycycline,1
g1307.7547,doxycycline,1
g1307.7548,doxycycline,1
g1307.7549,doxycycline,1
g1307.7550,doxycycline,1
g1307.7551,doxycycline,1
g1307.7552,doxycycline,1
g1307.7553,doxycycline,1
g1307.7554,doxycycline,1
g1307.7555,doxycycline,1
g1307.7556,doxycycline,1
g1307.7557,doxycycline,1
g1307.7558,doxycycline,1
g1307.7559,doxycycline,1
g1307.7560,doxycycline,1
g1307.7561,doxycycline,1
g1307.7562,doxycycline,1
g1307.7563,doxycycline,1
g1307.7564,doxycycline,1
g1307.7565,doxycycline,1
g1307.7566,doxycycline,0
g1307.7567,doxycycline,1
g1307.7568,doxycycline,0
g1307.7569,doxycycline,1
g1307.7570,doxycycline,1
g1307.7571,doxycycline,1
g1307.7572,doxycycline,1
g1307.7573,doxycycline,1
g1307.7574,doxycycline,1
g1307.7575,doxycycline,0
g1307.7576,doxycycline,1
g1307.7577,doxycycline,0
g1307.7578,doxycycline,1
g1307.7579,doxycycline,1
g1307.7580,doxycycline,0
g1307.7581,doxycycline,1
g1307.7582,doxycycline,1
g1307.7583,doxycycline,1
g1307.7584,doxycycline,1
g1307.7585,doxycycline,0
g1307.7586,doxycycline,1
g1307.7587,doxycycline,1
g1307.7588,doxycycline,0
g1307.7589,doxycycline,1
g1307.7590,doxycycline,0
g1307.7591,doxycycline,1
g1307.7592,doxycycline,1
g1307.7593,doxycycline,1
g1307.7594,doxycycline,1
g1307.7595,doxycycline,1
g1307.7596,doxycycline,1
g1307.7597,doxycycline,1
g1307.7598,doxycycline,1
g1307.7599,doxycycline,1
g1307.7600,doxycycline,1
g1307.7601,doxycycline,1
g1307.7602,doxycycline,1
g1307.7603,doxycycline,1
g1307.7604,doxycycline,1
g1307.7605,doxycycline,1
g1307.7606,doxycycline,1
g1307.7607,doxycycline,1
g1307.7608,doxycycline,0
g1307.7609,doxycycline,1
g1307.7610,doxycycline,1
g1307.7611,doxycycline,1
g1307.7612,doxycycline,1
g1307.7613,doxycycline,1
g1307.7614,doxycycline,1
g1307.7615,doxycycline,1
g1307.7616,doxycycline,1
g1307.7617,doxycycline,0
g1307.7618,doxycycline,0
g1307.7619,doxycycline,1
g1307.7620,doxycycline,0
g1307.7621,doxycycline,1
g1307.7622,doxycycline,0
g1307.7623,doxycycline,1
g1307.7624,doxycycline,1
g1307.7625,doxycycline,1
g1307.7626,doxycycline,1
g1307.7627,doxycycline,1
g1307.7628,doxycycline,0
g1307.7629,doxycycline,1
g1307.7630,doxycycline,1
g1307.7631,doxycycline,1
g1307.7632,doxycycline,1
g1307.7633,doxycycline,1
g1307.7634,doxycycline,1
g1307.7635,doxycycline,1
g1307.7636,doxycycline,1
g1307.7637,doxycycline,1
g1307.7638,doxycycline,1
g1307.7639,doxycycline,1
g1307.7640,doxycycline,1
g1307.7641,doxycycline,1
g1307.7642,doxycycline,1
g1307.7643,doxycycline,1
g1307.7644,doxycycline,0
g1307.7645,doxycycline,1
g1307.7646,doxycycline,1
g1307.7647,doxycycline,1
g1307.7648,doxycycline,0
g1307.7649,doxycycline,1
g1307.7650,doxycycline,1
g1307.7651,doxycycline,1
g1307.7652,doxycycline,1
g1307.7653,doxycycline,1
g1307.7654,doxycycline,1
g1307.7655,doxycycline,1
g1307.7656,doxycycline,1
g1307.7657,doxycycline,1
g1307.7658,doxycycline,1
g1307.7659,doxycycline,0
g1307.7660,doxycycline,1
g1307.7661,doxycycline,0
g1307.7662,doxycycline,0
g1307.7663,doxycycline,1
g1307.7664,doxycycline,1
g1307.7665,doxycycline,0
g1307.7666,doxycycline,1
g1307.7667,doxycycline,1
g1307.7668,doxycycline,1
g1307.7669,doxycycline,1
g1307.7670,doxycycline,1
g1307.7671,doxycycline,1
g1307.7672,doxycycline,1
g1307.7673,doxycycline,1
g1307.7674,doxycycline,1
g1307.7675,doxycycline,1
g1307.7676,doxycycline,1
g1307.7677,doxycycline,1
g1307.7678,doxycycline,1
g1307.7679,doxycycline,1
g1307.7680,doxycycline,1
g1307.7681,doxycycline,1
g1307.7682,doxycycline,1
g1307.7683,doxycycline,1
g1307.7684,doxycycline,1
g1307.7685,doxycycline,1
g1307.7686,doxycycline,1
g1307.7687,doxycycline,1
g1307.7688,doxycycline,1
g1307.7689,doxycycline,1
g1307.7690,doxycycline,1
g1307.7691,doxycycline,1
g1307.7692,doxycycline,1
g1307.7693,doxycycline,1
g1307.7694,doxycycline,1
g1307.7695,doxycycline,1
g1307.7696,doxycycline,1
g1307.7697,doxycycline,0
g1307.7698,doxycycline,1
g1307.7699,doxycycline,1
g1307.7700,doxycycline,1
g1307.7701,doxycycline,1
g1307.7702,doxycycline,0
g1307.7703,doxycycline,1
g1307.7704,doxycycline,1
g1307.7705,doxycycline,1
g1307.7706,doxycycline,1
g1307.7707,doxycycline,1
g1307.7708,doxycycline,1
g1307.7709,doxycycline,1
g1307.7710,doxycycline,1
g1307.7711,doxycycline,1
g1307.7712,doxycycline,1
g1307.7713,doxycycline,1
g1307.7714,doxycycline,1
g1307.7715,doxycycline,1
g1307.7716,doxycycline,1
g1307.7717,doxycycline,1
g1307.7718,doxycycline,1
g1307.7719,doxycycline,1
g1307.7720,doxycycline,1
g1307.7721,doxycycline,1
g1307.7722,doxycycline,1
g1307.7723,doxycycline,0
g1307.7724,doxycycline,1
g1307.7725,doxycycline,1
g1307.7726,doxycycline,1
g1307.7727,doxycycline,0
g1307.7728,doxycycline,1
g1307.7729,doxycycline,1
g1307.7730,doxycycline,0
g1307.7731,doxycycline,1
g1307.7732,doxycycline,1
g1307.7733,doxycycline,1
g1307.7734,doxycycline,1
g1307.7735,doxycycline,1
g1307.7736,doxycycline,0
g1307.7737,doxycycline,1
g1307.7738,doxycycline,1
g1307.7739,doxycycline,1
g1307.7740,doxycycline,0
g1307.7741,doxycycline,1
g1307.7742,doxycycline,1
g1307.7743,doxycycline,1
g1307.7744,doxycycline,1
g1307.7745,doxycycline,1
g1307.7746,doxycycline,1
g1307.7747,doxycycline,1
g1307.7748,doxycycline,1
g1307.7749,doxycycline,1
g1307.7750,doxycycline,0
g1307.7751,doxycycline,1
g1307.7752,doxycycline,1
g1307.7753,doxycycline,1
g1307.7754,doxycycline,1
g1307.7755,doxycycline,1
g1307.7756,doxycycline,1
g1307.7757,doxycycline,1
g1307.7758,doxycycline,1
g1307.7759,doxycycline,1
g1307.7760,doxycycline,1
g1307.7761,doxycycline,1
g1307.7762,doxycycline,1
g1307.7763,doxycycline,1
g1307.7764,doxycycline,1
g1307.7765,doxycycline,1
g1307.7766,doxycycline,1
g1307.7767,doxycycline,0
g1307.7768,doxycycline,1
g1307.7769,doxycycline,1
g1307.7770,doxycycline,1
g1307.7771,doxycycline,1
g1307.7772,doxycycline,1
g1307.7773,doxycycline,1
g1307.7774,doxycycline,1
g1307.7775,doxycycline,1
g1307.7776,doxycycline,1
g1307.7777,doxycycline,1
g1307.7778,doxycycline,1
g1307.7779,doxycycline,1
g1307.7780,doxycycline,1
g1307.7781,doxycycline,1
g1307.7782,doxycycline,0
g1307.7783,doxycycline,1
g1307.7784,doxycycline,1
g1307.7785,doxycycline,1
g1307.7786,doxycycline,1
g1307.7787,doxycycline,1
g1307.7788,doxycycline,1
g1307.7789,doxycycline,1
g1307.7790,doxycycline,1
g1307.7791,doxycycline,1
g1307.7792,doxycycline,1
g1307.7793,doxycycline,0
g1307.7794,doxycycline,0
g1307.7795,doxycycline,1
g1307.7796,doxycycline,1
g1307.7797,doxycycline,1
g1307.7798,doxycycline,1
g1307.7799,doxycycline,1
g1307.7800,doxycycline,1
g1307.7801,doxycycline,1
g1307.7802,doxycycline,1
g1307.7803,doxycycline,1
g1307.7804,doxycycline,1
g1307.7805,doxycycline,1
g1307.7806,doxycycline,1
g1307.7807,doxycycline,1
g1307.7808,doxycycline,1
g1307.7809,doxycycline,1
g1307.7810,doxycycline,1
g1307.7811,doxycycline,1
g1307.7812,doxycycline,1
g1307.7813,doxycycline,1
g1307.7814,doxycycline,1
g1307.7815,doxycycline,1
g1307.7816,doxycycline,1
g1307.7817,doxycycline,1
g1307.7818,doxycycline,0
g1307.7819,doxycycline,1
g1307.7820,doxycycline,1
g1307.7821,doxycycline,1
g1307.7822,doxycycline,1
g1307.7823,doxycycline,1
g1307.7824,doxycycline,1
g1307.7825,doxycycline,1
g1307.7826,doxycycline,1
g1307.7827,doxycycline,1
g1307.7828,doxycycline,1
g1307.7829,doxycycline,1
g1307.7830,doxycycline,1
g1307.7831,doxycycline,1
g1307.7832,doxycycline,0
g1307.7833,doxycycline,1
g1307.7834,doxycycline,1
g1307.7835,doxycycline,1
g1307.7836,doxycycline,1
g1307.7837,doxycycline,1
g1307.7838,doxycycline,1
g1307.7839,doxycycline,1
g1307.7840,doxycycline,1
g1307.7841,doxycycline,1
g1307.7842,doxycycline,1
g1307.7843,doxycycline,1
g1307.7844,doxycycline,1
g1307.7845,doxycycline,1
g1307.7846,doxycycline,1
g1307.7847,doxycycline,1
g1307.7848,doxycycline,1
g1307.7849,doxycycline,1
g1307.7850,doxycycline,1
g1307.7851,doxycycline,1
g1307.7852,doxycycline,1
g1307.7853,doxycycline,1
g1307.7854,doxycycline,1
g1307.7855,doxycycline,0
g1307.7856,doxycycline,1
g1307.7857,doxycycline,1
g1307.7858,doxycycline,1
g1307.7859,doxycycline,1
g1307.7860,doxycycline,1
g1307.7861,doxycycline,1
g1307.7862,doxycycline,1
g1307.7863,doxycycline,1
g1307.7864,doxycycline,1
g1307.7865,doxycycline,0
g1307.7866,doxycycline,1
g1307.7867,doxycycline,1
g1307.7868,doxycycline,1
g1307.7869,doxycycline,1
g1307.7870,doxycycline,1
g1307.7871,doxycycline,1
g1307.7872,doxycycline,1
g1307.7873,doxycycline,1
g1307.7874,doxycycline,1
g1307.7875,doxycycline,1
g1307.7876,doxycycline,0
g1307.7877,doxycycline,1
g1307.7878,doxycycline,1
g1307.7879,doxycycline,1
g1307.7880,doxycycline,1
g1307.7881,doxycycline,1
g1307.7882,doxycycline,0
g1307.7883,doxycycline,1
g1307.7884,doxycycline,0
g1307.7885,doxycycline,0
g1307.7886,doxycycline,1
g1307.7887,doxycycline,0
g1307.7888,doxycycline,1
g1307.7889,doxycycline,1
g1307.7890,doxycycline,0
g1307.7891,doxycycline,1
g1307.7892,doxycycline,1
g1307.7893,doxycycline,1
g1307.7894,doxycycline,1
g1307.7895,doxycycline,0
g1307.7896,doxycycline,1
g1307.7897,doxycycline,1
g1307.7898,doxycycline,1
g1307.7899,doxycycline,1
g1307.7900,doxycycline,1
g1307.7901,doxycycline,1
g1307.7902,doxycycline,1
g1307.7903,doxycycline,1
g1307.7904,doxycycline,0
g1307.7905,doxycycline,1
g1307.7906,doxycycline,0
g1307.7907,doxycycline,1
g1307.7908,doxycycline,0
g1307.7909,doxycycline,0
g1307.7910,doxycycline,0
g1307.7911,doxycycline,1
g1307.7912,doxycycline,1
g1307.7913,doxycycline,1
g1307.7914,doxycycline,1
g1307.7915,doxycycline,0
g1307.7916,doxycycline,0
g1307.7917,doxycycline,0
g1307.7918,doxycycline,1
g1307.7919,doxycycline,0
g1307.7920,doxycycline,1
g1307.7921,doxycycline,1
g1307.7922,doxycycline,1
g1307.7923,doxycycline,0
g1307.7924,doxycycline,1
g1307.7925,doxycycline,1
g1307.7926,doxycycline,1
g1307.7927,doxycycline,1
g1307.7928,doxycycline,1
g1307.7929,doxycycline,1
g1307.7930,doxycycline,1
g1307.7931,doxycycline,1
g1307.7932,doxycycline,1
g1307.7933,doxycycline,1
g1307.7934,doxycycline,1
g1307.7935,doxycycline,1
g1307.7936,doxycycline,1
g1307.7937,doxycycline,1
g1307.7938,doxycycline,1
g1307.7939,doxycycline,1
g1307.7940,doxycycline,1
g1307.7941,doxycycline,1
g1307.7942,doxycycline,1
g1307.7943,doxycycline,1
g1307.7944,doxycycline,1
g1307.7945,doxycycline,1
g1307.7946,doxycycline,1
g1307.7947,doxycycline,1
g1307.7948,doxycycline,1
g1307.7949,doxycycline,1
g1307.7950,doxycycline,1
g1307.7951,doxycycline,1
g1307.7952,doxycycline,1
g1307.7953,doxycycline,1
g1307.7954,doxycycline,1
g1307.7955,doxycycline,1
g1307.7956,doxycycline,1
g1307.7957,doxycycline,1
g1307.7958,doxycycline,1
g1307.7959,doxycycline,1
g1307.7960,doxycycline,1
g1307.7961,doxycycline,1
g1307.7962,doxycycline,1
g1307.7963,doxycycline,1
g1307.7964,doxycycline,1
g1307.7965,doxycycline,0
g1307.7966,doxycycline,1
g1307.7967,doxycycline,0
g1307.7968,doxycycline,0
g1307.7969,doxycycline,1
g1307.7970,doxycycline,1
g1307.7971,doxycycline,1
g1307.7972,doxycycline,1
g1307.7973,doxycycline,1
g1307.7974,doxycycline,1
g1307.7975,doxycycline,1
g1307.7976,doxycycline,1
g1307.7977,doxycycline,1
g1307.7978,doxycycline,1
g1307.7979,doxycycline,1
g1307.7980,doxycycline,0
g1307.7981,doxycycline,1
g1307.7982,doxycycline,1
g1307.7983,doxycycline,1
g1307.7984,doxycycline,1
g1307.7985,doxycycline,1
g1307.7986,doxycycline,1
g1307.7987,doxycycline,1
g1307.7988,doxycycline,1
g1307.7989,doxycycline,1
g1307.7990,doxycycline,0
g1307.7991,doxycycline,1
g1307.7992,doxycycline,1
g1307.7993,doxycycline,1
g1307.7994,doxycycline,1
g1307.7995,doxycycline,1
g1307.7996,doxycycline,1
g1307.7997,doxycycline,1
g1307.7998,doxycycline,1
g1307.7999,doxycycline,1
g1307.8000,doxycycline,1
g1307.8001,doxycycline,1
g1307.8002,doxycycline,1
g1307.8003,doxycycline,1
g1307.8004,doxycycline,1
g1307.8005,doxycycline,1
g1307.8006,doxycycline,1
g1307.8007,doxycycline,1
g1307.8008,doxycycline,1
g1307.8009,doxycycline,1
g1307.8010,doxycycline,1
g1307.8011,doxycycline,1
g1307.8012,doxycycline,1
g1307.8013,doxycycline,1
g1307.8014,doxycycline,1
g1307.8015,doxycycline,0
g1307.8016,doxycycline,1
g1307.8017,doxycycline,1
g1307.8018,doxycycline,1
g1307.8019,doxycycline,1
g1307.8020,doxycycline,1
g1307.8021,doxycycline,1
g1307.8022,doxycycline,1
g1307.8023,doxycycline,1
g1307.8024,doxycycline,1
g1307.8025,doxycycline,1
g1307.8026,doxycycline,1
g1307.8027,doxycycline,1
g1307.8028,doxycycline,1
g1307.8029,doxycycline,1
g1307.8030,doxycycline,1
g1307.8031,doxycycline,1
g1307.8032,doxycycline,1
g1307.8033,doxycycline,1
g1307.8034,doxycycline,1
g1307.8035,doxycycline,1
g1307.8036,doxycycline,1
g1307.8037,doxycycline,0
g1307.8038,doxycycline,1
g1307.8039,doxycycline,1
g1307.8040,doxycycline,1
g1307.8041,doxycycline,0
g1307.8042,doxycycline,1
g1307.8043,doxycycline,1
g1307.8044,doxycycline,1
g1307.8045,doxycycline,0
g1307.8046,doxycycline,1
g1307.8047,doxycycline,1
g1307.8048,doxycycline,1
g1307.8049,doxycycline,1
g1307.8050,doxycycline,0
g1307.8051,doxycycline,1
g1307.8052,doxycycline,1
g1307.8053,doxycycline,1
g1307.8054,doxycycline,1
g1307.8055,doxycycline,1
g1307.8056,doxycycline,1
g1307.8057,doxycycline,1
g1307.8058,doxycycline,1
g1307.8059,doxycycline,1
g1307.8060,doxycycline,1
g1307.8061,doxycycline,0
g1307.8062,doxycycline,0
g1307.8063,doxycycline,0
g1307.8064,doxycycline,0
g1307.8065,doxycycline,1
g1307.8066,doxycycline,1
g1307.8067,doxycycline,0
g1307.8068,doxycycline,1
g1307.8069,doxycycline,1
g1307.8070,doxycycline,1
g1307.8071,doxycycline,1
g1307.8072,doxycycline,1
g1307.8073,doxycycline,0
g1307.8074,doxycycline,1
g1307.8075,doxycycline,1
g1307.8076,doxycycline,1
g1307.8077,doxycycline,0
g1307.8078,doxycycline,1
g1307.8079,doxycycline,1
g1307.8080,doxycycline,1
g1307.8081,doxycycline,0
g1307.8082,doxycycline,1
g1307.8083,doxycycline,0
g1307.8084,doxycycline,1
g1307.8085,doxycycline,1
g1307.8086,doxycycline,1
g1307.8087,doxycycline,1
g1307.8088,doxycycline,1
g1307.8089,doxycycline,0
g1307.8090,doxycycline,1
g1307.8091,doxycycline,1
g1307.8092,doxycycline,1
g1307.8093,doxycycline,1
g1307.8094,doxycycline,1
g1307.8095,doxycycline,1
g1307.8096,doxycycline,1
g1307.8097,doxycycline,0
g1307.8098,doxycycline,0
g1307.8099,doxycycline,1
g1307.8100,doxycycline,1
g1307.8101,doxycycline,1
g1307.8102,doxycycline,1
g1307.8103,doxycycline,1
g1307.8104,doxycycline,1
g1307.8105,doxycycline,1
g1307.8106,doxycycline,1
g1307.8107,doxycycline,1
g1307.8108,doxycycline,1
g1307.8109,doxycycline,1
g1307.8110,doxycycline,0
g1307.8111,doxycycline,1
g1307.8112,doxycycline,1
g1307.8113,doxycycline,1
g1307.8114,doxycycline,0
g1307.8115,doxycycline,1
g1307.8116,doxycycline,1
g1307.8117,doxycycline,0
g1307.8118,doxycycline,1
g1307.8119,doxycycline,1
g1307.8120,doxycycline,0
g1307.8121,doxycycline,0
g1307.8122,doxycycline,1
g1307.8123,doxycycline,1
g1307.8124,doxycycline,1
g1307.8125,doxycycline,1
g1307.8126,doxycycline,1
g1307.8127,doxycycline,1
g1307.8128,doxycycline,1
g1307.8129,doxycycline,1
g1307.8130,doxycycline,0
g1307.8131,doxycycline,0
g1307.8132,doxycycline,0
g1307.8133,doxycycline,1
g1307.8134,doxycycline,1
g1307.8135,doxycycline,1
g1307.8136,doxycycline,1
g1307.8137,doxycycline,0
g1307.8138,doxycycline,1
g1307.8139,doxycycline,1
g1307.8140,doxycycline,1
g1307.8141,doxycycline,1
g1307.8142,doxycycline,1
g1307.8143,doxycycline,1
g1307.8144,doxycycline,1
g1307.8145,doxycycline,1
g1307.8146,doxycycline,1
g1307.8147,doxycycline,1
g1307.8148,doxycycline,1
g1307.8149,doxycycline,1
g1307.8150,doxycycline,1
g1307.8151,doxycycline,0
g1307.8152,doxycycline,1
g1307.8153,doxycycline,0
g1307.8154,doxycycline,1
g1307.8155,doxycycline,1
g1307.8156,doxycycline,0
g1307.8157,doxycycline,1
g1307.8158,doxycycline,0
g1307.8159,doxycycline,0
g1307.8160,doxycycline,1
g1307.8161,doxycycline,1
g1307.8162,doxycycline,1
g1307.8163,doxycycline,1
g1307.8164,doxycycline,1
g1307.8165,doxycycline,1
g1307.8166,doxycycline,1
g1307.8167,doxycycline,1
g1307.8168,doxycycline,1
g1307.8169,doxycycline,1
g1307.8170,doxycycline,1
g1307.8171,doxycycline,1
g1307.8172,doxycycline,1
g1307.8173,doxycycline,1
g1307.8174,doxycycline,1
g1307.8175,doxycycline,1
g1307.8176,doxycycline,1
g1307.8177,doxycycline,1
g1307.8178,doxycycline,1
g1307.8179,doxycycline,1
g1307.7503,tetracycline,1
g1307.7504,tetracycline,1
g1307.7505,tetracycline,0
g1307.7506,tetracycline,0
g1307.7507,tetracycline,0
g1307.7508,tetracycline,1
g1307.7509,tetracycline,0
g1307.7510,tetracycline,1
g1307.7511,tetracycline,1
g1307.7512,tetracycline,0
g1307.7513,tetracycline,1
g1307.7514,tetracycline,1
g1307.7515,tetracycline,1
g1307.7516,tetracycline,1
g1307.7517,tetracycline,0
g1307.7518,tetracycline,1
g1307.7519,tetracycline,1
g1307.7520,tetracycline,1
g1307.7521,tetracycline,0
g1307.7522,tetracycline,0
g1307.7523,tetracycline,1
g1307.7524,tetracycline,1
g1307.7525,tetracycline,1
g1307.7526,tetracycline,1
g1307.7527,tetracycline,1
g1307.7528,tetracycline,1
g1307.7529,tetracycline,0
g1307.7530,tetracycline,1
g1307.7531,tetracycline,0
g1307.7532,tetracycline,1
g1307.7533,tetracycline,0
g1307.7534,tetracycline,1
g1307.7535,tetracycline,0
g1307.7536,tetracycline,1
g1307.7537,tetracycline,0
g1307.7538,tetracycline,1
g1307.7539,tetracycline,0
g1307.7540,tetracycline,1
g1307.7541,tetracycline,1
g1307.7542,tetracycline,0
g1307.7543,tetracycline,0
g1307.7544,tetracycline,0
g1307.7545,tetracycline,1
g1307.7546,tetracycline,1
g1307.7547,tetracycline,1
g1307.7548,tetracycline,1
g1307.7549,tetracycline,1
g1307.7550,tetracycline,1
g1307.7551,tetracycline,1
g1307.7552,tetracycline,1
g1307.7553,tetracycline,1
g1307.7554,tetracycline,1
g1307.7555,tetracycline,1
g1307.7556,tetracycline,1
g1307.7557,tetracycline,1
g1307.7558,tetracycline,1
g1307.7559,tetracycline,1
g1307.7560,tetracycline,1
g1307.7561,tetracycline,1
g1307.7562,tetracycline,1
g1307.7563,tetracycline,1
g1307.7564,tetracycline,1
g1307.7565,tetracycline,1
g1307.7566,tetracycline,0
g1307.7567,tetracycline,1
g1307.7568,tetracycline,0
g1307.7569,tetracycline,1
g1307.7570,tetracycline,1
g1307.7571,tetracycline,1
g1307.7572,tetracycline,1
g1307.7573,tetracycline,1
g1307.7574,tetracycline,1
g1307.7575,tetracycline,0
g1307.7576,tetracycline,1
g1307.7577,tetracycline,0
g1307.7578,tetracycline,1
g1307.7579,tetracycline,1
g1307.7580,tetracycline,0
g1307.7581,tetracycline,1
g1307.7582,tetracycline,1
g1307.7583,tetracycline,1
g1307.7584,tetracycline,1
g1307.7585,tetracycline,0
g1307.7586,tetracycline,1
g1307.7587,tetracycline,1
g1307.7588,tetracycline,0
g1307.7589,tetracycline,1
g1307.7590,tetracycline,0
g1307.7591,tetracycline,1
g1307.7592,tetracycline,1
g1307.7593,tetracycline,1
g1307.7594,tetracycline,1
g1307.7595,tetracycline,1
g1307.7596,tetracycline,1
g1307.7597,tetracycline,1
g1307.7598,tetracycline,1
g1307.7599,tetracycline,1
g1307.7600,tetracycline,1
g1307.7601,tetracycline,1
g1307.7602,tetracycline,1
g1307.7603,tetracycline,1
g1307.7604,tetracycline,1
g1307.7605,tetracycline,1
g1307.7606,tetracycline,1
g1307.7607,tetracycline,1
g1307.7608,tetracycline,0
g1307.7609,tetracycline,1
g1307.7610,tetracycline,1
g1307.7611,tetracycline,1
g1307.7612,tetracycline,1
g1307.7613,tetracycline,1
g1307.7614,tetracycline,1
g1307.7615,tetracycline,1
g1307.7616,tetracycline,1
g1307.7617,tetracycline,0
g1307.7618,tetracycline,0
g1307.7619,tetracycline,1
g1307.7620,tetracycline,0
g1307.7621,tetracycline,1
g1307.7622,tetracycline,0
g1307.7623,tetracycline,1
g1307.7624,tetracycline,1
g1307.7625,tetracycline,1
g1307.7626,tetracycline,1
g1307.7627,tetracycline,1
g1307.7628,tetracycline,0
g1307.7629,tetracycline,1
g1307.7630,tetracycline,1
g1307.7631,tetracycline,1
g1307.7632,tetracycline,1
g1307.7633,tetracycline,1
g1307.7634,tetracycline,1
g1307.7635,tetracycline,1
g1307.7636,tetracycline,1
g1307.7637,tetracycline,1
g1307.7638,tetracycline,1
g1307.7639,tetracycline,1
g1307.7640,tetracycline,1
g1307.7641,tetracycline,1
g1307.7642,tetracycline,1
g1307.7643,tetracycline,1
g1307.7644,tetracycline,0
g1307.7645,tetracycline,1
g1307.7646,tetracycline,1
g1307.7647,tetracycline,1
g1307.7648,tetracycline,0
g1307.7649,tetracycline,1
g1307.7650,tetracycline,1
g1307.7651,tetracycline,1
g1307.7652,tetracycline,1
g1307.7653,tetracycline,1
g1307.7654,tetracycline,1
g1307.7655,tetracycline,1
g1307.7656,tetracycline,1
g1307.7657,tetracycline,1
g1307.7658,tetracycline,1
g1307.7659,tetracycline,0
g1307.7660,tetracycline,1
g1307.7661,tetracycline,0
g1307.7662,tetracycline,0
g1307.7663,tetracycline,1
g1307.7664,tetracycline,1
g1307.7665,tetracycline,0
g1307.7666,tetracycline,1
g1307.7667,tetracycline,1
g1307.7668,tetracycline,1
g1307.7669,tetracycline,1
g1307.7670,tetracycline,1
g1307.7671,tetracycline,1
g1307.7672,tetracycline,1
g1307.7673,tetracycline,1
g1307.7674,tetracycline,1
g1307.7675,tetracycline,1
g1307.7676,tetracycline,1
g1307.7677,tetracycline,1
g1307.7678,tetracycline,1
g1307.7679,tetracycline,1
g1307.7680,tetracycline,1
g1307.7681,tetracycline,1
g1307.7682,tetracycline,1
g1307.7683,tetracycline,1
g1307.7684,tetracycline,1
g1307.7685,tetracycline,1
g1307.7686,tetracycline,1
g1307.7687,tetracycline,1
g1307.7688,tetracycline,1
g1307.7689,tetracycline,1
g1307.7690,tetracycline,1
g1307.7691,tetracycline,1
g1307.7692,tetracycline,1
g1307.7693,tetracycline,1
g1307.7694,tetracycline,1
g1307.7695,tetracycline,1
g1307.7696,tetracycline,1
g1307.7697,tetracycline,0
g1307.7698,tetracycline,1
g1307.7699,tetracycline,1
g1307.7700,tetracycline,1
g1307.7701,tetracycline,1
g1307.7702,tetracycline,1
g1307.7703,tetracycline,1
g1307.7704,tetracycline,1
g1307.7705,tetracycline,1
g1307.7706,tetracycline,1
g1307.7707,tetracycline,1
g1307.7708,tetracycline,1
g1307.7709,tetracycline,1
g1307.7710,tetracycline,1
g1307.7711,tetracycline,1
g1307.7712,tetracycline,1
g1307.7713,tetracycline,1
g1307.7714,tetracycline,1
g1307.7715,tetracycline,1
g1307.7716,tetracycline,1
g1307.7717,tetracycline,1
g1307.7718,tetracycline,1
g1307.7719,tetracycline,1
g1307.7720,tetracycline,1
g1307.7721,tetracycline,1
g1307.7722,tetracycline,1
g1307.7723,tetracycline,1
g1307.7724,tetracycline,1
g1307.7725,tetracycline,1
g1307.7726,tetracycline,1
g1307.7727,tetracycline,0
g1307.7728,tetracycline,1
g1307.7729,tetracycline,1
g1307.7730,tetracycline,0
g1307.7731,tetracycline,1
g1307.7732,tetracycline,1
g1307.7733,tetracycline,1
g1307.7734,tetracycline,1
g1307.7735,tetracycline,1
g1307.7736,tetracycline,0
g1307.7737,tetracycline,1
g1307.7738,tetracycline,1
g1307.7739,tetracycline,1
g1307.7740,tetracycline,0
g1307.7741,tetracycline,1
g1307.7742,tetracycline,1
g1307.7743,tetracycline,1
g1307.7744,tetracycline,1
g1307.7745,tetracycline,1
g1307.7746,tetracycline,1
g1307.7747,tetracycline,1
g1307.7748,tetracycline,1
g1307.7749,tetracycline,1
g1307.7750,tetracycline,0
g1307.7751,tetracycline,1
g1307.7752,tetracycline,1
g1307.7753,tetracycline,1
g1307.7754,tetracycline,1
g1307.7755,tetracycline,1
g1307.7756,tetracycline,1
g1307.7757,tetracycline,1
g1307.7758,tetracycline,1
g1307.7759,tetracycline,1
g1307.7760,tetracycline,1
g1307.7761,tetracycline,1
g1307.7762,tetracycline,1
g1307.7763,tetracycline,1
g1307.7764,tetracycline,1
g1307.7765,tetracycline,1
g1307.7766,tetracycline,1
g1307.7767,tetracycline,0
g1307.7768,tetracycline,1
g1307.7769,tetracycline,1
g1307.7770,tetracycline,1
g1307.7771,tetracycline,1
g1307.7772,tetracycline,1
g1307.7773,tetracycline,1
g1307.7774,tetracycline,1
g1307.7775,tetracycline,1
g1307.7776,tetracycline,1
g1307.7777,tetracycline,1
g1307.7778,tetracycline,1
g1307.7779,tetracycline,1
g1307.7780,tetracycline,1
g1307.7781,tetracycline,1
g1307.7782,tetracycline,0
g1307.7783,tetracycline,1
g1307.7784,tetracycline,1
g1307.7785,tetracycline,1
g1307.7786,tetracycline,1
g1307.7787,tetracycline,1
g1307.7788,tetracycline,1
g1307.7789,tetracycline,1
g1307.7790,tetracycline,1
g1307.7791,tetracycline,1
g1307.7792,tetracycline,1
g1307.7793,tetracycline,0
g1307.7794,tetracycline,0
g1307.7795,tetracycline,1
g1307.7796,tetracycline,1
g1307.7797,tetracycline,1
g1307.7798,tetracycline,1
g1307.7799,tetracycline,1
g1307.7800,tetracycline,1
g1307.7801,tetracycline,1
g1307.7802,tetracycline,1
g1307.7803,tetracycline,1
g1307.7804,tetracycline,1
g1307.7805,tetracycline,1
g1307.7806,tetracycline,1
g1307.7807,tetracycline,1
g1307.7808,tetracycline,1
g1307.7809,tetracycline,1
g1307.7810,tetracycline,1
g1307.7811,tetracycline,1
g1307.7812,tetracycline,1
g1307.7813,tetracycline,1
g1307.7814,tetracycline,1
g1307.7815,tetracycline,1
g1307.7816,tetracycline,1
g1307.7817,tetracycline,1
g1307.7818,tetracycline,1
g1307.7819,tetracycline,1
g1307.7820,tetracycline,1
g1307.7821,tetracycline,1
g1307.7822,tetracycline,1
g1307.7823,tetracycline,1
g1307.7824,tetracycline,1
g1307.7825,tetracycline,1
g1307.7826,tetracycline,1
g1307.7827,tetracycline,1
g1307.7828,tetracycline,1
g1307.7829,tetracycline,1
g1307.7830,tetracycline,1
g1307.7831,tetracycline,1
g1307.7832,tetracycline,0
g1307.7833,tetracycline,1
g1307.7834,tetracycline,1
g1307.7835,tetracycline,1
g1307.7836,tetracycline,1
g1307.7837,tetracycline,1
g1307.7838,tetracycline,1
g1307.7839,tetracycline,1
g1307.7840,tetracycline,1
g1307.7841,tetracycline,1
g1307.7842,tetracycline,1
g1307.7843,tetracycline,1
g1307.7844,tetracycline,1
g1307.7845,tetracycline,1
g1307.7846,tetracycline,1
g1307.7847,tetracycline,1
g1307.7848,tetracycline,1
g1307.7849,tetracycline,1
g1307.7850,tetracycline,1
g1307.7851,tetracycline,1
g1307.7852,tetracycline,1
g1307.7853,tetracycline,1
g1307.7854,tetracycline,1
g1307.7855,tetracycline,0
g1307.7856,tetracycline,1
g1307.7857,tetracycline,1
g1307.7858,tetracycline,1
g1307.7859,tetracycline,1
g1307.7860,tetracycline,1
g1307.7861,tetracycline,1
g1307.7862,tetracycline,1
g1307.7863,tetracycline,1
g1307.7864,tetracycline,1
g1307.7865,tetracycline,0
g1307.7866,tetracycline,1
g1307.7867,tetracycline,1
g1307.7868,tetracycline,1
g1307.7869,tetracycline,1
g1307.7870,tetracycline,1
g1307.7871,tetracycline,1
g1307.7872,tetracycline,1
g1307.7873,tetracycline,1
g1307.7874,tetracycline,1
g1307.7875,tetracycline,1
g1307.7876,tetracycline,0
g1307.7877,tetracycline,1
g1307.7878,tetracycline,1
g1307.7879,tetracycline,1
g1307.7880,tetracycline,1
g1307.7881,tetracycline,1
g1307.7882,tetracycline,0
g1307.7883,tetracycline,1
g1307.7884,tetracycline,0
g1307.7885,tetracycline,0
g1307.7886,tetracycline,1
g1307.7887,tetracycline,0
g1307.7888,tetracycline,1
g1307.7889,tetracycline,1
g1307.7890,tetracycline,0
g1307.7891,tetracycline,1
g1307.7892,tetracycline,1
g1307.7893,tetracycline,1
g1307.7894,tetracycline,1
g1307.7895,tetracycline,0
g1307.7896,tetracycline,1
g1307.7897,tetracycline,1
g1307.7898,tetracycline,1
g1307.7899,tetracycline,1
g1307.7900,tetracycline,1
g1307.7901,tetracycline,1
g1307.7902,tetracycline,1
g1307.7903,tetracycline,1
g1307.7904,tetracycline,0
g1307.7905,tetracycline,1
g1307.7906,tetracycline,0
g1307.7907,tetracycline,1
g1307.7908,tetracycline,0
g1307.7909,tetracycline,0
g1307.7910,tetracycline,0
g1307.7911,tetracycline,1
g1307.7912,tetracycline,1
g1307.7913,tetracycline,1
g1307.7914,tetracycline,1
g1307.7915,tetracycline,0
g1307.7916,tetracycline,0
g1307.7917,tetracycline,0
g1307.7918,tetracycline,1
g1307.7919,tetracycline,0
g1307.7920,tetracycline,1
g1307.7921,tetracycline,1
g1307.7922,tetracycline,1
g1307.7923,tetracycline,0
g1307.7924,tetracycline,1
g1307.7925,tetracycline,1
g1307.7926,tetracycline,1
g1307.7927,tetracycline,1
g1307.7928,tetracycline,1
g1307.7929,tetracycline,1
g1307.7930,tetracycline,1
g1307.7931,tetracycline,1
g1307.7932,tetracycline,1
g1307.7933,tetracycline,1
g1307.7934,tetracycline,1
g1307.7935,tetracycline,1
g1307.7936,tetracycline,1
g1307.7937,tetracycline,1
g1307.7938,tetracycline,1
g1307.7939,tetracycline,1
g1307.7940,tetracycline,1
g1307.7941,tetracycline,1
g1307.7942,tetracycline,1
g1307.7943,tetracycline,1
g1307.7944,tetracycline,1
g1307.7945,tetracycline,1
g1307.7946,tetracycline,1
g1307.7947,tetracycline,1
g1307.7948,tetracycline,1
g1307.7949,tetracycline,1
g1307.7950,tetracycline,1
g1307.7951,tetracycline,1
g1307.7952,tetracycline,1
g1307.7953,tetracycline,1
g1307.7954,tetracycline,1
g1307.7955,tetracycline,1
g1307.7956,tetracycline,1
g1307.7957,tetracycline,1
g1307.7958,tetracycline,1
g1307.7959,tetracycline,1
g1307.7960,tetracycline,1
g1307.7961,tetracycline,1
g1307.7962,tetracycline,1
g1307.7963,tetracycline,1
g1307.7964,tetracycline,1
g1307.7965,tetracycline,0
g1307.7966,tetracycline,1
g1307.7967,tetracycline,0
g1307.7968,tetracycline,0
g1307.7969,tetracycline,1
g1307.7970,tetracycline,1
g1307.7971,tetracycline,1
g1307.7972,tetracycline,1
g1307.7973,tetracycline,1
g1307.7974,tetracycline,1
g1307.7975,tetracycline,1
g1307.7976,tetracycline,1
g1307.7977,tetracycline,1
g1307.7978,tetracycline,1
g1307.7979,tetracycline,1
g1307.7980,tetracycline,0
g1307.7981,tetracycline,1
g1307.7982,tetracycline,1
g1307.7983,tetracycline,1
g1307.7984,tetracycline,1
g1307.7985,tetracycline,1
g1307.7986,tetracycline,1
g1307.7987,tetracycline,1
g1307.7988,tetracycline,1
g1307.7989,tetracycline,1
g1307.7990,tetracycline,0
g1307.7991,tetracycline,1
g1307.7992,tetracycline,1
g1307.7993,tetracycline,1
g1307.7994,tetracycline,1
g1307.7995,tetracycline,1
g1307.7996,tetracycline,1
g1307.7997,tetracycline,1
g1307.7998,tetracycline,1
g1307.7999,tetracycline,1
g1307.8000,tetracycline,1
g1307.8001,tetracycline,1
g1307.8002,tetracycline,1
g1307.8003,tetracycline,1
g1307.8004,tetracycline,1
g1307.8005,tetracycline,1
g1307.8006,tetracycline,1
g1307.8007,tetracycline,1
g1307.8008,tetracycline,1
g1307.8009,tetracycline,1
g1307.8010,tetracycline,1
g1307.8011,tetracycline,1
g1307.8012,tetracycline,1
g1307.8013,tetracycline,1
g1307.8014,tetracycline,1
g1307.8015,tetracycline,0
g1307.8016,tetracycline,1
g1307.8017,tetracycline,1
g1307.8018,tetracycline,1
g1307.8019,tetracycline,1
g1307.8020,tetracycline,1
g1307.8021,tetracycline,1
g1307.8022,tetracycline,1
g1307.8023,tetracycline,1
g1307.8024,tetracycline,1
g1307.8025,tetracycline,1
g1307.8026,tetracycline,1
g1307.8027,tetracycline,1
g1307.8028,tetracycline,1
g1307.8029,tetracycline,1
g1307.8030,tetracycline,1
g1307.8031,tetracycline,1
g1307.8032,tetracycline,1
g1307.8033,tetracycline,1
g1307.8034,tetracycline,1
g1307.8035,tetracycline,1
g1307.8036,tetracycline,1
g1307.8037,tetracycline,0
g1307.8038,tetracycline,1
g1307.8039,tetracycline,1
g1307.8040,tetracycline,1
g1307.8041,tetracycline,0
g1307.8042,tetracycline,1
g1307.8043,tetracycline,1
g1307.8044,tetracycline,1
g1307.8045,tetracycline,0
g1307.8046,tetracycline,1
g1307.8047,tetracycline,1
g1307.8048,tetracycline,1
g1307.8049,tetracycline,1
g1307.8050,tetracycline,0
g1307.8051,tetracycline,1
g1307.8052,tetracycline,1
g1307.8053,tetracycline,1
g1307.8054,tetracycline,1
g1307.8055,tetracycline,1
g1307.8056,tetracycline,1
g1307.8057,tetracycline,1
g1307.8058,tetracycline,1
g1307.8059,tetracycline,1
g1307.8060,tetracycline,1
g1307.8061,tetracycline,0
g1307.8062,tetracycline,0
g1307.8063,tetracycline,0
g1307.8064,tetracycline,0
g1307.8065,tetracycline,1
g1307.8066,tetracycline,1
g1307.8067,tetracycline,0
g1307.8068,tetracycline,1
g1307.8069,tetracycline,1
g1307.8070,tetracycline,1
g1307.8071,tetracycline,1
g1307.8072,tetracycline,1
g1307.8073,tetracycline,0
g1307.8074,tetracycline,1
g1307.8075,tetracycline,1
g1307.8076,tetracycline,1
g1307.8077,tetracycline,0
g1307.8078,tetracycline,1
g1307.8079,tetracycline,1
g1307.8080,tetracycline,1
g1307.8081,tetracycline,0
g1307.8082,tetracycline,1
g1307.8083,tetracycline,0
g1307.8084,tetracycline,1
g1307.8085,tetracycline,1
g1307.8086,tetracycline,1
g1307.8087,tetracycline,1
g1307.8088,tetracycline,1
g1307.8089,tetracycline,0
g1307.8090,tetracycline,1
g1307.8091,tetracycline,1
g1307.8092,tetracycline,1
g1307.8093,tetracycline,1
g1307.8094,tetracycline,1
g1307.8095,tetracycline,1
g1307.8096,tetracycline,1
g1307.8097,tetracycline,0
g1307.8098,tetracycline,0
g1307.8099,tetracycline,1
g1307.8100,tetracycline,1
g1307.8101,tetracycline,1
g1307.8102,tetracycline,1
g1307.8103,tetracycline,1
g1307.8104,tetracycline,1
g1307.8105,tetracycline,1
g1307.8106,tetracycline,1
g1307.8107,tetracycline,1
g1307.8108,tetracycline,1
g1307.8109,tetracycline,1
g1307.8110,tetracycline,0
g1307.8111,tetracycline,1
g1307.8112,tetracycline,1
g1307.8113,tetracycline,1
g1307.8114,tetracycline,0
g1307.8115,tetracycline,1
g1307.8116,tetracycline,1
g1307.8117,tetracycline,0
g1307.8118,tetracycline,1
g1307.8119,tetracycline,1
g1307.8120,tetracycline,0
g1307.8121,tetracycline,0
g1307.8122,tetracycline,1
g1307.8123,tetracycline,1
g1307.8124,tetracycline,1
g1307.8125,tetracycline,1
g1307.8126,tetracycline,1
g1307.8127,tetracycline,1
g1307.8128,tetracycline,1
g1307.8129,tetracycline,1
g1307.8130,tetracycline,0
g1307.8131,tetracycline,0
g1307.8132,tetracycline,0
g1307.8133,tetracycline,1
g1307.8134,tetracycline,1
g1307.8135,tetracycline,1
g1307.8136,tetracycline,1
g1307.8137,tetracycline,0
g1307.8138,tetracycline,1
g1307.8139,tetracycline,1
g1307.8140,tetracycline,1
g1307.8141,tetracycline,1
g1307.8142,tetracycline,1
g1307.8143,tetracycline,1
g1307.8144,tetracycline,1
g1307.8145,tetracycline,1
g1307.8146,tetracycline,1
g1307.8147,tetracycline,1
g1307.8148,tetracycline,1
g1307.8149,tetracycline,1
g1307.8150,tetracycline,1
g1307.8151,tetracycline,0
g1307.8152,tetracycline,1
g1307.8153,tetracycline,0
g1307.8154,tetracycline,1
g1307.8155,tetracycline,1
g1307.8156,tetracycline,0
g1307.8157,tetracycline,1
g1307.8158,tetracycline,0
g1307.8159,tetracycline,0
g1307.8160,tetracycline,1
g1307.8161,tetracycline,1
g1307.8162,tetracycline,1
g1307.8163,tetracycline,1
g1307.8164,tetracycline,1
g1307.8165,tetracycline,1
g1307.8166,tetracycline,1
g1307.8167,tetracycline,1
g1307.8168,tetracycline,1
g1307.8169,tetracycline,1
g1307.8170,tetracycline,1
g1307.8171,tetracycline,1
g1307.8172,tetracycline,1
g1307.8173,tetracycline,1
g1307.8174,tetracycline,1
g1307.8175,tetracycline,1
g1307.8176,tetracycline,1
g1307.8177,tetracycline,1
g1307.8178,tetracycline,1
g1307.8179,tetracycline,1
g1307.7503,erythromycin,1
g1307.7504,erythromycin,1
g1307.7505,erythromycin,0
g1307.7506,erythromycin,0
g1307.7507,erythromycin,0
g1307.7508,erythromycin,0
g1307.7509,erythromycin,0
g1307.7510,erythromycin,1
g1307.7511,erythromycin,0
g1307.7512,erythromycin,0
g1307.7513,erythromycin,1
g1307.7514,erythromycin,0
g1307.7515,erythromycin,1
g1307.7516,erythromycin,1
g1307.7517,erythromycin,0
g1307.7518,erythromycin,1
g1307.7519,erythromycin,1
g1307.7520,erythromycin,1
g1307.7521,erythromycin,0
g1307.7522,erythromycin,0
g1307.7523,erythromycin,1
g1307.7524,erythromycin,0
g1307.7525,erythromycin,0
g1307.7526,erythromycin,1
g1307.7527,erythromycin,1
g1307.7528,erythromycin,1
g1307.7529,erythromycin,0
g1307.7530,erythromycin,1
g1307.7531,erythromycin,0
g1307.7532,erythromycin,1
g1307.7533,erythromycin,0
g1307.7534,erythromycin,1
g1307.7535,erythromycin,0
g1307.7536,erythromycin,1
g1307.7537,erythromycin,0
g1307.7538,erythromycin,1
g1307.7539,erythromycin,0
g1307.7540,erythromycin,1
g1307.7541,erythromycin,1
g1307.7542,erythromycin,0
g1307.7543,erythromycin,0
g1307.7544,erythromycin,0
g1307.7545,erythromycin,1
g1307.7546,erythromycin,1
g1307.7547,erythromycin,0
g1307.7548,erythromycin,1
g1307.7549,erythromycin,1
g1307.7550,erythromycin,0
g1307.7551,erythromycin,1
g1307.7552,erythromycin,1
g1307.7553,erythromycin,0
g1307.7554,erythromycin,0
g1307.7555,erythromycin,1
g1307.7556,erythromycin,1
g1307.7557,erythromycin,0
g1307.7558,erythromycin,0
g1307.7559,erythromycin,1
g1307.7560,erythromycin,1
g1307.7561,erythromycin,1
g1307.7562,erythromycin,1
g1307.7563,erythromycin,1
g1307.7564,erythromycin,1
g1307.7565,erythromycin,1
g1307.7566,erythromycin,0
g1307.7567,erythromycin,0
g1307.7568,erythromycin,0
g1307.7569,erythromycin,1
g1307.7570,erythromycin,1
g1307.7571,erythromycin,0
g1307.7572,erythromycin,0
g1307.7573,erythromycin,0
g1307.7574,erythromycin,0
g1307.7575,erythromycin,1
g1307.7576,erythromycin,0
g1307.7577,erythromycin,0
g1307.7578,erythromycin,0
g1307.7579,erythromycin,1
g1307.7580,erythromycin,0
g1307.7581,erythromycin,1
g1307.7582,erythromycin,0
g1307.7583,erythromycin,0
g1307.7584,erythromycin,0
g1307.7585,erythromycin,1
g1307.7586,erythromycin,0
g1307.7587,erythromycin,0
g1307.7588,erythromycin,0
g1307.7589,erythromycin,0
g1307.7590,erythromycin,0
g1307.7591,erythromycin,0
g1307.7592,erythromycin,0
g1307.7593,erythromycin,0
g1307.7594,erythromycin,1
g1307.7595,erythromycin,0
g1307.7596,erythromycin,0
g1307.7597,erythromycin,1
g1307.7598,erythromycin,1
g1307.7599,erythromycin,0
g1307.7600,erythromycin,0
g1307.7601,erythromycin,1
g1307.7602,erythromycin,1
g1307.7603,erythromycin,1
g1307.7604,erythromycin,1
g1307.7605,erythromycin,1
g1307.7606,erythromycin,0
g1307.7607,erythromycin,0
g1307.7608,erythromycin,0
g1307.7609,erythromycin,1
g1307.7610,erythromycin,1
g1307.7611,erythromycin,0
g1307.7612,erythromycin,1
g1307.7613,erythromycin,0
g1307.7614,erythromycin,0
g1307.7615,erythromycin,1
g1307.7616,erythromycin,1
g1307.7617,erythromycin,0
g1307.7618,erythromycin,1
g1307.7619,erythromycin,1
g1307.7620,erythromycin,0
g1307.7621,erythromycin,0
g1307.7622,erythromycin,0
g1307.7623,erythromycin,1
g1307.7624,erythromycin,0
g1307.7625,erythromycin,0
g1307.7626,erythromycin,1
g1307.7627,erythromycin,0
g1307.7628,erythromycin,1
g1307.7629,erythromycin,1
g1307.7630,erythromycin,1
g1307.7631,erythromycin,1
g1307.7632,erythromycin,1
g1307.7633,erythromycin,1
g1307.7634,erythromycin,1
g1307.7635,erythromycin,1
g1307.7636,erythromycin,1
g1307.7637,erythromycin,1
g1307.7638,erythromycin,1
g1307.7639,erythromycin,1
g1307.7640,erythromycin,1
g1307.7641,erythromycin,1
g1307.7642,erythromycin,0
g1307.7643,erythromycin,1
g1307.7644,erythromycin,1
g1307.7645,erythromycin,0
g1307.7646,erythromycin,0
g1307.7647,erythromycin,0
g1307.7648,erythromycin,0
g1307.7649,erythromycin,1
g1307.7650,erythromycin,1
g1307.7651,erythromycin,1
g1307.7652,erythromycin,0
g1307.7653,erythromycin,1
g1307.7654,erythromycin,0
g1307.7655,erythromycin,1
g1307.7656,erythromycin,1
g1307.7657,erythromycin,1
g1307.7658,erythromycin,0
g1307.7659,erythromycin,0
g1307.7660,erythromycin,0
g1307.7661,erythromycin,0
g1307.7662,erythromycin,0
g1307.7663,erythromycin,1
g1307.7664,erythromycin,1
g1307.7665,erythromycin,0
g1307.7666,erythromycin,0
g1307.7667,erythromycin,1
g1307.7668,erythromycin,1
g1307.7669,erythromycin,1
g1307.7670,erythromycin,1
g1307.7671,erythromycin,1
g1307.7672,erythromycin,1
g1307.7673,erythromycin,1
g1307.7674,erythromycin,1
g1307.7675,erythromycin,1
g1307.7676,erythromycin,1
g1307.7677,erythromycin,1
g1307.7678,erythromycin,1
g1307.7679,erythromycin,1
g1307.7680,erythromycin,1
g1307.7681,erythromycin,0
g1307.7682,erythromycin,1
g1307.7683,erythromycin,1
g1307.7684,erythromycin,1
g1307.7685,erythromycin,1
g1307.7686,erythromycin,0
g1307.7687,erythromycin,1
g1307.7688,erythromycin,0
g1307.7689,erythromycin,1
g1307.7690,erythromycin,1
g1307.7691,erythromycin,0
g1307.7692,erythromycin,0
g1307.7693,erythromycin,0
g1307.7694,erythromycin,0
g1307.7695,erythromycin,0
g1307.7696,erythromycin,1
g1307.7697,erythromycin,0
g1307.7698,erythromycin,1
g1307.7699,erythromycin,1
g1307.7700,erythromycin,1
g1307.7701,erythromycin,1
g1307.7702,erythromycin,0
g1307.7703,erythromycin,1
g1307.7704,erythromycin,1
g1307.7705,erythromycin,1
g1307.7706,erythromycin,0
g1307.7707,erythromycin,0
g1307.7708,erythromycin,0
g1307.7709,erythromycin,1
g1307.7710,erythromycin,1
g1307.7711,erythromycin,0
g1307.7712,erythromycin,1
g1307.7713,erythromycin,0
g1307.7714,erythromycin,1
g1307.7715,erythromycin,1
g1307.7716,erythromycin,1
g1307.7717,erythromycin,0
g1307.7718,erythromycin,1
g1307.7719,erythromycin,1
g1307.7720,erythromycin,1
g1307.7721,erythromycin,1
g1307.7722,erythromycin,1
g1307.7723,erythromycin,1
g1307.7724,erythromycin,1
g1307.7725,erythromycin,0
g1307.7726,erythromycin,1
g1307.7727,erythromycin,1
g1307.7728,erythromycin,1
g1307.7729,erythromycin,0
g1307.7730,erythromycin,1
g1307.7731,erythromycin,1
g1307.7732,erythromycin,1
g1307.7733,erythromycin,1
g1307.7734,erythromycin,0
g1307.7735,erythromycin,1
g1307.7736,erythromycin,0
g1307.7737,erythromycin,1
g1307.7738,erythromycin,0
g1307.7739,erythromycin,1
g1307.7740,erythromycin,0
g1307.7741,erythromycin,1
g1307.7742,erythromycin,1
g1307.7743,erythromycin,1
g1307.7744,erythromycin,1
g1307.7745,erythromycin,0
g1307.7746,erythromycin,1
g1307.7747,erythromycin,0
g1307.7748,erythromycin,1
g1307.7749,erythromycin,1
g1307.7750,erythromycin,0
g1307.7751,erythromycin,1
g1307.7752,erythromycin,1
g1307.7753,erythromycin,0
g1307.7754,erythromycin,1
g1307.7755,erythromycin,0
g1307.7756,erythromycin,1
g1307.7757,erythromycin,1
g1307.7758,erythromycin,1
g1307.7759,erythromycin,0
g1307.7760,erythromycin,0
g1307.7761,erythromycin,1
g1307.7762,erythromycin,1
g1307.7763,erythromycin,1
g1307.7764,erythromycin,1
g1307.7765,erythromycin,1
g1307.7766,erythromycin,1
g1307.7767,erythromycin,0
g1307.7768,erythromycin,0
g1307.7769,erythromycin,1
g1307.7770,erythromycin,1
g1307.7771,erythromycin,1
g1307.7772,erythromycin,0
g1307.7773,erythromycin,1
g1307.7774,erythromycin,1
g1307.7775,erythromycin,1
g1307.7776,erythromycin,1
g1307.7777,erythromycin,1
g1307.7778,erythromycin,1
g1307.7779,erythromycin,1
g1307.7780,erythromycin,1
g1307.7781,erythromycin,1
g1307.7782,erythromycin,0
g1307.7783,erythromycin,1
g1307.7784,erythromycin,1
g1307.7785,erythromycin,0
g1307.7786,erythromycin,1
g1307.7787,erythromycin,1
g1307.7788,erythromycin,0
g1307.7789,erythromycin,1
g1307.7790,erythromycin,1
g1307.7791,erythromycin,1
g1307.7792,erythromycin,0
g1307.7793,erythromycin,0
g1307.7794,erythromycin,0
g1307.7795,erythromycin,1
g1307.7796,erythromycin,1
g1307.7797,erythromycin,0
g1307.7798,erythromycin,1
g1307.7799,erythromycin,1
g1307.7800,erythromycin,1
g1307.7801,erythromycin,0
g1307.7802,erythromycin,0
g1307.7803,erythromycin,1
g1307.7804,erythromycin,1
g1307.7805,erythromycin,1
g1307.7806,erythromycin,1
g1307.7807,erythromycin,1
g1307.7808,erythromycin,1
g1307.7809,erythromycin,1
g1307.7810,erythromycin,1
g1307.7811,erythromycin,1
g1307.7812,erythromycin,1
g1307.7813,erythromycin,1
g1307.7814,erythromycin,1
g1307.7815,erythromycin,1
g1307.7816,erythromycin,1
g1307.7817,erythromycin,1
g1307.7818,erythromycin,1
g1307.7819,erythromycin,1
g1307.7820,erythromycin,1
g1307.7821,erythromycin,1
g1307.7822,erythromycin,1
g1307.7823,erythromycin,1
g1307.7824,erythromycin,0
g1307.7825,erythromycin,0
g1307.7826,erythromycin,1
g1307.7827,erythromycin,1
g1307.7828,erythromycin,1
g1307.7829,erythromycin,1
g1307.7830,erythromycin,1
g1307.7831,erythromycin,1
g1307.7832,erythromycin,0
g1307.7833,erythromycin,1
g1307.7834,erythromycin,1
g1307.7835,erythromycin,1
g1307.7836,erythromycin,1
g1307.7837,erythromycin,0
g1307.7838,erythromycin,1
g1307.7839,erythromycin,1
g1307.7840,erythromycin,1
g1307.7841,erythromycin,1
g1307.7842,erythromycin,0
g1307.7843,erythromycin,1
g1307.7844,erythromycin,1
g1307.7845,erythromycin,0
g1307.7846,erythromycin,0
g1307.7847,erythromycin,1
g1307.7848,erythromycin,0
g1307.7849,erythromycin,1
g1307.7850,erythromycin,1
g1307.7851,erythromycin,1
g1307.7852,erythromycin,1
g1307.7853,erythromycin,0
g1307.7854,erythromycin,1
g1307.7855,erythromycin,1
g1307.7856,erythromycin,0
g1307.7857,erythromycin,1
g1307.7858,erythromycin,0
g1307.7859,erythromycin,1
g1307.7860,erythromycin,1
g1307.7861,erythromycin,0
g1307.7862,erythromycin,0
g1307.7863,erythromycin,0
g1307.7864,erythromycin,0
g1307.7865,erythromycin,0
g1307.7866,erythromycin,0
g1307.7867,erythromycin,0
g1307.7868,erythromycin,0
g1307.7869,erythromycin,1
g1307.7870,erythromycin,0
g1307.7871,erythromycin,1
g1307.7872,erythromycin,0
g1307.7873,erythromycin,0
g1307.7874,erythromycin,0
g1307.7875,erythromycin,1
g1307.7876,erythromycin,0
g1307.7877,erythromycin,0
g1307.7878,erythromycin,0
g1307.7879,erythromycin,0
g1307.7880,erythromycin,1
g1307.7881,erythromycin,0
g1307.7882,erythromycin,1
g1307.7883,erythromycin,0
g1307.7884,erythromycin,0
g1307.7885,erythromycin,0
g1307.7886,erythromycin,1
g1307.7887,erythromycin,0
g1307.7888,erythromycin,0
g1307.7889,erythromycin,1
g1307.7890,erythromycin,0
g1307.7891,erythromycin,0
g1307.7892,erythromycin,0
g1307.7893,erythromycin,0
g1307.7894,erythromycin,1
g1307.7895,erythromycin,0
g1307.7896,erythromycin,1
g1307.7897,erythromycin,0
g1307.7898,erythromycin,1
g1307.7899,erythromycin,1
g1307.7900,erythromycin,0
g1307.7901,erythromycin,0
g1307.7902,erythromycin,0
g1307.7903,erythromycin,0
g1307.7904,erythromycin,1
g1307.7905,erythromycin,0
g1307.7906,erythromycin,0
g1307.7907,erythromycin,0
g1307.7908,erythromycin,0
g1307.7909,erythromycin,0
g1307.7910,erythromycin,0
g1307.7911,erythromycin,0
g1307.7912,erythromycin,0
g1307.7913,erythromycin,0
g1307.7914,erythromycin,1
g1307.7915,erythromycin,0
g1307.7916,erythromycin,0
g1307.7917,erythromycin,1
g1307.7918,erythromycin,1
g1307.7919,erythromycin,0
g1307.7920,erythromycin,0
g1307.7921,erythromycin,0
g1307.7922,erythromycin,0
g1307.7923,erythromycin,0
g1307.7924,erythromycin,0
g1307.7925,erythromycin,1
g1307.7926,erythromycin,1
g1307.7927,erythromycin,1
g1307.7928,erythromycin,0
g1307.7929,erythromycin,1
g1307.7930,erythromycin,1
g1307.7931,erythromycin,1
g1307.7932,erythromycin,0
g1307.7933,erythromycin,1
g1307.7934,erythromycin,1
g1307.7935,erythromycin,1
g1307.7936,erythromycin,0
g1307.7937,erythromycin,1
g1307.7938,erythromycin,1
g1307.7939,erythromycin,0
g1307.7940,erythromycin,1
g1307.7941,erythromycin,1
g1307.7942,erythromycin,0
g1307.7943,erythromycin,0
g1307.7944,erythromycin,1
g1307.7945,erythromycin,0
g1307.7946,erythromycin,0
g1307.7947,erythromycin,0
g1307.7948,erythromycin,1
g1307.7949,erythromycin,0
g1307.7950,erythromycin,0
g1307.7951,erythromycin,1
g1307.7952,erythromycin,0
g1307.7953,erythromycin,0
g1307.7954,erythromycin,0
g1307.7955,erythromycin,1
g1307.7956,erythromycin,1
g1307.7957,erythromycin,0
g1307.7958,erythromycin,0
g1307.7959,erythromycin,1
g1307.7960,erythromycin,1
g1307.7961,erythromycin,0
g1307.7962,erythromycin,1
g1307.7963,erythromycin,1
g1307.7964,erythromycin,0
g1307.7965,erythromycin,0
g1307.7966,erythromycin,1
g1307.7967,erythromycin,1
g1307.7968,erythromycin,0
g1307.7969,erythromycin,1
g1307.7970,erythromycin,0
g1307.7971,erythromycin,0
g1307.7972,erythromycin,0
g1307.7973,erythromycin,0
g1307.7974,erythromycin,1
g1307.7975,erythromycin,1
g1307.7976,erythromycin,0
g1307.7977,erythromycin,0
g1307.7978,erythromycin,1
g1307.7979,erythromycin,0
g1307.7980,erythromycin,0
g1307.7981,erythromycin,1
g1307.7982,erythromycin,0
g1307.7983,erythromycin,1
g1307.7984,erythromycin,0
g1307.7985,erythromycin,0
g1307.7986,erythromycin,1
g1307.7987,erythromycin,0
g1307.7988,erythromycin,1
g1307.7989,erythromycin,1
g1307.7990,erythromycin,0
g1307.7991,erythromycin,1
g1307.7992,erythromycin,1
g1307.7993,erythromycin,1
g1307.7994,erythromycin,1
g1307.7995,erythromycin,0
g1307.7996,erythromycin,1
g1307.7997,erythromycin,1
g1307.7998,erythromycin,0
g1307.7999,erythromycin,0
g1307.8000,erythromycin,0
g1307.8001,erythromycin,1
g1307.8002,erythromycin,1
g1307.8003,erythromycin,0
g1307.8004,erythromycin,0
g1307.8005,erythromycin,1
g1307.8006,erythromycin,0
g1307.8007,erythromycin,1
g1307.8008,erythromycin,0
g1307.8009,erythromycin,0
g1307.8010,erythromycin,0
g1307.8011,erythromycin,1
g1307.8012,erythromycin,1
g1307.8013,erythromycin,1
g1307.8014,erythromycin,0
g1307.8015,erythromycin,0
g1307.8016,erythromycin,1
g1307.8017,erythromycin,1
g1307.8018,erythromycin,1
g1307.8019,erythromycin,1
g1307.8020,erythromycin,1
g1307.8021,erythromycin,1
g1307.8022,erythromycin,1
g1307.8023,erythromycin,1
g1307.8024,erythromycin,1
g1307.8025,erythromycin,0
g1307.8026,erythromycin,1
g1307.8027,erythromycin,0
g1307.8028,erythromycin,1
g1307.8029,erythromycin,1
g1307.8030,erythromycin,1
g1307.8031,erythromycin,0
g1307.8032,erythromycin,1
g1307.8033,erythromycin,0
g1307.8034,erythromycin,1
g1307.8035,erythromycin,0
g1307.8036,erythromycin,1
g1307.8037,erythromycin,0
g1307.8038,erythromycin,0
g1307.8039,erythromycin,1
g1307.8040,erythromycin,0
g1307.8041,erythromycin,0
g1307.8042,erythromycin,1
g1307.8043,erythromycin,0
g1307.8044,erythromycin,0
g1307.8045,erythromycin,0
g1307.8046,erythromycin,1
g1307.8047,erythromycin,1
g1307.8048,erythromycin,0
g1307.8049,erythromycin,0
g1307.8050,erythromycin,0
g1307.8051,erythromycin,0
g1307.8052,erythromycin,1
g1307.8053,erythromycin,0
g1307.8054,erythromycin,1
g1307.8055,erythromycin,0
g1307.8056,erythromycin,0
g1307.8057,erythromycin,0
g1307.8058,erythromycin,0
g1307.8059,erythromycin,0
g1307.8060,erythromycin,1
g1307.8061,erythromycin,0
g1307.8062,erythromycin,0
g1307.8063,erythromycin,1
g1307.8064,erythromycin,1
g1307.8065,erythromycin,1
g1307.8066,erythromycin,1
g1307.8067,erythromycin,0
g1307.8068,erythromycin,1
g1307.8069,erythromycin,0
g1307.8070,erythromycin,1
g1307.8071,erythromycin,1
g1307.8072,erythromycin,1
g1307.8073,erythromycin,0
g1307.8074,erythromycin,1
g1307.8075,erythromycin,1
g1307.8076,erythromycin,1
g1307.8077,erythromycin,0
g1307.8078,erythromycin,0
g1307.8079,erythromycin,1
g1307.8080,erythromycin,1
g1307.8081,erythromycin,0
g1307.8082,erythromycin,1
g1307.8083,erythromycin,0
g1307.8084,erythromycin,0
g1307.8085,erythromycin,0
g1307.8086,erythromycin,1
g1307.8087,erythromycin,1
g1307.8088,erythromycin,0
g1307.8089,erythromycin,0
g1307.8090,erythromycin,1
g1307.8091,erythromycin,0
g1307.8092,erythromycin,1
g1307.8093,erythromycin,1
g1307.8094,erythromycin,0
g1307.8095,erythromycin,0
g1307.8096,erythromycin,0
g1307.8097,erythromycin,0
g1307.8098,erythromycin,0
g1307.8099,erythromycin,0
g1307.8100,erythromycin,0
g1307.8101,erythromycin,0
g1307.8102,erythromycin,0
g1307.8103,erythromycin,1
g1307.8104,erythromycin,0
g1307.8105,erythromycin,0
g1307.8106,erythromycin,1
g1307.8107,erythromycin,1
g1307.8108,erythromycin,1
g1307.8109,erythromycin,0
g1307.8110,erythromycin,0
g1307.8111,erythromycin,1
g1307.8112,erythromycin,0
g1307.8113,erythromycin,1
g1307.8114,erythromycin,0
g1307.8115,erythromycin,1
g1307.8116,erythromycin,0
g1307.8117,erythromycin,1
g1307.8118,erythromycin,1
g1307.8119,erythromycin,1
g1307.8120,erythromycin,0
g1307.8121,erythromycin,0
g1307.8122,erythromycin,1
g1307.8123,erythromycin,0
g1307.8124,erythromycin,1
g1307.8125,erythromycin,1
g1307.8126,erythromycin,1
g1307.8127,erythromycin,1
g1307.8128,erythromycin,1
g1307.8129,erythromycin,1
g1307.8130,erythromycin,0
g1307.8131,erythromycin,0
g1307.8132,erythromycin,0
g1307.8133,erythromycin,1
g1307.8134,erythromycin,1
g1307.8135,erythromycin,1
g1307.8136,erythromycin,1
g1307.8137,erythromycin,0
g1307.8138,erythromycin,0
g1307.8139,erythromycin,1
g1307.8140,erythromycin,0
g1307.8141,erythromycin,0
g1307.8142,erythromycin,0
g1307.8143,erythromycin,1
g1307.8144,erythromycin,1
g1307.8145,erythromycin,1
g1307.8146,erythromycin,0
g1307.8147,erythromycin,1
g1307.8148,erythromycin,1
g1307.8149,erythromycin,1
g1307.8150,erythromycin,0
g1307.8151,erythromycin,0
g1307.8152,erythromycin,0
g1307.8153,erythromycin,0
g1307.8154,erythromycin,1
g1307.8155,erythromycin,0
g1307.8156,erythromycin,0
g1307.8157,erythromycin,1
g1307.8158,erythromycin,0
g1307.8159,erythromycin,0
g1307.8160,erythromycin,1
g1307.8161,erythromycin,1
g1307.8162,erythromycin,0
g1307.8163,erythromycin,0
g1307.8164,erythromycin,0
g1307.8165,erythromycin,1
g1307.8166,erythromycin,0
g1307.8167,erythromycin,1
g1307.8168,erythromycin,1
g1307.8169,erythromycin,1
g1307.8170,erythromycin,0
g1307.8171,erythromycin,0
g1307.8172,erythromycin,0
g1307.8173,erythromycin,0
g1307.8174,erythromycin,0
g1307.8175,erythromycin,1
g1307.8176,erythromycin,0
g1307.8177,erythromycin,1
g1307.8178,erythromycin,0
g1307.8179,erythromycin,0
g1307.7503,tylosin,1
g1307.7504,tylosin,1
g1307.7505,tylosin,0
g1307.7506,tylosin,0
g1307.7507,tylosin,0
g1307.7508,tylosin,0
g1307.7509,tylosin,0
g1307.7510,tylosin,1
g1307.7511,tylosin,0
g1307.7512,tylosin,0
g1307.7513,tylosin,1
g1307.7514,tylosin,0
g1307.7515,tylosin,1
g1307.7516,tylosin,1
g1307.7517,tylosin,0
g1307.7518,tylosin,1
g1307.7519,tylosin,1
g1307.7520,tylosin,1
g1307.7521,tylosin,0
g1307.7522,tylosin,0
g1307.7523,tylosin,1
g1307.7524,tylosin,0
g1307.7525,tylosin,0
g1307.7526,tylosin,1
g1307.7527,tylosin,1
g1307.7528,tylosin,1
g1307.7529,tylosin,0
g1307.7530,tylosin,1
g1307.7531,tylosin,0
g1307.7532,tylosin,1
g1307.7533,tylosin,0
g1307.7534,tylosin,1
g1307.7535,tylosin,0
g1307.7536,tylosin,1
g1307.7537,tylosin,0
g1307.7538,tylosin,1
g1307.7539,tylosin,0
g1307.7540,tylosin,1
g1307.7541,tylosin,1
g1307.7542,tylosin,0
g1307.7543,tylosin,0
g1307.7544,tylosin,0
g1307.7545,tylosin,0
g1307.7546,tylosin,1
g1307.7547,tylosin,0
g1307.7548,tylosin,1
g1307.7549,tylosin,1
g1307.7550,tylosin,0
g1307.7551,tylosin,1
g1307.7552,tylosin,1
g1307.7553,tylosin,0
g1307.7554,tylosin,0
g1307.7555,tylosin,1
g1307.7556,tylosin,1
g1307.7557,tylosin,0
g1307.7558,tylosin,0
g1307.7559,tylosin,1
g1307.7560,tylosin,1
g1307.7561,tylosin,1
g1307.7562,tylosin,1
g1307.7563,tylosin,1
g1307.7564,tylosin,1
g1307.7565,tylosin,0
g1307.7566,tylosin,0
g1307.7567,tylosin,0
g1307.7568,tylosin,0
g1307.7569,tylosin,1
g1307.7570,tylosin,1
g1307.7571,tylosin,0
g1307.7572,tylosin,0
g1307.7573,tylosin,0
g1307.7574,tylosin,0
g1307.7575,tylosin,1
g1307.7576,tylosin,0
g1307.7577,tylosin,0
g1307.7578,tylosin,0
g1307.7579,tylosin,1
g1307.7580,tylosin,0
g1307.7581,tylosin,1
g1307.7582,tylosin,0
g1307.7583,tylosin,0
g1307.7584,tylosin,0
g1307.7585,tylosin,0
g1307.7586,tylosin,0
g1307.7587,tylosin,0
g1307.7588,tylosin,0
g1307.7589,tylosin,0
g1307.7590,tylosin,0
g1307.7591,tylosin,0
g1307.7592,tylosin,0
g1307.7593,tylosin,0
g1307.7594,tylosin,1
g1307.7595,tylosin,0
g1307.7596,tylosin,0
g1307.7597,tylosin,1
g1307.7598,tylosin,1
g1307.7599,tylosin,0
g1307.7600,tylosin,0
g1307.7601,tylosin,1
g1307.7602,tylosin,1
g1307.7603,tylosin,1
g1307.7604,tylosin,1
g1307.7605,tylosin,1
g1307.7606,tylosin,0
g1307.7607,tylosin,0
g1307.7608,tylosin,0
g1307.7609,tylosin,1
g1307.7610,tylosin,1
g1307.7611,tylosin,0
g1307.7612,tylosin,1
g1307.7613,tylosin,0
g1307.7614,tylosin,0
g1307.7615,tylosin,1
g1307.7616,tylosin,1
g1307.7617,tylosin,0
g1307.7618,tylosin,1
g1307.7619,tylosin,1
g1307.7620,tylosin,0
g1307.7621,tylosin,0
g1307.7622,tylosin,0
g1307.7623,tylosin,1
g1307.7624,tylosin,0
g1307.7625,tylosin,0
g1307.7626,tylosin,1
g1307.7627,tylosin,0
g1307.7628,tylosin,1
g1307.7629,tylosin,1
g1307.7630,tylosin,1
g1307.7631,tylosin,1
g1307.7632,tylosin,1
g1307.7633,tylosin,1
g1307.7634,tylosin,1
g1307.7635,tylosin,1
g1307.7636,tylosin,1
g1307.7637,tylosin,1
g1307.7638,tylosin,1
g1307.7639,tylosin,1
g1307.7640,tylosin,1
g1307.7641,tylosin,1
g1307.7642,tylosin,0
g1307.7643,tylosin,1
g1307.7644,tylosin,1
g1307.7645,tylosin,0
g1307.7646,tylosin,0
g1307.7647,tylosin,0
g1307.7648,tylosin,0
g1307.7649,tylosin,1
g1307.7650,tylosin,1
g1307.7651,tylosin,1
g1307.7652,tylosin,0
g1307.7653,tylosin,1
g1307.7654,tylosin,0
g1307.7655,tylosin,1
g1307.7656,tylosin,1
g1307.7657,tylosin,1
g1307.7658,tylosin,0
g1307.7659,tylosin,0
g1307.7660,tylosin,1
g1307.7661,tylosin,0
g1307.7662,tylosin,0
g1307.7663,tylosin,1
g1307.7664,tylosin,1
g1307.7665,tylosin,0
g1307.7666,tylosin,0
g1307.7667,tylosin,1
g1307.7668,tylosin,1
g1307.7669,tylosin,1
g1307.7670,tylosin,1
g1307.7671,tylosin,1
g1307.7672,tylosin,1
g1307.7673,tylosin,1
g1307.7674,tylosin,1
g1307.7675,tylosin,1
g1307.7676,tylosin,1
g1307.7677,tylosin,1
g1307.7678,tylosin,1
g1307.7679,tylosin,1
g1307.7680,tylosin,1
g1307.7681,tylosin,0
g1307.7682,tylosin,1
g1307.7683,tylosin,1
g1307.7684,tylosin,1
g1307.7685,tylosin,1
g1307.7686,tylosin,0
g1307.7687,tylosin,1
g1307.7688,tylosin,0
g1307.7689,tylosin,1
g1307.7690,tylosin,1
g1307.7691,tylosin,0
g1307.7692,tylosin,0
g1307.7693,tylosin,0
g1307.7694,tylosin,0
g1307.7695,tylosin,0
g1307.7696,tylosin,1
g1307.7697,tylosin,0
g1307.7698,tylosin,1
g1307.7699,tylosin,1
g1307.7700,tylosin,1
g1307.7701,tylosin,1
g1307.7702,tylosin,0
g1307.7703,tylosin,1
g1307.7704,tylosin,1
g1307.7705,tylosin,0
g1307.7706,tylosin,0
g1307.7707,tylosin,0
g1307.7708,tylosin,0
g1307.7709,tylosin,1
g1307.7710,tylosin,1
g1307.7711,tylosin,0
g1307.7712,tylosin,1
g1307.7713,tylosin,0
g1307.7714,tylosin,1
g1307.7715,tylosin,1
g1307.7716,tylosin,1
g1307.7717,tylosin,0
g1307.7718,tylosin,1
g1307.7719,tylosin,1
g1307.7720,tylosin,1
g1307.7721,tylosin,1
g1307.7722,tylosin,1
g1307.7723,tylosin,1
g1307.7724,tylosin,1
g1307.7725,tylosin,0
g1307.7726,tylosin,0
g1307.7727,tylosin,1
g1307.7728,tylosin,1
g1307.7729,tylosin,0
g1307.7730,tylosin,1
g1307.7731,tylosin,1
g1307.7732,tylosin,1
g1307.7733,tylosin,1
g1307.7734,tylosin,0
g1307.7735,tylosin,1
g1307.7736,tylosin,0
g1307.7737,tylosin,1
g1307.7738,tylosin,0
g1307.7739,tylosin,1
g1307.7740,tylosin,0
g1307.7741,tylosin,1
g1307.7742,tylosin,1
g1307.7743,tylosin,1
g1307.7744,tylosin,1
g1307.7745,tylosin,0
g1307.7746,tylosin,1
g1307.7747,tylosin,0
g1307.7748,tylosin,1
g1307.7749,tylosin,1
g1307.7750,tylosin,0
g1307.7751,tylosin,1
g1307.7752,tylosin,1
g1307.7753,tylosin,0
g1307.7754,tylosin,1
g1307.7755,tylosin,0
g1307.7756,tylosin,1
g1307.7757,tylosin,1
g1307.7758,tylosin,1
g1307.7759,tylosin,0
g1307.7760,tylosin,0
g1307.7761,tylosin,1
g1307.7762,tylosin,1
g1307.7763,tylosin,1
g1307.7764,tylosin,1
g1307.7765,tylosin,1
g1307.7766,tylosin,1
g1307.7767,tylosin,0
g1307.7768,tylosin,0
g1307.7769,tylosin,1
g1307.7770,tylosin,1
g1307.7771,tylosin,1
g1307.7772,tylosin,0
g1307.7773,tylosin,1
g1307.7774,tylosin,1
g1307.7775,tylosin,1
g1307.7776,tylosin,1
g1307.7777,tylosin,1
g1307.7778,tylosin,1
g1307.7779,tylosin,1
g1307.7780,tylosin,1
g1307.7781,tylosin,1
g1307.7782,tylosin,0
g1307.7783,tylosin,1
g1307.7784,tylosin,1
g1307.7785,tylosin,0
g1307.7786,tylosin,1
g1307.7787,tylosin,1
g1307.7788,tylosin,0
g1307.7789,tylosin,1
g1307.7790,tylosin,1
g1307.7791,tylosin,1
g1307.7792,tylosin,0
g1307.7793,tylosin,0
g1307.7794,tylosin,0
g1307.7795,tylosin,1
g1307.7796,tylosin,1
g1307.7797,tylosin,0
g1307.7798,tylosin,1
g1307.7799,tylosin,1
g1307.7800,tylosin,1
g1307.7801,tylosin,0
g1307.7802,tylosin,0
g1307.7803,tylosin,1
g1307.7804,tylosin,1
g1307.7805,tylosin,1
g1307.7806,tylosin,1
g1307.7807,tylosin,1
g1307.7808,tylosin,1
g1307.7809,tylosin,1
g1307.7810,tylosin,1
g1307.7811,tylosin,1
g1307.7812,tylosin,1
g1307.7813,tylosin,1
g1307.7814,tylosin,1
g1307.7815,tylosin,1
g1307.7816,tylosin,1
g1307.7817,tylosin,1
g1307.7818,tylosin,1
g1307.7819,tylosin,1
g1307.7820,tylosin,1
g1307.7821,tylosin,1
g1307.7822,tylosin,1
g1307.7823,tylosin,1
g1307.7824,tylosin,0
g1307.7825,tylosin,0
g1307.7826,tylosin,1
g1307.7827,tylosin,1
g1307.7828,tylosin,1
g1307.7829,tylosin,1
g1307.7830,tylosin,1
g1307.7831,tylosin,1
g1307.7832,tylosin,0
g1307.7833,tylosin,1
g1307.7834,tylosin,1
g1307.7835,tylosin,1
g1307.7836,tylosin,1
g1307.7837,tylosin,0
g1307.7838,tylosin,1
g1307.7839,tylosin,1
g1307.7840,tylosin,1
g1307.7841,tylosin,1
g1307.7842,tylosin,0
g1307.7843,tylosin,1
g1307.7844,tylosin,1
g1307.7845,tylosin,0
g1307.7846,tylosin,0
g1307.7847,tylosin,1
g1307.7848,tylosin,0
g1307.7849,tylosin,1
g1307.7850,tylosin,1
g1307.7851,tylosin,1
g1307.7852,tylosin,1
g1307.7853,tylosin,0
g1307.7854,tylosin,1
g1307.7855,tylosin,1
g1307.7856,tylosin,0
g1307.7857,tylosin,1
g1307.7858,tylosin,0
g1307.7859,tylosin,1
g1307.7860,tylosin,1
g1307.7861,tylosin,0
g1307.7862,tylosin,0
g1307.7863,tylosin,0
g1307.7864,tylosin,0
g1307.7865,tylosin,0
g1307.7866,tylosin,0
g1307.7867,tylosin,0
g1307.7868,tylosin,0
g1307.7869,tylosin,1
g1307.7870,tylosin,0
g1307.7871,tylosin,1
g1307.7872,tylosin,1
g1307.7873,tylosin,0
g1307.7874,tylosin,0
g1307.7875,tylosin,1
g1307.7876,tylosin,0
g1307.7877,tylosin,0
g1307.7878,tylosin,0
g1307.7879,tylosin,0
g1307.7880,tylosin,1
g1307.7881,tylosin,0
g1307.7882,tylosin,1
g1307.7883,tylosin,0
g1307.7884,tylosin,0
g1307.7885,tylosin,0
g1307.7886,tylosin,1
g1307.7887,tylosin,0
g1307.7888,tylosin,0
g1307.7889,tylosin,1
g1307.7890,tylosin,0
g1307.7891,tylosin,0
g1307.7892,tylosin,0
g1307.7893,tylosin,0
g1307.7894,tylosin,1
g1307.7895,tylosin,0
g1307.7896,tylosin,1
g1307.7897,tylosin,0
g1307.7898,tylosin,1
g1307.7899,tylosin,1
g1307.7900,tylosin,0
g1307.7901,tylosin,0
g1307.7902,tylosin,0
g1307.7903,tylosin,0
g1307.7904,tylosin,1
g1307.7905,tylosin,0
g1307.7906,tylosin,0
g1307.7907,tylosin,0
g1307.7908,tylosin,0
g1307.7909,tylosin,0
g1307.7910,tylosin,0
g1307.7911,tylosin,0
g1307.7912,tylosin,0
g1307.7913,tylosin,0
g1307.7914,tylosin,1
g1307.7915,tylosin,0
g1307.7916,tylosin,0
g1307.7917,tylosin,1
g1307.7918,tylosin,1
g1307.7919,tylosin,0
g1307.7920,tylosin,0
g1307.7921,tylosin,0
g1307.7922,tylosin,0
g1307.7923,tylosin,0
g1307.7924,tylosin,0
g1307.7925,tylosin,1
g1307.7926,tylosin,1
g1307.7927,tylosin,1
g1307.7928,tylosin,0
g1307.7929,tylosin,1
g1307.7930,tylosin,1
g1307.7931,tylosin,1
g1307.7932,tylosin,0
g1307.7933,tylosin,1
g1307.7934,tylosin,1
g1307.7935,tylosin,1
g1307.7936,tylosin,0
g1307.7937,tylosin,1
g1307.7938,tylosin,1
g1307.7939,tylosin,0
g1307.7940,tylosin,1
g1307.7941,tylosin,1
g1307.7942,tylosin,0
g1307.7943,tylosin,0
g1307.7944,tylosin,1
g1307.7945,tylosin,0
g1307.7946,tylosin,0
g1307.7947,tylosin,0
g1307.7948,tylosin,1
g1307.7949,tylosin,0
g1307.7950,tylosin,0
g1307.7951,tylosin,1
g1307.7952,tylosin,0
g1307.7953,tylosin,0
g1307.7954,tylosin,0
g1307.7955,tylosin,1
g1307.7956,tylosin,1
g1307.7957,tylosin,0
g1307.7958,tylosin,0
g1307.7959,tylosin,1
g1307.7960,tylosin,1
g1307.7961,tylosin,0
g1307.7962,tylosin,1
g1307.7963,tylosin,1
g1307.7964,tylosin,0
g1307.7965,tylosin,0
g1307.7966,tylosin,1
g1307.7967,tylosin,1
g1307.7968,tylosin,0
g1307.7969,tylosin,1
g1307.7970,tylosin,0
g1307.7971,tylosin,0
g1307.7972,tylosin,1
g1307.7973,tylosin,0
g1307.7974,tylosin,1
g1307.7975,tylosin,1
g1307.7976,tylosin,0
g1307.7977,tylosin,0
g1307.7978,tylosin,1
g1307.7979,tylosin,0
g1307.7980,tylosin,0
g1307.7981,tylosin,1
g1307.7982,tylosin,0
g1307.7983,tylosin,1
g1307.7984,tylosin,0
g1307.7985,tylosin,0
g1307.7986,tylosin,1
g1307.7987,tylosin,0
g1307.7988,tylosin,1
g1307.7989,tylosin,1
g1307.7990,tylosin,0
g1307.7991,tylosin,1
g1307.7992,tylosin,1
g1307.7993,tylosin,1
g1307.7994,tylosin,1
g1307.7995,tylosin,0
g1307.7996,tylosin,1
g1307.7997,tylosin,1
g1307.7998,tylosin,0
g1307.7999,tylosin,0
g1307.8000,tylosin,0
g1307.8001,tylosin,1
g1307.8002,tylosin,1
g1307.8003,tylosin,0
g1307.8004,tylosin,0
g1307.8005,tylosin,1
g1307.8006,tylosin,0
g1307.8007,tylosin,1
g1307.8008,tylosin,0
g1307.8009,tylosin,0
g1307.8010,tylosin,0
g1307.8011,tylosin,1
g1307.8012,tylosin,1
g1307.8013,tylosin,1
g1307.8014,tylosin,0
g1307.8015,tylosin,0
g1307.8016,tylosin,1
g1307.8017,tylosin,1
g1307.8018,tylosin,1
g1307.8019,tylosin,1
g1307.8020,tylosin,1
g1307.8021,tylosin,1
g1307.8022,tylosin,1
g1307.8023,tylosin,1
g1307.8024,tylosin,1
g1307.8025,tylosin,0
g1307.8026,tylosin,1
g1307.8027,tylosin,0
g1307.8028,tylosin,1
g1307.8029,tylosin,1
g1307.8030,tylosin,1
g1307.8031,tylosin,0
g1307.8032,tylosin,1
g1307.8033,tylosin,0
g1307.8034,tylosin,1
g1307.8035,tylosin,0
g1307.8036,tylosin,1
g1307.8037,tylosin,0
g1307.8038,tylosin,0
g1307.8039,tylosin,1
g1307.8040,tylosin,0
g1307.8041,tylosin,0
g1307.8042,tylosin,1
g1307.8043,tylosin,0
g1307.8044,tylosin,0
g1307.8045,tylosin,0
g1307.8046,tylosin,1
g1307.8047,tylosin,1
g1307.8048,tylosin,0
g1307.8049,tylosin,0
g1307.8050,tylosin,0
g1307.8051,tylosin,0
g1307.8052,tylosin,1
g1307.8053,tylosin,0
g1307.8054,tylosin,1
g1307.8055,tylosin,0
g1307.8056,tylosin,0
g1307.8057,tylosin,0
g1307.8058,tylosin,0
g1307.8059,tylosin,0
g1307.8060,tylosin,1
g1307.8061,tylosin,0
g1307.8062,tylosin,0
g1307.8063,tylosin,1
g1307.8064,tylosin,1
g1307.8065,tylosin,1
g1307.8066,tylosin,1
g1307.8067,tylosin,0
g1307.8068,tylosin,1
g1307.8069,tylosin,0
g1307.8070,tylosin,1
g1307.8071,tylosin,1
g1307.8072,tylosin,1
g1307.8073,tylosin,0
g1307.8074,tylosin,1
g1307.8075,tylosin,1
g1307.8076,tylosin,1
g1307.8077,tylosin,0
g1307.8078,tylosin,0
g1307.8079,tylosin,1
g1307.8080,tylosin,1
g1307.8081,tylosin,0
g1307.8082,tylosin,1
g1307.8083,tylosin,1
g1307.8084,tylosin,0
g1307.8085,tylosin,0
g1307.8086,tylosin,1
g1307.8087,tylosin,1
g1307.8088,tylosin,0
g1307.8089,tylosin,0
g1307.8090,tylosin,1
g1307.8091,tylosin,0
g1307.8092,tylosin,1
g1307.8093,tylosin,1
g1307.8094,tylosin,0
g1307.8095,tylosin,0
g1307.8096,tylosin,0
g1307.8097,tylosin,0
g1307.8098,tylosin,0
g1307.8099,tylosin,0
g1307.8100,tylosin,0
g1307.8101,tylosin,0
g1307.8102,tylosin,0
g1307.8103,tylosin,1
g1307.8104,tylosin,0
g1307.8105,tylosin,0
g1307.8106,tylosin,1
g1307.8107,tylosin,1
g1307.8108,tylosin,1
g1307.8109,tylosin,0
g1307.8110,tylosin,0
g1307.8111,tylosin,1
g1307.8112,tylosin,0
g1307.8113,tylosin,1
g1307.8114,tylosin,0
g1307.8115,tylosin,1
g1307.8116,tylosin,0
g1307.8117,tylosin,1
g1307.8118,tylosin,1
g1307.8119,tylosin,1
g1307.8120,tylosin,0
g1307.8121,tylosin,0
g1307.8122,tylosin,1
g1307.8123,tylosin,0
g1307.8124,tylosin,1
g1307.8125,tylosin,1
g1307.8126,tylosin,1
g1307.8127,tylosin,1
g1307.8128,tylosin,1
g1307.8129,tylosin,1
g1307.8130,tylosin,0
g1307.8131,tylosin,0
g1307.8132,tylosin,0
g1307.8133,tylosin,1
g1307.8134,tylosin,1
g1307.8135,tylosin,1
g1307.8136,tylosin,1
g1307.8137,tylosin,0
g1307.8138,tylosin,0
g1307.8139,tylosin,1
g1307.8140,tylosin,0
g1307.8141,tylosin,0
g1307.8142,tylosin,0
g1307.8143,tylosin,1
g1307.8144,tylosin,1
g1307.8145,tylosin,1
g1307.8146,tylosin,0
g1307.8147,tylosin,1
g1307.8148,tylosin,1
g1307.8149,tylosin,1
g1307.8150,tylosin,0
g1307.8151,tylosin,0
g1307.8152,tylosin,0
g1307.8153,tylosin,0
g1307.8154,tylosin,1
g1307.8155,tylosin,0
g1307.8156,tylosin,0
g1307.8157,tylosin,1
g1307.8158,tylosin,0
g1307.8159,tylosin,0
g1307.8160,tylosin,1
g1307.8161,tylosin,1
g1307.8162,tylosin,0
g1307.8163,tylosin,0
g1307.8164,tylosin,0
g1307.8165,tylosin,1
g1307.8166,tylosin,0
g1307.8167,tylosin,1
g1307.8168,tylosin,1
g1307.8169,tylosin,1
g1307.8170,tylosin,0
g1307.8171,tylosin,1
g1307.8172,tylosin,0
g1307.8173,tylosin,0
g1307.8174,tylosin,0
g1307.8175,tylosin,1
g1307.8176,tylosin,0
g1307.8177,tylosin,1
g1307.8178,tylosin,0
g1307.8179,tylosin,0
g1307.7503,tilmicosin,1
g1307.7504,tilmicosin,1
g1307.7505,tilmicosin,0
g1307.7506,tilmicosin,0
g1307.7507,tilmicosin,0
g1307.7508,tilmicosin,0
g1307.7509,tilmicosin,0
g1307.7510,tilmicosin,1
g1307.7511,tilmicosin,0
g1307.7512,tilmicosin,0
g1307.7513,tilmicosin,1
g1307.7514,tilmicosin,0
g1307.7515,tilmicosin,1
g1307.7516,tilmicosin,1
g1307.7517,tilmicosin,0
g1307.7518,tilmicosin,1
g1307.7519,tilmicosin,1
g1307.7520,tilmicosin,1
g1307.7521,tilmicosin,0
g1307.7522,tilmicosin,0
g1307.7523,tilmicosin,1
g1307.7524,tilmicosin,0
g1307.7525,tilmicosin,0
g1307.7526,tilmicosin,1
g1307.7527,tilmicosin,1
g1307.7528,tilmicosin,1
g1307.7529,tilmicosin,0
g1307.7530,tilmicosin,1
g1307.7531,tilmicosin,0
g1307.7532,tilmicosin,1
g1307.7533,tilmicosin,0
g1307.7534,tilmicosin,1
g1307.7535,tilmicosin,0
g1307.7536,tilmicosin,1
g1307.7537,tilmicosin,0
g1307.7538,tilmicosin,1
g1307.7539,tilmicosin,0
g1307.7540,tilmicosin,1
g1307.7541,tilmicosin,1
g1307.7542,tilmicosin,0
g1307.7543,tilmicosin,0
g1307.7544,tilmicosin,0
g1307.7545,tilmicosin,0
g1307.7546,tilmicosin,1
g1307.7547,tilmicosin,0
g1307.7548,tilmicosin,1
g1307.7549,tilmicosin,1
g1307.7550,tilmicosin,0
g1307.7551,tilmicosin,1
g1307.7552,tilmicosin,1
g1307.7553,tilmicosin,0
g1307.7554,tilmicosin,0
g1307.7555,tilmicosin,1
g1307.7556,tilmicosin,1
g1307.7557,tilmicosin,0
g1307.7558,tilmicosin,0
g1307.7559,tilmicosin,1
g1307.7560,tilmicosin,1
g1307.7561,tilmicosin,1
g1307.7562,tilmicosin,1
g1307.7563,tilmicosin,1
g1307.7564,tilmicosin,1
g1307.7565,tilmicosin,0
g1307.7566,tilmicosin,0
g1307.7567,tilmicosin,0
g1307.7568,tilmicosin,0
g1307.7569,tilmicosin,1
g1307.7570,tilmicosin,1
g1307.7571,tilmicosin,0
g1307.7572,tilmicosin,0
g1307.7573,tilmicosin,0
g1307.7574,tilmicosin,0
g1307.7575,tilmicosin,1
g1307.7576,tilmicosin,0
g1307.7577,tilmicosin,0
g1307.7578,tilmicosin,0
g1307.7579,tilmicosin,1
g1307.7580,tilmicosin,0
g1307.7581,tilmicosin,1
g1307.7582,tilmicosin,0
g1307.7583,tilmicosin,0
g1307.7584,tilmicosin,0
g1307.7585,tilmicosin,0
g1307.7586,tilmicosin,0
g1307.7587,tilmicosin,0
g1307.7588,tilmicosin,0
g1307.7589,tilmicosin,0
g1307.7590,tilmicosin,0
g1307.7591,tilmicosin,0
g1307.7592,tilmicosin,0
g1307.7593,tilmicosin,0
g1307.7594,tilmicosin,1
g1307.7595,tilmicosin,0
g1307.7596,tilmicosin,0
g1307.7597,tilmicosin,1
g1307.7598,tilmicosin,1
g1307.7599,tilmicosin,0
g1307.7600,tilmicosin,0
g1307.7601,tilmicosin,1
g1307.7602,tilmicosin,1
g1307.7603,tilmicosin,1
g1307.7604,tilmicosin,1
g1307.7605,tilmicosin,1
g1307.7606,tilmicosin,0
g1307.7607,tilmicosin,0
g1307.7608,tilmicosin,0
g1307.7609,tilmicosin,1
g1307.7610,tilmicosin,1
g1307.7611,tilmicosin,0
g1307.7612,tilmicosin,1
g1307.7613,tilmicosin,0
g1307.7614,tilmicosin,0
g1307.7615,tilmicosin,1
g1307.7616,tilmicosin,1
g1307.7617,tilmicosin,0
g1307.7618,tilmicosin,1
g1307.7619,tilmicosin,1
g1307.7620,tilmicosin,0
g1307.7621,tilmicosin,0
g1307.7622,tilmicosin,0
g1307.7623,tilmicosin,1
g1307.7624,tilmicosin,0
g1307.7625,tilmicosin,0
g1307.7626,tilmicosin,1
g1307.7627,tilmicosin,0
g1307.7628,tilmicosin,1
g1307.7629,tilmicosin,1
g1307.7630,tilmicosin,1
g1307.7631,tilmicosin,1
g1307.7632,tilmicosin,1
g1307.7633,tilmicosin,1
g1307.7634,tilmicosin,1
g1307.7635,tilmicosin,1
g1307.7636,tilmicosin,1
g1307.7637,tilmicosin,1
g1307.7638,tilmicosin,1
g1307.7639,tilmicosin,1
g1307.7640,tilmicosin,1
g1307.7641,tilmicosin,1
g1307.7642,tilmicosin,0
g1307.7643,tilmicosin,1
g1307.7644,tilmicosin,1
g1307.7645,tilmicosin,0
g1307.7646,tilmicosin,0
g1307.7647,tilmicosin,0
g1307.7648,tilmicosin,0
g1307.7649,tilmicosin,1
g1307.7650,tilmicosin,1
g1307.7651,tilmicosin,1
g1307.7652,tilmicosin,0
g1307.7653,tilmicosin,1
g1307.7654,tilmicosin,0
g1307.7655,tilmicosin,1
g1307.7656,tilmicosin,1
g1307.7657,tilmicosin,1
g1307.7658,tilmicosin,0
g1307.7659,tilmicosin,0
g1307.7660,tilmicosin,0
g1307.7661,tilmicosin,0
g1307.7662,tilmicosin,0
g1307.7663,tilmicosin,1
g1307.7664,tilmicosin,1
g1307.7665,tilmicosin,0
g1307.7666,tilmicosin,0
g1307.7667,tilmicosin,1
g1307.7668,tilmicosin,1
g1307.7669,tilmicosin,1
g1307.7670,tilmicosin,1
g1307.7671,tilmicosin,1
g1307.7672,tilmicosin,1
g1307.7673,tilmicosin,1
g1307.7674,tilmicosin,1
g1307.7675,tilmicosin,1
g1307.7676,tilmicosin,1
g1307.7677,tilmicosin,1
g1307.7678,tilmicosin,1
g1307.7679,tilmicosin,1
g1307.7680,tilmicosin,1
g1307.7681,tilmicosin,0
g1307.7682,tilmicosin,1
g1307.7683,tilmicosin,1
g1307.7684,tilmicosin,1
g1307.7685,tilmicosin,1
g1307.7686,tilmicosin,0
g1307.7687,tilmicosin,1
g1307.7688,tilmicosin,0
g1307.7689,tilmicosin,1
g1307.7690,tilmicosin,1
g1307.7691,tilmicosin,0
g1307.7692,tilmicosin,0
g1307.7693,tilmicosin,0
g1307.7694,tilmicosin,0
g1307.7695,tilmicosin,0
g1307.7696,tilmicosin,1
g1307.7697,tilmicosin,0
g1307.7698,tilmicosin,1
g1307.7699,tilmicosin,1
g1307.7700,tilmicosin,1
g1307.7701,tilmicosin,1
g1307.7702,tilmicosin,0
g1307.7703,tilmicosin,1
g1307.7704,tilmicosin,1
g1307.7705,tilmicosin,0
g1307.7706,tilmicosin,0
g1307.7707,tilmicosin,0
g1307.7708,tilmicosin,0
g1307.7709,tilmicosin,1
g1307.7710,tilmicosin,1
g1307.7711,tilmicosin,0
g1307.7712,tilmicosin,1
g1307.7713,tilmicosin,0
g1307.7714,tilmicosin,1
g1307.7715,tilmicosin,1
g1307.7716,tilmicosin,1
g1307.7717,tilmicosin,0
g1307.7718,tilmicosin,1
g1307.7719,tilmicosin,1
g1307.7720,tilmicosin,1
g1307.7721,tilmicosin,1
g1307.7722,tilmicosin,1
g1307.7723,tilmicosin,1
g1307.7724,tilmicosin,1
g1307.7725,tilmicosin,0
g1307.7726,tilmicosin,0
g1307.7727,tilmicosin,1
g1307.7728,tilmicosin,1
g1307.7729,tilmicosin,0
g1307.7730,tilmicosin,1
g1307.7731,tilmicosin,1
g1307.7732,tilmicosin,1
g1307.7733,tilmicosin,1
g1307.7734,tilmicosin,0
g1307.7735,tilmicosin,1
g1307.7736,tilmicosin,0
g1307.7737,tilmicosin,1
g1307.7738,tilmicosin,0
g1307.7739,tilmicosin,1
g1307.7740,tilmicosin,1
g1307.7741,tilmicosin,1
g1307.7742,tilmicosin,1
g1307.7743,tilmicosin,1
g1307.7744,tilmicosin,1
g1307.7745,tilmicosin,0
g1307.7746,tilmicosin,1
g1307.7747,tilmicosin,0
g1307.7748,tilmicosin,1
g1307.7749,tilmicosin,1
g1307.7750,tilmicosin,0
g1307.7751,tilmicosin,1
g1307.7752,tilmicosin,1
g1307.7753,tilmicosin,0
g1307.7754,tilmicosin,1
g1307.7755,tilmicosin,0
g1307.7756,tilmicosin,1
g1307.7757,tilmicosin,1
g1307.7758,tilmicosin,1
g1307.7759,tilmicosin,0
g1307.7760,tilmicosin,0
g1307.7761,tilmicosin,1
g1307.7762,tilmicosin,1
g1307.7763,tilmicosin,1
g1307.7764,tilmicosin,1
g1307.7765,tilmicosin,1
g1307.7766,tilmicosin,1
g1307.7767,tilmicosin,0
g1307.7768,tilmicosin,0
g1307.7769,tilmicosin,1
g1307.7770,tilmicosin,1
g1307.7771,tilmicosin,1
g1307.7772,tilmicosin,0
g1307.7773,tilmicosin,1
g1307.7774,tilmicosin,1
g1307.7775,tilmicosin,1
g1307.7776,tilmicosin,1
g1307.7777,tilmicosin,1
g1307.7778,tilmicosin,1
g1307.7779,tilmicosin,1
g1307.7780,tilmicosin,1
g1307.7781,tilmicosin,1
g1307.7782,tilmicosin,0
g1307.7783,tilmicosin,1
g1307.7784,tilmicosin,1
g1307.7785,tilmicosin,0
g1307.7786,tilmicosin,1
g1307.7787,tilmicosin,1
g1307.7788,tilmicosin,0
g1307.7789,tilmicosin,1
g1307.7790,tilmicosin,1
g1307.7791,tilmicosin,1
g1307.7792,tilmicosin,0
g1307.7793,tilmicosin,0
g1307.7794,tilmicosin,0
g1307.7795,tilmicosin,1
g1307.7796,tilmicosin,1
g1307.7797,tilmicosin,0
g1307.7798,tilmicosin,1
g1307.7799,tilmicosin,1
g1307.7800,tilmicosin,1
g1307.7801,tilmicosin,0
g1307.7802,tilmicosin,0
g1307.7803,tilmicosin,1
g1307.7804,tilmicosin,1
g1307.7805,tilmicosin,1
g1307.7806,tilmicosin,1
g1307.7807,tilmicosin,1
g1307.7808,tilmicosin,1
g1307.7809,tilmicosin,1
g1307.7810,tilmicosin,1
g1307.7811,tilmicosin,1
g1307.7812,tilmicosin,1
g1307.7813,tilmicosin,1
g1307.7814,tilmicosin,1
g1307.7815,tilmicosin,1
g1307.7816,tilmicosin,1
g1307.7817,tilmicosin,1
g1307.7818,tilmicosin,1
g1307.7819,tilmicosin,1
g1307.7820,tilmicosin,1
g1307.7821,tilmicosin,1
g1307.7822,tilmicosin,1
g1307.7823,tilmicosin,1
g1307.7824,tilmicosin,0
g1307.7825,tilmicosin,0
g1307.7826,tilmicosin,1
g1307.7827,tilmicosin,1
g1307.7828,tilmicosin,1
g1307.7829,tilmicosin,1
g1307.7830,tilmicosin,1
g1307.7831,tilmicosin,1
g1307.7832,tilmicosin,0
g1307.7833,tilmicosin,1
g1307.7834,tilmicosin,1
g1307.7835,tilmicosin,1
g1307.7836,tilmicosin,1
g1307.7837,tilmicosin,0
g1307.7838,tilmicosin,1
g1307.7839,tilmicosin,1
g1307.7840,tilmicosin,1
g1307.7841,tilmicosin,1
g1307.7842,tilmicosin,0
g1307.7843,tilmicosin,1
g1307.7844,tilmicosin,1
g1307.7845,tilmicosin,0
g1307.7846,tilmicosin,0
g1307.7847,tilmicosin,1
g1307.7848,tilmicosin,0
g1307.7849,tilmicosin,1
g1307.7850,tilmicosin,1
g1307.7851,tilmicosin,1
g1307.7852,tilmicosin,1
g1307.7853,tilmicosin,0
g1307.7854,tilmicosin,1
g1307.7855,tilmicosin,1
g1307.7856,tilmicosin,0
g1307.7857,tilmicosin,1
g1307.7858,tilmicosin,0
g1307.7859,tilmicosin,1
g1307.7860,tilmicosin,1
g1307.7861,tilmicosin,0
g1307.7862,tilmicosin,0
g1307.7863,tilmicosin,0
g1307.7864,tilmicosin,0
g1307.7865,tilmicosin,0
g1307.7866,tilmicosin,0
g1307.7867,tilmicosin,0
g1307.7868,tilmicosin,0
g1307.7869,tilmicosin,1
g1307.7870,tilmicosin,0
g1307.7871,tilmicosin,1
g1307.7872,tilmicosin,0
g1307.7873,tilmicosin,0
g1307.7874,tilmicosin,0
g1307.7875,tilmicosin,1
g1307.7876,tilmicosin,0
g1307.7877,tilmicosin,0
g1307.7878,tilmicosin,0
g1307.7879,tilmicosin,0
g1307.7880,tilmicosin,1
g1307.7881,tilmicosin,0
g1307.7882,tilmicosin,0
g1307.7883,tilmicosin,0
g1307.7884,tilmicosin,0
g1307.7885,tilmicosin,0
g1307.7886,tilmicosin,1
g1307.7887,tilmicosin,0
g1307.7888,tilmicosin,0
g1307.7889,tilmicosin,1
g1307.7890,tilmicosin,0
g1307.7891,tilmicosin,0
g1307.7892,tilmicosin,0
g1307.7893,tilmicosin,0
g1307.7894,tilmicosin,1
g1307.7895,tilmicosin,0
g1307.7896,tilmicosin,1
g1307.7897,tilmicosin,0
g1307.7898,tilmicosin,1
g1307.7899,tilmicosin,1
g1307.7900,tilmicosin,0
g1307.7901,tilmicosin,0
g1307.7902,tilmicosin,0
g1307.7903,tilmicosin,0
g1307.7904,tilmicosin,1
g1307.7905,tilmicosin,0
g1307.7906,tilmicosin,0
g1307.7907,tilmicosin,0
g1307.7908,tilmicosin,0
g1307.7909,tilmicosin,0
g1307.7910,tilmicosin,0
g1307.7911,tilmicosin,0
g1307.7912,tilmicosin,0
g1307.7913,tilmicosin,0
g1307.7914,tilmicosin,1
g1307.7915,tilmicosin,0
g1307.7916,tilmicosin,0
g1307.7917,tilmicosin,1
g1307.7918,tilmicosin,1
g1307.7919,tilmicosin,0
g1307.7920,tilmicosin,0
g1307.7921,tilmicosin,0
g1307.7922,tilmicosin,0
g1307.7923,tilmicosin,0
g1307.7924,tilmicosin,0
g1307.7925,tilmicosin,1
g1307.7926,tilmicosin,1
g1307.7927,tilmicosin,1
g1307.7928,tilmicosin,0
g1307.7929,tilmicosin,1
g1307.7930,tilmicosin,1
g1307.7931,tilmicosin,1
g1307.7932,tilmicosin,0
g1307.7933,tilmicosin,1
g1307.7934,tilmicosin,1
g1307.7935,tilmicosin,1
g1307.7936,tilmicosin,0
g1307.7937,tilmicosin,1
g1307.7938,tilmicosin,1
g1307.7939,tilmicosin,0
g1307.7940,tilmicosin,1
g1307.7941,tilmicosin,1
g1307.7942,tilmicosin,0
g1307.7943,tilmicosin,0
g1307.7944,tilmicosin,1
g1307.7945,tilmicosin,0
g1307.7946,tilmicosin,0
g1307.7947,tilmicosin,0
g1307.7948,tilmicosin,1
g1307.7949,tilmicosin,0
g1307.7950,tilmicosin,0
g1307.7951,tilmicosin,1
g1307.7952,tilmicosin,0
g1307.7953,tilmicosin,0
g1307.7954,tilmicosin,0
g1307.7955,tilmicosin,1
g1307.7956,tilmicosin,1
g1307.7957,tilmicosin,0
g1307.7958,tilmicosin,0
g1307.7959,tilmicosin,1
g1307.7960,tilmicosin,1
g1307.7961,tilmicosin,0
g1307.7962,tilmicosin,1
g1307.7963,tilmicosin,1
g1307.7964,tilmicosin,0
g1307.7965,tilmicosin,0
g1307.7966,tilmicosin,1
g1307.7967,tilmicosin,1
g1307.7968,tilmicosin,0
g1307.7969,tilmicosin,1
g1307.7970,tilmicosin,0
g1307.7971,tilmicosin,0
g1307.7972,tilmicosin,0
g1307.7973,tilmicosin,0
g1307.7974,tilmicosin,1
g1307.7975,tilmicosin,1
g1307.7976,tilmicosin,0
g1307.7977,tilmicosin,0
g1307.7978,tilmicosin,1
g1307.7979,tilmicosin,0
g1307.7980,tilmicosin,0
g1307.7981,tilmicosin,1
g1307.7982,tilmicosin,0
g1307.7983,tilmicosin,1
g1307.7984,tilmicosin,0
g1307.7985,tilmicosin,0
g1307.7986,tilmicosin,1
g1307.7987,tilmicosin,0
g1307.7988,tilmicosin,1
g1307.7989,tilmicosin,1
g1307.7990,tilmicosin,0
g1307.7991,tilmicosin,1
g1307.7992,tilmicosin,1
g1307.7993,tilmicosin,1
g1307.7994,tilmicosin,1
g1307.7995,tilmicosin,0
g1307.7996,tilmicosin,1
g1307.7997,tilmicosin,1
g1307.7998,tilmicosin,0
g1307.7999,tilmicosin,0
g1307.8000,tilmicosin,0
g1307.8001,tilmicosin,1
g1307.8002,tilmicosin,1
g1307.8003,tilmicosin,0
g1307.8004,tilmicosin,0
g1307.8005,tilmicosin,1
g1307.8006,tilmicosin,0
g1307.8007,tilmicosin,1
g1307.8008,tilmicosin,0
g1307.8009,tilmicosin,0
g1307.8010,tilmicosin,0
g1307.8011,tilmicosin,1
g1307.8012,tilmicosin,1
g1307.8013,tilmicosin,1
g1307.8014,tilmicosin,0
g1307.8015,tilmicosin,1
g1307.8016,tilmicosin,1
g1307.8017,tilmicosin,1
g1307.8018,tilmicosin,1
g1307.8019,tilmicosin,1
g1307.8020,tilmicosin,1
g1307.8021,tilmicosin,1
g1307.8022,tilmicosin,1
g1307.8023,tilmicosin,1
g1307.8024,tilmicosin,1
g1307.8025,tilmicosin,0
g1307.8026,tilmicosin,1
g1307.8027,tilmicosin,0
g1307.8028,tilmicosin,1
g1307.8029,tilmicosin,1
g1307.8030,tilmicosin,1
g1307.8031,tilmicosin,0
g1307.8032,tilmicosin,1
g1307.8033,tilmicosin,0
g1307.8034,tilmicosin,1
g1307.8035,tilmicosin,0
g1307.8036,tilmicosin,1
g1307.8037,tilmicosin,0
g1307.8038,tilmicosin,0
g1307.8039,tilmicosin,1
g1307.8040,tilmicosin,0
g1307.8041,tilmicosin,0
g1307.8042,tilmicosin,1
g1307.8043,tilmicosin,0
g1307.8044,tilmicosin,0
g1307.8045,tilmicosin,0
g1307.8046,tilmicosin,1
g1307.8047,tilmicosin,1
g1307.8048,tilmicosin,0
g1307.8049,tilmicosin,0
g1307.8050,tilmicosin,0
g1307.8051,tilmicosin,0
g1307.8052,tilmicosin,1
g1307.8053,tilmicosin,0
g1307.8054,tilmicosin,1
g1307.8055,tilmicosin,0
g1307.8056,tilmicosin,0
g1307.8057,tilmicosin,0
g1307.8058,tilmicosin,0
g1307.8059,tilmicosin,0
g1307.8060,tilmicosin,1
g1307.8061,tilmicosin,0
g1307.8062,tilmicosin,0
g1307.8063,tilmicosin,1
g1307.8064,tilmicosin,1
g1307.8065,tilmicosin,1
g1307.8066,tilmicosin,1
g1307.8067,tilmicosin,0
g1307.8068,tilmicosin,1
g1307.8069,tilmicosin,0
g1307.8070,tilmicosin,1
g1307.8071,tilmicosin,1
g1307.8072,tilmicosin,1
g1307.8073,tilmicosin,0
g1307.8074,tilmicosin,1
g1307.8075,tilmicosin,1
g1307.8076,tilmicosin,1
g1307.8077,tilmicosin,0
g1307.8078,tilmicosin,0
g1307.8079,tilmicosin,1
g1307.8080,tilmicosin,1
g1307.8081,tilmicosin,0
g1307.8082,tilmicosin,1
g1307.8083,tilmicosin,1
g1307.8084,tilmicosin,0
g1307.8085,tilmicosin,0
g1307.8086,tilmicosin,1
g1307.8087,tilmicosin,1
g1307.8088,tilmicosin,0
g1307.8089,tilmicosin,0
g1307.8090,tilmicosin,1
g1307.8091,tilmicosin,0
g1307.8092,tilmicosin,1
g1307.8093,tilmicosin,1
g1307.8094,tilmicosin,0
g1307.8095,tilmicosin,0
g1307.8096,tilmicosin,0
g1307.8097,tilmicosin,0
g1307.8098,tilmicosin,0
g1307.8099,tilmicosin,0
g1307.8100,tilmicosin,0
g1307.8101,tilmicosin,0
g1307.8102,tilmicosin,0
g1307.8103,tilmicosin,1
g1307.8104,tilmicosin,0
g1307.8105,tilmicosin,0
g1307.8106,tilmicosin,1
g1307.8107,tilmicosin,1
g1307.8108,tilmicosin,1
g1307.8109,tilmicosin,0
g1307.8110,tilmicosin,0
g1307.8111,tilmicosin,1
g1307.8112,tilmicosin,0
g1307.8113,tilmicosin,1
g1307.8114,tilmicosin,0
g1307.8115,tilmicosin,1
g1307.8116,tilmicosin,0
g1307.8117,tilmicosin,1
g1307.8118,tilmicosin,1
g1307.8119,tilmicosin,1
g1307.8120,tilmicosin,0
g1307.8121,tilmicosin,0
g1307.8122,tilmicosin,1
g1307.8123,tilmicosin,0
g1307.8124,tilmicosin,1
g1307.8125,tilmicosin,1
g1307.8126,tilmicosin,1
g1307.8127,tilmicosin,1
g1307.8128,tilmicosin,1
g1307.8129,tilmicosin,1
g1307.8130,tilmicosin,0
g1307.8131,tilmicosin,0
g1307.8132,tilmicosin,0
g1307.8133,tilmicosin,1
g1307.8134,tilmicosin,1
g1307.8135,tilmicosin,1
g1307.8136,tilmicosin,1
g1307.8137,tilmicosin,0
g1307.8138,tilmicosin,0
g1307.8139,tilmicosin,1
g1307.8140,tilmicosin,0
g1307.8141,tilmicosin,0
g1307.8142,tilmicosin,0
g1307.8143,tilmicosin,1
g1307.8144,tilmicosin,1
g1307.8145,tilmicosin,1
g1307.8146,tilmicosin,0
g1307.8147,tilmicosin,1
g1307.8148,tilmicosin,1
g1307.8149,tilmicosin,1
g1307.8150,tilmicosin,0
g1307.8151,tilmicosin,0
g1307.8152,tilmicosin,0
g1307.8153,tilmicosin,0
g1307.8154,tilmicosin,1
g1307.8155,tilmicosin,0
g1307.8156,tilmicosin,0
g1307.8157,tilmicosin,1
g1307.8158,tilmicosin,1
g1307.8159,tilmicosin,0
g1307.8160,tilmicosin,1
g1307.8161,tilmicosin,1
g1307.8162,tilmicosin,0
g1307.8163,tilmicosin,0
g1307.8164,tilmicosin,0
g1307.8165,tilmicosin,1
g1307.8166,tilmicosin,0
g1307.8167,tilmicosin,1
g1307.8168,tilmicosin,0
g1307.8169,tilmicosin,1
g1307.8170,tilmicosin,0
g1307.8171,tilmicosin,1
g1307.8172,tilmicosin,0
g1307.8173,tilmicosin,0
g1307.8174,tilmicosin,0
g1307.8175,tilmicosin,1
g1307.8176,tilmicosin,0
g1307.8177,tilmicosin,1
g1307.8178,tilmicosin,0
g1307.8179,tilmicosin,0
g1307.7503,lincomycin,1
g1307.7504,lincomycin,1
g1307.7505,lincomycin,0
g1307.7506,lincomycin,0
g1307.7507,lincomycin,0
g1307.7508,lincomycin,0
g1307.7509,lincomycin,0
g1307.7510,lincomycin,1
g1307.7511,lincomycin,0
g1307.7512,lincomycin,0
g1307.7513,lincomycin,1
g1307.7514,lincomycin,0
g1307.7515,lincomycin,1
g1307.7516,lincomycin,1
g1307.7517,lincomycin,0
g1307.7518,lincomycin,1
g1307.7519,lincomycin,1
g1307.7520,lincomycin,1
g1307.7521,lincomycin,0
g1307.7522,lincomycin,1
g1307.7523,lincomycin,1
g1307.7524,lincomycin,0
g1307.7525,lincomycin,0
g1307.7526,lincomycin,1
g1307.7527,lincomycin,1
g1307.7528,lincomycin,1
g1307.7529,lincomycin,0
g1307.7530,lincomycin,1
g1307.7531,lincomycin,0
g1307.7532,lincomycin,1
g1307.7533,lincomycin,0
g1307.7534,lincomycin,1
g1307.7535,lincomycin,0
g1307.7536,lincomycin,1
g1307.7537,lincomycin,0
g1307.7538,lincomycin,1
g1307.7539,lincomycin,0
g1307.7540,lincomycin,1
g1307.7541,lincomycin,1
g1307.7542,lincomycin,0
g1307.7543,lincomycin,1
g1307.7544,lincomycin,0
g1307.7545,lincomycin,0
g1307.7546,lincomycin,1
g1307.7547,lincomycin,0
g1307.7548,lincomycin,1
g1307.7549,lincomycin,1
g1307.7550,lincomycin,0
g1307.7551,lincomycin,1
g1307.7552,lincomycin,1
g1307.7553,lincomycin,1
g1307.7554,lincomycin,0
g1307.7555,lincomycin,1
g1307.7556,lincomycin,1
g1307.7557,lincomycin,0
g1307.7558,lincomycin,0
g1307.7559,lincomycin,1
g1307.7560,lincomycin,1
g1307.7561,lincomycin,1
g1307.7562,lincomycin,1
g1307.7563,lincomycin,1
g1307.7564,lincomycin,1
g1307.7565,lincomycin,0
g1307.7566,lincomycin,0
g1307.7567,lincomycin,1
g1307.7568,lincomycin,1
g1307.7569,lincomycin,1
g1307.7570,lincomycin,1
g1307.7571,lincomycin,0
g1307.7572,lincomycin,0
g1307.7573,lincomycin,0
g1307.7574,lincomycin,0
g1307.7575,lincomycin,1
g1307.7576,lincomycin,0
g1307.7577,lincomycin,0
g1307.7578,lincomycin,0
g1307.7579,lincomycin,1
g1307.7580,lincomycin,0
g1307.7581,lincomycin,1
g1307.7582,lincomycin,0
g1307.7583,lincomycin,1
g1307.7584,lincomycin,0
g1307.7585,lincomycin,0
g1307.7586,lincomycin,0
g1307.7587,lincomycin,0
g1307.7588,lincomycin,0
g1307.7589,lincomycin,0
g1307.7590,lincomycin,0
g1307.7591,lincomycin,0
g1307.7592,lincomycin,0
g1307.7593,lincomycin,1
g1307.7594,lincomycin,1
g1307.7595,lincomycin,1
g1307.7596,lincomycin,0
g1307.7597,lincomycin,1
g1307.7598,lincomycin,1
g1307.7599,lincomycin,0
g1307.7600,lincomycin,0
g1307.7601,lincomycin,1
g1307.7602,lincomycin,1
g1307.7603,lincomycin,1
g1307.7604,lincomycin,1
g1307.7605,lincomycin,1
g1307.7606,lincomycin,1
g1307.7607,lincomycin,1
g1307.7608,lincomycin,0
g1307.7609,lincomycin,1
g1307.7610,lincomycin,1
g1307.7611,lincomycin,0
g1307.7612,lincomycin,1
g1307.7613,lincomycin,1
g1307.7614,lincomycin,0
g1307.7615,lincomycin,1
g1307.7616,lincomycin,1
g1307.7617,lincomycin,0
g1307.7618,lincomycin,1
g1307.7619,lincomycin,1
g1307.7620,lincomycin,0
g1307.7621,lincomycin,0
g1307.7622,lincomycin,1
g1307.7623,lincomycin,1
g1307.7624,lincomycin,0
g1307.7625,lincomycin,0
g1307.7626,lincomycin,1
g1307.7627,lincomycin,0
g1307.7628,lincomycin,1
g1307.7629,lincomycin,1
g1307.7630,lincomycin,1
g1307.7631,lincomycin,1
g1307.7632,lincomycin,1
g1307.7633,lincomycin,1
g1307.7634,lincomycin,1
g1307.7635,lincomycin,1
g1307.7636,lincomycin,1
g1307.7637,lincomycin,1
g1307.7638,lincomycin,1
g1307.7639,lincomycin,1
g1307.7640,lincomycin,1
g1307.7641,lincomycin,1
g1307.7642,lincomycin,0
g1307.7643,lincomycin,1
g1307.7644,lincomycin,1
g1307.7645,lincomycin,0
g1307.7646,lincomycin,0
g1307.7647,lincomycin,0
g1307.7648,lincomycin,0
g1307.7649,lincomycin,1
g1307.7650,lincomycin,1
g1307.7651,lincomycin,1
g1307.7652,lincomycin,0
g1307.7653,lincomycin,1
g1307.7654,lincomycin,0
g1307.7655,lincomycin,1
g1307.7656,lincomycin,1
g1307.7657,lincomycin,1
g1307.7658,lincomycin,0
g1307.7659,lincomycin,1
g1307.7660,lincomycin,1
g1307.7661,lincomycin,0
g1307.7662,lincomycin,0
g1307.7663,lincomycin,1
g1307.7664,lincomycin,1
g1307.7665,lincomycin,0
g1307.7666,lincomycin,0
g1307.7667,lincomycin,1
g1307.7668,lincomycin,1
g1307.7669,lincomycin,1
g1307.7670,lincomycin,1
g1307.7671,lincomycin,1
g1307.7672,lincomycin,1
g1307.7673,lincomycin,1
g1307.7674,lincomycin,1
g1307.7675,lincomycin,1
g1307.7676,lincomycin,1
g1307.7677,lincomycin,1
g1307.7678,lincomycin,1
g1307.7679,lincomycin,1
g1307.7680,lincomycin,1
g1307.7681,lincomycin,0
g1307.7682,lincomycin,1
g1307.7683,lincomycin,1
g1307.7684,lincomycin,1
g1307.7685,lincomycin,1
g1307.7686,lincomycin,1
g1307.7687,lincomycin,1
g1307.7688,lincomycin,0
g1307.7689,lincomycin,1
g1307.7690,lincomycin,1
g1307.7691,lincomycin,0
g1307.7692,lincomycin,1
g1307.7693,lincomycin,0
g1307.7694,lincomycin,1
g1307.7695,lincomycin,0
g1307.7696,lincomycin,1
g1307.7697,lincomycin,0
g1307.7698,lincomycin,1
g1307.7699,lincomycin,1
g1307.7700,lincomycin,1
g1307.7701,lincomycin,1
g1307.7702,lincomycin,1
g1307.7703,lincomycin,1
g1307.7704,lincomycin,1
g1307.7705,lincomycin,1
g1307.7706,lincomycin,0
g1307.7707,lincomycin,0
g1307.7708,lincomycin,0
g1307.7709,lincomycin,1
g1307.7710,lincomycin,1
g1307.7711,lincomycin,0
g1307.7712,lincomycin,1
g1307.7713,lincomycin,0
g1307.7714,lincomycin,1
g1307.7715,lincomycin,1
g1307.7716,lincomycin,1
g1307.7717,lincomycin,0
g1307.7718,lincomycin,1
g1307.7719,lincomycin,1
g1307.7720,lincomycin,1
g1307.7721,lincomycin,1
g1307.7722,lincomycin,1
g1307.7723,lincomycin,1
g1307.7724,lincomycin,1
g1307.7725,lincomycin,1
g1307.7726,lincomycin,1
g1307.7727,lincomycin,1
g1307.7728,lincomycin,1
g1307.7729,lincomycin,1
g1307.7730,lincomycin,1
g1307.7731,lincomycin,1
g1307.7732,lincomycin,1
g1307.7733,lincomycin,1
g1307.7734,lincomycin,0
g1307.7735,lincomycin,1
g1307.7736,lincomycin,0
g1307.7737,lincomycin,1
g1307.7738,lincomycin,0
g1307.7739,lincomycin,1
g1307.7740,lincomycin,0
g1307.7741,lincomycin,1
g1307.7742,lincomycin,1
g1307.7743,lincomycin,1
g1307.7744,lincomycin,1
g1307.7745,lincomycin,0
g1307.7746,lincomycin,1
g1307.7747,lincomycin,0
g1307.7748,lincomycin,1
g1307.7749,lincomycin,1
g1307.7750,lincomycin,0
g1307.7751,lincomycin,1
g1307.7752,lincomycin,1
g1307.7753,lincomycin,1
g1307.7754,lincomycin,1
g1307.7755,lincomycin,1
g1307.7756,lincomycin,1
g1307.7757,lincomycin,1
g1307.7758,lincomycin,1
g1307.7759,lincomycin,0
g1307.7760,lincomycin,0
g1307.7761,lincomycin,1
g1307.7762,lincomycin,1
g1307.7763,lincomycin,1
g1307.7764,lincomycin,1
g1307.7765,lincomycin,1
g1307.7766,lincomycin,1
g1307.7767,lincomycin,0
g1307.7768,lincomycin,0
g1307.7769,lincomycin,1
g1307.7770,lincomycin,1
g1307.7771,lincomycin,1
g1307.7772,lincomycin,0
g1307.7773,lincomycin,1
g1307.7774,lincomycin,1
g1307.7775,lincomycin,1
g1307.7776,lincomycin,1
g1307.7777,lincomycin,1
g1307.7778,lincomycin,1
g1307.7779,lincomycin,1
g1307.7780,lincomycin,1
g1307.7781,lincomycin,1
g1307.7782,lincomycin,0
g1307.7783,lincomycin,1
g1307.7784,lincomycin,1
g1307.7785,lincomycin,0
g1307.7786,lincomycin,1
g1307.7787,lincomycin,1
g1307.7788,lincomycin,0
g1307.7789,lincomycin,1
g1307.7790,lincomycin,1
g1307.7791,lincomycin,1
g1307.7792,lincomycin,1
g1307.7793,lincomycin,0
g1307.7794,lincomycin,0
g1307.7795,lincomycin,1
g1307.7796,lincomycin,1
g1307.7797,lincomycin,1
g1307.7798,lincomycin,1
g1307.7799,lincomycin,1
g1307.7800,lincomycin,1
g1307.7801,lincomycin,1
g1307.7802,lincomycin,0
g1307.7803,lincomycin,1
g1307.7804,lincomycin,1
g1307.7805,lincomycin,1
g1307.7806,lincomycin,1
g1307.7807,lincomycin,1
g1307.7808,lincomycin,1
g1307.7809,lincomycin,1
g1307.7810,lincomycin,1
g1307.7811,lincomycin,1
g1307.7812,lincomycin,1
g1307.7813,lincomycin,1
g1307.7814,lincomycin,1
g1307.7815,lincomycin,1
g1307.7816,lincomycin,1
g1307.7817,lincomycin,1
g1307.7818,lincomycin,1
g1307.7819,lincomycin,1
g1307.7820,lincomycin,1
g1307.7821,lincomycin,1
g1307.7822,lincomycin,1
g1307.7823,lincomycin,1
g1307.7824,lincomycin,0
g1307.7825,lincomycin,1
g1307.7826,lincomycin,1
g1307.7827,lincomycin,1
g1307.7828,lincomycin,1
g1307.7829,lincomycin,1
g1307.7830,lincomycin,1
g1307.7831,lincomycin,1
g1307.7832,lincomycin,1
g1307.7833,lincomycin,1
g1307.7834,lincomycin,1
g1307.7835,lincomycin,1
g1307.7836,lincomycin,1
g1307.7837,lincomycin,1
g1307.7838,lincomycin,1
g1307.7839,lincomycin,1
g1307.7840,lincomycin,1
g1307.7841,lincomycin,1
g1307.7842,lincomycin,1
g1307.7843,lincomycin,1
g1307.7844,lincomycin,1
g1307.7845,lincomycin,1
g1307.7846,lincomycin,0
g1307.7847,lincomycin,1
g1307.7848,lincomycin,1
g1307.7849,lincomycin,1
g1307.7850,lincomycin,1
g1307.7851,lincomycin,1
g1307.7852,lincomycin,1
g1307.7853,lincomycin,0
g1307.7854,lincomycin,1
g1307.7855,lincomycin,0
g1307.7856,lincomycin,0
g1307.7857,lincomycin,0
g1307.7858,lincomycin,1
g1307.7859,lincomycin,0
g1307.7860,lincomycin,1
g1307.7861,lincomycin,0
g1307.7862,lincomycin,0
g1307.7863,lincomycin,0
g1307.7864,lincomycin,0
g1307.7865,lincomycin,0
g1307.7866,lincomycin,0
g1307.7867,lincomycin,0
g1307.7868,lincomycin,0
g1307.7869,lincomycin,1
g1307.7870,lincomycin,0
g1307.7871,lincomycin,1
g1307.7872,lincomycin,0
g1307.7873,lincomycin,0
g1307.7874,lincomycin,0
g1307.7875,lincomycin,0
g1307.7876,lincomycin,0
g1307.7877,lincomycin,0
g1307.7878,lincomycin,0
g1307.7879,lincomycin,0
g1307.7880,lincomycin,1
g1307.7881,lincomycin,0
g1307.7882,lincomycin,0
g1307.7883,lincomycin,0
g1307.7884,lincomycin,0
g1307.7885,lincomycin,0
g1307.7886,lincomycin,1
g1307.7887,lincomycin,0
g1307.7888,lincomycin,0
g1307.7889,lincomycin,1
g1307.7890,lincomycin,1
g1307.7891,lincomycin,0
g1307.7892,lincomycin,0
g1307.7893,lincomycin,0
g1307.7894,lincomycin,1
g1307.7895,lincomycin,0
g1307.7896,lincomycin,1
g1307.7897,lincomycin,0
g1307.7898,lincomycin,1
g1307.7899,lincomycin,1
g1307.7900,lincomycin,1
g1307.7901,lincomycin,0
g1307.7902,lincomycin,0
g1307.7903,lincomycin,1
g1307.7904,lincomycin,1
g1307.7905,lincomycin,0
g1307.7906,lincomycin,1
g1307.7907,lincomycin,1
g1307.7908,lincomycin,1
g1307.7909,lincomycin,1
g1307.7910,lincomycin,0
g1307.7911,lincomycin,0
g1307.7912,lincomycin,0
g1307.7913,lincomycin,1
g1307.7914,lincomycin,1
g1307.7915,lincomycin,0
g1307.7916,lincomycin,0
g1307.7917,lincomycin,1
g1307.7918,lincomycin,1
g1307.7919,lincomycin,1
g1307.7920,lincomycin,0
g1307.7921,lincomycin,1
g1307.7922,lincomycin,1
g1307.7923,lincomycin,0
g1307.7924,lincomycin,1
g1307.7925,lincomycin,1
g1307.7926,lincomycin,1
g1307.7927,lincomycin,1
g1307.7928,lincomycin,1
g1307.7929,lincomycin,1
g1307.7930,lincomycin,1
g1307.7931,lincomycin,1
g1307.7932,lincomycin,0
g1307.7933,lincomycin,1
g1307.7934,lincomycin,1
g1307.7935,lincomycin,1
g1307.7936,lincomycin,0
g1307.7937,lincomycin,1
g1307.7938,lincomycin,1
g1307.7939,lincomycin,0
g1307.7940,lincomycin,1
g1307.7941,lincomycin,1
g1307.7942,lincomycin,0
g1307.7943,lincomycin,0
g1307.7944,lincomycin,1
g1307.7945,lincomycin,0
g1307.7946,lincomycin,0
g1307.7947,lincomycin,0
g1307.7948,lincomycin,1
g1307.7949,lincomycin,0
g1307.7950,lincomycin,0
g1307.7951,lincomycin,1
g1307.7952,lincomycin,0
g1307.7953,lincomycin,0
g1307.7954,lincomycin,0
g1307.7955,lincomycin,1
g1307.7956,lincomycin,1
g1307.7957,lincomycin,0
g1307.7958,lincomycin,0
g1307.7959,lincomycin,1
g1307.7960,lincomycin,1
g1307.7961,lincomycin,1
g1307.7962,lincomycin,1
g1307.7963,lincomycin,1
g1307.7964,lincomycin,1
g1307.7965,lincomycin,0
g1307.7966,lincomycin,1
g1307.7967,lincomycin,1
g1307.7968,lincomycin,0
g1307.7969,lincomycin,1
g1307.7970,lincomycin,0
g1307.7971,lincomycin,0
g1307.7972,lincomycin,1
g1307.7973,lincomycin,0
g1307.7974,lincomycin,1
g1307.7975,lincomycin,1
g1307.7976,lincomycin,0
g1307.7977,lincomycin,0
g1307.7978,lincomycin,1
g1307.7979,lincomycin,0
g1307.7980,lincomycin,1
g1307.7981,lincomycin,1
g1307.7982,lincomycin,1
g1307.7983,lincomycin,1
g1307.7984,lincomycin,0
g1307.7985,lincomycin,0
g1307.7986,lincomycin,1
g1307.7987,lincomycin,0
g1307.7988,lincomycin,1
g1307.7989,lincomycin,1
g1307.7990,lincomycin,1
g1307.7991,lincomycin,1
g1307.7992,lincomycin,1
g1307.7993,lincomycin,1
g1307.7994,lincomycin,1
g1307.7995,lincomycin,0
g1307.7996,lincomycin,1
g1307.7997,lincomycin,1
g1307.7998,lincomycin,0
g1307.7999,lincomycin,0
g1307.8000,lincomycin,1
g1307.8001,lincomycin,1
g1307.8002,lincomycin,1
g1307.8003,lincomycin,0
g1307.8004,lincomycin,1
g1307.8005,lincomycin,1
g1307.8006,lincomycin,1
g1307.8007,lincomycin,1
g1307.8008,lincomycin,0
g1307.8009,lincomycin,1
g1307.8010,lincomycin,0
g1307.8011,lincomycin,1
g1307.8012,lincomycin,1
g1307.8013,lincomycin,1
g1307.8014,lincomycin,0
g1307.8015,lincomycin,0
g1307.8016,lincomycin,1
g1307.8017,lincomycin,1
g1307.8018,lincomycin,1
g1307.8019,lincomycin,1
g1307.8020,lincomycin,1
g1307.8021,lincomycin,1
g1307.8022,lincomycin,1
g1307.8023,lincomycin,1
g1307.8024,lincomycin,1
g1307.8025,lincomycin,0
g1307.8026,lincomycin,1
g1307.8027,lincomycin,0
g1307.8028,lincomycin,1
g1307.8029,lincomycin,1
g1307.8030,lincomycin,1
g1307.8031,lincomycin,0
g1307.8032,lincomycin,1
g1307.8033,lincomycin,0
g1307.8034,lincomycin,1
g1307.8035,lincomycin,0
g1307.8036,lincomycin,1
g1307.8037,lincomycin,0
g1307.8038,lincomycin,1
g1307.8039,lincomycin,1
g1307.8040,lincomycin,0
g1307.8041,lincomycin,0
g1307.8042,lincomycin,1
g1307.8043,lincomycin,0
g1307.8044,lincomycin,1
g1307.8045,lincomycin,1
g1307.8046,lincomycin,1
g1307.8047,lincomycin,1
g1307.8048,lincomycin,0
g1307.8049,lincomycin,0
g1307.8050,lincomycin,0
g1307.8051,lincomycin,0
g1307.8052,lincomycin,1
g1307.8053,lincomycin,0
g1307.8054,lincomycin,1
g1307.8055,lincomycin,0
g1307.8056,lincomycin,0
g1307.8057,lincomycin,0
g1307.8058,lincomycin,0
g1307.8059,lincomycin,0
g1307.8060,lincomycin,1
g1307.8061,lincomycin,1
g1307.8062,lincomycin,0
g1307.8063,lincomycin,1
g1307.8064,lincomycin,1
g1307.8065,lincomycin,1
g1307.8066,lincomycin,1
g1307.8067,lincomycin,0
g1307.8068,lincomycin,1
g1307.8069,lincomycin,0
g1307.8070,lincomycin,1
g1307.8071,lincomycin,1
g1307.8072,lincomycin,1
g1307.8073,lincomycin,0
g1307.8074,lincomycin,1
g1307.8075,lincomycin,1
g1307.8076,lincomycin,1
g1307.8077,lincomycin,0
g1307.8078,lincomycin,1
g1307.8079,lincomycin,1
g1307.8080,lincomycin,1
g1307.8081,lincomycin,0
g1307.8082,lincomycin,1
g1307.8083,lincomycin,1
g1307.8084,lincomycin,0
g1307.8085,lincomycin,0
g1307.8086,lincomycin,1
g1307.8087,lincomycin,1
g1307.8088,lincomycin,0
g1307.8089,lincomycin,1
g1307.8090,lincomycin,1
g1307.8091,lincomycin,1
g1307.8092,lincomycin,1
g1307.8093,lincomycin,1
g1307.8094,lincomycin,0
g1307.8095,lincomycin,0
g1307.8096,lincomycin,0
g1307.8097,lincomycin,0
g1307.8098,lincomycin,0
g1307.8099,lincomycin,0
g1307.8100,lincomycin,0
g1307.8101,lincomycin,0
g1307.8102,lincomycin,0
g1307.8103,lincomycin,1
g1307.8104,lincomycin,0
g1307.8105,lincomycin,0
g1307.8106,lincomycin,1
g1307.8107,lincomycin,1
g1307.8108,lincomycin,1
g1307.8109,lincomycin,0
g1307.8110,lincomycin,0
g1307.8111,lincomycin,1
g1307.8112,lincomycin,0
g1307.8113,lincomycin,1
g1307.8114,lincomycin,0
g1307.8115,lincomycin,1
g1307.8116,lincomycin,0
g1307.8117,lincomycin,1
g1307.8118,lincomycin,1
g1307.8119,lincomycin,1
g1307.8120,lincomycin,0
g1307.8121,lincomycin,0
g1307.8122,lincomycin,1
g1307.8123,lincomycin,0
g1307.8124,lincomycin,1
g1307.8125,lincomycin,1
g1307.8126,lincomycin,1
g1307.8127,lincomycin,1
g1307.8128,lincomycin,1
g1307.8129,lincomycin,1
g1307.8130,lincomycin,0
g1307.8131,lincomycin,0
g1307.8132,lincomycin,0
g1307.8133,lincomycin,1
g1307.8134,lincomycin,1
g1307.8135,lincomycin,1
g1307.8136,lincomycin,1
g1307.8137,lincomycin,0
g1307.8138,lincomycin,0
g1307.8139,lincomycin,1
g1307.8140,lincomycin,0
g1307.8141,lincomycin,0
g1307.8142,lincomycin,1
g1307.8143,lincomycin,1
g1307.8144,lincomycin,1
g1307.8145,lincomycin,1
g1307.8146,lincomycin,0
g1307.8147,lincomycin,1
g1307.8148,lincomycin,1
g1307.8149,lincomycin,1
g1307.8150,lincomycin,0
g1307.8151,lincomycin,0
g1307.8152,lincomycin,0
g1307.8153,lincomycin,0
g1307.8154,lincomycin,1
g1307.8155,lincomycin,0
g1307.8156,lincomycin,0
g1307.8157,lincomycin,1
g1307.8158,lincomycin,1
g1307.8159,lincomycin,0
g1307.8160,lincomycin,1
g1307.8161,lincomycin,1
g1307.8162,lincomycin,0
g1307.8163,lincomycin,1
g1307.8164,lincomycin,0
g1307.8165,lincomycin,1
g1307.8166,lincomycin,0
g1307.8167,lincomycin,1
g1307.8168,lincomycin,1
g1307.8169,lincomycin,1
g1307.8170,lincomycin,0
g1307.8171,lincomycin,1
g1307.8172,lincomycin,0
g1307.8173,lincomycin,0
g1307.8174,lincomycin,0
g1307.8175,lincomycin,0
g1307.8176,lincomycin,0
g1307.8177,lincomycin,1
g1307.8178,lincomycin,0
g1307.8179,lincomycin,0
g1307.7503,tiamulin,0
g1307.7504,tiamulin,0
g1307.7505,tiamulin,0
g1307.7506,tiamulin,0
g1307.7507,tiamulin,0
g1307.7508,tiamulin,0
g1307.7509,tiamulin,0
g1307.7510,tiamulin,0
g1307.7511,tiamulin,0
g1307.7512,tiamulin,0
g1307.7513,tiamulin,0
g1307.7514,tiamulin,0
g1307.7515,tiamulin,1
g1307.7516,tiamulin,1
g1307.7517,tiamulin,0
g1307.7518,tiamulin,0
g1307.7519,tiamulin,0
g1307.7520,tiamulin,0
g1307.7521,tiamulin,0
g1307.7522,tiamulin,1
g1307.7523,tiamulin,0
g1307.7524,tiamulin,0
g1307.7525,tiamulin,0
g1307.7526,tiamulin,0
g1307.7527,tiamulin,0
g1307.7528,tiamulin,0
g1307.7529,tiamulin,0
g1307.7530,tiamulin,0
g1307.7531,tiamulin,0
g1307.7532,tiamulin,0
g1307.7533,tiamulin,0
g1307.7534,tiamulin,0
g1307.7535,tiamulin,0
g1307.7536,tiamulin,0
g1307.7537,tiamulin,0
g1307.7538,tiamulin,0
g1307.7539,tiamulin,0
g1307.7540,tiamulin,0
g1307.7541,tiamulin,0
g1307.7542,tiamulin,0
g1307.7543,tiamulin,1
g1307.7544,tiamulin,0
g1307.7545,tiamulin,0
g1307.7546,tiamulin,0
g1307.7547,tiamulin,0
g1307.7548,tiamulin,1
g1307.7549,tiamulin,0
g1307.7550,tiamulin,0
g1307.7551,tiamulin,0
g1307.7552,tiamulin,0
g1307.7553,tiamulin,1
g1307.7554,tiamulin,0
g1307.7555,tiamulin,1
g1307.7556,tiamulin,0
g1307.7557,tiamulin,0
g1307.7558,tiamulin,0
g1307.7559,tiamulin,0
g1307.7560,tiamulin,0
g1307.7561,tiamulin,0
g1307.7562,tiamulin,0
g1307.7563,tiamulin,1
g1307.7564,tiamulin,0
g1307.7565,tiamulin,0
g1307.7566,tiamulin,0
g1307.7567,tiamulin,1
g1307.7568,tiamulin,0
g1307.7569,tiamulin,0
g1307.7570,tiamulin,0
g1307.7571,tiamulin,0
g1307.7572,tiamulin,0
g1307.7573,tiamulin,0
g1307.7574,tiamulin,0
g1307.7575,tiamulin,1
g1307.7576,tiamulin,0
g1307.7577,tiamulin,0
g1307.7578,tiamulin,0
g1307.7579,tiamulin,0
g1307.7580,tiamulin,0
g1307.7581,tiamulin,0
g1307.7582,tiamulin,0
g1307.7583,tiamulin,1
g1307.7584,tiamulin,0
g1307.7585,tiamulin,0
g1307.7586,tiamulin,0
g1307.7587,tiamulin,0
g1307.7588,tiamulin,0
g1307.7589,tiamulin,0
g1307.7590,tiamulin,0
g1307.7591,tiamulin,0
g1307.7592,tiamulin,0
g1307.7593,tiamulin,1
g1307.7594,tiamulin,0
g1307.7595,tiamulin,1
g1307.7596,tiamulin,0
g1307.7597,tiamulin,1
g1307.7598,tiamulin,1
g1307.7599,tiamulin,0
g1307.7600,tiamulin,0
g1307.7601,tiamulin,1
g1307.7602,tiamulin,0
g1307.7603,tiamulin,0
g1307.7604,tiamulin,0
g1307.7605,tiamulin,0
g1307.7606,tiamulin,1
g1307.7607,tiamulin,1
g1307.7608,tiamulin,0
g1307.7609,tiamulin,0
g1307.7610,tiamulin,0
g1307.7611,tiamulin,0
g1307.7612,tiamulin,0
g1307.7613,tiamulin,0
g1307.7614,tiamulin,0
g1307.7615,tiamulin,1
g1307.7616,tiamulin,0
g1307.7617,tiamulin,0
g1307.7618,tiamulin,0
g1307.7619,tiamulin,0
g1307.7620,tiamulin,0
g1307.7621,tiamulin,0
g1307.7622,tiamulin,0
g1307.7623,tiamulin,0
g1307.7624,tiamulin,0
g1307.7625,tiamulin,0
g1307.7626,tiamulin,1
g1307.7627,tiamulin,0
g1307.7628,tiamulin,1
g1307.7629,tiamulin,0
g1307.7630,tiamulin,1
g1307.7631,tiamulin,0
g1307.7632,tiamulin,0
g1307.7633,tiamulin,0
g1307.7634,tiamulin,0
g1307.7635,tiamulin,0
g1307.7636,tiamulin,0
g1307.7637,tiamulin,0
g1307.7638,tiamulin,1
g1307.7639,tiamulin,0
g1307.7640,tiamulin,0
g1307.7641,tiamulin,0
g1307.7642,tiamulin,0
g1307.7643,tiamulin,0
g1307.7644,tiamulin,0
g1307.7645,tiamulin,0
g1307.7646,tiamulin,0
g1307.7647,tiamulin,0
g1307.7648,tiamulin,0
g1307.7649,tiamulin,0
g1307.7650,tiamulin,1
g1307.7651,tiamulin,1
g1307.7652,tiamulin,0
g1307.7653,tiamulin,1
g1307.7654,tiamulin,0
g1307.7655,tiamulin,1
g1307.7656,tiamulin,0
g1307.7657,tiamulin,0
g1307.7658,tiamulin,0
g1307.7659,tiamulin,1
g1307.7660,tiamulin,0
g1307.7661,tiamulin,0
g1307.7662,tiamulin,0
g1307.7663,tiamulin,0
g1307.7664,tiamulin,1
g1307.7665,tiamulin,0
g1307.7666,tiamulin,0
g1307.7667,tiamulin,0
g1307.7668,tiamulin,0
g1307.7669,tiamulin,0
g1307.7670,tiamulin,1
g1307.7671,tiamulin,1
g1307.7672,tiamulin,1
g1307.7673,tiamulin,0
g1307.7674,tiamulin,1
g1307.7675,tiamulin,0
g1307.7676,tiamulin,0
g1307.7677,tiamulin,0
g1307.7678,tiamulin,0
g1307.7679,tiamulin,0
g1307.7680,tiamulin,1
g1307.7681,tiamulin,0
g1307.7682,tiamulin,1
g1307.7683,tiamulin,0
g1307.7684,tiamulin,0
g1307.7685,tiamulin,0
g1307.7686,tiamulin,1
g1307.7687,tiamulin,0
g1307.7688,tiamulin,0
g1307.7689,tiamulin,0
g1307.7690,tiamulin,1
g1307.7691,tiamulin,0
g1307.7692,tiamulin,1
g1307.7693,tiamulin,0
g1307.7694,tiamulin,1
g1307.7695,tiamulin,0
g1307.7696,tiamulin,0
g1307.7697,tiamulin,0
g1307.7698,tiamulin,0
g1307.7699,tiamulin,0
g1307.7700,tiamulin,0
g1307.7701,tiamulin,0
g1307.7702,tiamulin,1
g1307.7703,tiamulin,0
g1307.7704,tiamulin,1
g1307.7705,tiamulin,1
g1307.7706,tiamulin,0
g1307.7707,tiamulin,0
g1307.7708,tiamulin,0
g1307.7709,tiamulin,0
g1307.7710,tiamulin,0
g1307.7711,tiamulin,0
g1307.7712,tiamulin,0
g1307.7713,tiamulin,0
g1307.7714,tiamulin,0
g1307.7715,tiamulin,1
g1307.7716,tiamulin,0
g1307.7717,tiamulin,0
g1307.7718,tiamulin,1
g1307.7719,tiamulin,0
g1307.7720,tiamulin,1
g1307.7721,tiamulin,1
g1307.7722,tiamulin,1
g1307.7723,tiamulin,1
g1307.7724,tiamulin,1
g1307.7725,tiamulin,1
g1307.7726,tiamulin,1
g1307.7727,tiamulin,0
g1307.7728,tiamulin,0
g1307.7729,tiamulin,1
g1307.7730,tiamulin,0
g1307.7731,tiamulin,0
g1307.7732,tiamulin,0
g1307.7733,tiamulin,0
g1307.7734,tiamulin,0
g1307.7735,tiamulin,0
g1307.7736,tiamulin,0
g1307.7737,tiamulin,0
g1307.7738,tiamulin,0
g1307.7739,tiamulin,0
g1307.7740,tiamulin,0
g1307.7741,tiamulin,0
g1307.7742,tiamulin,0
g1307.7743,tiamulin,0
g1307.7744,tiamulin,0
g1307.7745,tiamulin,0
g1307.7746,tiamulin,0
g1307.7747,tiamulin,0
g1307.7748,tiamulin,0
g1307.7749,tiamulin,0
g1307.7750,tiamulin,0
g1307.7751,tiamulin,0
g1307.7752,tiamulin,1
g1307.7753,tiamulin,1
g1307.7754,tiamulin,0
g1307.7755,tiamulin,1
g1307.7756,tiamulin,0
g1307.7757,tiamulin,0
g1307.7758,tiamulin,1
g1307.7759,tiamulin,0
g1307.7760,tiamulin,0
g1307.7761,tiamulin,0
g1307.7762,tiamulin,0
g1307.7763,tiamulin,0
g1307.7764,tiamulin,0
g1307.7765,tiamulin,0
g1307.7766,tiamulin,0
g1307.7767,tiamulin,0
g1307.7768,tiamulin,0
g1307.7769,tiamulin,0
g1307.7770,tiamulin,0
g1307.7771,tiamulin,0
g1307.7772,tiamulin,0
g1307.7773,tiamulin,0
g1307.7774,tiamulin,0
g1307.7775,tiamulin,0
g1307.7776,tiamulin,1
g1307.7777,tiamulin,0
g1307.7778,tiamulin,0
g1307.7779,tiamulin,0
g1307.7780,tiamulin,1
g1307.7781,tiamulin,1
g1307.7782,tiamulin,0
g1307.7783,tiamulin,0
g1307.7784,tiamulin,0
g1307.7785,tiamulin,0
g1307.7786,tiamulin,0
g1307.7787,tiamulin,0
g1307.7788,tiamulin,0
g1307.7789,tiamulin,0
g1307.7790,tiamulin,0
g1307.7791,tiamulin,0
g1307.7792,tiamulin,1
g1307.7793,tiamulin,0
g1307.7794,tiamulin,0
g1307.7795,tiamulin,0
g1307.7796,tiamulin,0
g1307.7797,tiamulin,1
g1307.7798,tiamulin,0
g1307.7799,tiamulin,0
g1307.7800,tiamulin,0
g1307.7801,tiamulin,1
g1307.7802,tiamulin,0
g1307.7803,tiamulin,0
g1307.7804,tiamulin,0
g1307.7805,tiamulin,0
g1307.7806,tiamulin,0
g1307.7807,tiamulin,0
g1307.7808,tiamulin,0
g1307.7809,tiamulin,0
g1307.7810,tiamulin,0
g1307.7811,tiamulin,0
g1307.7812,tiamulin,0
g1307.7813,tiamulin,0
g1307.7814,tiamulin,0
g1307.7815,tiamulin,0
g1307.7816,tiamulin,1
g1307.7817,tiamulin,0
g1307.7818,tiamulin,0
g1307.7819,tiamulin,0
g1307.7820,tiamulin,1
g1307.7821,tiamulin,0
g1307.7822,tiamulin,0
g1307.7823,tiamulin,0
g1307.7824,tiamulin,0
g1307.7825,tiamulin,1
g1307.7826,tiamulin,0
g1307.7827,tiamulin,1
g1307.7828,tiamulin,0
g1307.7829,tiamulin,0
g1307.7830,tiamulin,0
g1307.7831,tiamulin,1
g1307.7832,tiamulin,1
g1307.7833,tiamulin,1
g1307.7834,tiamulin,0
g1307.7835,tiamulin,1
g1307.7836,tiamulin,0
g1307.7837,tiamulin,0
g1307.7838,tiamulin,1
g1307.7839,tiamulin,0
g1307.7840,tiamulin,0
g1307.7841,tiamulin,0
g1307.7842,tiamulin,0
g1307.7843,tiamulin,1
g1307.7844,tiamulin,0
g1307.7845,tiamulin,1
g1307.7846,tiamulin,0
g1307.7847,tiamulin,1
g1307.7848,tiamulin,1
g1307.7849,tiamulin,0
g1307.7850,tiamulin,0
g1307.7851,tiamulin,1
g1307.7852,tiamulin,1
g1307.7853,tiamulin,0
g1307.7854,tiamulin,0
g1307.7855,tiamulin,0
g1307.7856,tiamulin,0
g1307.7857,tiamulin,0
g1307.7858,tiamulin,1
g1307.7859,tiamulin,0
g1307.7860,tiamulin,0
g1307.7861,tiamulin,0
g1307.7862,tiamulin,0
g1307.7863,tiamulin,0
g1307.7864,tiamulin,0
g1307.7865,tiamulin,0
g1307.7866,tiamulin,0
g1307.7867,tiamulin,0
g1307.7868,tiamulin,0
g1307.7869,tiamulin,0
g1307.7870,tiamulin,0
g1307.7871,tiamulin,1
g1307.7872,tiamulin,0
g1307.7873,tiamulin,0
g1307.7874,tiamulin,0
g1307.7875,tiamulin,0
g1307.7876,tiamulin,0
g1307.7877,tiamulin,0
g1307.7878,tiamulin,0
g1307.7879,tiamulin,0
g1307.7880,tiamulin,0
g1307.7881,tiamulin,0
g1307.7882,tiamulin,0
g1307.7883,tiamulin,0
g1307.7884,tiamulin,0
g1307.7885,tiamulin,0
g1307.7886,tiamulin,1
g1307.7887,tiamulin,0
g1307.7888,tiamulin,0
g1307.7889,tiamulin,0
g1307.7890,tiamulin,0
g1307.7891,tiamulin,0
g1307.7892,tiamulin,0
g1307.7893,tiamulin,0
g1307.7894,tiamulin,0
g1307.7895,tiamulin,0
g1307.7896,tiamulin,0
g1307.7897,tiamulin,0
g1307.7898,tiamulin,1
g1307.7899,tiamulin,0
g1307.7900,tiamulin,0
g1307.7901,tiamulin,0
g1307.7902,tiamulin,0
g1307.7903,tiamulin,1
g1307.7904,tiamulin,1
g1307.7905,tiamulin,0
g1307.7906,tiamulin,1
g1307.7907,tiamulin,1
g1307.7908,tiamulin,0
g1307.7909,tiamulin,0
g1307.7910,tiamulin,0
g1307.7911,tiamulin,0
g1307.7912,tiamulin,0
g1307.7913,tiamulin,1
g1307.7914,tiamulin,1
g1307.7915,tiamulin,0
g1307.7916,tiamulin,0
g1307.7917,tiamulin,0
g1307.7918,tiamulin,1
g1307.7919,tiamulin,0
g1307.7920,tiamulin,0
g1307.7921,tiamulin,0
g1307.7922,tiamulin,0
g1307.7923,tiamulin,0
g1307.7924,tiamulin,0
g1307.7925,tiamulin,1
g1307.7926,tiamulin,0
g1307.7927,tiamulin,0
g1307.7928,tiamulin,1
g1307.7929,tiamulin,1
g1307.7930,tiamulin,0
g1307.7931,tiamulin,0
g1307.7932,tiamulin,0
g1307.7933,tiamulin,0
g1307.7934,tiamulin,1
g1307.7935,tiamulin,0
g1307.7936,tiamulin,0
g1307.7937,tiamulin,0
g1307.7938,tiamulin,0
g1307.7939,tiamulin,0
g1307.7940,tiamulin,0
g1307.7941,tiamulin,0
g1307.7942,tiamulin,0
g1307.7943,tiamulin,0
g1307.7944,tiamulin,0
g1307.7945,tiamulin,0
g1307.7946,tiamulin,0
g1307.7947,tiamulin,0
g1307.7948,tiamulin,0
g1307.7949,tiamulin,0
g1307.7950,tiamulin,0
g1307.7951,tiamulin,1
g1307.7952,tiamulin,0
g1307.7953,tiamulin,0
g1307.7954,tiamulin,0
g1307.7955,tiamulin,1
g1307.7956,tiamulin,0
g1307.7957,tiamulin,0
g1307.7958,tiamulin,0
g1307.7959,tiamulin,1
g1307.7960,tiamulin,0
g1307.7961,tiamulin,1
g1307.7962,tiamulin,1
g1307.7963,tiamulin,0
g1307.7964,tiamulin,1
g1307.7965,tiamulin,0
g1307.7966,tiamulin,0
g1307.7967,tiamulin,1
g1307.7968,tiamulin,0
g1307.7969,tiamulin,0
g1307.7970,tiamulin,0
g1307.7971,tiamulin,0
g1307.7972,tiamulin,1
g1307.7973,tiamulin,0
g1307.7974,tiamulin,1
g1307.7975,tiamulin,0
g1307.7976,tiamulin,0
g1307.7977,tiamulin,0
g1307.7978,tiamulin,0
g1307.7979,tiamulin,0
g1307.7980,tiamulin,1
g1307.7981,tiamulin,1
g1307.7982,tiamulin,0
g1307.7983,tiamulin,0
g1307.7984,tiamulin,0
g1307.7985,tiamulin,0
g1307.7986,tiamulin,0
g1307.7987,tiamulin,0
g1307.7988,tiamulin,0
g1307.7989,tiamulin,0
g1307.7990,tiamulin,1
g1307.7991,tiamulin,0
g1307.7992,tiamulin,0
g1307.7993,tiamulin,0
g1307.7994,tiamulin,0
g1307.7995,tiamulin,0
g1307.7996,tiamulin,1
g1307.7997,tiamulin,0
g1307.7998,tiamulin,0
g1307.7999,tiamulin,0
g1307.8000,tiamulin,1
g1307.8001,tiamulin,0
g1307.8002,tiamulin,0
g1307.8003,tiamulin,0
g1307.8004,tiamulin,1
g1307.8005,tiamulin,1
g1307.8006,tiamulin,1
g1307.8007,tiamulin,1
g1307.8008,tiamulin,0
g1307.8009,tiamulin,1
g1307.8010,tiamulin,0
g1307.8011,tiamulin,1
g1307.8012,tiamulin,0
g1307.8013,tiamulin,0
g1307.8014,tiamulin,0
g1307.8015,tiamulin,0
g1307.8016,tiamulin,0
g1307.8017,tiamulin,1
g1307.8018,tiamulin,1
g1307.8019,tiamulin,1
g1307.8020,tiamulin,1
g1307.8021,tiamulin,1
g1307.8022,tiamulin,1
g1307.8023,tiamulin,1
g1307.8024,tiamulin,1
g1307.8025,tiamulin,0
g1307.8026,tiamulin,1
g1307.8027,tiamulin,0
g1307.8028,tiamulin,0
g1307.8029,tiamulin,0
g1307.8030,tiamulin,0
g1307.8031,tiamulin,0
g1307.8032,tiamulin,0
g1307.8033,tiamulin,0
g1307.8034,tiamulin,0
g1307.8035,tiamulin,0
g1307.8036,tiamulin,0
g1307.8037,tiamulin,0
g1307.8038,tiamulin,1
g1307.8039,tiamulin,1
g1307.8040,tiamulin,0
g1307.8041,tiamulin,0
g1307.8042,tiamulin,0
g1307.8043,tiamulin,0
g1307.8044,tiamulin,1
g1307.8045,tiamulin,1
g1307.8046,tiamulin,0
g1307.8047,tiamulin,0
g1307.8048,tiamulin,0
g1307.8049,tiamulin,0
g1307.8050,tiamulin,0
g1307.8051,tiamulin,0
g1307.8052,tiamulin,0
g1307.8053,tiamulin,0
g1307.8054,tiamulin,0
g1307.8055,tiamulin,0
g1307.8056,tiamulin,0
g1307.8057,tiamulin,0
g1307.8058,tiamulin,0
g1307.8059,tiamulin,0
g1307.8060,tiamulin,0
g1307.8061,tiamulin,1
g1307.8062,tiamulin,0
g1307.8063,tiamulin,0
g1307.8064,tiamulin,0
g1307.8065,tiamulin,0
g1307.8066,tiamulin,0
g1307.8067,tiamulin,0
g1307.8068,tiamulin,0
g1307.8069,tiamulin,0
g1307.8070,tiamulin,0
g1307.8071,tiamulin,0
g1307.8072,tiamulin,0
g1307.8073,tiamulin,0
g1307.8074,tiamulin,0
g1307.8075,tiamulin,0
g1307.8076,tiamulin,0
g1307.8077,tiamulin,0
g1307.8078,tiamulin,1
g1307.8079,tiamulin,0
g1307.8080,tiamulin,0
g1307.8081,tiamulin,0
g1307.8082,tiamulin,0
g1307.8083,tiamulin,0
g1307.8084,tiamulin,0
g1307.8085,tiamulin,0
g1307.8086,tiamulin,0
g1307.8087,tiamulin,0
g1307.8088,tiamulin,0
g1307.8089,tiamulin,0
g1307.8090,tiamulin,0
g1307.8091,tiamulin,1
g1307.8092,tiamulin,0
g1307.8093,tiamulin,0
g1307.8094,tiamulin,0
g1307.8095,tiamulin,0
g1307.8096,tiamulin,0
g1307.8097,tiamulin,0
g1307.8098,tiamulin,0
g1307.8099,tiamulin,0
g1307.8100,tiamulin,0
g1307.8101,tiamulin,0
g1307.8102,tiamulin,0
g1307.8103,tiamulin,0
g1307.8104,tiamulin,0
g1307.8105,tiamulin,0
g1307.8106,tiamulin,0
g1307.8107,tiamulin,0
g1307.8108,tiamulin,0
g1307.8109,tiamulin,0
g1307.8110,tiamulin,0
g1307.8111,tiamulin,0
g1307.8112,tiamulin,0
g1307.8113,tiamulin,1
g1307.8114,tiamulin,0
g1307.8115,tiamulin,0
g1307.8116,tiamulin,0
g1307.8117,tiamulin,0
g1307.8118,tiamulin,0
g1307.8119,tiamulin,0
g1307.8120,tiamulin,0
g1307.8121,tiamulin,0
g1307.8122,tiamulin,0
g1307.8123,tiamulin,0
g1307.8124,tiamulin,1
g1307.8125,tiamulin,0
g1307.8126,tiamulin,0
g1307.8127,tiamulin,0
g1307.8128,tiamulin,0
g1307.8129,tiamulin,0
g1307.8130,tiamulin,0
g1307.8131,tiamulin,0
g1307.8132,tiamulin,0
g1307.8133,tiamulin,0
g1307.8134,tiamulin,0
g1307.8135,tiamulin,0
g1307.8136,tiamulin,0
g1307.8137,tiamulin,0
g1307.8138,tiamulin,0
g1307.8139,tiamulin,0
g1307.8140,tiamulin,0
g1307.8141,tiamulin,0
g1307.8142,tiamulin,0
g1307.8143,tiamulin,0
g1307.8144,tiamulin,0
g1307.8145,tiamulin,0
g1307.8146,tiamulin,0
g1307.8147,tiamulin,0
g1307.8148,tiamulin,1
g1307.8149,tiamulin,0
g1307.8150,tiamulin,0
g1307.8151,tiamulin,0
g1307.8152,tiamulin,0
g1307.8153,tiamulin,0
g1307.8154,tiamulin,0
g1307.8155,tiamulin,0
g1307.8156,tiamulin,0
g1307.8157,tiamulin,0
g1307.8158,tiamulin,0
g1307.8159,tiamulin,0
g1307.8160,tiamulin,0
g1307.8161,tiamulin,0
g1307.8162,tiamulin,0
g1307.8163,tiamulin,0
g1307.8164,tiamulin,0
g1307.8165,tiamulin,0
g1307.8166,tiamulin,0
g1307.8167,tiamulin,0
g1307.8168,tiamulin,0
g1307.8169,tiamulin,0
g1307.8170,tiamulin,0
g1307.8171,tiamulin,0
g1307.8172,tiamulin,0
g1307.8173,tiamulin,0
g1307.8174,tiamulin,0
g1307.8175,tiamulin,0
g1307.8176,tiamulin,0
g1307.8177,tiamulin,0
g1307.8178,tiamulin,0
g1307.8179,tiamulin,0
g1307.7503,spectinomycin,0
g1307.7504,spectinomycin,0
g1307.7505,spectinomycin,0
g1307.7506,spectinomycin,0
g1307.7507,spectinomycin,0
g1307.7508,spectinomycin,0
g1307.7509,spectinomycin,0
g1307.7510,spectinomycin,0
g1307.7511,spectinomycin,0
g1307.7512,spectinomycin,0
g1307.7513,spectinomycin,0
g1307.7514,spectinomycin,0
g1307.7515,spectinomycin,0
g1307.7516,spectinomycin,0
g1307.7517,spectinomycin,0
g1307.7518,spectinomycin,0
g1307.7519,spectinomycin,0
g1307.7520,spectinomycin,0
g1307.7521,spectinomycin,0
g1307.7522,spectinomycin,0
g1307.7523,spectinomycin,0
g1307.7524,spectinomycin,0
g1307.7525,spectinomycin,0
g1307.7526,spectinomycin,0
g1307.7527,spectinomycin,0
g1307.7528,spectinomycin,0
g1307.7529,spectinomycin,0
g1307.7530,spectinomycin,0
g1307.7531,spectinomycin,0
g1307.7532,spectinomycin,0
g1307.7533,spectinomycin,0
g1307.7534,spectinomycin,0
g1307.7535,spectinomycin,0
g1307.7536,spectinomycin,0
g1307.7537,spectinomycin,0
g1307.7538,spectinomycin,0
g1307.7539,spectinomycin,0
g1307.7540,spectinomycin,0
g1307.7541,spectinomycin,0
g1307.7542,spectinomycin,0
g1307.7543,spectinomycin,1
g1307.7544,spectinomycin,0
g1307.7545,spectinomycin,0
g1307.7546,spectinomycin,0
g1307.7547,spectinomycin,0
g1307.7548,spectinomycin,0
g1307.7549,spectinomycin,0
g1307.7550,spectinomycin,0
g1307.7551,spectinomycin,0
g1307.7552,spectinomycin,0
g1307.7553,spectinomycin,0
g1307.7554,spectinomycin,0
g1307.7555,spectinomycin,1
g1307.7556,spectinomycin,0
g1307.7557,spectinomycin,0
g1307.7558,spectinomycin,0
g1307.7559,spectinomycin,0
g1307.7560,spectinomycin,0
g1307.7561,spectinomycin,0
g1307.7562,spectinomycin,0
g1307.7563,spectinomycin,0
g1307.7564,spectinomycin,0
g1307.7565,spectinomycin,0
g1307.7566,spectinomycin,0
g1307.7567,spectinomycin,0
g1307.7568,spectinomycin,0
g1307.7569,spectinomycin,0
g1307.7570,spectinomycin,0
g1307.7571,spectinomycin,0
g1307.7572,spectinomycin,0
g1307.7573,spectinomycin,0
g1307.7574,spectinomycin,0
g1307.7575,spectinomycin,0
g1307.7576,spectinomycin,0
g1307.7577,spectinomycin,0
g1307.7578,spectinomycin,0
g1307.7579,spectinomycin,0
g1307.7580,spectinomycin,0
g1307.7581,spectinomycin,0
g1307.7582,spectinomycin,0
g1307.7583,spectinomycin,0
g1307.7584,spectinomycin,0
g1307.7585,spectinomycin,0
g1307.7586,spectinomycin,0
g1307.7587,spectinomycin,0
g1307.7588,spectinomycin,0
g1307.7589,spectinomycin,0
g1307.7590,spectinomycin,0
g1307.7591,spectinomycin,0
g1307.7592,spectinomycin,0
g1307.7593,spectinomycin,1
g1307.7594,spectinomycin,0
g1307.7595,spectinomycin,0
g1307.7596,spectinomycin,0
g1307.7597,spectinomycin,0
g1307.7598,spectinomycin,0
g1307.7599,spectinomycin,0
g1307.7600,spectinomycin,0
g1307.7601,spectinomycin,1
g1307.7602,spectinomycin,0
g1307.7603,spectinomycin,0
g1307.7604,spectinomycin,0
g1307.7605,spectinomycin,0
g1307.7606,spectinomycin,0
g1307.7607,spectinomycin,0
g1307.7608,spectinomycin,0
g1307.7609,spectinomycin,0
g1307.7610,spectinomycin,0
g1307.7611,spectinomycin,0
g1307.7612,spectinomycin,0
g1307.7613,spectinomycin,0
g1307.7614,spectinomycin,0
g1307.7615,spectinomycin,0
g1307.7616,spectinomycin,0
g1307.7617,spectinomycin,0
g1307.7618,spectinomycin,0
g1307.7619,spectinomycin,0
g1307.7620,spectinomycin,0
g1307.7621,spectinomycin,0
g1307.7622,spectinomycin,0
g1307.7623,spectinomycin,0
g1307.7624,spectinomycin,0
g1307.7625,spectinomycin,0
g1307.7626,spectinomycin,0
g1307.7627,spectinomycin,0
g1307.7628,spectinomycin,0
g1307.7629,spectinomycin,0
g1307.7630,spectinomycin,0
g1307.7631,spectinomycin,0
g1307.7632,spectinomycin,0
g1307.7633,spectinomycin,0
g1307.7634,spectinomycin,0
g1307.7635,spectinomycin,0
g1307.7636,spectinomycin,0
g1307.7637,spectinomycin,0
g1307.7638,spectinomycin,0
g1307.7639,spectinomycin,0
g1307.7640,spectinomycin,0
g1307.7641,spectinomycin,0
g1307.7642,spectinomycin,0
g1307.7643,spectinomycin,1
g1307.7644,spectinomycin,0
g1307.7645,spectinomycin,0
g1307.7646,spectinomycin,0
g1307.7647,spectinomycin,0
g1307.7648,spectinomycin,0
g1307.7649,spectinomycin,0
g1307.7650,spectinomycin,0
g1307.7651,spectinomycin,0
g1307.7652,spectinomycin,0
g1307.7653,spectinomycin,1
g1307.7654,spectinomycin,0
g1307.7655,spectinomycin,1
g1307.7656,spectinomycin,0
g1307.7657,spectinomycin,0
g1307.7658,spectinomycin,0
g1307.7659,spectinomycin,0
g1307.7660,spectinomycin,0
g1307.7661,spectinomycin,0
g1307.7662,spectinomycin,0
g1307.7663,spectinomycin,0
g1307.7664,spectinomycin,1
g1307.7665,spectinomycin,0
g1307.7666,spectinomycin,0
g1307.7667,spectinomycin,0
g1307.7668,spectinomycin,0
g1307.7669,spectinomycin,0
g1307.7670,spectinomycin,0
g1307.7671,spectinomycin,1
g1307.7672,spectinomycin,0
g1307.7673,spectinomycin,0
g1307.7674,spectinomycin,0
g1307.7675,spectinomycin,1
g1307.7676,spectinomycin,1
g1307.7677,spectinomycin,0
g1307.7678,spectinomycin,0
g1307.7679,spectinomycin,0
g1307.7680,spectinomycin,1
g1307.7681,spectinomycin,0
g1307.7682,spectinomycin,1
g1307.7683,spectinomycin,0
g1307.7684,spectinomycin,0
g1307.7685,spectinomycin,0
g1307.7686,spectinomycin,0
g1307.7687,spectinomycin,0
g1307.7688,spectinomycin,0
g1307.7689,spectinomycin,0
g1307.7690,spectinomycin,1
g1307.7691,spectinomycin,0
g1307.7692,spectinomycin,0
g1307.7693,spectinomycin,0
g1307.7694,spectinomycin,0
g1307.7695,spectinomycin,0
g1307.7696,spectinomycin,0
g1307.7697,spectinomycin,0
g1307.7698,spectinomycin,0
g1307.7699,spectinomycin,0
g1307.7700,spectinomycin,0
g1307.7701,spectinomycin,0
g1307.7702,spectinomycin,1
g1307.7703,spectinomycin,1
g1307.7704,spectinomycin,0
g1307.7705,spectinomycin,0
g1307.7706,spectinomycin,0
g1307.7707,spectinomycin,0
g1307.7708,spectinomycin,0
g1307.7709,spectinomycin,0
g1307.7710,spectinomycin,0
g1307.7711,spectinomycin,0
g1307.7712,spectinomycin,0
g1307.7713,spectinomycin,0
g1307.7714,spectinomycin,0
g1307.7715,spectinomycin,0
g1307.7716,spectinomycin,0
g1307.7717,spectinomycin,0
g1307.7718,spectinomycin,0
g1307.7719,spectinomycin,0
g1307.7720,spectinomycin,1
g1307.7721,spectinomycin,1
g1307.7722,spectinomycin,1
g1307.7723,spectinomycin,0
g1307.7724,spectinomycin,0
g1307.7725,spectinomycin,1
g1307.7726,spectinomycin,0
g1307.7727,spectinomycin,0
g1307.7728,spectinomycin,0
g1307.7729,spectinomycin,1
g1307.7730,spectinomycin,0
g1307.7731,spectinomycin,1
g1307.7732,spectinomycin,0
g1307.7733,spectinomycin,0
g1307.7734,spectinomycin,0
g1307.7735,spectinomycin,1
g1307.7736,spectinomycin,0
g1307.7737,spectinomycin,0
g1307.7738,spectinomycin,0
g1307.7739,spectinomycin,0
g1307.7740,spectinomycin,0
g1307.7741,spectinomycin,1
g1307.7742,spectinomycin,0
g1307.7743,spectinomycin,0
g1307.7744,spectinomycin,0
g1307.7745,spectinomycin,0
g1307.7746,spectinomycin,0
g1307.7747,spectinomycin,0
g1307.7748,spectinomycin,0
g1307.7749,spectinomycin,0
g1307.7750,spectinomycin,0
g1307.7751,spectinomycin,0
g1307.7752,spectinomycin,1
g1307.7753,spectinomycin,1
g1307.7754,spectinomycin,0
g1307.7755,spectinomycin,1
g1307.7756,spectinomycin,0
g1307.7757,spectinomycin,0
g1307.7758,spectinomycin,0
g1307.7759,spectinomycin,0
g1307.7760,spectinomycin,0
g1307.7761,spectinomycin,0
g1307.7762,spectinomycin,0
g1307.7763,spectinomycin,1
g1307.7764,spectinomycin,1
g1307.7765,spectinomycin,0
g1307.7766,spectinomycin,0
g1307.7767,spectinomycin,0
g1307.7768,spectinomycin,0
g1307.7769,spectinomycin,0
g1307.7770,spectinomycin,0
g1307.7771,spectinomycin,0
g1307.7772,spectinomycin,0
g1307.7773,spectinomycin,0
g1307.7774,spectinomycin,1
g1307.7775,spectinomycin,0
g1307.7776,spectinomycin,1
g1307.7777,spectinomycin,0
g1307.7778,spectinomycin,0
g1307.7779,spectinomycin,0
g1307.7780,spectinomycin,0
g1307.7781,spectinomycin,1
g1307.7782,spectinomycin,0
g1307.7783,spectinomycin,0
g1307.7784,spectinomycin,0
g1307.7785,spectinomycin,0
g1307.7786,spectinomycin,1
g1307.7787,spectinomycin,0
g1307.7788,spectinomycin,0
g1307.7789,spectinomycin,0
g1307.7790,spectinomycin,0
g1307.7791,spectinomycin,0
g1307.7792,spectinomycin,1
g1307.7793,spectinomycin,0
g1307.7794,spectinomycin,0
g1307.7795,spectinomycin,0
g1307.7796,spectinomycin,0
g1307.7797,spectinomycin,0
g1307.7798,spectinomycin,0
g1307.7799,spectinomycin,0
g1307.7800,spectinomycin,0
g1307.7801,spectinomycin,1
g1307.7802,spectinomycin,0
g1307.7803,spectinomycin,0
g1307.7804,spectinomycin,0
g1307.7805,spectinomycin,0
g1307.7806,spectinomycin,0
g1307.7807,spectinomycin,0
g1307.7808,spectinomycin,0
g1307.7809,spectinomycin,0
g1307.7810,spectinomycin,0
g1307.7811,spectinomycin,0
g1307.7812,spectinomycin,0
g1307.7813,spectinomycin,0
g1307.7814,spectinomycin,0
g1307.7815,spectinomycin,0
g1307.7816,spectinomycin,1
g1307.7817,spectinomycin,0
g1307.7818,spectinomycin,0
g1307.7819,spectinomycin,0
g1307.7820,spectinomycin,1
g1307.7821,spectinomycin,0
g1307.7822,spectinomycin,0
g1307.7823,spectinomycin,0
g1307.7824,spectinomycin,0
g1307.7825,spectinomycin,1
g1307.7826,spectinomycin,0
g1307.7827,spectinomycin,0
g1307.7828,spectinomycin,0
g1307.7829,spectinomycin,0
g1307.7830,spectinomycin,0
g1307.7831,spectinomycin,0
g1307.7832,spectinomycin,1
g1307.7833,spectinomycin,0
g1307.7834,spectinomycin,0
g1307.7835,spectinomycin,0
g1307.7836,spectinomycin,0
g1307.7837,spectinomycin,0
g1307.7838,spectinomycin,1
g1307.7839,spectinomycin,0
g1307.7840,spectinomycin,0
g1307.7841,spectinomycin,0
g1307.7842,spectinomycin,0
g1307.7843,spectinomycin,0
g1307.7844,spectinomycin,0
g1307.7845,spectinomycin,1
g1307.7846,spectinomycin,0
g1307.7847,spectinomycin,1
g1307.7848,spectinomycin,0
g1307.7849,spectinomycin,0
g1307.7850,spectinomycin,1
g1307.7851,spectinomycin,1
g1307.7852,spectinomycin,0
g1307.7853,spectinomycin,0
g1307.7854,spectinomycin,0
g1307.7855,spectinomycin,0
g1307.7856,spectinomycin,0
g1307.7857,spectinomycin,0
g1307.7858,spectinomycin,0
g1307.7859,spectinomycin,0
g1307.7860,spectinomycin,0
g1307.7861,spectinomycin,0
g1307.7862,spectinomycin,0
g1307.7863,spectinomycin,0
g1307.7864,spectinomycin,0
g1307.7865,spectinomycin,0
g1307.7866,spectinomycin,0
g1307.7867,spectinomycin,0
g1307.7868,spectinomycin,0
g1307.7869,spectinomycin,0
g1307.7870,spectinomycin,0
g1307.7871,spectinomycin,0
g1307.7872,spectinomycin,0
g1307.7873,spectinomycin,0
g1307.7874,spectinomycin,0
g1307.7875,spectinomycin,0
g1307.7876,spectinomycin,0
g1307.7877,spectinomycin,0
g1307.7878,spectinomycin,0
g1307.7879,spectinomycin,0
g1307.7880,spectinomycin,1
g1307.7881,spectinomycin,0
g1307.7882,spectinomycin,0
g1307.7883,spectinomycin,0
g1307.7884,spectinomycin,0
g1307.7885,spectinomycin,0
g1307.7886,spectinomycin,0
g1307.7887,spectinomycin,0
g1307.7888,spectinomycin,0
g1307.7889,spectinomycin,0
g1307.7890,spectinomycin,0
g1307.7891,spectinomycin,0
g1307.7892,spectinomycin,0
g1307.7893,spectinomycin,0
g1307.7894,spectinomycin,0
g1307.7895,spectinomycin,0
g1307.7896,spectinomycin,0
g1307.7897,spectinomycin,0
g1307.7898,spectinomycin,1
g1307.7899,spectinomycin,0
g1307.7900,spectinomycin,0
g1307.7901,spectinomycin,0
g1307.7902,spectinomycin,0
g1307.7903,spectinomycin,0
g1307.7904,spectinomycin,0
g1307.7905,spectinomycin,0
g1307.7906,spectinomycin,0
g1307.7907,spectinomycin,0
g1307.7908,spectinomycin,0
g1307.7909,spectinomycin,0
g1307.7910,spectinomycin,0
g1307.7911,spectinomycin,0
g1307.7912,spectinomycin,0
g1307.7913,spectinomycin,0
g1307.7914,spectinomycin,1
g1307.7915,spectinomycin,0
g1307.7916,spectinomycin,0
g1307.7917,spectinomycin,0
g1307.7918,spectinomycin,0
g1307.7919,spectinomycin,0
g1307.7920,spectinomycin,0
g1307.7921,spectinomycin,0
g1307.7922,spectinomycin,0
g1307.7923,spectinomycin,0
g1307.7924,spectinomycin,0
g1307.7925,spectinomycin,0
g1307.7926,spectinomycin,0
g1307.7927,spectinomycin,0
g1307.7928,spectinomycin,0
g1307.7929,spectinomycin,0
g1307.7930,spectinomycin,0
g1307.7931,spectinomycin,0
g1307.7932,spectinomycin,0
g1307.7933,spectinomycin,0
g1307.7934,spectinomycin,0
g1307.7935,spectinomycin,0
g1307.7936,spectinomycin,0
g1307.7937,spectinomycin,0
g1307.7938,spectinomycin,0
g1307.7939,spectinomycin,0
g1307.7940,spectinomycin,0
g1307.7941,spectinomycin,0
g1307.7942,spectinomycin,0
g1307.7943,spectinomycin,0
g1307.7944,spectinomycin,0
g1307.7945,spectinomycin,0
g1307.7946,spectinomycin,0
g1307.7947,spectinomycin,0
g1307.7948,spectinomycin,0
g1307.7949,spectinomycin,0
g1307.7950,spectinomycin,0
g1307.7951,spectinomycin,0
g1307.7952,spectinomycin,0
g1307.7953,spectinomycin,0
g1307.7954,spectinomycin,0
g1307.7955,spectinomycin,0
g1307.7956,spectinomycin,0
g1307.7957,spectinomycin,0
g1307.7958,spectinomycin,0
g1307.7959,spectinomycin,0
g1307.7960,spectinomycin,0
g1307.7961,spectinomycin,0
g1307.7962,spectinomycin,0
g1307.7963,spectinomycin,0
g1307.7964,spectinomycin,0
g1307.7965,spectinomycin,0
g1307.7966,spectinomycin,0
g1307.7967,spectinomycin,0
g1307.7968,spectinomycin,0
g1307.7969,spectinomycin,0
g1307.7970,spectinomycin,0
g1307.7971,spectinomycin,0
g1307.7972,spectinomycin,1
g1307.7973,spectinomycin,0
g1307.7974,spectinomycin,1
g1307.7975,spectinomycin,0
g1307.7976,spectinomycin,0
g1307.7977,spectinomycin,1
g1307.7978,spectinomycin,0
g1307.7979,spectinomycin,0
g1307.7980,spectinomycin,0
g1307.7981,spectinomycin,1
g1307.7982,spectinomycin,0
g1307.7983,spectinomycin,0
g1307.7984,spectinomycin,0
g1307.7985,spectinomycin,0
g1307.7986,spectinomycin,0
g1307.7987,spectinomycin,0
g1307.7988,spectinomycin,0
g1307.7989,spectinomycin,0
g1307.7990,spectinomycin,0
g1307.7991,spectinomycin,0
g1307.7992,spectinomycin,0
g1307.7993,spectinomycin,0
g1307.7994,spectinomycin,0
g1307.7995,spectinomycin,0
g1307.7996,spectinomycin,0
g1307.7997,spectinomycin,0
g1307.7998,spectinomycin,0
g1307.7999,spectinomycin,0
g1307.8000,spectinomycin,0
g1307.8001,spectinomycin,0
g1307.8002,spectinomycin,0
g1307.8003,spectinomycin,0
g1307.8004,spectinomycin,0
g1307.8005,spectinomycin,0
g1307.8006,spectinomycin,0
g1307.8007,spectinomycin,0
g1307.8008,spectinomycin,0
g1307.8009,spectinomycin,0
g1307.8010,spectinomycin,0
g1307.8011,spectinomycin,1
g1307.8012,spectinomycin,0
g1307.8013,spectinomycin,0
g1307.8014,spectinomycin,0
g1307.8015,spectinomycin,0
g1307.8016,spectinomycin,0
g1307.8017,spectinomycin,1
g1307.8018,spectinomycin,1
g1307.8019,spectinomycin,1
g1307.8020,spectinomycin,1
g1307.8021,spectinomycin,1
g1307.8022,spectinomycin,1
g1307.8023,spectinomycin,1
g1307.8024,spectinomycin,1
g1307.8025,spectinomycin,0
g1307.8026,spectinomycin,1
g1307.8027,spectinomycin,0
g1307.8028,spectinomycin,0
g1307.8029,spectinomycin,0
g1307.8030,spectinomycin,0
g1307.8031,spectinomycin,0
g1307.8032,spectinomycin,0
g1307.8033,spectinomycin,0
g1307.8034,spectinomycin,0
g1307.8035,spectinomycin,0
g1307.8036,spectinomycin,0
g1307.8037,spectinomycin,0
g1307.8038,spectinomycin,1
g1307.8039,spectinomycin,1
g1307.8040,spectinomycin,0
g1307.8041,spectinomycin,0
g1307.8042,spectinomycin,0
g1307.8043,spectinomycin,0
g1307.8044,spectinomycin,0
g1307.8045,spectinomycin,0
g1307.8046,spectinomycin,0
g1307.8047,spectinomycin,0
g1307.8048,spectinomycin,0
g1307.8049,spectinomycin,0
g1307.8050,spectinomycin,0
g1307.8051,spectinomycin,0
g1307.8052,spectinomycin,0
g1307.8053,spectinomycin,0
g1307.8054,spectinomycin,0
g1307.8055,spectinomycin,0
g1307.8056,spectinomycin,0
g1307.8057,spectinomycin,0
g1307.8058,spectinomycin,0
g1307.8059,spectinomycin,0
g1307.8060,spectinomycin,0
g1307.8061,spectinomycin,0
g1307.8062,spectinomycin,0
g1307.8063,spectinomycin,0
g1307.8064,spectinomycin,0
g1307.8065,spectinomycin,0
g1307.8066,spectinomycin,0
g1307.8067,spectinomycin,0
g1307.8068,spectinomycin,0
g1307.8069,spectinomycin,0
g1307.8070,spectinomycin,0
g1307.8071,spectinomycin,0
g1307.8072,spectinomycin,0
g1307.8073,spectinomycin,0
g1307.8074,spectinomycin,0
g1307.8075,spectinomycin,0
g1307.8076,spectinomycin,0
g1307.8077,spectinomycin,0
g1307.8078,spectinomycin,0
g1307.8079,spectinomycin,0
g1307.8080,spectinomycin,0
g1307.8081,spectinomycin,0
g1307.8082,spectinomycin,0
g1307.8083,spectinomycin,0
g1307.8084,spectinomycin,0
g1307.8085,spectinomycin,0
g1307.8086,spectinomycin,0
g1307.8087,spectinomycin,0
g1307.8088,spectinomycin,0
g1307.8089,spectinomycin,0
g1307.8090,spectinomycin,0
g1307.8091,spectinomycin,1
g1307.8092,spectinomycin,0
g1307.8093,spectinomycin,0
g1307.8094,spectinomycin,0
g1307.8095,spectinomycin,0
g1307.8096,spectinomycin,0
g1307.8097,spectinomycin,0
g1307.8098,spectinomycin,0
g1307.8099,spectinomycin,0
g1307.8100,spectinomycin,0
g1307.8101,spectinomycin,0
g1307.8102,spectinomycin,0
g1307.8103,spectinomycin,0
g1307.8104,spectinomycin,0
g1307.8105,spectinomycin,0
g1307.8106,spectinomycin,0
g1307.8107,spectinomycin,0
g1307.8108,spectinomycin,0
g1307.8109,spectinomycin,0
g1307.8110,spectinomycin,0
g1307.8111,spectinomycin,0
g1307.8112,spectinomycin,0
g1307.8113,spectinomycin,0
g1307.8114,spectinomycin,0
g1307.8115,spectinomycin,0
g1307.8116,spectinomycin,0
g1307.8117,spectinomycin,0
g1307.8118,spectinomycin,0
g1307.8119,spectinomycin,0
g1307.8120,spectinomycin,0
g1307.8121,spectinomycin,0
g1307.8122,spectinomycin,0
g1307.8123,spectinomycin,0
g1307.8124,spectinomycin,0
g1307.8125,spectinomycin,0
g1307.8126,spectinomycin,0
g1307.8127,spectinomycin,0
g1307.8128,spectinomycin,0
g1307.8129,spectinomycin,0
g1307.8130,spectinomycin,0
g1307.8131,spectinomycin,0
g1307.8132,spectinomycin,0
g1307.8133,spectinomycin,0
g1307.8134,spectinomycin,0
g1307.8135,spectinomycin,0
g1307.8136,spectinomycin,0
g1307.8137,spectinomycin,0
g1307.8138,spectinomycin,0
g1307.8139,spectinomycin,0
g1307.8140,spectinomycin,0
g1307.8141,spectinomycin,0
g1307.8142,spectinomycin,0
g1307.8143,spectinomycin,0
g1307.8144,spectinomycin,0
g1307.8145,spectinomycin,0
g1307.8146,spectinomycin,0
g1307.8147,spectinomycin,0
g1307.8148,spectinomycin,0
g1307.8149,spectinomycin,0
g1307.8150,spectinomycin,0
g1307.8151,spectinomycin,0
g1307.8152,spectinomycin,0
g1307.8153,spectinomycin,0
g1307.8154,spectinomycin,0
g1307.8155,spectinomycin,0
g1307.8156,spectinomycin,0
g1307.8157,spectinomycin,0
g1307.8158,spectinomycin,0
g1307.8159,spectinomycin,0
g1307.8160,spectinomycin,0
g1307.8161,spectinomycin,0
g1307.8162,spectinomycin,1
g1307.8163,spectinomycin,1
g1307.8164,spectinomycin,1
g1307.8165,spectinomycin,1
g1307.8166,spectinomycin,1
g1307.8167,spectinomycin,1
g1307.8168,spectinomycin,1
g1307.8169,spectinomycin,1
g1307.8170,spectinomycin,1
g1307.8171,spectinomycin,1
g1307.8172,spectinomycin,1
g1307.8173,spectinomycin,1
g1307.8174,spectinomycin,1
g1307.8175,spectinomycin,0
g1307.8176,spectinomycin,0
g1307.8177,spectinomycin,1
g1307.8178,spectinomycin,0
g1307.8179,spectinomycin,0
g1307.7503,amoxicillin,0
g1307.7504,amoxicillin,0
g1307.7505,amoxicillin,0
g1307.7506,amoxicillin,0
g1307.7507,amoxicillin,0
g1307.7508,amoxicillin,0
g1307.7509,amoxicillin,0
g1307.7510,amoxicillin,0
g1307.7511,amoxicillin,0
g1307.7512,amoxicillin,0
g1307.7513,amoxicillin,0
g1307.7514,amoxicillin,0
g1307.7515,amoxicillin,0
g1307.7516,amoxicillin,0
g1307.7517,amoxicillin,0
g1307.7518,amoxicillin,0
g1307.7519,amoxicillin,0
g1307.7520,amoxicillin,0
g1307.7521,amoxicillin,0
g1307.7522,amoxicillin,0
g1307.7523,amoxicillin,0
g1307.7524,amoxicillin,0
g1307.7525,amoxicillin,0
g1307.7526,amoxicillin,0
g1307.7527,amoxicillin,0
g1307.7528,amoxicillin,0
g1307.7529,amoxicillin,0
g1307.7530,amoxicillin,0
g1307.7531,amoxicillin,0
g1307.7532,amoxicillin,0
g1307.7533,amoxicillin,0
g1307.7534,amoxicillin,0
g1307.7535,amoxicillin,0
g1307.7536,amoxicillin,0
g1307.7537,amoxicillin,0
g1307.7538,amoxicillin,0
g1307.7539,amoxicillin,0
g1307.7540,amoxicillin,0
g1307.7541,amoxicillin,0
g1307.7542,amoxicillin,0
g1307.7543,amoxicillin,0
g1307.7544,amoxicillin,0
g1307.7545,amoxicillin,0
g1307.7546,amoxicillin,0
g1307.7547,amoxicillin,0
g1307.7548,amoxicillin,0
g1307.7549,amoxicillin,0
g1307.7550,amoxicillin,0
g1307.7551,amoxicillin,0
g1307.7552,amoxicillin,0
g1307.7553,amoxicillin,0
g1307.7554,amoxicillin,0
g1307.7555,amoxicillin,1
g1307.7556,amoxicillin,0
g1307.7557,amoxicillin,0
g1307.7558,amoxicillin,0
g1307.7559,amoxicillin,0
g1307.7560,amoxicillin,0
g1307.7561,amoxicillin,0
g1307.7562,amoxicillin,0
g1307.7563,amoxicillin,0
g1307.7564,amoxicillin,0
g1307.7565,amoxicillin,0
g1307.7566,amoxicillin,0
g1307.7567,amoxicillin,0
g1307.7568,amoxicillin,0
g1307.7569,amoxicillin,0
g1307.7570,amoxicillin,0
g1307.7571,amoxicillin,0
g1307.7572,amoxicillin,0
g1307.7573,amoxicillin,0
g1307.7574,amoxicillin,0
g1307.7575,amoxicillin,0
g1307.7576,amoxicillin,0
g1307.7577,amoxicillin,0
g1307.7578,amoxicillin,0
g1307.7579,amoxicillin,0
g1307.7580,amoxicillin,0
g1307.7581,amoxicillin,0
g1307.7582,amoxicillin,0
g1307.7583,amoxicillin,0
g1307.7584,amoxicillin,0
g1307.7585,amoxicillin,0
g1307.7586,amoxicillin,0
g1307.7587,amoxicillin,0
g1307.7588,amoxicillin,0
g1307.7589,amoxicillin,0
g1307.7590,amoxicillin,0
g1307.7591,amoxicillin,0
g1307.7592,amoxicillin,0
g1307.7593,amoxicillin,1
g1307.7594,amoxicillin,0
g1307.7595,amoxicillin,0
g1307.7596,amoxicillin,0
g1307.7597,amoxicillin,0
g1307.7598,amoxicillin,0
g1307.7599,amoxicillin,0
g1307.7600,amoxicillin,0
g1307.7601,amoxicillin,0
g1307.7602,amoxicillin,0
g1307.7603,amoxicillin,0
g1307.7604,amoxicillin,0
g1307.7605,amoxicillin,0
g1307.7606,amoxicillin,0
g1307.7607,amoxicillin,0
g1307.7608,amoxicillin,0
g1307.7609,amoxicillin,0
g1307.7610,amoxicillin,0
g1307.7611,amoxicillin,0
g1307.7612,amoxicillin,0
g1307.7613,amoxicillin,0
g1307.7614,amoxicillin,0
g1307.7615,amoxicillin,0
g1307.7616,amoxicillin,0
g1307.7617,amoxicillin,0
g1307.7618,amoxicillin,0
g1307.7619,amoxicillin,0
g1307.7620,amoxicillin,0
g1307.7621,amoxicillin,0
g1307.7622,amoxicillin,0
g1307.7623,amoxicillin,0
g1307.7624,amoxicillin,0
g1307.7625,amoxicillin,0
g1307.7626,amoxicillin,1
g1307.7627,amoxicillin,0
g1307.7628,amoxicillin,0
g1307.7629,amoxicillin,0
g1307.7630,amoxicillin,0
g1307.7631,amoxicillin,0
g1307.7632,amoxicillin,0
g1307.7633,amoxicillin,0
g1307.7634,amoxicillin,0
g1307.7635,amoxicillin,0
g1307.7636,amoxicillin,0
g1307.7637,amoxicillin,0
g1307.7638,amoxicillin,0
g1307.7639,amoxicillin,1
g1307.7640,amoxicillin,0
g1307.7641,amoxicillin,0
g1307.7642,amoxicillin,0
g1307.7643,amoxicillin,0
g1307.7644,amoxicillin,0
g1307.7645,amoxicillin,0
g1307.7646,amoxicillin,0
g1307.7647,amoxicillin,0
g1307.7648,amoxicillin,0
g1307.7649,amoxicillin,0
g1307.7650,amoxicillin,0
g1307.7651,amoxicillin,1
g1307.7652,amoxicillin,0
g1307.7653,amoxicillin,0
g1307.7654,amoxicillin,0
g1307.7655,amoxicillin,1
g1307.7656,amoxicillin,0
g1307.7657,amoxicillin,0
g1307.7658,amoxicillin,0
g1307.7659,amoxicillin,0
g1307.7660,amoxicillin,0
g1307.7661,amoxicillin,0
g1307.7662,amoxicillin,0
g1307.7663,amoxicillin,0
g1307.7664,amoxicillin,0
g1307.7665,amoxicillin,0
g1307.7666,amoxicillin,0
g1307.7667,amoxicillin,0
g1307.7668,amoxicillin,0
g1307.7669,amoxicillin,1
g1307.7670,amoxicillin,1
g1307.7671,amoxicillin,1
g1307.7672,amoxicillin,1
g1307.7673,amoxicillin,0
g1307.7674,amoxicillin,0
g1307.7675,amoxicillin,0
g1307.7676,amoxicillin,0
g1307.7677,amoxicillin,0
g1307.7678,amoxicillin,0
g1307.7679,amoxicillin,0
g1307.7680,amoxicillin,1
g1307.7681,amoxicillin,0
g1307.7682,amoxicillin,0
g1307.7683,amoxicillin,0
g1307.7684,amoxicillin,1
g1307.7685,amoxicillin,0
g1307.7686,amoxicillin,0
g1307.7687,amoxicillin,1
g1307.7688,amoxicillin,0
g1307.7689,amoxicillin,0
g1307.7690,amoxicillin,0
g1307.7691,amoxicillin,0
g1307.7692,amoxicillin,0
g1307.7693,amoxicillin,0
g1307.7694,amoxicillin,0
g1307.7695,amoxicillin,0
g1307.7696,amoxicillin,0
g1307.7697,amoxicillin,0
g1307.7698,amoxicillin,0
g1307.7699,amoxicillin,0
g1307.7700,amoxicillin,0
g1307.7701,amoxicillin,0
g1307.7702,amoxicillin,0
g1307.7703,amoxicillin,0
g1307.7704,amoxicillin,0
g1307.7705,amoxicillin,1
g1307.7706,amoxicillin,0
g1307.7707,amoxicillin,0
g1307.7708,amoxicillin,0
g1307.7709,amoxicillin,0
g1307.7710,amoxicillin,0
g1307.7711,amoxicillin,0
g1307.7712,amoxicillin,0
g1307.7713,amoxicillin,0
g1307.7714,amoxicillin,0
g1307.7715,amoxicillin,1
g1307.7716,amoxicillin,0
g1307.7717,amoxicillin,0
g1307.7718,amoxicillin,0
g1307.7719,amoxicillin,0
g1307.7720,amoxicillin,1
g1307.7721,amoxicillin,1
g1307.7722,amoxicillin,0
g1307.7723,amoxicillin,0
g1307.7724,amoxicillin,1
g1307.7725,amoxicillin,1
g1307.7726,amoxicillin,1
g1307.7727,amoxicillin,0
g1307.7728,amoxicillin,0
g1307.7729,amoxicillin,1
g1307.7730,amoxicillin,0
g1307.7731,amoxicillin,0
g1307.7732,amoxicillin,0
g1307.7733,amoxicillin,0
g1307.7734,amoxicillin,0
g1307.7735,amoxicillin,0
g1307.7736,amoxicillin,0
g1307.7737,amoxicillin,0
g1307.7738,amoxicillin,0
g1307.7739,amoxicillin,0
g1307.7740,amoxicillin,0
g1307.7741,amoxicillin,0
g1307.7742,amoxicillin,0
g1307.7743,amoxicillin,0
g1307.7744,amoxicillin,0
g1307.7745,amoxicillin,0
g1307.7746,amoxicillin,0
g1307.7747,amoxicillin,0
g1307.7748,amoxicillin,0
g1307.7749,amoxicillin,0
g1307.7750,amoxicillin,0
g1307.7751,amoxicillin,0
g1307.7752,amoxicillin,0
g1307.7753,amoxicillin,0
g1307.7754,amoxicillin,0
g1307.7755,amoxicillin,0
g1307.7756,amoxicillin,0
g1307.7757,amoxicillin,0
g1307.7758,amoxicillin,0
g1307.7759,amoxicillin,0
g1307.7760,amoxicillin,0
g1307.7761,amoxicillin,0
g1307.7762,amoxicillin,0
g1307.7763,amoxicillin,0
g1307.7764,amoxicillin,0
g1307.7765,amoxicillin,0
g1307.7766,amoxicillin,0
g1307.7767,amoxicillin,0
g1307.7768,amoxicillin,0
g1307.7769,amoxicillin,0
g1307.7770,amoxicillin,0
g1307.7771,amoxicillin,0
g1307.7772,amoxicillin,0
g1307.7773,amoxicillin,0
g1307.7774,amoxicillin,1
g1307.7775,amoxicillin,0
g1307.7776,amoxicillin,0
g1307.7777,amoxicillin,0
g1307.7778,amoxicillin,1
g1307.7779,amoxicillin,0
g1307.7780,amoxicillin,0
g1307.7781,amoxicillin,0
g1307.7782,amoxicillin,0
g1307.7783,amoxicillin,0
g1307.7784,amoxicillin,0
g1307.7785,amoxicillin,0
g1307.7786,amoxicillin,1
g1307.7787,amoxicillin,0
g1307.7788,amoxicillin,0
g1307.7789,amoxicillin,0
g1307.7790,amoxicillin,0
g1307.7791,amoxicillin,0
g1307.7792,amoxicillin,0
g1307.7793,amoxicillin,0
g1307.7794,amoxicillin,0
g1307.7795,amoxicillin,0
g1307.7796,amoxicillin,0
g1307.7797,amoxicillin,0
g1307.7798,amoxicillin,0
g1307.7799,amoxicillin,0
g1307.7800,amoxicillin,0
g1307.7801,amoxicillin,0
g1307.7802,amoxicillin,0
g1307.7803,amoxicillin,0
g1307.7804,amoxicillin,0
g1307.7805,amoxicillin,0
g1307.7806,amoxicillin,1
g1307.7807,amoxicillin,0
g1307.7808,amoxicillin,0
g1307.7809,amoxicillin,0
g1307.7810,amoxicillin,0
g1307.7811,amoxicillin,0
g1307.7812,amoxicillin,1
g1307.7813,amoxicillin,0
g1307.7814,amoxicillin,0
g1307.7815,amoxicillin,0
g1307.7816,amoxicillin,1
g1307.7817,amoxicillin,0
g1307.7818,amoxicillin,0
g1307.7819,amoxicillin,0
g1307.7820,amoxicillin,0
g1307.7821,amoxicillin,0
g1307.7822,amoxicillin,0
g1307.7823,amoxicillin,0
g1307.7824,amoxicillin,0
g1307.7825,amoxicillin,0
g1307.7826,amoxicillin,0
g1307.7827,amoxicillin,0
g1307.7828,amoxicillin,0
g1307.7829,amoxicillin,0
g1307.7830,amoxicillin,0
g1307.7831,amoxicillin,0
g1307.7832,amoxicillin,0
g1307.7833,amoxicillin,1
g1307.7834,amoxicillin,0
g1307.7835,amoxicillin,0
g1307.7836,amoxicillin,0
g1307.7837,amoxicillin,0
g1307.7838,amoxicillin,0
g1307.7839,amoxicillin,0
g1307.7840,amoxicillin,1
g1307.7841,amoxicillin,0
g1307.7842,amoxicillin,0
g1307.7843,amoxicillin,1
g1307.7844,amoxicillin,0
g1307.7845,amoxicillin,1
g1307.7846,amoxicillin,0
g1307.7847,amoxicillin,0
g1307.7848,amoxicillin,0
g1307.7849,amoxicillin,1
g1307.7850,amoxicillin,0
g1307.7851,amoxicillin,0
g1307.7852,amoxicillin,0
g1307.7853,amoxicillin,0
g1307.7854,amoxicillin,0
g1307.7855,amoxicillin,0
g1307.7856,amoxicillin,0
g1307.7857,amoxicillin,0
g1307.7858,amoxicillin,0
g1307.7859,amoxicillin,0
g1307.7860,amoxicillin,0
g1307.7861,amoxicillin,0
g1307.7862,amoxicillin,0
g1307.7863,amoxicillin,0
g1307.7864,amoxicillin,0
g1307.7865,amoxicillin,0
g1307.7866,amoxicillin,0
g1307.7867,amoxicillin,0
g1307.7868,amoxicillin,0
g1307.7869,amoxicillin,0
g1307.7870,amoxicillin,0
g1307.7871,amoxicillin,0
g1307.7872,amoxicillin,0
g1307.7873,amoxicillin,0
g1307.7874,amoxicillin,0
g1307.7875,amoxicillin,0
g1307.7876,amoxicillin,0
g1307.7877,amoxicillin,0
g1307.7878,amoxicillin,0
g1307.7879,amoxicillin,0
g1307.7880,amoxicillin,0
g1307.7881,amoxicillin,0
g1307.7882,amoxicillin,0
g1307.7883,amoxicillin,0
g1307.7884,amoxicillin,0
g1307.7885,amoxicillin,0
g1307.7886,amoxicillin,0
g1307.7887,amoxicillin,0
g1307.7888,amoxicillin,0
g1307.7889,amoxicillin,0
g1307.7890,amoxicillin,0
g1307.7891,amoxicillin,0
g1307.7892,amoxicillin,0
g1307.7893,amoxicillin,0
g1307.7894,amoxicillin,0
g1307.7895,amoxicillin,0
g1307.7896,amoxicillin,0
g1307.7897,amoxicillin,0
g1307.7898,amoxicillin,0
g1307.7899,amoxicillin,1
g1307.7900,amoxicillin,0
g1307.7901,amoxicillin,0
g1307.7902,amoxicillin,0
g1307.7903,amoxicillin,0
g1307.7904,amoxicillin,0
g1307.7905,amoxicillin,0
g1307.7906,amoxicillin,0
g1307.7907,amoxicillin,0
g1307.7908,amoxicillin,0
g1307.7909,amoxicillin,0
g1307.7910,amoxicillin,0
g1307.7911,amoxicillin,0
g1307.7912,amoxicillin,0
g1307.7913,amoxicillin,0
g1307.7914,amoxicillin,0
g1307.7915,amoxicillin,0
g1307.7916,amoxicillin,0
g1307.7917,amoxicillin,0
g1307.7918,amoxicillin,1
g1307.7919,amoxicillin,0
g1307.7920,amoxicillin,0
g1307.7921,amoxicillin,0
g1307.7922,amoxicillin,0
g1307.7923,amoxicillin,0
g1307.7924,amoxicillin,0
g1307.7925,amoxicillin,0
g1307.7926,amoxicillin,0
g1307.7927,amoxicillin,0
g1307.7928,amoxicillin,0
g1307.7929,amoxicillin,1
g1307.7930,amoxicillin,0
g1307.7931,amoxicillin,1
g1307.7932,amoxicillin,0
g1307.7933,amoxicillin,0
g1307.7934,amoxicillin,0
g1307.7935,amoxicillin,0
g1307.7936,amoxicillin,0
g1307.7937,amoxicillin,0
g1307.7938,amoxicillin,0
g1307.7939,amoxicillin,0
g1307.7940,amoxicillin,0
g1307.7941,amoxicillin,0
g1307.7942,amoxicillin,0
g1307.7943,amoxicillin,0
g1307.7944,amoxicillin,0
g1307.7945,amoxicillin,0
g1307.7946,amoxicillin,0
g1307.7947,amoxicillin,0
g1307.7948,amoxicillin,0
g1307.7949,amoxicillin,0
g1307.7950,amoxicillin,0
g1307.7951,amoxicillin,0
g1307.7952,amoxicillin,0
g1307.7953,amoxicillin,0
g1307.7954,amoxicillin,0
g1307.7955,amoxicillin,0
g1307.7956,amoxicillin,0
g1307.7957,amoxicillin,0
g1307.7958,amoxicillin,0
g1307.7959,amoxicillin,0
g1307.7960,amoxicillin,0
g1307.7961,amoxicillin,0
g1307.7962,amoxicillin,0
g1307.7963,amoxicillin,0
g1307.7964,amoxicillin,0
g1307.7965,amoxicillin,0
g1307.7966,amoxicillin,0
g1307.7967,amoxicillin,0
g1307.7968,amoxicillin,0
g1307.7969,amoxicillin,0
g1307.7970,amoxicillin,0
g1307.7971,amoxicillin,0
g1307.7972,amoxicillin,0
g1307.7973,amoxicillin,0
g1307.7974,amoxicillin,0
g1307.7975,amoxicillin,0
g1307.7976,amoxicillin,0
g1307.7977,amoxicillin,0
g1307.7978,amoxicillin,0
g1307.7979,amoxicillin,0
g1307.7980,amoxicillin,0
g1307.7981,amoxicillin,0
g1307.7982,amoxicillin,0
g1307.7983,amoxicillin,0
g1307.7984,amoxicillin,0
g1307.7985,amoxicillin,0
g1307.7986,amoxicillin,0
g1307.7987,amoxicillin,0
g1307.7988,amoxicillin,0
g1307.7989,amoxicillin,0
g1307.7990,amoxicillin,0
g1307.7991,amoxicillin,0
g1307.7992,amoxicillin,0
g1307.7993,amoxicillin,1
g1307.7994,amoxicillin,0
g1307.7995,amoxicillin,0
g1307.7996,amoxicillin,0
g1307.7997,amoxicillin,0
g1307.7998,amoxicillin,0
g1307.7999,amoxicillin,0
g1307.8000,amoxicillin,0
g1307.8001,amoxicillin,0
g1307.8002,amoxicillin,0
g1307.8003,amoxicillin,0
g1307.8004,amoxicillin,0
g1307.8005,amoxicillin,0
g1307.8006,amoxicillin,0
g1307.8007,amoxicillin,0
g1307.8008,amoxicillin,0
g1307.8009,amoxicillin,0
g1307.8010,amoxicillin,0
g1307.8011,amoxicillin,0
g1307.8012,amoxicillin,0
g1307.8013,amoxicillin,0
g1307.8014,amoxicillin,0
g1307.8015,amoxicillin,0
g1307.8016,amoxicillin,0
g1307.8017,amoxicillin,0
g1307.8018,amoxicillin,0
g1307.8019,amoxicillin,0
g1307.8020,amoxicillin,0
g1307.8021,amoxicillin,0
g1307.8022,amoxicillin,0
g1307.8023,amoxicillin,0
g1307.8024,amoxicillin,0
g1307.8025,amoxicillin,0
g1307.8026,amoxicillin,0
g1307.8027,amoxicillin,0
g1307.8028,amoxicillin,0
g1307.8029,amoxicillin,0
g1307.8030,amoxicillin,0
g1307.8031,amoxicillin,0
g1307.8032,amoxicillin,0
g1307.8033,amoxicillin,0
g1307.8034,amoxicillin,0
g1307.8035,amoxicillin,0
g1307.8036,amoxicillin,0
g1307.8037,amoxicillin,0
g1307.8038,amoxicillin,0
g1307.8039,amoxicillin,0
g1307.8040,amoxicillin,0
g1307.8041,amoxicillin,0
g1307.8042,amoxicillin,0
g1307.8043,amoxicillin,0
g1307.8044,amoxicillin,0
g1307.8045,amoxicillin,0
g1307.8046,amoxicillin,0
g1307.8047,amoxicillin,0
g1307.8048,amoxicillin,0
g1307.8049,amoxicillin,0
g1307.8050,amoxicillin,0
g1307.8051,amoxicillin,0
g1307.8052,amoxicillin,0
g1307.8053,amoxicillin,0
g1307.8054,amoxicillin,0
g1307.8055,amoxicillin,0
g1307.8056,amoxicillin,0
g1307.8057,amoxicillin,0
g1307.8058,amoxicillin,0
g1307.8059,amoxicillin,0
g1307.8060,amoxicillin,0
g1307.8061,amoxicillin,0
g1307.8062,amoxicillin,0
g1307.8063,amoxicillin,0
g1307.8064,amoxicillin,0
g1307.8065,amoxicillin,0
g1307.8066,amoxicillin,0
g1307.8067,amoxicillin,0
g1307.8068,amoxicillin,0
g1307.8069,amoxicillin,0
g1307.8070,amoxicillin,0
g1307.8071,amoxicillin,0
g1307.8072,amoxicillin,0
g1307.8073,amoxicillin,0
g1307.8074,amoxicillin,0
g1307.8075,amoxicillin,0
g1307.8076,amoxicillin,0
g1307.8077,amoxicillin,0
g1307.8078,amoxicillin,0
g1307.8079,amoxicillin,0
g1307.8080,amoxicillin,0
g1307.8081,amoxicillin,0
g1307.8082,amoxicillin,0
g1307.8083,amoxicillin,0
g1307.8084,amoxicillin,0
g1307.8085,amoxicillin,0
g1307.8086,amoxicillin,0
g1307.8087,amoxicillin,0
g1307.8088,amoxicillin,0
g1307.8089,amoxicillin,0
g1307.8090,amoxicillin,0
g1307.8091,amoxicillin,0
g1307.8092,amoxicillin,0
g1307.8093,amoxicillin,0
g1307.8094,amoxicillin,0
g1307.8095,amoxicillin,0
g1307.8096,amoxicillin,0
g1307.8097,amoxicillin,0
g1307.8098,amoxicillin,0
g1307.8099,amoxicillin,0
g1307.8100,amoxicillin,0
g1307.8101,amoxicillin,0
g1307.8102,amoxicillin,0
g1307.8103,amoxicillin,0
g1307.8104,amoxicillin,0
g1307.8105,amoxicillin,0
g1307.8106,amoxicillin,0
g1307.8107,amoxicillin,0
g1307.8108,amoxicillin,0
g1307.8109,amoxicillin,0
g1307.8110,amoxicillin,0
g1307.8111,amoxicillin,0
g1307.8112,amoxicillin,0
g1307.8113,amoxicillin,0
g1307.8114,amoxicillin,0
g1307.8115,amoxicillin,0
g1307.8116,amoxicillin,0
g1307.8117,amoxicillin,0
g1307.8118,amoxicillin,0
g1307.8119,amoxicillin,0
g1307.8120,amoxicillin,0
g1307.8121,amoxicillin,0
g1307.8122,amoxicillin,0
g1307.8123,amoxicillin,0
g1307.8124,amoxicillin,0
g1307.8125,amoxicillin,0
g1307.8126,amoxicillin,0
g1307.8127,amoxicillin,0
g1307.8128,amoxicillin,0
g1307.8129,amoxicillin,0
g1307.8130,amoxicillin,0
g1307.8131,amoxicillin,0
g1307.8132,amoxicillin,0
g1307.8133,amoxicillin,0
g1307.8134,amoxicillin,0
g1307.8135,amoxicillin,0
g1307.8136,amoxicillin,0
g1307.8137,amoxicillin,0
g1307.8138,amoxicillin,0
g1307.8139,amoxicillin,0
g1307.8140,amoxicillin,0
g1307.8141,amoxicillin,0
g1307.8142,amoxicillin,0
g1307.8143,amoxicillin,0
g1307.8144,amoxicillin,0
g1307.8145,amoxicillin,0
g1307.8146,amoxicillin,0
g1307.8147,amoxicillin,0
g1307.8148,amoxicillin,0
g1307.8149,amoxicillin,0
g1307.8150,amoxicillin,0
g1307.8151,amoxicillin,0
g1307.8152,amoxicillin,0
g1307.8153,amoxicillin,0
g1307.8154,amoxicillin,0
g1307.8155,amoxicillin,0
g1307.8156,amoxicillin,0
g1307.8157,amoxicillin,0
g1307.8158,amoxicillin,0
g1307.8159,amoxicillin,0
g1307.8160,amoxicillin,0
g1307.8161,amoxicillin,0
g1307.8162,amoxicillin,0
g1307.8163,amoxicillin,0
g1307.8164,amoxicillin,0
g1307.8165,amoxicillin,0
g1307.8166,amoxicillin,0
g1307.8167,amoxicillin,0
g1307.8168,amoxicillin,0
g1307.8169,amoxicillin,0
g1307.8170,amoxicillin,0
g1307.8171,amoxicillin,0
g1307.8172,amoxicillin,0
g1307.8173,amoxicillin,0
g1307.8174,amoxicillin,0
g1307.8175,amoxicillin,0
g1307.8176,amoxicillin,0
g1307.8177,amoxicillin,0
g1307.8178,amoxicillin,0
g1307.8179,amoxicillin,0
g1307.7503,cefquinome,0
g1307.7504,cefquinome,0
g1307.7505,cefquinome,0
g1307.7506,cefquinome,0
g1307.7507,cefquinome,0
g1307.7508,cefquinome,0
g1307.7509,cefquinome,0
g1307.7510,cefquinome,0
g1307.7511,cefquinome,0
g1307.7512,cefquinome,0
g1307.7513,cefquinome,0
g1307.7514,cefquinome,0
g1307.7515,cefquinome,0
g1307.7516,cefquinome,0
g1307.7517,cefquinome,0
g1307.7518,cefquinome,0
g1307.7519,cefquinome,0
g1307.7520,cefquinome,0
g1307.7521,cefquinome,0
g1307.7522,cefquinome,0
g1307.7523,cefquinome,0
g1307.7524,cefquinome,0
g1307.7525,cefquinome,0
g1307.7526,cefquinome,0
g1307.7527,cefquinome,0
g1307.7528,cefquinome,0
g1307.7529,cefquinome,0
g1307.7530,cefquinome,0
g1307.7531,cefquinome,0
g1307.7532,cefquinome,0
g1307.7533,cefquinome,0
g1307.7534,cefquinome,0
g1307.7535,cefquinome,0
g1307.7536,cefquinome,0
g1307.7537,cefquinome,0
g1307.7538,cefquinome,0
g1307.7539,cefquinome,0
g1307.7540,cefquinome,0
g1307.7541,cefquinome,0
g1307.7542,cefquinome,0
g1307.7543,cefquinome,0
g1307.7544,cefquinome,0
g1307.7545,cefquinome,0
g1307.7546,cefquinome,0
g1307.7547,cefquinome,0
g1307.7548,cefquinome,0
g1307.7549,cefquinome,0
g1307.7550,cefquinome,0
g1307.7551,cefquinome,0
g1307.7552,cefquinome,0
g1307.7553,cefquinome,0
g1307.7554,cefquinome,0
g1307.7555,cefquinome,1
g1307.7556,cefquinome,0
g1307.7557,cefquinome,0
g1307.7558,cefquinome,0
g1307.7559,cefquinome,0
g1307.7560,cefquinome,0
g1307.7561,cefquinome,0
g1307.7562,cefquinome,0
g1307.7563,cefquinome,0
g1307.7564,cefquinome,0
g1307.7565,cefquinome,0
g1307.7566,cefquinome,0
g1307.7567,cefquinome,0
g1307.7568,cefquinome,0
g1307.7569,cefquinome,0
g1307.7570,cefquinome,0
g1307.7571,cefquinome,0
g1307.7572,cefquinome,0
g1307.7573,cefquinome,0
g1307.7574,cefquinome,0
g1307.7575,cefquinome,0
g1307.7576,cefquinome,0
g1307.7577,cefquinome,0
g1307.7578,cefquinome,0
g1307.7579,cefquinome,0
g1307.7580,cefquinome,0
g1307.7581,cefquinome,0
g1307.7582,cefquinome,0
g1307.7583,cefquinome,0
g1307.7584,cefquinome,0
g1307.7585,cefquinome,0
g1307.7586,cefquinome,0
g1307.7587,cefquinome,0
g1307.7588,cefquinome,0
g1307.7589,cefquinome,0
g1307.7590,cefquinome,0
g1307.7591,cefquinome,0
g1307.7592,cefquinome,0
g1307.7593,cefquinome,1
g1307.7594,cefquinome,0
g1307.7595,cefquinome,0
g1307.7596,cefquinome,0
g1307.7597,cefquinome,0
g1307.7598,cefquinome,0
g1307.7599,cefquinome,0
g1307.7600,cefquinome,0
g1307.7601,cefquinome,0
g1307.7602,cefquinome,0
g1307.7603,cefquinome,0
g1307.7604,cefquinome,0
g1307.7605,cefquinome,0
g1307.7606,cefquinome,1
g1307.7607,cefquinome,0
g1307.7608,cefquinome,0
g1307.7609,cefquinome,0
g1307.7610,cefquinome,0
g1307.7611,cefquinome,0
g1307.7612,cefquinome,0
g1307.7613,cefquinome,0
g1307.7614,cefquinome,0
g1307.7615,cefquinome,0
g1307.7616,cefquinome,0
g1307.7617,cefquinome,0
g1307.7618,cefquinome,0
g1307.7619,cefquinome,0
g1307.7620,cefquinome,0
g1307.7621,cefquinome,0
g1307.7622,cefquinome,0
g1307.7623,cefquinome,0
g1307.7624,cefquinome,0
g1307.7625,cefquinome,0
g1307.7626,cefquinome,1
g1307.7627,cefquinome,0
g1307.7628,cefquinome,0
g1307.7629,cefquinome,0
g1307.7630,cefquinome,0
g1307.7631,cefquinome,0
g1307.7632,cefquinome,0
g1307.7633,cefquinome,0
g1307.7634,cefquinome,0
g1307.7635,cefquinome,0
g1307.7636,cefquinome,0
g1307.7637,cefquinome,0
g1307.7638,cefquinome,1
g1307.7639,cefquinome,1
g1307.7640,cefquinome,0
g1307.7641,cefquinome,0
g1307.7642,cefquinome,0
g1307.7643,cefquinome,0
g1307.7644,cefquinome,0
g1307.7645,cefquinome,0
g1307.7646,cefquinome,0
g1307.7647,cefquinome,0
g1307.7648,cefquinome,0
g1307.7649,cefquinome,0
g1307.7650,cefquinome,0
g1307.7651,cefquinome,1
g1307.7652,cefquinome,0
g1307.7653,cefquinome,0
g1307.7654,cefquinome,0
g1307.7655,cefquinome,1
g1307.7656,cefquinome,0
g1307.7657,cefquinome,0
g1307.7658,cefquinome,0
g1307.7659,cefquinome,0
g1307.7660,cefquinome,0
g1307.7661,cefquinome,0
g1307.7662,cefquinome,0
g1307.7663,cefquinome,0
g1307.7664,cefquinome,0
g1307.7665,cefquinome,0
g1307.7666,cefquinome,0
g1307.7667,cefquinome,0
g1307.7668,cefquinome,0
g1307.7669,cefquinome,1
g1307.7670,cefquinome,0
g1307.7671,cefquinome,0
g1307.7672,cefquinome,0
g1307.7673,cefquinome,0
g1307.7674,cefquinome,0
g1307.7675,cefquinome,0
g1307.7676,cefquinome,0
g1307.7677,cefquinome,0
g1307.7678,cefquinome,0
g1307.7679,cefquinome,0
g1307.7680,cefquinome,0
g1307.7681,cefquinome,0
g1307.7682,cefquinome,0
g1307.7683,cefquinome,0
g1307.7684,cefquinome,1
g1307.7685,cefquinome,0
g1307.7686,cefquinome,0
g1307.7687,cefquinome,0
g1307.7688,cefquinome,0
g1307.7689,cefquinome,0
g1307.7690,cefquinome,0
g1307.7691,cefquinome,0
g1307.7692,cefquinome,0
g1307.7693,cefquinome,0
g1307.7694,cefquinome,0
g1307.7695,cefquinome,0
g1307.7696,cefquinome,0
g1307.7697,cefquinome,0
g1307.7698,cefquinome,0
g1307.7699,cefquinome,0
g1307.7700,cefquinome,0
g1307.7701,cefquinome,0
g1307.7702,cefquinome,1
g1307.7703,cefquinome,0
g1307.7704,cefquinome,0
g1307.7705,cefquinome,0
g1307.7706,cefquinome,0
g1307.7707,cefquinome,0
g1307.7708,cefquinome,0
g1307.7709,cefquinome,0
g1307.7710,cefquinome,0
g1307.7711,cefquinome,0
g1307.7712,cefquinome,0
g1307.7713,cefquinome,0
g1307.7714,cefquinome,0
g1307.7715,cefquinome,0
g1307.7716,cefquinome,0
g1307.7717,cefquinome,0
g1307.7718,cefquinome,0
g1307.7719,cefquinome,0
g1307.7720,cefquinome,1
g1307.7721,cefquinome,1
g1307.7722,cefquinome,1
g1307.7723,cefquinome,0
g1307.7724,cefquinome,0
g1307.7725,cefquinome,0
g1307.7726,cefquinome,0
g1307.7727,cefquinome,0
g1307.7728,cefquinome,0
g1307.7729,cefquinome,0
g1307.7730,cefquinome,0
g1307.7731,cefquinome,0
g1307.7732,cefquinome,0
g1307.7733,cefquinome,0
g1307.7734,cefquinome,0
g1307.7735,cefquinome,0
g1307.7736,cefquinome,0
g1307.7737,cefquinome,0
g1307.7738,cefquinome,0
g1307.7739,cefquinome,0
g1307.7740,cefquinome,0
g1307.7741,cefquinome,0
g1307.7742,cefquinome,0
g1307.7743,cefquinome,1
g1307.7744,cefquinome,0
g1307.7745,cefquinome,0
g1307.7746,cefquinome,0
g1307.7747,cefquinome,0
g1307.7748,cefquinome,0
g1307.7749,cefquinome,0
g1307.7750,cefquinome,0
g1307.7751,cefquinome,0
g1307.7752,cefquinome,0
g1307.7753,cefquinome,0
g1307.7754,cefquinome,0
g1307.7755,cefquinome,0
g1307.7756,cefquinome,0
g1307.7757,cefquinome,0
g1307.7758,cefquinome,0
g1307.7759,cefquinome,0
g1307.7760,cefquinome,0
g1307.7761,cefquinome,0
g1307.7762,cefquinome,0
g1307.7763,cefquinome,0
g1307.7764,cefquinome,0
g1307.7765,cefquinome,0
g1307.7766,cefquinome,0
g1307.7767,cefquinome,0
g1307.7768,cefquinome,0
g1307.7769,cefquinome,0
g1307.7770,cefquinome,0
g1307.7771,cefquinome,1
g1307.7772,cefquinome,0
g1307.7773,cefquinome,0
g1307.7774,cefquinome,1
g1307.7775,cefquinome,0
g1307.7776,cefquinome,0
g1307.7777,cefquinome,0
g1307.7778,cefquinome,1
g1307.7779,cefquinome,0
g1307.7780,cefquinome,0
g1307.7781,cefquinome,0
g1307.7782,cefquinome,0
g1307.7783,cefquinome,0
g1307.7784,cefquinome,0
g1307.7785,cefquinome,0
g1307.7786,cefquinome,0
g1307.7787,cefquinome,0
g1307.7788,cefquinome,0
g1307.7789,cefquinome,0
g1307.7790,cefquinome,0
g1307.7791,cefquinome,0
g1307.7792,cefquinome,0
g1307.7793,cefquinome,0
g1307.7794,cefquinome,0
g1307.7795,cefquinome,0
g1307.7796,cefquinome,0
g1307.7797,cefquinome,0
g1307.7798,cefquinome,1
g1307.7799,cefquinome,0
g1307.7800,cefquinome,0
g1307.7801,cefquinome,0
g1307.7802,cefquinome,0
g1307.7803,cefquinome,0
g1307.7804,cefquinome,0
g1307.7805,cefquinome,0
g1307.7806,cefquinome,0
g1307.7807,cefquinome,0
g1307.7808,cefquinome,0
g1307.7809,cefquinome,0
g1307.7810,cefquinome,0
g1307.7811,cefquinome,0
g1307.7812,cefquinome,1
g1307.7813,cefquinome,0
g1307.7814,cefquinome,0
g1307.7815,cefquinome,0
g1307.7816,cefquinome,1
g1307.7817,cefquinome,0
g1307.7818,cefquinome,0
g1307.7819,cefquinome,0
g1307.7820,cefquinome,0
g1307.7821,cefquinome,0
g1307.7822,cefquinome,0
g1307.7823,cefquinome,0
g1307.7824,cefquinome,0
g1307.7825,cefquinome,0
g1307.7826,cefquinome,0
g1307.7827,cefquinome,1
g1307.7828,cefquinome,0
g1307.7829,cefquinome,0
g1307.7830,cefquinome,0
g1307.7831,cefquinome,0
g1307.7832,cefquinome,0
g1307.7833,cefquinome,0
g1307.7834,cefquinome,0
g1307.7835,cefquinome,0
g1307.7836,cefquinome,0
g1307.7837,cefquinome,0
g1307.7838,cefquinome,0
g1307.7839,cefquinome,0
g1307.7840,cefquinome,1
g1307.7841,cefquinome,0
g1307.7842,cefquinome,0
g1307.7843,cefquinome,0
g1307.7844,cefquinome,0
g1307.7845,cefquinome,1
g1307.7846,cefquinome,0
g1307.7847,cefquinome,0
g1307.7848,cefquinome,0
g1307.7849,cefquinome,0
g1307.7850,cefquinome,0
g1307.7851,cefquinome,0
g1307.7852,cefquinome,0
g1307.7853,cefquinome,0
g1307.7854,cefquinome,0
g1307.7855,cefquinome,0
g1307.7856,cefquinome,0
g1307.7857,cefquinome,0
g1307.7858,cefquinome,0
g1307.7859,cefquinome,0
g1307.7860,cefquinome,0
g1307.7861,cefquinome,0
g1307.7862,cefquinome,0
g1307.7863,cefquinome,0
g1307.7864,cefquinome,0
g1307.7865,cefquinome,0
g1307.7866,cefquinome,0
g1307.7867,cefquinome,0
g1307.7868,cefquinome,0
g1307.7869,cefquinome,0
g1307.7870,cefquinome,0
g1307.7871,cefquinome,0
g1307.7872,cefquinome,0
g1307.7873,cefquinome,0
g1307.7874,cefquinome,0
g1307.7875,cefquinome,0
g1307.7876,cefquinome,0
g1307.7877,cefquinome,0
g1307.7878,cefquinome,0
g1307.7879,cefquinome,0
g1307.7880,cefquinome,0
g1307.7881,cefquinome,0
g1307.7882,cefquinome,0
g1307.7883,cefquinome,0
g1307.7884,cefquinome,0
g1307.7885,cefquinome,0
g1307.7886,cefquinome,0
g1307.7887,cefquinome,0
g1307.7888,cefquinome,0
g1307.7889,cefquinome,0
g1307.7890,cefquinome,0
g1307.7891,cefquinome,0
g1307.7892,cefquinome,0
g1307.7893,cefquinome,0
g1307.7894,cefquinome,0
g1307.7895,cefquinome,0
g1307.7896,cefquinome,0
g1307.7897,cefquinome,0
g1307.7898,cefquinome,0
g1307.7899,cefquinome,0
g1307.7900,cefquinome,0
g1307.7901,cefquinome,0
g1307.7902,cefquinome,0
g1307.7903,cefquinome,0
g1307.7904,cefquinome,0
g1307.7905,cefquinome,0
g1307.7906,cefquinome,0
g1307.7907,cefquinome,0
g1307.7908,cefquinome,0
g1307.7909,cefquinome,0
g1307.7910,cefquinome,0
g1307.7911,cefquinome,0
g1307.7912,cefquinome,0
g1307.7913,cefquinome,0
g1307.7914,cefquinome,0
g1307.7915,cefquinome,0
g1307.7916,cefquinome,0
g1307.7917,cefquinome,0
g1307.7918,cefquinome,1
g1307.7919,cefquinome,0
g1307.7920,cefquinome,0
g1307.7921,cefquinome,0
g1307.7922,cefquinome,0
g1307.7923,cefquinome,0
g1307.7924,cefquinome,0
g1307.7925,cefquinome,0
g1307.7926,cefquinome,0
g1307.7927,cefquinome,0
g1307.7928,cefquinome,0
g1307.7929,cefquinome,0
g1307.7930,cefquinome,0
g1307.7931,cefquinome,0
g1307.7932,cefquinome,0
g1307.7933,cefquinome,0
g1307.7934,cefquinome,0
g1307.7935,cefquinome,0
g1307.7936,cefquinome,0
g1307.7937,cefquinome,0
g1307.7938,cefquinome,0
g1307.7939,cefquinome,0
g1307.7940,cefquinome,0
g1307.7941,cefquinome,0
g1307.7942,cefquinome,0
g1307.7943,cefquinome,0
g1307.7944,cefquinome,0
g1307.7945,cefquinome,0
g1307.7946,cefquinome,0
g1307.7947,cefquinome,0
g1307.7948,cefquinome,0
g1307.7949,cefquinome,0
g1307.7950,cefquinome,0
g1307.7951,cefquinome,0
g1307.7952,cefquinome,0
g1307.7953,cefquinome,0
g1307.7954,cefquinome,0
g1307.7955,cefquinome,0
g1307.7956,cefquinome,0
g1307.7957,cefquinome,0
g1307.7958,cefquinome,0
g1307.7959,cefquinome,0
g1307.7960,cefquinome,0
g1307.7961,cefquinome,0
g1307.7962,cefquinome,0
g1307.7963,cefquinome,0
g1307.7964,cefquinome,0
g1307.7965,cefquinome,0
g1307.7966,cefquinome,0
g1307.7967,cefquinome,0
g1307.7968,cefquinome,0
g1307.7969,cefquinome,0
g1307.7970,cefquinome,0
g1307.7971,cefquinome,0
g1307.7972,cefquinome,0
g1307.7973,cefquinome,0
g1307.7974,cefquinome,0
g1307.7975,cefquinome,0
g1307.7976,cefquinome,0
g1307.7977,cefquinome,0
g1307.7978,cefquinome,0
g1307.7979,cefquinome,0
g1307.7980,cefquinome,0
g1307.7981,cefquinome,0
g1307.7982,cefquinome,0
g1307.7983,cefquinome,0
g1307.7984,cefquinome,0
g1307.7985,cefquinome,0
g1307.7986,cefquinome,0
g1307.7987,cefquinome,0
g1307.7988,cefquinome,0
g1307.7989,cefquinome,0
g1307.7990,cefquinome,0
g1307.7991,cefquinome,0
g1307.7992,cefquinome,0
g1307.7993,cefquinome,1
g1307.7994,cefquinome,0
g1307.7995,cefquinome,0
g1307.7996,cefquinome,0
g1307.7997,cefquinome,0
g1307.7998,cefquinome,0
g1307.7999,cefquinome,0
g1307.8000,cefquinome,0
g1307.8001,cefquinome,0
g1307.8002,cefquinome,0
g1307.8003,cefquinome,0
g1307.8004,cefquinome,0
g1307.8005,cefquinome,0
g1307.8006,cefquinome,0
g1307.8007,cefquinome,0
g1307.8008,cefquinome,0
g1307.8009,cefquinome,0
g1307.8010,cefquinome,0
g1307.8011,cefquinome,0
g1307.8012,cefquinome,0
g1307.8013,cefquinome,0
g1307.8014,cefquinome,0
g1307.8015,cefquinome,0
g1307.8016,cefquinome,0
g1307.8017,cefquinome,0
g1307.8018,cefquinome,0
g1307.8019,cefquinome,0
g1307.8020,cefquinome,0
g1307.8021,cefquinome,0
g1307.8022,cefquinome,0
g1307.8023,cefquinome,0
g1307.8024,cefquinome,0
g1307.8025,cefquinome,0
g1307.8026,cefquinome,0
g1307.8027,cefquinome,0
g1307.8028,cefquinome,0
g1307.8029,cefquinome,0
g1307.8030,cefquinome,0
g1307.8031,cefquinome,0
g1307.8032,cefquinome,0
g1307.8033,cefquinome,0
g1307.8034,cefquinome,0
g1307.8035,cefquinome,0
g1307.8036,cefquinome,0
g1307.8037,cefquinome,0
g1307.8038,cefquinome,0
g1307.8039,cefquinome,0
g1307.8040,cefquinome,0
g1307.8041,cefquinome,0
g1307.8042,cefquinome,0
g1307.8043,cefquinome,0
g1307.8044,cefquinome,0
g1307.8045,cefquinome,0
g1307.8046,cefquinome,0
g1307.8047,cefquinome,0
g1307.8048,cefquinome,0
g1307.8049,cefquinome,0
g1307.8050,cefquinome,0
g1307.8051,cefquinome,0
g1307.8052,cefquinome,0
g1307.8053,cefquinome,0
g1307.8054,cefquinome,0
g1307.8055,cefquinome,0
g1307.8056,cefquinome,0
g1307.8057,cefquinome,0
g1307.8058,cefquinome,0
g1307.8059,cefquinome,0
g1307.8060,cefquinome,0
g1307.8061,cefquinome,0
g1307.8062,cefquinome,0
g1307.8063,cefquinome,0
g1307.8064,cefquinome,0
g1307.8065,cefquinome,0
g1307.8066,cefquinome,0
g1307.8067,cefquinome,0
g1307.8068,cefquinome,0
g1307.8069,cefquinome,0
g1307.8070,cefquinome,0
g1307.8071,cefquinome,0
g1307.8072,cefquinome,0
g1307.8073,cefquinome,0
g1307.8074,cefquinome,0
g1307.8075,cefquinome,0
g1307.8076,cefquinome,0
g1307.8077,cefquinome,0
g1307.8078,cefquinome,0
g1307.8079,cefquinome,0
g1307.8080,cefquinome,0
g1307.8081,cefquinome,0
g1307.8082,cefquinome,0
g1307.8083,cefquinome,0
g1307.8084,cefquinome,0
g1307.8085,cefquinome,0
g1307.8086,cefquinome,0
g1307.8087,cefquinome,0
g1307.8088,cefquinome,0
g1307.8089,cefquinome,0
g1307.8090,cefquinome,0
g1307.8091,cefquinome,0
g1307.8092,cefquinome,0
g1307.8093,cefquinome,0
g1307.8094,cefquinome,0
g1307.8095,cefquinome,0
g1307.8096,cefquinome,0
g1307.8097,cefquinome,0
g1307.8098,cefquinome,0
g1307.8099,cefquinome,0
g1307.8100,cefquinome,0
g1307.8101,cefquinome,0
g1307.8102,cefquinome,0
g1307.8103,cefquinome,0
g1307.8104,cefquinome,0
g1307.8105,cefquinome,0
g1307.8106,cefquinome,0
g1307.8107,cefquinome,0
g1307.8108,cefquinome,0
g1307.8109,cefquinome,0
g1307.8110,cefquinome,0
g1307.8111,cefquinome,0
g1307.8112,cefquinome,0
g1307.8113,cefquinome,0
g1307.8114,cefquinome,0
g1307.8115,cefquinome,0
g1307.8116,cefquinome,0
g1307.8117,cefquinome,0
g1307.8118,cefquinome,0
g1307.8119,cefquinome,0
g1307.8120,cefquinome,0
g1307.8121,cefquinome,0
g1307.8122,cefquinome,0
g1307.8123,cefquinome,0
g1307.8124,cefquinome,0
g1307.8125,cefquinome,0
g1307.8126,cefquinome,0
g1307.8127,cefquinome,0
g1307.8128,cefquinome,0
g1307.8129,cefquinome,0
g1307.8130,cefquinome,0
g1307.8131,cefquinome,0
g1307.8132,cefquinome,0
g1307.8133,cefquinome,0
g1307.8134,cefquinome,0
g1307.8135,cefquinome,0
g1307.8136,cefquinome,0
g1307.8137,cefquinome,0
g1307.8138,cefquinome,0
g1307.8139,cefquinome,0
g1307.8140,cefquinome,0
g1307.8141,cefquinome,0
g1307.8142,cefquinome,0
g1307.8143,cefquinome,0
g1307.8144,cefquinome,0
g1307.8145,cefquinome,0
g1307.8146,cefquinome,0
g1307.8147,cefquinome,0
g1307.8148,cefquinome,0
g1307.8149,cefquinome,0
g1307.8150,cefquinome,0
g1307.8151,cefquinome,0
g1307.8152,cefquinome,0
g1307.8153,cefquinome,0
g1307.8154,cefquinome,0
g1307.8155,cefquinome,0
g1307.8156,cefquinome,0
g1307.8157,cefquinome,0
g1307.8158,cefquinome,0
g1307.8159,cefquinome,0
g1307.8160,cefquinome,0
g1307.8161,cefquinome,0
g1307.8162,cefquinome,0
g1307.8163,cefquinome,0
g1307.8164,cefquinome,0
g1307.8165,cefquinome,0
g1307.8166,cefquinome,0
g1307.8167,cefquinome,0
g1307.8168,cefquinome,0
g1307.8169,cefquinome,0
g1307.8170,cefquinome,0
g1307.8171,cefquinome,0
g1307.8172,cefquinome,0
g1307.8173,cefquinome,0
g1307.8174,cefquinome,0
g1307.8175,cefquinome,0
g1307.8176,cefquinome,0
g1307.8177,cefquinome,0
g1307.8178,cefquinome,0
g1307.8179,cefquinome,0
g1307.7503,ceftiofur,0
g1307.7504,ceftiofur,0
g1307.7505,ceftiofur,0
g1307.7506,ceftiofur,0
g1307.7507,ceftiofur,0
g1307.7508,ceftiofur,0
g1307.7509,ceftiofur,0
g1307.7510,ceftiofur,0
g1307.7511,ceftiofur,0
g1307.7512,ceftiofur,0
g1307.7513,ceftiofur,0
g1307.7514,ceftiofur,0
g1307.7515,ceftiofur,1
g1307.7516,ceftiofur,1
g1307.7517,ceftiofur,0
g1307.7518,ceftiofur,0
g1307.7519,ceftiofur,1
g1307.7520,ceftiofur,0
g1307.7521,ceftiofur,0
g1307.7522,ceftiofur,1
g1307.7523,ceftiofur,0
g1307.7524,ceftiofur,0
g1307.7525,ceftiofur,0
g1307.7526,ceftiofur,0
g1307.7527,ceftiofur,0
g1307.7528,ceftiofur,0
g1307.7529,ceftiofur,0
g1307.7530,ceftiofur,0
g1307.7531,ceftiofur,0
g1307.7532,ceftiofur,0
g1307.7533,ceftiofur,0
g1307.7534,ceftiofur,0
g1307.7535,ceftiofur,0
g1307.7536,ceftiofur,0
g1307.7537,ceftiofur,0
g1307.7538,ceftiofur,1
g1307.7539,ceftiofur,0
g1307.7540,ceftiofur,0
g1307.7541,ceftiofur,0
g1307.7542,ceftiofur,0
g1307.7543,ceftiofur,0
g1307.7544,ceftiofur,0
g1307.7545,ceftiofur,0
g1307.7546,ceftiofur,1
g1307.7547,ceftiofur,0
g1307.7548,ceftiofur,1
g1307.7549,ceftiofur,0
g1307.7550,ceftiofur,0
g1307.7551,ceftiofur,0
g1307.7552,ceftiofur,0
g1307.7553,ceftiofur,1
g1307.7554,ceftiofur,0
g1307.7555,ceftiofur,1
g1307.7556,ceftiofur,0
g1307.7557,ceftiofur,0
g1307.7558,ceftiofur,0
g1307.7559,ceftiofur,0
g1307.7560,ceftiofur,0
g1307.7561,ceftiofur,0
g1307.7562,ceftiofur,1
g1307.7563,ceftiofur,0
g1307.7564,ceftiofur,0
g1307.7565,ceftiofur,0
g1307.7566,ceftiofur,0
g1307.7567,ceftiofur,0
g1307.7568,ceftiofur,0
g1307.7569,ceftiofur,0
g1307.7570,ceftiofur,0
g1307.7571,ceftiofur,0
g1307.7572,ceftiofur,0
g1307.7573,ceftiofur,0
g1307.7574,ceftiofur,0
g1307.7575,ceftiofur,1
g1307.7576,ceftiofur,0
g1307.7577,ceftiofur,0
g1307.7578,ceftiofur,0
g1307.7579,ceftiofur,0
g1307.7580,ceftiofur,0
g1307.7581,ceftiofur,0
g1307.7582,ceftiofur,0
g1307.7583,ceftiofur,1
g1307.7584,ceftiofur,0
g1307.7585,ceftiofur,0
g1307.7586,ceftiofur,0
g1307.7587,ceftiofur,0
g1307.7588,ceftiofur,0
g1307.7589,ceftiofur,0
g1307.7590,ceftiofur,0
g1307.7591,ceftiofur,0
g1307.7592,ceftiofur,0
g1307.7593,ceftiofur,1
g1307.7594,ceftiofur,0
g1307.7595,ceftiofur,1
g1307.7596,ceftiofur,0
g1307.7597,ceftiofur,1
g1307.7598,ceftiofur,1
g1307.7599,ceftiofur,0
g1307.7600,ceftiofur,0
g1307.7601,ceftiofur,1
g1307.7602,ceftiofur,0
g1307.7603,ceftiofur,0
g1307.7604,ceftiofur,1
g1307.7605,ceftiofur,0
g1307.7606,ceftiofur,1
g1307.7607,ceftiofur,0
g1307.7608,ceftiofur,0
g1307.7609,ceftiofur,1
g1307.7610,ceftiofur,1
g1307.7611,ceftiofur,0
g1307.7612,ceftiofur,1
g1307.7613,ceftiofur,0
g1307.7614,ceftiofur,0
g1307.7615,ceftiofur,1
g1307.7616,ceftiofur,0
g1307.7617,ceftiofur,0
g1307.7618,ceftiofur,0
g1307.7619,ceftiofur,1
g1307.7620,ceftiofur,0
g1307.7621,ceftiofur,0
g1307.7622,ceftiofur,0
g1307.7623,ceftiofur,0
g1307.7624,ceftiofur,0
g1307.7625,ceftiofur,0
g1307.7626,ceftiofur,1
g1307.7627,ceftiofur,0
g1307.7628,ceftiofur,0
g1307.7629,ceftiofur,0
g1307.7630,ceftiofur,0
g1307.7631,ceftiofur,0
g1307.7632,ceftiofur,0
g1307.7633,ceftiofur,0
g1307.7634,ceftiofur,0
g1307.7635,ceftiofur,0
g1307.7636,ceftiofur,0
g1307.7637,ceftiofur,0
g1307.7638,ceftiofur,1
g1307.7639,ceftiofur,1
g1307.7640,ceftiofur,0
g1307.7641,ceftiofur,0
g1307.7642,ceftiofur,0
g1307.7643,ceftiofur,0
g1307.7644,ceftiofur,1
g1307.7645,ceftiofur,0
g1307.7646,ceftiofur,0
g1307.7647,ceftiofur,0
g1307.7648,ceftiofur,0
g1307.7649,ceftiofur,1
g1307.7650,ceftiofur,1
g1307.7651,ceftiofur,1
g1307.7652,ceftiofur,1
g1307.7653,ceftiofur,1
g1307.7654,ceftiofur,0
g1307.7655,ceftiofur,1
g1307.7656,ceftiofur,0
g1307.7657,ceftiofur,0
g1307.7658,ceftiofur,0
g1307.7659,ceftiofur,1
g1307.7660,ceftiofur,0
g1307.7661,ceftiofur,0
g1307.7662,ceftiofur,0
g1307.7663,ceftiofur,0
g1307.7664,ceftiofur,1
g1307.7665,ceftiofur,0
g1307.7666,ceftiofur,0
g1307.7667,ceftiofur,0
g1307.7668,ceftiofur,0
g1307.7669,ceftiofur,1
g1307.7670,ceftiofur,1
g1307.7671,ceftiofur,1
g1307.7672,ceftiofur,1
g1307.7673,ceftiofur,1
g1307.7674,ceftiofur,1
g1307.7675,ceftiofur,0
g1307.7676,ceftiofur,0
g1307.7677,ceftiofur,0
g1307.7678,ceftiofur,0
g1307.7679,ceftiofur,0
g1307.7680,ceftiofur,1
g1307.7681,ceftiofur,0
g1307.7682,ceftiofur,1
g1307.7683,ceftiofur,0
g1307.7684,ceftiofur,1
g1307.7685,ceftiofur,0
g1307.7686,ceftiofur,0
g1307.7687,ceftiofur,1
g1307.7688,ceftiofur,0
g1307.7689,ceftiofur,0
g1307.7690,ceftiofur,0
g1307.7691,ceftiofur,0
g1307.7692,ceftiofur,0
g1307.7693,ceftiofur,0
g1307.7694,ceftiofur,0
g1307.7695,ceftiofur,0
g1307.7696,ceftiofur,0
g1307.7697,ceftiofur,0
g1307.7698,ceftiofur,0
g1307.7699,ceftiofur,0
g1307.7700,ceftiofur,0
g1307.7701,ceftiofur,0
g1307.7702,ceftiofur,1
g1307.7703,ceftiofur,0
g1307.7704,ceftiofur,1
g1307.7705,ceftiofur,1
g1307.7706,ceftiofur,0
g1307.7707,ceftiofur,0
g1307.7708,ceftiofur,1
g1307.7709,ceftiofur,0
g1307.7710,ceftiofur,0
g1307.7711,ceftiofur,0
g1307.7712,ceftiofur,0
g1307.7713,ceftiofur,0
g1307.7714,ceftiofur,0
g1307.7715,ceftiofur,1
g1307.7716,ceftiofur,0
g1307.7717,ceftiofur,0
g1307.7718,ceftiofur,0
g1307.7719,ceftiofur,1
g1307.7720,ceftiofur,1
g1307.7721,ceftiofur,1
g1307.7722,ceftiofur,1
g1307.7723,ceftiofur,1
g1307.7724,ceftiofur,1
g1307.7725,ceftiofur,1
g1307.7726,ceftiofur,1
g1307.7727,ceftiofur,0
g1307.7728,ceftiofur,0
g1307.7729,ceftiofur,1
g1307.7730,ceftiofur,0
g1307.7731,ceftiofur,0
g1307.7732,ceftiofur,0
g1307.7733,ceftiofur,0
g1307.7734,ceftiofur,0
g1307.7735,ceftiofur,0
g1307.7736,ceftiofur,0
g1307.7737,ceftiofur,0
g1307.7738,ceftiofur,0
g1307.7739,ceftiofur,1
g1307.7740,ceftiofur,0
g1307.7741,ceftiofur,1
g1307.7742,ceftiofur,0
g1307.7743,ceftiofur,1
g1307.7744,ceftiofur,0
g1307.7745,ceftiofur,0
g1307.7746,ceftiofur,0
g1307.7747,ceftiofur,0
g1307.7748,ceftiofur,0
g1307.7749,ceftiofur,1
g1307.7750,ceftiofur,0
g1307.7751,ceftiofur,0
g1307.7752,ceftiofur,1
g1307.7753,ceftiofur,1
g1307.7754,ceftiofur,1
g1307.7755,ceftiofur,0
g1307.7756,ceftiofur,1
g1307.7757,ceftiofur,0
g1307.7758,ceftiofur,1
g1307.7759,ceftiofur,0
g1307.7760,ceftiofur,0
g1307.7761,ceftiofur,0
g1307.7762,ceftiofur,0
g1307.7763,ceftiofur,0
g1307.7764,ceftiofur,1
g1307.7765,ceftiofur,0
g1307.7766,ceftiofur,0
g1307.7767,ceftiofur,0
g1307.7768,ceftiofur,0
g1307.7769,ceftiofur,0
g1307.7770,ceftiofur,0
g1307.7771,ceftiofur,1
g1307.7772,ceftiofur,0
g1307.7773,ceftiofur,0
g1307.7774,ceftiofur,1
g1307.7775,ceftiofur,0
g1307.7776,ceftiofur,1
g1307.7777,ceftiofur,0
g1307.7778,ceftiofur,1
g1307.7779,ceftiofur,0
g1307.7780,ceftiofur,1
g1307.7781,ceftiofur,1
g1307.7782,ceftiofur,1
g1307.7783,ceftiofur,0
g1307.7784,ceftiofur,0
g1307.7785,ceftiofur,0
g1307.7786,ceftiofur,1
g1307.7787,ceftiofur,0
g1307.7788,ceftiofur,0
g1307.7789,ceftiofur,0
g1307.7790,ceftiofur,0
g1307.7791,ceftiofur,0
g1307.7792,ceftiofur,0
g1307.7793,ceftiofur,0
g1307.7794,ceftiofur,0
g1307.7795,ceftiofur,0
g1307.7796,ceftiofur,0
g1307.7797,ceftiofur,1
g1307.7798,ceftiofur,1
g1307.7799,ceftiofur,0
g1307.7800,ceftiofur,0
g1307.7801,ceftiofur,0
g1307.7802,ceftiofur,0
g1307.7803,ceftiofur,0
g1307.7804,ceftiofur,0
g1307.7805,ceftiofur,0
g1307.7806,ceftiofur,0
g1307.7807,ceftiofur,0
g1307.7808,ceftiofur,1
g1307.7809,ceftiofur,0
g1307.7810,ceftiofur,0
g1307.7811,ceftiofur,0
g1307.7812,ceftiofur,1
g1307.7813,ceftiofur,0
g1307.7814,ceftiofur,0
g1307.7815,ceftiofur,1
g1307.7816,ceftiofur,1
g1307.7817,ceftiofur,0
g1307.7818,ceftiofur,1
g1307.7819,ceftiofur,0
g1307.7820,ceftiofur,1
g1307.7821,ceftiofur,0
g1307.7822,ceftiofur,0
g1307.7823,ceftiofur,0
g1307.7824,ceftiofur,0
g1307.7825,ceftiofur,1
g1307.7826,ceftiofur,0
g1307.7827,ceftiofur,1
g1307.7828,ceftiofur,0
g1307.7829,ceftiofur,0
g1307.7830,ceftiofur,0
g1307.7831,ceftiofur,1
g1307.7832,ceftiofur,0
g1307.7833,ceftiofur,1
g1307.7834,ceftiofur,1
g1307.7835,ceftiofur,1
g1307.7836,ceftiofur,0
g1307.7837,ceftiofur,0
g1307.7838,ceftiofur,0
g1307.7839,ceftiofur,0
g1307.7840,ceftiofur,1
g1307.7841,ceftiofur,0
g1307.7842,ceftiofur,1
g1307.7843,ceftiofur,1
g1307.7844,ceftiofur,1
g1307.7845,ceftiofur,1
g1307.7846,ceftiofur,0
g1307.7847,ceftiofur,0
g1307.7848,ceftiofur,1
g1307.7849,ceftiofur,1
g1307.7850,ceftiofur,1
g1307.7851,ceftiofur,0
g1307.7852,ceftiofur,0
g1307.7853,ceftiofur,0
g1307.7854,ceftiofur,0
g1307.7855,ceftiofur,0
g1307.7856,ceftiofur,0
g1307.7857,ceftiofur,0
g1307.7858,ceftiofur,0
g1307.7859,ceftiofur,0
g1307.7860,ceftiofur,0
g1307.7861,ceftiofur,0
g1307.7862,ceftiofur,0
g1307.7863,ceftiofur,0
g1307.7864,ceftiofur,0
g1307.7865,ceftiofur,0
g1307.7866,ceftiofur,0
g1307.7867,ceftiofur,0
g1307.7868,ceftiofur,0
g1307.7869,ceftiofur,0
g1307.7870,ceftiofur,0
g1307.7871,ceftiofur,1
g1307.7872,ceftiofur,0
g1307.7873,ceftiofur,0
g1307.7874,ceftiofur,0
g1307.7875,ceftiofur,0
g1307.7876,ceftiofur,0
g1307.7877,ceftiofur,0
g1307.7878,ceftiofur,0
g1307.7879,ceftiofur,0
g1307.7880,ceftiofur,0
g1307.7881,ceftiofur,0
g1307.7882,ceftiofur,0
g1307.7883,ceftiofur,0
g1307.7884,ceftiofur,0
g1307.7885,ceftiofur,0
g1307.7886,ceftiofur,1
g1307.7887,ceftiofur,0
g1307.7888,ceftiofur,0
g1307.7889,ceftiofur,0
g1307.7890,ceftiofur,0
g1307.7891,ceftiofur,0
g1307.7892,ceftiofur,0
g1307.7893,ceftiofur,0
g1307.7894,ceftiofur,0
g1307.7895,ceftiofur,0
g1307.7896,ceftiofur,1
g1307.7897,ceftiofur,0
g1307.7898,ceftiofur,0
g1307.7899,ceftiofur,1
g1307.7900,ceftiofur,1
g1307.7901,ceftiofur,0
g1307.7902,ceftiofur,0
g1307.7903,ceftiofur,0
g1307.7904,ceftiofur,0
g1307.7905,ceftiofur,1
g1307.7906,ceftiofur,1
g1307.7907,ceftiofur,1
g1307.7908,ceftiofur,1
g1307.7909,ceftiofur,0
g1307.7910,ceftiofur,0
g1307.7911,ceftiofur,0
g1307.7912,ceftiofur,0
g1307.7913,ceftiofur,1
g1307.7914,ceftiofur,1
g1307.7915,ceftiofur,0
g1307.7916,ceftiofur,0
g1307.7917,ceftiofur,0
g1307.7918,ceftiofur,1
g1307.7919,ceftiofur,0
g1307.7920,ceftiofur,0
g1307.7921,ceftiofur,1
g1307.7922,ceftiofur,0
g1307.7923,ceftiofur,0
g1307.7924,ceftiofur,1
g1307.7925,ceftiofur,0
g1307.7926,ceftiofur,0
g1307.7927,ceftiofur,1
g1307.7928,ceftiofur,1
g1307.7929,ceftiofur,1
g1307.7930,ceftiofur,1
g1307.7931,ceftiofur,1
g1307.7932,ceftiofur,0
g1307.7933,ceftiofur,1
g1307.7934,ceftiofur,1
g1307.7935,ceftiofur,1
g1307.7936,ceftiofur,0
g1307.7937,ceftiofur,1
g1307.7938,ceftiofur,1
g1307.7939,ceftiofur,0
g1307.7940,ceftiofur,1
g1307.7941,ceftiofur,0
g1307.7942,ceftiofur,0
g1307.7943,ceftiofur,0
g1307.7944,ceftiofur,0
g1307.7945,ceftiofur,0
g1307.7946,ceftiofur,0
g1307.7947,ceftiofur,0
g1307.7948,ceftiofur,0
g1307.7949,ceftiofur,0
g1307.7950,ceftiofur,0
g1307.7951,ceftiofur,1
g1307.7952,ceftiofur,0
g1307.7953,ceftiofur,0
g1307.7954,ceftiofur,0
g1307.7955,ceftiofur,1
g1307.7956,ceftiofur,1
g1307.7957,ceftiofur,0
g1307.7958,ceftiofur,0
g1307.7959,ceftiofur,1
g1307.7960,ceftiofur,0
g1307.7961,ceftiofur,0
g1307.7962,ceftiofur,1
g1307.7963,ceftiofur,1
g1307.7964,ceftiofur,1
g1307.7965,ceftiofur,0
g1307.7966,ceftiofur,1
g1307.7967,ceftiofur,1
g1307.7968,ceftiofur,0
g1307.7969,ceftiofur,0
g1307.7970,ceftiofur,0
g1307.7971,ceftiofur,0
g1307.7972,ceftiofur,0
g1307.7973,ceftiofur,0
g1307.7974,ceftiofur,0
g1307.7975,ceftiofur,1
g1307.7976,ceftiofur,0
g1307.7977,ceftiofur,0
g1307.7978,ceftiofur,1
g1307.7979,ceftiofur,0
g1307.7980,ceftiofur,0
g1307.7981,ceftiofur,1
g1307.7982,ceftiofur,1
g1307.7983,ceftiofur,0
g1307.7984,ceftiofur,0
g1307.7985,ceftiofur,0
g1307.7986,ceftiofur,0
g1307.7987,ceftiofur,0
g1307.7988,ceftiofur,0
g1307.7989,ceftiofur,0
g1307.7990,ceftiofur,1
g1307.7991,ceftiofur,0
g1307.7992,ceftiofur,0
g1307.7993,ceftiofur,1
g1307.7994,ceftiofur,0
g1307.7995,ceftiofur,0
g1307.7996,ceftiofur,1
g1307.7997,ceftiofur,0
g1307.7998,ceftiofur,0
g1307.7999,ceftiofur,0
g1307.8000,ceftiofur,0
g1307.8001,ceftiofur,0
g1307.8002,ceftiofur,0
g1307.8003,ceftiofur,1
g1307.8004,ceftiofur,1
g1307.8005,ceftiofur,1
g1307.8006,ceftiofur,0
g1307.8007,ceftiofur,1
g1307.8008,ceftiofur,0
g1307.8009,ceftiofur,0
g1307.8010,ceftiofur,0
g1307.8011,ceftiofur,0
g1307.8012,ceftiofur,0
g1307.8013,ceftiofur,0
g1307.8014,ceftiofur,1
g1307.8015,ceftiofur,0
g1307.8016,ceftiofur,0
g1307.8017,ceftiofur,1
g1307.8018,ceftiofur,1
g1307.8019,ceftiofur,0
g1307.8020,ceftiofur,0
g1307.8021,ceftiofur,1
g1307.8022,ceftiofur,1
g1307.8023,ceftiofur,1
g1307.8024,ceftiofur,1
g1307.8025,ceftiofur,0
g1307.8026,ceftiofur,1
g1307.8027,ceftiofur,0
g1307.8028,ceftiofur,0
g1307.8029,ceftiofur,0
g1307.8030,ceftiofur,0
g1307.8031,ceftiofur,0
g1307.8032,ceftiofur,0
g1307.8033,ceftiofur,0
g1307.8034,ceftiofur,0
g1307.8035,ceftiofur,0
g1307.8036,ceftiofur,0
g1307.8037,ceftiofur,0
g1307.8038,ceftiofur,0
g1307.8039,ceftiofur,1
g1307.8040,ceftiofur,0
g1307.8041,ceftiofur,0
g1307.8042,ceftiofur,0
g1307.8043,ceftiofur,0
g1307.8044,ceftiofur,1
g1307.8045,ceftiofur,0
g1307.8046,ceftiofur,0
g1307.8047,ceftiofur,0
g1307.8048,ceftiofur,0
g1307.8049,ceftiofur,0
g1307.8050,ceftiofur,0
g1307.8051,ceftiofur,0
g1307.8052,ceftiofur,0
g1307.8053,ceftiofur,0
g1307.8054,ceftiofur,0
g1307.8055,ceftiofur,0
g1307.8056,ceftiofur,0
g1307.8057,ceftiofur,0
g1307.8058,ceftiofur,0
g1307.8059,ceftiofur,0
g1307.8060,ceftiofur,0
g1307.8061,ceftiofur,0
g1307.8062,ceftiofur,0
g1307.8063,ceftiofur,0
g1307.8064,ceftiofur,0
g1307.8065,ceftiofur,1
g1307.8066,ceftiofur,0
g1307.8067,ceftiofur,0
g1307.8068,ceftiofur,0
g1307.8069,ceftiofur,0
g1307.8070,ceftiofur,0
g1307.8071,ceftiofur,0
g1307.8072,ceftiofur,0
g1307.8073,ceftiofur,0
g1307.8074,ceftiofur,0
g1307.8075,ceftiofur,0
g1307.8076,ceftiofur,0
g1307.8077,ceftiofur,0
g1307.8078,ceftiofur,0
g1307.8079,ceftiofur,0
g1307.8080,ceftiofur,0
g1307.8081,ceftiofur,0
g1307.8082,ceftiofur,1
g1307.8083,ceftiofur,0
g1307.8084,ceftiofur,0
g1307.8085,ceftiofur,1
g1307.8086,ceftiofur,0
g1307.8087,ceftiofur,0
g1307.8088,ceftiofur,0
g1307.8089,ceftiofur,0
g1307.8090,ceftiofur,0
g1307.8091,ceftiofur,0
g1307.8092,ceftiofur,0
g1307.8093,ceftiofur,0
g1307.8094,ceftiofur,0
g1307.8095,ceftiofur,0
g1307.8096,ceftiofur,0
g1307.8097,ceftiofur,0
g1307.8098,ceftiofur,0
g1307.8099,ceftiofur,0
g1307.8100,ceftiofur,0
g1307.8101,ceftiofur,0
g1307.8102,ceftiofur,0
g1307.8103,ceftiofur,1
g1307.8104,ceftiofur,0
g1307.8105,ceftiofur,0
g1307.8106,ceftiofur,0
g1307.8107,ceftiofur,0
g1307.8108,ceftiofur,0
g1307.8109,ceftiofur,0
g1307.8110,ceftiofur,0
g1307.8111,ceftiofur,0
g1307.8112,ceftiofur,0
g1307.8113,ceftiofur,1
g1307.8114,ceftiofur,0
g1307.8115,ceftiofur,0
g1307.8116,ceftiofur,0
g1307.8117,ceftiofur,0
g1307.8118,ceftiofur,0
g1307.8119,ceftiofur,0
g1307.8120,ceftiofur,0
g1307.8121,ceftiofur,0
g1307.8122,ceftiofur,0
g1307.8123,ceftiofur,0
g1307.8124,ceftiofur,1
g1307.8125,ceftiofur,0
g1307.8126,ceftiofur,0
g1307.8127,ceftiofur,0
g1307.8128,ceftiofur,0
g1307.8129,ceftiofur,0
g1307.8130,ceftiofur,0
g1307.8131,ceftiofur,0
g1307.8132,ceftiofur,0
g1307.8133,ceftiofur,0
g1307.8134,ceftiofur,0
g1307.8135,ceftiofur,0
g1307.8136,ceftiofur,0
g1307.8137,ceftiofur,0
g1307.8138,ceftiofur,0
g1307.8139,ceftiofur,0
g1307.8140,ceftiofur,0
g1307.8141,ceftiofur,0
g1307.8142,ceftiofur,0
g1307.8143,ceftiofur,0
g1307.8144,ceftiofur,0
g1307.8145,ceftiofur,0
g1307.8146,ceftiofur,1
g1307.8147,ceftiofur,0
g1307.8148,ceftiofur,0
g1307.8149,ceftiofur,0
g1307.8150,ceftiofur,0
g1307.8151,ceftiofur,0
g1307.8152,ceftiofur,0
g1307.8153,ceftiofur,0
g1307.8154,ceftiofur,0
g1307.8155,ceftiofur,0
g1307.8156,ceftiofur,0
g1307.8157,ceftiofur,0
g1307.8158,ceftiofur,0
g1307.8159,ceftiofur,0
g1307.8160,ceftiofur,0
g1307.8161,ceftiofur,0
g1307.8162,ceftiofur,0
g1307.8163,ceftiofur,0
g1307.8164,ceftiofur,0
g1307.8165,ceftiofur,0
g1307.8166,ceftiofur,0
g1307.8167,ceftiofur,0
g1307.8168,ceftiofur,0
g1307.8169,ceftiofur,0
g1307.8170,ceftiofur,0
g1307.8171,ceftiofur,0
g1307.8172,ceftiofur,0
g1307.8173,ceftiofur,0
g1307.8174,ceftiofur,0
g1307.8175,ceftiofur,0
g1307.8176,ceftiofur,1
g1307.8177,ceftiofur,0
g1307.8178,ceftiofur,0
g1307.8179,ceftiofur,0
g1307.7503,penicillin,0
g1307.7504,penicillin,0
g1307.7505,penicillin,0
g1307.7506,penicillin,0
g1307.7507,penicillin,0
g1307.7508,penicillin,0
g1307.7509,penicillin,0
g1307.7510,penicillin,0
g1307.7511,penicillin,0
g1307.7512,penicillin,0
g1307.7513,penicillin,0
g1307.7514,penicillin,0
g1307.7515,penicillin,1
g1307.7516,penicillin,1
g1307.7517,penicillin,0
g1307.7518,penicillin,0
g1307.7519,penicillin,1
g1307.7520,penicillin,0
g1307.7521,penicillin,0
g1307.7522,penicillin,1
g1307.7523,penicillin,0
g1307.7524,penicillin,0
g1307.7525,penicillin,0
g1307.7526,penicillin,0
g1307.7527,penicillin,0
g1307.7528,penicillin,0
g1307.7529,penicillin,0
g1307.7530,penicillin,0
g1307.7531,penicillin,0
g1307.7532,penicillin,0
g1307.7533,penicillin,0
g1307.7534,penicillin,0
g1307.7535,penicillin,0
g1307.7536,penicillin,0
g1307.7537,penicillin,0
g1307.7538,penicillin,1
g1307.7539,penicillin,0
g1307.7540,penicillin,0
g1307.7541,penicillin,0
g1307.7542,penicillin,0
g1307.7543,penicillin,0
g1307.7544,penicillin,0
g1307.7545,penicillin,0
g1307.7546,penicillin,1
g1307.7547,penicillin,0
g1307.7548,penicillin,1
g1307.7549,penicillin,0
g1307.7550,penicillin,0
g1307.7551,penicillin,0
g1307.7552,penicillin,0
g1307.7553,penicillin,1
g1307.7554,penicillin,0
g1307.7555,penicillin,1
g1307.7556,penicillin,0
g1307.7557,penicillin,0
g1307.7558,penicillin,0
g1307.7559,penicillin,0
g1307.7560,penicillin,0
g1307.7561,penicillin,0
g1307.7562,penicillin,1
g1307.7563,penicillin,0
g1307.7564,penicillin,0
g1307.7565,penicillin,0
g1307.7566,penicillin,0
g1307.7567,penicillin,0
g1307.7568,penicillin,0
g1307.7569,penicillin,0
g1307.7570,penicillin,0
g1307.7571,penicillin,0
g1307.7572,penicillin,0
g1307.7573,penicillin,0
g1307.7574,penicillin,0
g1307.7575,penicillin,1
g1307.7576,penicillin,0
g1307.7577,penicillin,0
g1307.7578,penicillin,0
g1307.7579,penicillin,0
g1307.7580,penicillin,0
g1307.7581,penicillin,0
g1307.7582,penicillin,0
g1307.7583,penicillin,0
g1307.7584,penicillin,0
g1307.7585,penicillin,0
g1307.7586,penicillin,0
g1307.7587,penicillin,0
g1307.7588,penicillin,1
g1307.7589,penicillin,0
g1307.7590,penicillin,0
g1307.7591,penicillin,0
g1307.7592,penicillin,0
g1307.7593,penicillin,1
g1307.7594,penicillin,0
g1307.7595,penicillin,0
g1307.7596,penicillin,0
g1307.7597,penicillin,1
g1307.7598,penicillin,1
g1307.7599,penicillin,0
g1307.7600,penicillin,0
g1307.7601,penicillin,1
g1307.7602,penicillin,1
g1307.7603,penicillin,0
g1307.7604,penicillin,0
g1307.7605,penicillin,0
g1307.7606,penicillin,1
g1307.7607,penicillin,0
g1307.7608,penicillin,0
g1307.7609,penicillin,1
g1307.7610,penicillin,1
g1307.7611,penicillin,0
g1307.7612,penicillin,1
g1307.7613,penicillin,0
g1307.7614,penicillin,0
g1307.7615,penicillin,1
g1307.7616,penicillin,0
g1307.7617,penicillin,0
g1307.7618,penicillin,0
g1307.7619,penicillin,1
g1307.7620,penicillin,0
g1307.7621,penicillin,0
g1307.7622,penicillin,0
g1307.7623,penicillin,0
g1307.7624,penicillin,0
g1307.7625,penicillin,0
g1307.7626,penicillin,1
g1307.7627,penicillin,0
g1307.7628,penicillin,0
g1307.7629,penicillin,0
g1307.7630,penicillin,1
g1307.7631,penicillin,0
g1307.7632,penicillin,0
g1307.7633,penicillin,0
g1307.7634,penicillin,0
g1307.7635,penicillin,0
g1307.7636,penicillin,0
g1307.7637,penicillin,0
g1307.7638,penicillin,1
g1307.7639,penicillin,1
g1307.7640,penicillin,0
g1307.7641,penicillin,0
g1307.7642,penicillin,0
g1307.7643,penicillin,0
g1307.7644,penicillin,0
g1307.7645,penicillin,0
g1307.7646,penicillin,0
g1307.7647,penicillin,0
g1307.7648,penicillin,0
g1307.7649,penicillin,0
g1307.7650,penicillin,1
g1307.7651,penicillin,1
g1307.7652,penicillin,0
g1307.7653,penicillin,1
g1307.7654,penicillin,0
g1307.7655,penicillin,1
g1307.7656,penicillin,0
g1307.7657,penicillin,0
g1307.7658,penicillin,0
g1307.7659,penicillin,1
g1307.7660,penicillin,1
g1307.7661,penicillin,0
g1307.7662,penicillin,0
g1307.7663,penicillin,0
g1307.7664,penicillin,1
g1307.7665,penicillin,0
g1307.7666,penicillin,0
g1307.7667,penicillin,0
g1307.7668,penicillin,0
g1307.7669,penicillin,1
g1307.7670,penicillin,1
g1307.7671,penicillin,1
g1307.7672,penicillin,1
g1307.7673,penicillin,1
g1307.7674,penicillin,1
g1307.7675,penicillin,0
g1307.7676,penicillin,0
g1307.7677,penicillin,0
g1307.7678,penicillin,0
g1307.7679,penicillin,0
g1307.7680,penicillin,1
g1307.7681,penicillin,0
g1307.7682,penicillin,1
g1307.7683,penicillin,0
g1307.7684,penicillin,1
g1307.7685,penicillin,0
g1307.7686,penicillin,0
g1307.7687,penicillin,1
g1307.7688,penicillin,0
g1307.7689,penicillin,0
g1307.7690,penicillin,0
g1307.7691,penicillin,0
g1307.7692,penicillin,0
g1307.7693,penicillin,0
g1307.7694,penicillin,0
g1307.7695,penicillin,0
g1307.7696,penicillin,0
g1307.7697,penicillin,0
g1307.7698,penicillin,0
g1307.7699,penicillin,0
g1307.7700,penicillin,0
g1307.7701,penicillin,0
g1307.7702,penicillin,1
g1307.7703,penicillin,0
g1307.7704,penicillin,1
g1307.7705,penicillin,1
g1307.7706,penicillin,0
g1307.7707,penicillin,0
g1307.7708,penicillin,0
g1307.7709,penicillin,0
g1307.7710,penicillin,0
g1307.7711,penicillin,0
g1307.7712,penicillin,0
g1307.7713,penicillin,0
g1307.7714,penicillin,0
g1307.7715,penicillin,1
g1307.7716,penicillin,0
g1307.7717,penicillin,0
g1307.7718,penicillin,1
g1307.7719,penicillin,0
g1307.7720,penicillin,1
g1307.7721,penicillin,1
g1307.7722,penicillin,1
g1307.7723,penicillin,1
g1307.7724,penicillin,1
g1307.7725,penicillin,1
g1307.7726,penicillin,1
g1307.7727,penicillin,0
g1307.7728,penicillin,0
g1307.7729,penicillin,1
g1307.7730,penicillin,0
g1307.7731,penicillin,0
g1307.7732,penicillin,0
g1307.7733,penicillin,0
g1307.7734,penicillin,0
g1307.7735,penicillin,0
g1307.7736,penicillin,0
g1307.7737,penicillin,0
g1307.7738,penicillin,0
g1307.7739,penicillin,1
g1307.7740,penicillin,0
g1307.7741,penicillin,1
g1307.7742,penicillin,0
g1307.7743,penicillin,1
g1307.7744,penicillin,0
g1307.7745,penicillin,0
g1307.7746,penicillin,0
g1307.7747,penicillin,0
g1307.7748,penicillin,0
g1307.7749,penicillin,1
g1307.7750,penicillin,0
g1307.7751,penicillin,0
g1307.7752,penicillin,1
g1307.7753,penicillin,1
g1307.7754,penicillin,1
g1307.7755,penicillin,0
g1307.7756,penicillin,0
g1307.7757,penicillin,0
g1307.7758,penicillin,1
g1307.7759,penicillin,0
g1307.7760,penicillin,0
g1307.7761,penicillin,0
g1307.7762,penicillin,0
g1307.7763,penicillin,0
g1307.7764,penicillin,1
g1307.7765,penicillin,0
g1307.7766,penicillin,0
g1307.7767,penicillin,0
g1307.7768,penicillin,1
g1307.7769,penicillin,0
g1307.7770,penicillin,0
g1307.7771,penicillin,1
g1307.7772,penicillin,0
g1307.7773,penicillin,0
g1307.7774,penicillin,1
g1307.7775,penicillin,0
g1307.7776,penicillin,1
g1307.7777,penicillin,0
g1307.7778,penicillin,1
g1307.7779,penicillin,0
g1307.7780,penicillin,1
g1307.7781,penicillin,1
g1307.7782,penicillin,1
g1307.7783,penicillin,0
g1307.7784,penicillin,0
g1307.7785,penicillin,0
g1307.7786,penicillin,1
g1307.7787,penicillin,0
g1307.7788,penicillin,0
g1307.7789,penicillin,0
g1307.7790,penicillin,0
g1307.7791,penicillin,0
g1307.7792,penicillin,0
g1307.7793,penicillin,0
g1307.7794,penicillin,0
g1307.7795,penicillin,0
g1307.7796,penicillin,0
g1307.7797,penicillin,1
g1307.7798,penicillin,1
g1307.7799,penicillin,0
g1307.7800,penicillin,0
g1307.7801,penicillin,0
g1307.7802,penicillin,0
g1307.7803,penicillin,0
g1307.7804,penicillin,0
g1307.7805,penicillin,0
g1307.7806,penicillin,0
g1307.7807,penicillin,0
g1307.7808,penicillin,1
g1307.7809,penicillin,0
g1307.7810,penicillin,0
g1307.7811,penicillin,0
g1307.7812,penicillin,1
g1307.7813,penicillin,0
g1307.7814,penicillin,0
g1307.7815,penicillin,1
g1307.7816,penicillin,1
g1307.7817,penicillin,0
g1307.7818,penicillin,1
g1307.7819,penicillin,0
g1307.7820,penicillin,0
g1307.7821,penicillin,0
g1307.7822,penicillin,0
g1307.7823,penicillin,0
g1307.7824,penicillin,0
g1307.7825,penicillin,1
g1307.7826,penicillin,0
g1307.7827,penicillin,1
g1307.7828,penicillin,0
g1307.7829,penicillin,0
g1307.7830,penicillin,0
g1307.7831,penicillin,1
g1307.7832,penicillin,0
g1307.7833,penicillin,1
g1307.7834,penicillin,1
g1307.7835,penicillin,1
g1307.7836,penicillin,0
g1307.7837,penicillin,0
g1307.7838,penicillin,1
g1307.7839,penicillin,1
g1307.7840,penicillin,1
g1307.7841,penicillin,0
g1307.7842,penicillin,1
g1307.7843,penicillin,1
g1307.7844,penicillin,1
g1307.7845,penicillin,1
g1307.7846,penicillin,0
g1307.7847,penicillin,0
g1307.7848,penicillin,1
g1307.7849,penicillin,1
g1307.7850,penicillin,1
g1307.7851,penicillin,0
g1307.7852,penicillin,0
g1307.7853,penicillin,0
g1307.7854,penicillin,0
g1307.7855,penicillin,0
g1307.7856,penicillin,0
g1307.7857,penicillin,0
g1307.7858,penicillin,0
g1307.7859,penicillin,0
g1307.7860,penicillin,0
g1307.7861,penicillin,0
g1307.7862,penicillin,0
g1307.7863,penicillin,0
g1307.7864,penicillin,0
g1307.7865,penicillin,0
g1307.7866,penicillin,0
g1307.7867,penicillin,0
g1307.7868,penicillin,0
g1307.7869,penicillin,0
g1307.7870,penicillin,0
g1307.7871,penicillin,1
g1307.7872,penicillin,0
g1307.7873,penicillin,0
g1307.7874,penicillin,0
g1307.7875,penicillin,0
g1307.7876,penicillin,0
g1307.7877,penicillin,0
g1307.7878,penicillin,0
g1307.7879,penicillin,0
g1307.7880,penicillin,0
g1307.7881,penicillin,0
g1307.7882,penicillin,0
g1307.7883,penicillin,0
g1307.7884,penicillin,0
g1307.7885,penicillin,0
g1307.7886,penicillin,1
g1307.7887,penicillin,0
g1307.7888,penicillin,0
g1307.7889,penicillin,0
g1307.7890,penicillin,0
g1307.7891,penicillin,0
g1307.7892,penicillin,0
g1307.7893,penicillin,0
g1307.7894,penicillin,0
g1307.7895,penicillin,0
g1307.7896,penicillin,1
g1307.7897,penicillin,0
g1307.7898,penicillin,0
g1307.7899,penicillin,1
g1307.7900,penicillin,1
g1307.7901,penicillin,0
g1307.7902,penicillin,0
g1307.7903,penicillin,0
g1307.7904,penicillin,0
g1307.7905,penicillin,0
g1307.7906,penicillin,1
g1307.7907,penicillin,1
g1307.7908,penicillin,1
g1307.7909,penicillin,0
g1307.7910,penicillin,0
g1307.7911,penicillin,0
g1307.7912,penicillin,0
g1307.7913,penicillin,1
g1307.7914,penicillin,1
g1307.7915,penicillin,0
g1307.7916,penicillin,0
g1307.7917,penicillin,0
g1307.7918,penicillin,1
g1307.7919,penicillin,0
g1307.7920,penicillin,0
g1307.7921,penicillin,1
g1307.7922,penicillin,0
g1307.7923,penicillin,0
g1307.7924,penicillin,1
g1307.7925,penicillin,1
g1307.7926,penicillin,0
g1307.7927,penicillin,1
g1307.7928,penicillin,1
g1307.7929,penicillin,1
g1307.7930,penicillin,1
g1307.7931,penicillin,1
g1307.7932,penicillin,0
g1307.7933,penicillin,1
g1307.7934,penicillin,1
g1307.7935,penicillin,1
g1307.7936,penicillin,0
g1307.7937,penicillin,1
g1307.7938,penicillin,1
g1307.7939,penicillin,0
g1307.7940,penicillin,1
g1307.7941,penicillin,0
g1307.7942,penicillin,0
g1307.7943,penicillin,0
g1307.7944,penicillin,0
g1307.7945,penicillin,0
g1307.7946,penicillin,0
g1307.7947,penicillin,0
g1307.7948,penicillin,0
g1307.7949,penicillin,0
g1307.7950,penicillin,1
g1307.7951,penicillin,1
g1307.7952,penicillin,0
g1307.7953,penicillin,0
g1307.7954,penicillin,0
g1307.7955,penicillin,1
g1307.7956,penicillin,1
g1307.7957,penicillin,0
g1307.7958,penicillin,0
g1307.7959,penicillin,1
g1307.7960,penicillin,0
g1307.7961,penicillin,0
g1307.7962,penicillin,1
g1307.7963,penicillin,1
g1307.7964,penicillin,1
g1307.7965,penicillin,0
g1307.7966,penicillin,1
g1307.7967,penicillin,0
g1307.7968,penicillin,0
g1307.7969,penicillin,0
g1307.7970,penicillin,0
g1307.7971,penicillin,0
g1307.7972,penicillin,0
g1307.7973,penicillin,0
g1307.7974,penicillin,0
g1307.7975,penicillin,1
g1307.7976,penicillin,0
g1307.7977,penicillin,0
g1307.7978,penicillin,1
g1307.7979,penicillin,0
g1307.7980,penicillin,0
g1307.7981,penicillin,1
g1307.7982,penicillin,0
g1307.7983,penicillin,0
g1307.7984,penicillin,0
g1307.7985,penicillin,0
g1307.7986,penicillin,0
g1307.7987,penicillin,0
g1307.7988,penicillin,0
g1307.7989,penicillin,0
g1307.7990,penicillin,0
g1307.7991,penicillin,0
g1307.7992,penicillin,0
g1307.7993,penicillin,1
g1307.7994,penicillin,0
g1307.7995,penicillin,0
g1307.7996,penicillin,1
g1307.7997,penicillin,0
g1307.7998,penicillin,0
g1307.7999,penicillin,0
g1307.8000,penicillin,0
g1307.8001,penicillin,0
g1307.8002,penicillin,0
g1307.8003,penicillin,0
g1307.8004,penicillin,1
g1307.8005,penicillin,1
g1307.8006,penicillin,0
g1307.8007,penicillin,1
g1307.8008,penicillin,0
g1307.8009,penicillin,0
g1307.8010,penicillin,0
g1307.8011,penicillin,0
g1307.8012,penicillin,0
g1307.8013,penicillin,0
g1307.8014,penicillin,0
g1307.8015,penicillin,0
g1307.8016,penicillin,0
g1307.8017,penicillin,1
g1307.8018,penicillin,1
g1307.8019,penicillin,0
g1307.8020,penicillin,0
g1307.8021,penicillin,1
g1307.8022,penicillin,1
g1307.8023,penicillin,1
g1307.8024,penicillin,1
g1307.8025,penicillin,0
g1307.8026,penicillin,1
g1307.8027,penicillin,0
g1307.8028,penicillin,0
g1307.8029,penicillin,0
g1307.8030,penicillin,0
g1307.8031,penicillin,0
g1307.8032,penicillin,0
g1307.8033,penicillin,0
g1307.8034,penicillin,0
g1307.8035,penicillin,0
g1307.8036,penicillin,0
g1307.8037,penicillin,0
g1307.8038,penicillin,0
g1307.8039,penicillin,0
g1307.8040,penicillin,0
g1307.8041,penicillin,0
g1307.8042,penicillin,0
g1307.8043,penicillin,0
g1307.8044,penicillin,1
g1307.8045,penicillin,0
g1307.8046,penicillin,0
g1307.8047,penicillin,0
g1307.8048,penicillin,0
g1307.8049,penicillin,0
g1307.8050,penicillin,0
g1307.8051,penicillin,0
g1307.8052,penicillin,0
g1307.8053,penicillin,0
g1307.8054,penicillin,0
g1307.8055,penicillin,0
g1307.8056,penicillin,0
g1307.8057,penicillin,0
g1307.8058,penicillin,0
g1307.8059,penicillin,0
g1307.8060,penicillin,0
g1307.8061,penicillin,0
g1307.8062,penicillin,0
g1307.8063,penicillin,0
g1307.8064,penicillin,0
g1307.8065,penicillin,1
g1307.8066,penicillin,0
g1307.8067,penicillin,0
g1307.8068,penicillin,0
g1307.8069,penicillin,0
g1307.8070,penicillin,0
g1307.8071,penicillin,0
g1307.8072,penicillin,0
g1307.8073,penicillin,0
g1307.8074,penicillin,0
g1307.8075,penicillin,0
g1307.8076,penicillin,0
g1307.8077,penicillin,0
g1307.8078,penicillin,0
g1307.8079,penicillin,0
g1307.8080,penicillin,0
g1307.8081,penicillin,0
g1307.8082,penicillin,1
g1307.8083,penicillin,0
g1307.8084,penicillin,0
g1307.8085,penicillin,1
g1307.8086,penicillin,0
g1307.8087,penicillin,0
g1307.8088,penicillin,0
g1307.8089,penicillin,0
g1307.8090,penicillin,0
g1307.8091,penicillin,0
g1307.8092,penicillin,0
g1307.8093,penicillin,0
g1307.8094,penicillin,0
g1307.8095,penicillin,0
g1307.8096,penicillin,0
g1307.8097,penicillin,0
g1307.8098,penicillin,0
g1307.8099,penicillin,0
g1307.8100,penicillin,0
g1307.8101,penicillin,0
g1307.8102,penicillin,0
g1307.8103,penicillin,1
g1307.8104,penicillin,0
g1307.8105,penicillin,0
g1307.8106,penicillin,0
g1307.8107,penicillin,0
g1307.8108,penicillin,0
g1307.8109,penicillin,0
g1307.8110,penicillin,0
g1307.8111,penicillin,0
g1307.8112,penicillin,0
g1307.8113,penicillin,1
g1307.8114,penicillin,0
g1307.8115,penicillin,0
g1307.8116,penicillin,0
g1307.8117,penicillin,0
g1307.8118,penicillin,0
g1307.8119,penicillin,0
g1307.8120,penicillin,0
g1307.8121,penicillin,0
g1307.8122,penicillin,0
g1307.8123,penicillin,0
g1307.8124,penicillin,1
g1307.8125,penicillin,0
g1307.8126,penicillin,0
g1307.8127,penicillin,0
g1307.8128,penicillin,0
g1307.8129,penicillin,0
g1307.8130,penicillin,0
g1307.8131,penicillin,0
g1307.8132,penicillin,0
g1307.8133,penicillin,0
g1307.8134,penicillin,0
g1307.8135,penicillin,0
g1307.8136,penicillin,0
g1307.8137,penicillin,0
g1307.8138,penicillin,0
g1307.8139,penicillin,0
g1307.8140,penicillin,0
g1307.8141,penicillin,0
g1307.8142,penicillin,0
g1307.8143,penicillin,0
g1307.8144,penicillin,0
g1307.8145,penicillin,0
g1307.8146,penicillin,0
g1307.8147,penicillin,0
g1307.8148,penicillin,0
g1307.8149,penicillin,0
g1307.8150,penicillin,0
g1307.8151,penicillin,0
g1307.8152,penicillin,0
g1307.8153,penicillin,0
g1307.8154,penicillin,0
g1307.8155,penicillin,0
g1307.8156,penicillin,0
g1307.8157,penicillin,0
g1307.8158,penicillin,0
g1307.8159,penicillin,0
g1307.8160,penicillin,0
g1307.8161,penicillin,0
g1307.8162,penicillin,0
g1307.8163,penicillin,1
g1307.8164,penicillin,1
g1307.8165,penicillin,0
g1307.8166,penicillin,0
g1307.8167,penicillin,0
g1307.8168,penicillin,0
g1307.8169,penicillin,0
g1307.8170,penicillin,0
g1307.8171,penicillin,0
g1307.8172,penicillin,0
g1307.8173,penicillin,0
g1307.8174,penicillin,0
g1307.8175,penicillin,0
g1307.8176,penicillin,0
g1307.8177,penicillin,0
g1307.8178,penicillin,0
g1307.8179,penicillin,0
g1307.7503,trimethoprim,0
g1307.7504,trimethoprim,0
g1307.7505,trimethoprim,0
g1307.7506,trimethoprim,0
g1307.7507,trimethoprim,0
g1307.7508,trimethoprim,0
g1307.7509,trimethoprim,1
g1307.7510,trimethoprim,0
g1307.7511,trimethoprim,0
g1307.7512,trimethoprim,0
g1307.7513,trimethoprim,0
g1307.7514,trimethoprim,0
g1307.7515,trimethoprim,1
g1307.7516,trimethoprim,0
g1307.7517,trimethoprim,0
g1307.7518,trimethoprim,0
g1307.7519,trimethoprim,1
g1307.7520,trimethoprim,0
g1307.7521,trimethoprim,0
g1307.7522,trimethoprim,0
g1307.7523,trimethoprim,0
g1307.7524,trimethoprim,0
g1307.7525,trimethoprim,0
g1307.7526,trimethoprim,0
g1307.7527,trimethoprim,0
g1307.7528,trimethoprim,0
g1307.7529,trimethoprim,0
g1307.7530,trimethoprim,1
g1307.7531,trimethoprim,0
g1307.7532,trimethoprim,0
g1307.7533,trimethoprim,0
g1307.7534,trimethoprim,0
g1307.7535,trimethoprim,0
g1307.7536,trimethoprim,0
g1307.7537,trimethoprim,0
g1307.7538,trimethoprim,1
g1307.7539,trimethoprim,0
g1307.7540,trimethoprim,0
g1307.7541,trimethoprim,0
g1307.7542,trimethoprim,0
g1307.7543,trimethoprim,0
g1307.7544,trimethoprim,0
g1307.7545,trimethoprim,0
g1307.7546,trimethoprim,1
g1307.7547,trimethoprim,0
g1307.7548,trimethoprim,0
g1307.7549,trimethoprim,0
g1307.7550,trimethoprim,0
g1307.7551,trimethoprim,0
g1307.7552,trimethoprim,1
g1307.7553,trimethoprim,0
g1307.7554,trimethoprim,0
g1307.7555,trimethoprim,1
g1307.7556,trimethoprim,0
g1307.7557,trimethoprim,1
g1307.7558,trimethoprim,0
g1307.7559,trimethoprim,0
g1307.7560,trimethoprim,0
g1307.7561,trimethoprim,0
g1307.7562,trimethoprim,1
g1307.7563,trimethoprim,0
g1307.7564,trimethoprim,0
g1307.7565,trimethoprim,0
g1307.7566,trimethoprim,0
g1307.7567,trimethoprim,1
g1307.7568,trimethoprim,0
g1307.7569,trimethoprim,0
g1307.7570,trimethoprim,0
g1307.7571,trimethoprim,0
g1307.7572,trimethoprim,0
g1307.7573,trimethoprim,1
g1307.7574,trimethoprim,1
g1307.7575,trimethoprim,1
g1307.7576,trimethoprim,0
g1307.7577,trimethoprim,0
g1307.7578,trimethoprim,1
g1307.7579,trimethoprim,1
g1307.7580,trimethoprim,0
g1307.7581,trimethoprim,1
g1307.7582,trimethoprim,0
g1307.7583,trimethoprim,1
g1307.7584,trimethoprim,0
g1307.7585,trimethoprim,0
g1307.7586,trimethoprim,0
g1307.7587,trimethoprim,1
g1307.7588,trimethoprim,1
g1307.7589,trimethoprim,0
g1307.7590,trimethoprim,1
g1307.7591,trimethoprim,0
g1307.7592,trimethoprim,0
g1307.7593,trimethoprim,1
g1307.7594,trimethoprim,0
g1307.7595,trimethoprim,1
g1307.7596,trimethoprim,0
g1307.7597,trimethoprim,0
g1307.7598,trimethoprim,1
g1307.7599,trimethoprim,0
g1307.7600,trimethoprim,1
g1307.7601,trimethoprim,0
g1307.7602,trimethoprim,1
g1307.7603,trimethoprim,0
g1307.7604,trimethoprim,1
g1307.7605,trimethoprim,0
g1307.7606,trimethoprim,1
g1307.7607,trimethoprim,0
g1307.7608,trimethoprim,0
g1307.7609,trimethoprim,0
g1307.7610,trimethoprim,1
g1307.7611,trimethoprim,0
g1307.7612,trimethoprim,0
g1307.7613,trimethoprim,0
g1307.7614,trimethoprim,1
g1307.7615,trimethoprim,0
g1307.7616,trimethoprim,1
g1307.7617,trimethoprim,0
g1307.7618,trimethoprim,0
g1307.7619,trimethoprim,1
g1307.7620,trimethoprim,0
g1307.7621,trimethoprim,0
g1307.7622,trimethoprim,0
g1307.7623,trimethoprim,0
g1307.7624,trimethoprim,1
g1307.7625,trimethoprim,0
g1307.7626,trimethoprim,1
g1307.7627,trimethoprim,0
g1307.7628,trimethoprim,0
g1307.7629,trimethoprim,0
g1307.7630,trimethoprim,1
g1307.7631,trimethoprim,0
g1307.7632,trimethoprim,0
g1307.7633,trimethoprim,0
g1307.7634,trimethoprim,0
g1307.7635,trimethoprim,0
g1307.7636,trimethoprim,0
g1307.7637,trimethoprim,0
g1307.7638,trimethoprim,0
g1307.7639,trimethoprim,1
g1307.7640,trimethoprim,0
g1307.7641,trimethoprim,0
g1307.7642,trimethoprim,0
g1307.7643,trimethoprim,0
g1307.7644,trimethoprim,0
g1307.7645,trimethoprim,0
g1307.7646,trimethoprim,0
g1307.7647,trimethoprim,0
g1307.7648,trimethoprim,0
g1307.7649,trimethoprim,0
g1307.7650,trimethoprim,1
g1307.7651,trimethoprim,1
g1307.7652,trimethoprim,0
g1307.7653,trimethoprim,1
g1307.7654,trimethoprim,0
g1307.7655,trimethoprim,1
g1307.7656,trimethoprim,0
g1307.7657,trimethoprim,0
g1307.7658,trimethoprim,0
g1307.7659,trimethoprim,0
g1307.7660,trimethoprim,1
g1307.7661,trimethoprim,0
g1307.7662,trimethoprim,0
g1307.7663,trimethoprim,0
g1307.7664,trimethoprim,0
g1307.7665,trimethoprim,0
g1307.7666,trimethoprim,0
g1307.7667,trimethoprim,0
g1307.7668,trimethoprim,1
g1307.7669,trimethoprim,0
g1307.7670,trimethoprim,1
g1307.7671,trimethoprim,1
g1307.7672,trimethoprim,1
g1307.7673,trimethoprim,0
g1307.7674,trimethoprim,1
g1307.7675,trimethoprim,0
g1307.7676,trimethoprim,0
g1307.7677,trimethoprim,0
g1307.7678,trimethoprim,0
g1307.7679,trimethoprim,0
g1307.7680,trimethoprim,1
g1307.7681,trimethoprim,0
g1307.7682,trimethoprim,1
g1307.7683,trimethoprim,0
g1307.7684,trimethoprim,1
g1307.7685,trimethoprim,0
g1307.7686,trimethoprim,0
g1307.7687,trimethoprim,1
g1307.7688,trimethoprim,0
g1307.7689,trimethoprim,1
g1307.7690,trimethoprim,0
g1307.7691,trimethoprim,0
g1307.7692,trimethoprim,0
g1307.7693,trimethoprim,0
g1307.7694,trimethoprim,0
g1307.7695,trimethoprim,0
g1307.7696,trimethoprim,0
g1307.7697,trimethoprim,0
g1307.7698,trimethoprim,0
g1307.7699,trimethoprim,0
g1307.7700,trimethoprim,0
g1307.7701,trimethoprim,0
g1307.7702,trimethoprim,1
g1307.7703,trimethoprim,0
g1307.7704,trimethoprim,0
g1307.7705,trimethoprim,0
g1307.7706,trimethoprim,0
g1307.7707,trimethoprim,0
g1307.7708,trimethoprim,0
g1307.7709,trimethoprim,0
g1307.7710,trimethoprim,0
g1307.7711,trimethoprim,0
g1307.7712,trimethoprim,1
g1307.7713,trimethoprim,0
g1307.7714,trimethoprim,0
g1307.7715,trimethoprim,1
g1307.7716,trimethoprim,0
g1307.7717,trimethoprim,0
g1307.7718,trimethoprim,1
g1307.7719,trimethoprim,0
g1307.7720,trimethoprim,1
g1307.7721,trimethoprim,1
g1307.7722,trimethoprim,1
g1307.7723,trimethoprim,1
g1307.7724,trimethoprim,1
g1307.7725,trimethoprim,1
g1307.7726,trimethoprim,1
g1307.7727,trimethoprim,1
g1307.7728,trimethoprim,0
g1307.7729,trimethoprim,1
g1307.7730,trimethoprim,0
g1307.7731,trimethoprim,0
g1307.7732,trimethoprim,0
g1307.7733,trimethoprim,0
g1307.7734,trimethoprim,0
g1307.7735,trimethoprim,0
g1307.7736,trimethoprim,0
g1307.7737,trimethoprim,0
g1307.7738,trimethoprim,0
g1307.7739,trimethoprim,0
g1307.7740,trimethoprim,0
g1307.7741,trimethoprim,1
g1307.7742,trimethoprim,0
g1307.7743,trimethoprim,0
g1307.7744,trimethoprim,0
g1307.7745,trimethoprim,0
g1307.7746,trimethoprim,0
g1307.7747,trimethoprim,0
g1307.7748,trimethoprim,0
g1307.7749,trimethoprim,0
g1307.7750,trimethoprim,0
g1307.7751,trimethoprim,0
g1307.7752,trimethoprim,0
g1307.7753,trimethoprim,1
g1307.7754,trimethoprim,0
g1307.7755,trimethoprim,0
g1307.7756,trimethoprim,0
g1307.7757,trimethoprim,0
g1307.7758,trimethoprim,1
g1307.7759,trimethoprim,0
g1307.7760,trimethoprim,0
g1307.7761,trimethoprim,0
g1307.7762,trimethoprim,0
g1307.7763,trimethoprim,1
g1307.7764,trimethoprim,1
g1307.7765,trimethoprim,1
g1307.7766,trimethoprim,0
g1307.7767,trimethoprim,0
g1307.7768,trimethoprim,0
g1307.7769,trimethoprim,0
g1307.7770,trimethoprim,0
g1307.7771,trimethoprim,0
g1307.7772,trimethoprim,0
g1307.7773,trimethoprim,0
g1307.7774,trimethoprim,1
g1307.7775,trimethoprim,0
g1307.7776,trimethoprim,0
g1307.7777,trimethoprim,0
g1307.7778,trimethoprim,1
g1307.7779,trimethoprim,0
g1307.7780,trimethoprim,1
g1307.7781,trimethoprim,1
g1307.7782,trimethoprim,0
g1307.7783,trimethoprim,0
g1307.7784,trimethoprim,0
g1307.7785,trimethoprim,0
g1307.7786,trimethoprim,0
g1307.7787,trimethoprim,0
g1307.7788,trimethoprim,1
g1307.7789,trimethoprim,1
g1307.7790,trimethoprim,0
g1307.7791,trimethoprim,0
g1307.7792,trimethoprim,0
g1307.7793,trimethoprim,0
g1307.7794,trimethoprim,1
g1307.7795,trimethoprim,0
g1307.7796,trimethoprim,0
g1307.7797,trimethoprim,0
g1307.7798,trimethoprim,1
g1307.7799,trimethoprim,0
g1307.7800,trimethoprim,0
g1307.7801,trimethoprim,0
g1307.7802,trimethoprim,0
g1307.7803,trimethoprim,0
g1307.7804,trimethoprim,0
g1307.7805,trimethoprim,0
g1307.7806,trimethoprim,1
g1307.7807,trimethoprim,0
g1307.7808,trimethoprim,1
g1307.7809,trimethoprim,0
g1307.7810,trimethoprim,0
g1307.7811,trimethoprim,0
g1307.7812,trimethoprim,0
g1307.7813,trimethoprim,1
g1307.7814,trimethoprim,0
g1307.7815,trimethoprim,0
g1307.7816,trimethoprim,1
g1307.7817,trimethoprim,0
g1307.7818,trimethoprim,1
g1307.7819,trimethoprim,0
g1307.7820,trimethoprim,0
g1307.7821,trimethoprim,0
g1307.7822,trimethoprim,0
g1307.7823,trimethoprim,0
g1307.7824,trimethoprim,0
g1307.7825,trimethoprim,0
g1307.7826,trimethoprim,0
g1307.7827,trimethoprim,1
g1307.7828,trimethoprim,0
g1307.7829,trimethoprim,0
g1307.7830,trimethoprim,0
g1307.7831,trimethoprim,1
g1307.7832,trimethoprim,1
g1307.7833,trimethoprim,1
g1307.7834,trimethoprim,0
g1307.7835,trimethoprim,1
g1307.7836,trimethoprim,0
g1307.7837,trimethoprim,0
g1307.7838,trimethoprim,0
g1307.7839,trimethoprim,0
g1307.7840,trimethoprim,0
g1307.7841,trimethoprim,0
g1307.7842,trimethoprim,0
g1307.7843,trimethoprim,1
g1307.7844,trimethoprim,0
g1307.7845,trimethoprim,1
g1307.7846,trimethoprim,0
g1307.7847,trimethoprim,0
g1307.7848,trimethoprim,1
g1307.7849,trimethoprim,0
g1307.7850,trimethoprim,0
g1307.7851,trimethoprim,0
g1307.7852,trimethoprim,1
g1307.7853,trimethoprim,0
g1307.7854,trimethoprim,0
g1307.7855,trimethoprim,0
g1307.7856,trimethoprim,0
g1307.7857,trimethoprim,0
g1307.7858,trimethoprim,0
g1307.7859,trimethoprim,0
g1307.7860,trimethoprim,1
g1307.7861,trimethoprim,0
g1307.7862,trimethoprim,0
g1307.7863,trimethoprim,0
g1307.7864,trimethoprim,0
g1307.7865,trimethoprim,0
g1307.7866,trimethoprim,0
g1307.7867,trimethoprim,0
g1307.7868,trimethoprim,0
g1307.7869,trimethoprim,0
g1307.7870,trimethoprim,0
g1307.7871,trimethoprim,1
g1307.7872,trimethoprim,0
g1307.7873,trimethoprim,0
g1307.7874,trimethoprim,0
g1307.7875,trimethoprim,0
g1307.7876,trimethoprim,0
g1307.7877,trimethoprim,0
g1307.7878,trimethoprim,0
g1307.7879,trimethoprim,0
g1307.7880,trimethoprim,1
g1307.7881,trimethoprim,0
g1307.7882,trimethoprim,0
g1307.7883,trimethoprim,0
g1307.7884,trimethoprim,0
g1307.7885,trimethoprim,0
g1307.7886,trimethoprim,1
g1307.7887,trimethoprim,0
g1307.7888,trimethoprim,0
g1307.7889,trimethoprim,0
g1307.7890,trimethoprim,1
g1307.7891,trimethoprim,1
g1307.7892,trimethoprim,1
g1307.7893,trimethoprim,1
g1307.7894,trimethoprim,0
g1307.7895,trimethoprim,0
g1307.7896,trimethoprim,1
g1307.7897,trimethoprim,0
g1307.7898,trimethoprim,1
g1307.7899,trimethoprim,1
g1307.7900,trimethoprim,1
g1307.7901,trimethoprim,1
g1307.7902,trimethoprim,0
g1307.7903,trimethoprim,0
g1307.7904,trimethoprim,0
g1307.7905,trimethoprim,0
g1307.7906,trimethoprim,1
g1307.7907,trimethoprim,1
g1307.7908,trimethoprim,0
g1307.7909,trimethoprim,0
g1307.7910,trimethoprim,0
g1307.7911,trimethoprim,0
g1307.7912,trimethoprim,0
g1307.7913,trimethoprim,1
g1307.7914,trimethoprim,1
g1307.7915,trimethoprim,0
g1307.7916,trimethoprim,0
g1307.7917,trimethoprim,1
g1307.7918,trimethoprim,1
g1307.7919,trimethoprim,1
g1307.7920,trimethoprim,0
g1307.7921,trimethoprim,1
g1307.7922,trimethoprim,0
g1307.7923,trimethoprim,0
g1307.7924,trimethoprim,1
g1307.7925,trimethoprim,1
g1307.7926,trimethoprim,0
g1307.7927,trimethoprim,1
g1307.7928,trimethoprim,1
g1307.7929,trimethoprim,0
g1307.7930,trimethoprim,0
g1307.7931,trimethoprim,1
g1307.7932,trimethoprim,1
g1307.7933,trimethoprim,0
g1307.7934,trimethoprim,0
g1307.7935,trimethoprim,1
g1307.7936,trimethoprim,0
g1307.7937,trimethoprim,0
g1307.7938,trimethoprim,1
g1307.7939,trimethoprim,0
g1307.7940,trimethoprim,1
g1307.7941,trimethoprim,0
g1307.7942,trimethoprim,0
g1307.7943,trimethoprim,1
g1307.7944,trimethoprim,0
g1307.7945,trimethoprim,0
g1307.7946,trimethoprim,0
g1307.7947,trimethoprim,0
g1307.7948,trimethoprim,0
g1307.7949,trimethoprim,0
g1307.7950,trimethoprim,1
g1307.7951,trimethoprim,1
g1307.7952,trimethoprim,0
g1307.7953,trimethoprim,0
g1307.7954,trimethoprim,0
g1307.7955,trimethoprim,1
g1307.7956,trimethoprim,0
g1307.7957,trimethoprim,0
g1307.7958,trimethoprim,0
g1307.7959,trimethoprim,1
g1307.7960,trimethoprim,0
g1307.7961,trimethoprim,1
g1307.7962,trimethoprim,1
g1307.7963,trimethoprim,1
g1307.7964,trimethoprim,1
g1307.7965,trimethoprim,0
g1307.7966,trimethoprim,1
g1307.7967,trimethoprim,0
g1307.7968,trimethoprim,0
g1307.7969,trimethoprim,0
g1307.7970,trimethoprim,0
g1307.7971,trimethoprim,0
g1307.7972,trimethoprim,0
g1307.7973,trimethoprim,0
g1307.7974,trimethoprim,1
g1307.7975,trimethoprim,1
g1307.7976,trimethoprim,1
g1307.7977,trimethoprim,0
g1307.7978,trimethoprim,1
g1307.7979,trimethoprim,0
g1307.7980,trimethoprim,0
g1307.7981,trimethoprim,1
g1307.7982,trimethoprim,1
g1307.7983,trimethoprim,0
g1307.7984,trimethoprim,0
g1307.7985,trimethoprim,0
g1307.7986,trimethoprim,1
g1307.7987,trimethoprim,0
g1307.7988,trimethoprim,0
g1307.7989,trimethoprim,0
g1307.7990,trimethoprim,0
g1307.7991,trimethoprim,0
g1307.7992,trimethoprim,0
g1307.7993,trimethoprim,0
g1307.7994,trimethoprim,0
g1307.7995,trimethoprim,0
g1307.7996,trimethoprim,1
g1307.7997,trimethoprim,0
g1307.7998,trimethoprim,0
g1307.7999,trimethoprim,0
g1307.8000,trimethoprim,1
g1307.8001,trimethoprim,0
g1307.8002,trimethoprim,0
g1307.8003,trimethoprim,1
g1307.8004,trimethoprim,0
g1307.8005,trimethoprim,1
g1307.8006,trimethoprim,1
g1307.8007,trimethoprim,1
g1307.8008,trimethoprim,0
g1307.8009,trimethoprim,1
g1307.8010,trimethoprim,1
g1307.8011,trimethoprim,1
g1307.8012,trimethoprim,0
g1307.8013,trimethoprim,0
g1307.8014,trimethoprim,1
g1307.8015,trimethoprim,0
g1307.8016,trimethoprim,0
g1307.8017,trimethoprim,1
g1307.8018,trimethoprim,1
g1307.8019,trimethoprim,1
g1307.8020,trimethoprim,1
g1307.8021,trimethoprim,1
g1307.8022,trimethoprim,1
g1307.8023,trimethoprim,1
g1307.8024,trimethoprim,1
g1307.8025,trimethoprim,1
g1307.8026,trimethoprim,1
g1307.8027,trimethoprim,0
g1307.8028,trimethoprim,0
g1307.8029,trimethoprim,0
g1307.8030,trimethoprim,0
g1307.8031,trimethoprim,0
g1307.8032,trimethoprim,0
g1307.8033,trimethoprim,0
g1307.8034,trimethoprim,0
g1307.8035,trimethoprim,0
g1307.8036,trimethoprim,0
g1307.8037,trimethoprim,0
g1307.8038,trimethoprim,1
g1307.8039,trimethoprim,0
g1307.8040,trimethoprim,0
g1307.8041,trimethoprim,0
g1307.8042,trimethoprim,1
g1307.8043,trimethoprim,0
g1307.8044,trimethoprim,1
g1307.8045,trimethoprim,1
g1307.8046,trimethoprim,0
g1307.8047,trimethoprim,0
g1307.8048,trimethoprim,0
g1307.8049,trimethoprim,0
g1307.8050,trimethoprim,0
g1307.8051,trimethoprim,1
g1307.8052,trimethoprim,1
g1307.8053,trimethoprim,0
g1307.8054,trimethoprim,0
g1307.8055,trimethoprim,0
g1307.8056,trimethoprim,1
g1307.8057,trimethoprim,0
g1307.8058,trimethoprim,0
g1307.8059,trimethoprim,1
g1307.8060,trimethoprim,0
g1307.8061,trimethoprim,1
g1307.8062,trimethoprim,0
g1307.8063,trimethoprim,0
g1307.8064,trimethoprim,1
g1307.8065,trimethoprim,1
g1307.8066,trimethoprim,0
g1307.8067,trimethoprim,0
g1307.8068,trimethoprim,0
g1307.8069,trimethoprim,0
g1307.8070,trimethoprim,0
g1307.8071,trimethoprim,0
g1307.8072,trimethoprim,0
g1307.8073,trimethoprim,1
g1307.8074,trimethoprim,0
g1307.8075,trimethoprim,0
g1307.8076,trimethoprim,0
g1307.8077,trimethoprim,1
g1307.8078,trimethoprim,1
g1307.8079,trimethoprim,1
g1307.8080,trimethoprim,1
g1307.8081,trimethoprim,0
g1307.8082,trimethoprim,0
g1307.8083,trimethoprim,0
g1307.8084,trimethoprim,0
g1307.8085,trimethoprim,0
g1307.8086,trimethoprim,0
g1307.8087,trimethoprim,0
g1307.8088,trimethoprim,1
g1307.8089,trimethoprim,0
g1307.8090,trimethoprim,0
g1307.8091,trimethoprim,1
g1307.8092,trimethoprim,0
g1307.8093,trimethoprim,0
g1307.8094,trimethoprim,0
g1307.8095,trimethoprim,0
g1307.8096,trimethoprim,0
g1307.8097,trimethoprim,0
g1307.8098,trimethoprim,1
g1307.8099,trimethoprim,0
g1307.8100,trimethoprim,0
g1307.8101,trimethoprim,0
g1307.8102,trimethoprim,0
g1307.8103,trimethoprim,1
g1307.8104,trimethoprim,1
g1307.8105,trimethoprim,0
g1307.8106,trimethoprim,1
g1307.8107,trimethoprim,0
g1307.8108,trimethoprim,0
g1307.8109,trimethoprim,0
g1307.8110,trimethoprim,0
g1307.8111,trimethoprim,0
g1307.8112,trimethoprim,0
g1307.8113,trimethoprim,0
g1307.8114,trimethoprim,0
g1307.8115,trimethoprim,1
g1307.8116,trimethoprim,0
g1307.8117,trimethoprim,0
g1307.8118,trimethoprim,1
g1307.8119,trimethoprim,0
g1307.8120,trimethoprim,0
g1307.8121,trimethoprim,1
g1307.8122,trimethoprim,0
g1307.8123,trimethoprim,0
g1307.8124,trimethoprim,0
g1307.8125,trimethoprim,1
g1307.8126,trimethoprim,0
g1307.8127,trimethoprim,0
g1307.8128,trimethoprim,0
g1307.8129,trimethoprim,0
g1307.8130,trimethoprim,0
g1307.8131,trimethoprim,0
g1307.8132,trimethoprim,0
g1307.8133,trimethoprim,0
g1307.8134,trimethoprim,0
g1307.8135,trimethoprim,1
g1307.8136,trimethoprim,0
g1307.8137,trimethoprim,0
g1307.8138,trimethoprim,0
g1307.8139,trimethoprim,0
g1307.8140,trimethoprim,0
g1307.8141,trimethoprim,0
g1307.8142,trimethoprim,1
g1307.8143,trimethoprim,0
g1307.8144,trimethoprim,0
g1307.8145,trimethoprim,0
g1307.8146,trimethoprim,0
g1307.8147,trimethoprim,0
g1307.8148,trimethoprim,0
g1307.8149,trimethoprim,0
g1307.8150,trimethoprim,0
g1307.8151,trimethoprim,0
g1307.8152,trimethoprim,1
g1307.8153,trimethoprim,0
g1307.8154,trimethoprim,0
g1307.8155,trimethoprim,0
g1307.8156,trimethoprim,0
g1307.8157,trimethoprim,0
g1307.8158,trimethoprim,0
g1307.8159,trimethoprim,0
g1307.8160,trimethoprim,0
g1307.8161,trimethoprim,1
g1307.8162,trimethoprim,1
g1307.8163,trimethoprim,0
g1307.8164,trimethoprim,0
g1307.8165,trimethoprim,0
g1307.8166,trimethoprim,0
g1307.8167,trimethoprim,0
g1307.8168,trimethoprim,0
g1307.8169,trimethoprim,0
g1307.8170,trimethoprim,0
g1307.8171,trimethoprim,0
g1307.8172,trimethoprim,0
g1307.8173,trimethoprim,0
g1307.8174,trimethoprim,0
g1307.8175,trimethoprim,0
g1307.8176,trimethoprim,0
g1307.8177,trimethoprim,0
g1307.8178,trimethoprim,0
g1307.8179,trimethoprim,0
