genome_id,antibiotic,measurement_sign,measurement,measurement_unit,laboratory_typing_method,testing_standard,pmid
g1307.7503,amoxicillin,,0.03,mg/L,MIC,CLSI,[34493269]
g1307.7503,cefquinome,,0.008,mg/L,MIC,CLSI,[34493269]
g1307.7503,ceftiofur,,0.12,mg/L,MIC,CLSI,[34493269]
g1307.7503,doxycycline,,8.0,mg/L,MIC,CLSI,[34493269]
g1307.7503,enrofloxacin,,0.5,mg/L,MIC,CLSI,[34493269]
g1307.7503,erythromycin,,32.0,mg/L,MIC,CLSI,[34493269]
g1307.7503,florfenicol,,2.0,mg/L,MIC,CLSI,[34493269]
g1307.7503,lincomycin,,128.0,mg/L,MIC,CLSI,[34493269]
g1307.7503,marbofloxacin,,1.0,mg/L,MIC,CLSI,[34493269]
g1307.7503,penicillin,,0.03,mg/L,MIC,CLSI,[34493269]
g1307.7503,spectinomycin,,16.0,mg/L,MIC,CLSI,[34493269]
g1307.7503,tetracycline,,32.0,mg/L,MIC,CLSI,[34493269]
g1307.7503,tiamulin,,1.0,mg/L,MIC,CLSI,[34493269]
g1307.7503,tilmicosin,,128.0,mg/L,MIC,CLSI,[34493269]
g1307.7503,trimethoprim,,0.06,mg/L,MIC,CLSI,[34493269]
g1307.7503,tylosin,,256.0,mg/L,MIC,CLSI,[34493269]
g1307.7504,amoxicillin,,0.03,mg/L,MIC,CLSI,[34493269]
g1307.7504,cefquinome,,0.015,mg/L,MIC,CLSI,[34493269]
g1307.7504,ceftiofur,,0.12,mg/L,MIC,CLSI,[34493269]
g1307.7504,doxycycline,,8.0,mg/L,MIC,CLSI,[34493269]
g1307.7504,enrofloxacin,,0.5,mg/L,MIC,CLSI,[34493269]
g1307.7504,erythromycin,,32.0,mg/L,MIC,CLSI,[34493269]
g1307.7504,florfenicol,,2.0,mg/L,MIC,CLSI,[34493269]
g1307.7504,lincomycin,,128.0,mg/L,MIC,CLSI,[34493269]
g1307.7504,marbofloxacin,,1.0,mg/L,MIC,CLSI,[34493269]
g1307.7504,penicillin,,0.03,mg/L,MIC,CLSI,[34493269]
g1307.7504,spectinomycin,,8.0,mg/L,MIC,CLSI,[34493269]
g1307.7504,tetracycline,,32.0,mg/L,MIC,CLSI,[34493269]
g1307.7504,tiamulin,,1.0,mg/L,MIC,CLSI,[34493269]
g1307.7504,tilmicosin,,128.0,mg/L,MIC,CLSI,[34493269]
g1307.7504,trimethoprim,,0.06,mg/L,MIC,CLSI,[34493269]
g1307.7504,tylosin,,256.0,mg/L,MIC,CLSI,[34493269]
g1307.7505,amoxicillin,,0.03,mg/L,MIC,CLSI,[34493269]
g1307.7505,cefquinome,,0.03,mg/L,MIC,CLSI,[34493269]
g1307.7505,ceftiofur,,0.12,mg/L,MIC,CLSI,[34493269]
g1307.7505,doxycycline,,0.12,mg/L,MIC,CLSI,[34493269]
g1307.7505,enrofloxacin,,0.5,mg/L,MIC,CLSI,[34493269]
g1307.7505,erythromycin,,0.03,mg/L,MIC,CLSI,[34493269]
g1307.7505,florfenicol,,2.0,mg/L,MIC,CLSI,[34493269]
g1307.7505,lincomycin,,1.0,mg/L,MIC,CLSI,[34493269]
g1307.7505,marbofloxacin,,1.0,mg/L,MIC,CLSI,[34493269]
g1307.7505,penicillin,,0.03,mg/L,MIC,CLSI,[34493269]
g1307.7505,spectinomycin,,8.0,mg/L,MIC,CLSI,[34493269]
g1307.7505,tetracycline,,2.0,mg/L,MIC,CLSI,[34493269]
g1307.7505,tiamulin,,1.0,mg/L,MIC,CLSI,[34493269]
g1307.7505,tilmicosin,,4.0,mg/L,MIC,CLSI,[34493269]
g1307.7505,trimethoprim,,0.03,mg/L,MIC,CLSI,[34493269]
g1307.7505,tylosin,,0.5,mg/L,MIC,CLSI,[34493269]
g1307.7506,amoxicillin,,0.03,mg/L,MIC,CLSI,[34493269]
g1307.7506,cefquinome,,0.015,mg/L,MIC,CLSI,[34493269]
g1307.7506,ceftiofur,,0.12,mg/L,MIC,CLSI,[34493269]
g1307.7506,doxycycline,,0.12,mg/L,MIC,CLSI,[34493269]
g1307.7506,enrofloxacin,,0.5,mg/L,MIC,CLSI,[34493269]
g1307.7506,erythromycin,,0.015,mg/L,MIC,CLSI,[34493269]
g1307.7506,florfenicol,,2.0,mg/L,MIC,CLSI,[34493269]
g1307.7506,lincomycin,,1.0,mg/L,MIC,CLSI,[34493269]
g1307.7506,marbofloxacin,,1.0,mg/L,MIC,CLSI,[34493269]
g1307.7506,penicillin,,0.03,mg/L,MIC,CLSI,[34493269]
g1307.7506,spectinomycin,,16.0,mg/L,MIC,CLSI,[34493269]
g1307.7506,tetracycline,,1.0,mg/L,MIC,CLSI,[34493269]
g1307.7506,tiamulin,,2.0,mg/L,MIC,CLSI,[34493269]
g1307.7506,tilmicosin,,4.0,mg/L,MIC,CLSI,[34493269]
g1307.7506,trimethoprim,,0.06,mg/L,MIC,CLSI,[34493269]
g1307.7506,tylosin,,0.5,mg/L,MIC,CLSI,[34493269]
g1307.7507,amoxicillin,,0.03,mg/L,MIC,CLSI,[34493269]
g1307.7507,cefquinome,,0.03,mg/L,MIC,CLSI,[34493269]
g1307.7507,ceftiofur,,0.12,mg/L,MIC,CLSI,[34493269]
g1307.7507,doxycycline,,0.12,mg/L,MIC,CLSI,[34493269]
g1307.7507,enrofloxacin,,0.25,mg/L,MIC,CLSI,[34493269]
g1307.7507,erythromycin,,0.03,mg/L,MIC,CLSI,[34493269]
g1307.7507,florfenicol,,2.0,mg/L,MIC,CLSI,[34493269]
g1307.7507,lincomycin,,1.0,mg/L,MIC,CLSI,[34493269]
g1307.7507,marbofloxacin,,0.5,mg/L,MIC,CLSI,[34493269]
g1307.7507,penicillin,,0.03,mg/L,MIC,CLSI,[34493269]
g1307.7507,spectinomycin,,16.0,mg/L,MIC,CLSI,[34493269]
g1307.7507,tetracycline,,2.0,mg/L,MIC,CLSI,[34493269]
g1307.7507,tiamulin,,2.0,mg/L,MIC,CLSI,[34493269]
g1307.7507,tilmicosin,,4.0,mg/L,MIC,CLSI,[34493269]
g1307.7507,trimethoprim,,0.03,mg/L,MIC,CLSI,[34493269]
g1307.7507,tylosin,,0.5,mg/L,MIC,CLSI,[34493269]
g1307.7508,amoxicillin,,0.03,mg/L,MIC,CLSI,[34493269]
g1307.7508,cefquinome,,0.015,mg/L,MIC,CLSI,[34493269]
g1307.7508,ceftiofur,,0.12,mg/L,MIC,CLSI,[34493269]
g1307.7508,doxycycline,,16.0,mg/L,MIC,CLSI,[34493269]
g1307.7508,enrofloxacin,,0.5,mg/L,MIC,CLSI,[34493269]
g1307.7508,erythromycin,,0.015,mg/L,MIC,CLSI,[34493269]
g1307.7508,florfenicol,,2.0,mg/L,MIC,CLSI,[34493269]
g1307.7508,lincomycin,,1.0,mg/L,MIC,CLSI,[34493269]
g1307.7508,marbofloxacin,,1.0,mg/L,MIC,CLSI,[34493269]
g1307.7508,penicillin,,0.03,mg/L,MIC,CLSI,[34493269]
g1307.7508,spectinomycin,,32.0,mg/L,MIC,CLSI,[34493269]
g1307.7508,tetracycline,,64.0,mg/L,MIC,CLSI,[34493269]
g1307.7508,tiamulin,,2.0,mg/L,MIC,CLSI,[34493269]
g1307.7508,tilmicosin,,4.0,mg/L,MIC,CLSI,[34493269]
g1307.7508,trimethoprim,,0.06,mg/L,MIC,CLSI,[34493269]
g1307.7508,tylosin,,0.5,mg/L,MIC,CLSI,[34493269]
g1307.7509,amoxicillin,,0.03,mg/L,MIC,CLSI,[34493269]
g1307.7509,cefquinome,,0.03,mg/L,MIC,CLSI,[34493269]
g1307.7509,ceftiofur,,0.12,mg/L,MIC,CLSI,[34493269]
g1307.7509,doxycycline,,0.12,mg/L,MIC,CLSI,[34493269]
g1307.7509,enrofloxacin,,0.25,mg/L,MIC,CLSI,[34493269]
g1307.7509,erythromycin,,0.015,mg/L,MIC,CLSI,[34493269]
g1307.7509,florfenicol,,2.0,mg/L,MIC,CLSI,[34493269]
g1307.7509,lincomycin,,1.0,mg/L,MIC,CLSI,[34493269]
g1307.7509,marbofloxacin,,0.5,mg/L,MIC,CLSI,[34493269]
g1307.7509,penicillin,,0.03,mg/L,MIC,CLSI,[34493269]
g1307.7509,spectinomycin,,16.0,mg/L,MIC,CLSI,[34493269]
g1307.7509,tetracycline,,1.0,mg/L,MIC,CLSI,[34493269]
g1307.7509,tiamulin,,1.0,mg/L,MIC,CLSI,[34493269]
g1307.7509,tilmicosin,,4.0,mg/L,MIC,CLSI,[34493269]
g1307.7509,trimethoprim,,2.0,mg/L,MIC,CLSI,[34493269]
g1307.7509,tylosin,,1.0,mg/L,MIC,CLSI,[34493269]
g1307.7510,amoxicillin,,0.03,mg/L,MIC,CLSI,[34493269]
g1307.7510,cefquinome,,0.015,mg/L,MIC,CLSI,[34493269]
g1307.7510,ceftiofur,,0.12,mg/L,MIC,CLSI,[34493269]
g1307.7510,doxycycline,,8.0,mg/L,MIC,CLSI,[34493269]
g1307.7510,enrofloxacin,,0.5,mg/L,MIC,CLSI,[34493269]
g1307.7510,erythromycin,,32.0,mg/L,MIC,CLSI,[34493269]
g1307.7510,florfenicol,,2.0,mg/L,MIC,CLSI,[34493269]
g1307.7510,lincomycin,,128.0,mg/L,MIC,CLSI,[34493269]
g1307.7510,marbofloxacin,,1.0,mg/L,MIC,CLSI,[34493269]
g1307.7510,penicillin,,0.03,mg/L,MIC,CLSI,[34493269]
g1307.7510,spectinomycin,,16.0,mg/L,MIC,CLSI,[34493269]
g1307.7510,tetracycline,,64.0,mg/L,MIC,CLSI,[34493269]
g1307.7510,tiamulin,,2.0,mg/L,MIC,CLSI,[34493269]
g1307.7510,tilmicosin,,128.0,mg/L,MIC,CLSI,[34493269]
g1307.7510,trimethoprim,,0.06,mg/L,MIC,CLSI,[34493269]
g1307.7510,tylosin,,256.0,mg/L,MIC,CLSI,[34493269]
g1307.7511,amoxicillin,,0.03,mg/L,MIC,CLSI,[34493269]
g1307.7511,cefquinome,,0.015,mg/L,MIC,CLSI,[34493269]
g1307.7511,ceftiofur,,0.12,mg/L,MIC,CLSI,[34493269]
g1307.7511,doxycycline,,8.0,mg/L,MIC,CLSI,[34493269]
g1307.7511,enrofloxacin,,0.5,mg/L,MIC,CLSI,[34493269]
g1307.7511,erythromycin,,0.03,mg/L,MIC,CLSI,[34493269]
g1307.7511,florfenicol,,2.0,mg/L,MIC,CLSI,[34493269]
g1307.7511,lincomycin,,0.25,mg/L,MIC,CLSI,[34493269]
g1307.7511,marbofloxacin,,1.0,mg/L,MIC,CLSI,[34493269]
g1307.7511,penicillin,,0.03,mg/L,MIC,CLSI,[34493269]
g1307.7511,spectinomycin,,32.0,mg/L,MIC,CLSI,[34493269]
g1307.7511,tetracycline,,64.0,mg/L,MIC,CLSI,[34493269]
g1307.7511,tiamulin,,1.0,mg/L,MIC,CLSI,[34493269]
g1307.7511,tilmicosin,,4.0,mg/L,MIC,CLSI,[34493269]
g1307.7511,trimethoprim,,0.03,mg/L,MIC,CLSI,[34493269]
g1307.7511,tylosin,,1.0,mg/L,MIC,CLSI,[34493269]
g1307.7512,amoxicillin,,0.03,mg/L,MIC,CLSI,[34493269]
g1307.7512,cefquinome,,0.015,mg/L,MIC,CLSI,[34493269]
g1307.7512,ceftiofur,,0.06,mg/L,MIC,CLSI,[34493269]
g1307.7512,doxycycline,,0.12,mg/L,MIC,CLSI,[34493269]
g1307.7512,enrofloxacin,,0.25,mg/L,MIC,CLSI,[34493269]
g1307.7512,erythromycin,,0.03,mg/L,MIC,CLSI,[34493269]
g1307.7512,florfenicol,,2.0,mg/L,MIC,CLSI,[34493269]
g1307.7512,lincomycin,,0.25,mg/L,MIC,CLSI,[34493269]
g1307.7512,marbofloxacin,,0.5,mg/L,MIC,CLSI,[34493269]
g1307.7512,penicillin,,0.03,mg/L,MIC,CLSI,[34493269]
g1307.7512,spectinomycin,,16.0,mg/L,MIC,CLSI,[34493269]
g1307.7512,tetracycline,,1.0,mg/L,MIC,CLSI,[34493269]
g1307.7512,tiamulin,,0.25,mg/L,MIC,CLSI,[34493269]
g1307.7512,tilmicosin,,4.0,mg/L,MIC,CLSI,[34493269]
g1307.7512,trimethoprim,,0.03,mg/L,MIC,CLSI,[34493269]
g1307.7512,tylosin,,0.5,mg/L,MIC,CLSI,[34493269]
g1307.7513,amoxicillin,,0.03,mg/L,MIC,CLSI,[34493269]
g1307.7513,cefquinome,,0.015,mg/L,MIC,CLSI,[34493269]
g1307.7513,ceftiofur,,0.12,mg/L,MIC,CLSI,[34493269]
g1307.7513,doxycycline,,8.0,mg/L,MIC,CLSI,[34493269]
g1307.7513,enrofloxacin,,0.5,mg/L,MIC,CLSI,[34493269]
g1307.7513,erythromycin,,32.0,mg/L,MIC,CLSI,[34493269]
g1307.7513,florfenicol,,2.0,mg/L,MIC,CLSI,[34493269]
g1307.7513,lincomycin,,128.0,mg/L,MIC,CLSI,[34493269]
g1307.7513,marbofloxacin,,1.0,mg/L,MIC,CLSI,[34493269]
g1307.7513,penicillin,,0.03,mg/L,MIC,CLSI,[34493269]
g1307.7513,spectinomycin,,8.0,mg/L,MIC,CLSI,[34493269]
g1307.7513,tetracycline,,64.0,mg/L,MIC,CLSI,[34493269]
g1307.7513,tiamulin,,1.0,mg/L,MIC,CLSI,[34493269]
g1307.7513,tilmicosin,,128.0,mg/L,MIC,CLSI,[34493269]
g1307.7513,trimethoprim,,0.06,mg/L,MIC,CLSI,[34493269]
g1307.7513,tylosin,,256.0,mg/L,MIC,CLSI,[34493269]
g1307.7514,amoxicillin,,0.03,mg/L,MIC,CLSI,[34493269]
g1307.7514,cefquinome,,0.015,mg/L,MIC,CLSI,[34493269]
g1307.7514,ceftiofur,,0.12,mg/L,MIC,CLSI,[34493269]
g1307.7514,doxycycline,,8.0,mg/L,MIC,CLSI,[34493269]
g1307.7514,enrofloxacin,,0.5,mg/L,MIC,CLSI,[34493269]
g1307.7514,erythromycin,,0.015,mg/L,MIC,CLSI,[34493269]
g1307.7514,florfenicol,,2.0,mg/L,MIC,CLSI,[34493269]
g1307.7514,lincomycin,,1.0,mg/L,MIC,CLSI,[34493269]
g1307.7514,marbofloxacin,,1.0,mg/L,MIC,CLSI,[34493269]
g1307.7514,penicillin,,0.03,mg/L,MIC,CLSI,[34493269]
g1307.7514,spectinomycin,,16.0,mg/L,MIC,CLSI,[34493269]
g1307.7514,tetracycline,,32.0,mg/L,MIC,CLSI,[34493269]
g1307.7514,tiamulin,,2.0,mg/L,MIC,CLSI,[34493269]
g1307.7514,tilmicosin,,4.0,mg/L,MIC,CLSI,[34493269]
g1307.7514,trimethoprim,,0.06,mg/L,MIC,CLSI,[34493269]
g1307.7514,tylosin,,0.5,mg/L,MIC,CLSI,[34493269]
g1307.7515,amoxicillin,,0.03,mg/L,MIC,CLSI,[34493269]
g1307.7515,cefquinome,,0.06,mg/L,MIC,CLSI,[34493269]
g1307.7515,ceftiofur,,0.5,mg/L,MIC,CLSI,[34493269]
g1307.7515,doxycycline,,16.0,mg/L,MIC,CLSI,[34493269]
g1307.7515,enrofloxacin,,0.25,mg/L,MIC,CLSI,[34493269]
g1307.7515,erythromycin,,32.0,mg/L,MIC,CLSI,[34493269]
g1307.7515,florfenicol,,2.0,mg/L,MIC,CLSI,[34493269]
g1307.7515,lincomycin,,128.0,mg/L,MIC,CLSI,[34493269]
g1307.7515,marbofloxacin,,0.5,mg/L,MIC,CLSI,[34493269]
g1307.7515,penicillin,,0.25,mg/L,MIC,CLSI,[34493269]
g1307.7515,spectinomycin,,16.0,mg/L,MIC,CLSI,[34493269]
g1307.7515,tetracycline,,64.0,mg/L,MIC,CLSI,[34493269]
g1307.7515,tiamulin,,64.0,mg/L,MIC,CLSI,[34493269]
g1307.7515,tilmicosin,,128.0,mg/L,MIC,CLSI,[34493269]
g1307.7515,trimethoprim,,1.0,mg/L,MIC,CLSI,[34493269]
g1307.7515,tylosin,,256.0,mg/L,MIC,CLSI,[34493269]
g1307.7516,amoxicillin,,0.03,mg/L,MIC,CLSI,[34493269]
g1307.7516,cefquinome,,0.12,mg/L,MIC,CLSI,[34493269]
g1307.7516,ceftiofur,,2.0,mg/L,MIC,CLSI,[34493269]
g1307.7516,doxycycline,,16.0,mg/L,MIC,CLSI,[34493269]
g1307.7516,enrofloxacin,,0.5,mg/L,MIC,CLSI,[34493269]
g1307.7516,erythromycin,,32.0,mg/L,MIC,CLSI,[34493269]
g1307.7516,florfenicol,,2.0,mg/L,MIC,CLSI,[34493269]
g1307.7516,lincomycin,,128.0,mg/L,MIC,CLSI,[34493269]
g1307.7516,marbofloxacin,,0.5,mg/L,MIC,CLSI,[34493269]
g1307.7516,penicillin,,1.0,mg/L,MIC,CLSI,[34493269]
g1307.7516,spectinomycin,,16.0,mg/L,MIC,CLSI,[34493269]
g1307.7516,tetracycline,,64.0,mg/L,MIC,CLSI,[34493269]
g1307.7516,tiamulin,,32.0,mg/L,MIC,CLSI,[34493269]
g1307.7516,tilmicosin,,128.0,mg/L,MIC,CLSI,[34493269]
g1307.7516,trimethoprim,,0.25,mg/L,MIC,CLSI,[34493269]
g1307.7516,tylosin,,256.0,mg/L,MIC,CLSI,[34493269]
g1307.7517,amoxicillin,,0.03,mg/L,MIC,CLSI,[34493269]
g1307.7517,cefquinome,,0.015,mg/L,MIC,CLSI,[34493269]
g1307.7517,ceftiofur,,0.12,mg/L,MIC,CLSI,[34493269]
g1307.7517,doxycycline,,0.12,mg/L,MIC,CLSI,[34493269]
g1307.7517,enrofloxacin,,0.5,mg/L,MIC,CLSI,[34493269]
g1307.7517,erythromycin,,0.03,mg/L,MIC,CLSI,[34493269]
g1307.7517,florfenicol,,2.0,mg/L,MIC,CLSI,[34493269]
g1307.7517,lincomycin,,2.0,mg/L,MIC,CLSI,[34493269]
g1307.7517,marbofloxacin,,1.0,mg/L,MIC,CLSI,[34493269]
g1307.7517,penicillin,,0.03,mg/L,MIC,CLSI,[34493269]
g1307.7517,spectinomycin,,8.0,mg/L,MIC,CLSI,[34493269]
g1307.7517,tetracycline,,1.0,mg/L,MIC,CLSI,[34493269]
g1307.7517,tiamulin,,2.0,mg/L,MIC,CLSI,[34493269]
g1307.7517,tilmicosin,,4.0,mg/L,MIC,CLSI,[34493269]
g1307.7517,trimethoprim,,0.06,mg/L,MIC,CLSI,[34493269]
g1307.7517,tylosin,,0.5,mg/L,MIC,CLSI,[34493269]
g1307.7518,amoxicillin,,0.03,mg/L,MIC,CLSI,[34493269]
g1307.7518,cefquinome,,0.015,mg/L,MIC,CLSI,[34493269]
g1307.7518,ceftiofur,,0.12,mg/L,MIC,CLSI,[34493269]
g1307.7518,doxycycline,,8.0,mg/L,MIC,CLSI,[34493269]
g1307.7518,enrofloxacin,,0.5,mg/L,MIC,CLSI,[34493269]
g1307.7518,erythromycin,,32.0,mg/L,MIC,CLSI,[34493269]
g1307.7518,florfenicol,,2.0,mg/L,MIC,CLSI,[34493269]
g1307.7518,lincomycin,,128.0,mg/L,MIC,CLSI,[34493269]
g1307.7518,marbofloxacin,,1.0,mg/L,MIC,CLSI,[34493269]
g1307.7518,penicillin,,0.03,mg/L,MIC,CLSI,[34493269]
g1307.7518,spectinomycin,,16.0,mg/L,MIC,CLSI,[34493269]
g1307.7518,tetracycline,,64.0,mg/L,MIC,CLSI,[34493269]
g1307.7518,tiamulin,,1.0,mg/L,MIC,CLSI,[34493269]
g1307.7518,tilmicosin,,128.0,mg/L,MIC,CLSI,[34493269]
g1307.7518,trimethoprim,,0.06,mg/L,MIC,CLSI,[34493269]
g1307.7518,tylosin,,256.0,mg/L,MIC,CLSI,[34493269]
g1307.7519,amoxicillin,,0.03,mg/L,MIC,CLSI,[34493269]
g1307.7519,cefquinome,,0.015,mg/L,MIC,CLSI,[34493269]
g1307.7519,ceftiofur,,0.5,mg/L,MIC,CLSI,[34493269]
g1307.7519,doxycycline,,16.0,mg/L,MIC,CLSI,[34493269]
g1307.7519,enrofloxacin,,1.0,mg/L,MIC,CLSI,[34493269]
g1307.7519,erythromycin,,32.0,mg/L,MIC,CLSI,[34493269]
g1307.7519,florfenicol,,2.0,mg/L,MIC,CLSI,[34493269]
g1307.7519,lincomycin,,128.0,mg/L,MIC,CLSI,[34493269]
g1307.7519,marbofloxacin,,0.015,mg/L,MIC,CLSI,[34493269]
g1307.7519,penicillin,,0.12,mg/L,MIC,CLSI,[34493269]
g1307.7519,spectinomycin,,16.0,mg/L,MIC,CLSI,[34493269]
g1307.7519,tetracycline,,64.0,mg/L,MIC,CLSI,[34493269]
g1307.7519,tiamulin,,8.0,mg/L,MIC,CLSI,[34493269]
g1307.7519,tilmicosin,,128.0,mg/L,MIC,CLSI,[34493269]
g1307.7519,trimethoprim,,4.0,mg/L,MIC,CLSI,[34493269]
g1307.7519,tylosin,,256.0,mg/L,MIC,CLSI,[34493269]
g1307.7520,amoxicillin,,0.03,mg/L,MIC,CLSI,[34493269]
g1307.7520,cefquinome,,0.002,mg/L,MIC,CLSI,[34493269]
g1307.7520,ceftiofur,,0.12,mg/L,MIC,CLSI,[34493269]
g1307.7520,doxycycline,,8.0,mg/L,MIC,CLSI,[34493269]
g1307.7520,enrofloxacin,,0.25,mg/L,MIC,CLSI,[34493269]
g1307.7520,erythromycin,,32.0,mg/L,MIC,CLSI,[34493269]
g1307.7520,florfenicol,,2.0,mg/L,MIC,CLSI,[34493269]
g1307.7520,lincomycin,,128.0,mg/L,MIC,CLSI,[34493269]
g1307.7520,marbofloxacin,,0.015,mg/L,MIC,CLSI,[34493269]
g1307.7520,penicillin,,0.03,mg/L,MIC,CLSI,[34493269]
g1307.7520,spectinomycin,,16.0,mg/L,MIC,CLSI,[34493269]
g1307.7520,tetracycline,,32.0,mg/L,MIC,CLSI,[34493269]
g1307.7520,tiamulin,,1.0,mg/L,MIC,CLSI,[34493269]
g1307.7520,tilmicosin,,128.0,mg/L,MIC,CLSI,[34493269]
g1307.7520,trimethoprim,,0.03,mg/L,MIC,CLSI,[34493269]
g1307.7520,tylosin,,256.0,mg/L,MIC,CLSI,[34493269]
g1307.7521,amoxicillin,,0.03,mg/L,MIC,CLSI,[34493269]
g1307.7521,cefquinome,,0.008,mg/L,MIC,CLSI,[34493269]
g1307.7521,ceftiofur,,0.12,mg/L,MIC,CLSI,[34493269]
g1307.7521,doxycycline,,0.5,mg/L,MIC,CLSI,[34493269]
g1307.7521,enrofloxacin,,0.25,mg/L,MIC,CLSI,[34493269]
g1307.7521,erythromycin,,0.015,mg/L,MIC,CLSI,[34493269]
g1307.7521,florfenicol,,2.0,mg/L,MIC,CLSI,[34493269]
g1307.7521,lincomycin,,0.5,mg/L,MIC,CLSI,[34493269]
g1307.7521,marbofloxacin,,0.015,mg/L,MIC,CLSI,[34493269]
g1307.7521,penicillin,,0.03,mg/L,MIC,CLSI,[34493269]
g1307.7521,spectinomycin,,8.0,mg/L,MIC,CLSI,[34493269]
g1307.7521,tetracycline,,1.0,mg/L,MIC,CLSI,[34493269]
g1307.7521,tiamulin,,1.0,mg/L,MIC,CLSI,[34493269]
g1307.7521,tilmicosin,,4.0,mg/L,MIC,CLSI,[34493269]
g1307.7521,trimethoprim,,0.03,mg/L,MIC,CLSI,[34493269]
g1307.7521,tylosin,,1.0,mg/L,MIC,CLSI,[34493269]
g1307.7522,amoxicillin,,0.03,mg/L,MIC,CLSI,[34493269]
g1307.7522,cefquinome,,0.03,mg/L,MIC,CLSI,[34493269]
g1307.7522,ceftiofur,,0.5,mg/L,MIC,CLSI,[34493269]
g1307.7522,doxycycline,,0.12,mg/L,MIC,CLSI,[34493269]
g1307.7522,enrofloxacin,,0.25,mg/L,MIC,CLSI,[34493269]
g1307.7522,erythromycin,,0.03,mg/L,MIC,CLSI,[34493269]
g1307.7522,florfenicol,,2.0,mg/L,MIC,CLSI,[34493269]
g1307.7522,lincomycin,,8.0,mg/L,MIC,CLSI,[34493269]
g1307.7522,marbofloxacin,,0.5,mg/L,MIC,CLSI,[34493269]
g1307.7522,penicillin,,0.12,mg/L,MIC,CLSI,[34493269]
g1307.7522,spectinomycin,,16.0,mg/L,MIC,CLSI,[34493269]
g1307.7522,tetracycline,,2.0,mg/L,MIC,CLSI,[34493269]
g1307.7522,tiamulin,,32.0,mg/L,MIC,CLSI,[34493269]
g1307.7522,tilmicosin,,4.0,mg/L,MIC,CLSI,[34493269]
g1307.7522,trimethoprim,,0.25,mg/L,MIC,CLSI,[34493269]
g1307.7522,tylosin,,0.5,mg/L,MIC,CLSI,[34493269]
g1307.7523,amoxicillin,,0.03,mg/L,MIC,CLSI,[34493269]
g1307.7523,cefquinome,,0.03,mg/L,MIC,CLSI,[34493269]
g1307.7523,ceftiofur,,0.25,mg/L,MIC,CLSI,[34493269]
g1307.7523,doxycycline,,8.0,mg/L,MIC,CLSI,[34493269]
g1307.7523,enrofloxacin,,0.25,mg/L,MIC,CLSI,[34493269]
g1307.7523,erythromycin,,32.0,mg/L,MIC,CLSI,[34493269]
g1307.7523,florfenicol,,2.0,mg/L,MIC,CLSI,[34493269]
g1307.7523,lincomycin,,128.0,mg/L,MIC,CLSI,[34493269]
g1307.7523,marbofloxacin,,0.5,mg/L,MIC,CLSI,[34493269]
g1307.7523,penicillin,,0.03,mg/L,MIC,CLSI,[34493269]
g1307.7523,spectinomycin,,16.0,mg/L,MIC,CLSI,[34493269]
g1307.7523,tetracycline,,64.0,mg/L,MIC,CLSI,[34493269]
g1307.7523,tiamulin,,2.0,mg/L,MIC,CLSI,[34493269]
g1307.7523,tilmicosin,,128.0,mg/L,MIC,CLSI,[34493269]
g1307.7523,trimethoprim,,0.25,mg/L,MIC,CLSI,[34493269]
g1307.7523,tylosin,,256.0,mg/L,MIC,CLSI,[34493269]
g1307.7524,amoxicillin,,0.03,mg/L,MIC,CLSI,[34493269]
g1307.7524,cefquinome,,0.03,mg/L,MIC,CLSI,[34493269]
g1307.7524,ceftiofur,,0.12,mg/L,MIC,CLSI,[34493269]
g1307.7524,doxycycline,,8.0,mg/L,MIC,CLSI,[34493269]
g1307.7524,enrofloxacin,,0.25,mg/L,MIC,CLSI,[34493269]
g1307.7524,erythromycin,,0.06,mg/L,MIC,CLSI,[34493269]
g1307.7524,florfenicol,,1.0,mg/L,MIC,CLSI,[34493269]
g1307.7524,lincomycin,,0.25,mg/L,MIC,CLSI,[34493269]
g1307.7524,marbofloxacin,,0.5,mg/L,MIC,CLSI,[34493269]
g1307.7524,penicillin,,0.03,mg/L,MIC,CLSI,[34493269]
g1307.7524,spectinomycin,,16.0,mg/L,MIC,CLSI,[34493269]
g1307.7524,tetracycline,,32.0,mg/L,MIC,CLSI,[34493269]
g1307.7524,tiamulin,,0.5,mg/L,MIC,CLSI,[34493269]
g1307.7524,tilmicosin,,4.0,mg/L,MIC,CLSI,[34493269]
g1307.7524,trimethoprim,,0.03,mg/L,MIC,CLSI,[34493269]
g1307.7524,tylosin,,0.5,mg/L,MIC,CLSI,[34493269]
g1307.7525,amoxicillin,,0.03,mg/L,MIC,CLSI,[34493269]
g1307.7525,cefquinome,,0.015,mg/L,MIC,CLSI,[34493269]
g1307.7525,ceftiofur,,0.12,mg/L,MIC,CLSI,[34493269]
g1307.7525,doxycycline,,8.0,mg/L,MIC,CLSI,[34493269]
g1307.7525,enrofloxacin,,0.25,mg/L,MIC,CLSI,[34493269]
g1307.7525,erythromycin,,0.03,mg/L,MIC,CLSI,[34493269]
g1307.7525,florfenicol,,1.0,mg/L,MIC,CLSI,[34493269]
g1307.7525,lincomycin,,0.25,mg/L,MIC,CLSI,[34493269]
g1307.7525,marbofloxacin,,0.5,mg/L,MIC,CLSI,[34493269]
g1307.7525,penicillin,,0.03,mg/L,MIC,CLSI,[34493269]
g1307.7525,spectinomycin,,16.0,mg/L,MIC,CLSI,[34493269]
g1307.7525,tetracycline,,64.0,mg/L,MIC,CLSI,[34493269]
g1307.7525,tiamulin,,2.0,mg/L,MIC,CLSI,[34493269]
g1307.7525,tilmicosin,,4.0,mg/L,MIC,CLSI,[34493269]
g1307.7525,trimethoprim,,0.06,mg/L,MIC,CLSI,[34493269]
g1307.7525,tylosin,,0.5,mg/L,MIC,CLSI,[34493269]
g1307.7526,amoxicillin,,0.03,mg/L,MIC,CLSI,[34493269]
g1307.7526,cefquinome,,0.015,mg/L,MIC,CLSI,[34493269]
g1307.7526,ceftiofur,,0.12,mg/L,MIC,CLSI,[34493269]
g1307.7526,doxycycline,,16.0,mg/L,MIC,CLSI,[34493269]
g1307.7526,enrofloxacin,,0.5,mg/L,MIC,CLSI,[34493269]
g1307.7526,erythromycin,,32.0,mg/L,MIC,CLSI,[34493269]
g1307.7526,florfenicol,,2.0,mg/L,MIC,CLSI,[34493269]
g1307.7526,lincomycin,,128.0,mg/L,MIC,CLSI,[34493269]
g1307.7526,marbofloxacin,,1.0,mg/L,MIC,CLSI,[34493269]
g1307.7526,penicillin,,0.03,mg/L,MIC,CLSI,[34493269]
g1307.7526,spectinomycin,,16.0,mg/L,MIC,CLSI,[34493269]
g1307.7526,tetracycline,,64.0,mg/L,MIC,CLSI,[34493269]
g1307.7526,tiamulin,,2.0,mg/L,MIC,CLSI,[34493269]
g1307.7526,tilmicosin,,128.0,mg/L,MIC,CLSI,[34493269]
g1307.7526,trimethoprim,,0.06,mg/L,MIC,CLSI,[34493269]
g1307.7526,tylosin,,256.0,mg/L,MIC,CLSI,[34493269]
g1307.7527,amoxicillin,,0.03,mg/L,MIC,CLSI,[34493269]
g1307.7527,cefquinome,,0.015,mg/L,MIC,CLSI,[34493269]
g1307.7527,ceftiofur,,0.12,mg/L,MIC,CLSI,[34493269]
g1307.7527,doxycycline,,16.0,mg/L,MIC,CLSI,[34493269]
g1307.7527,enrofloxacin,,0.5,mg/L,MIC,CLSI,[34493269]
g1307.7527,erythromycin,,32.0,mg/L,MIC,CLSI,[34493269]
g1307.7527,florfenicol,,2.0,mg/L,MIC,CLSI,[34493269]
g1307.7527,lincomycin,,128.0,mg/L,MIC,CLSI,[34493269]
g1307.7527,marbofloxacin,,1.0,mg/L,MIC,CLSI,[34493269]
g1307.7527,penicillin,,0.03,mg/L,MIC,CLSI,[34493269]
g1307.7527,spectinomycin,,16.0,mg/L,MIC,CLSI,[34493269]
g1307.7527,tetracycline,,32.0,mg/L,MIC,CLSI,[34493269]
g1307.7527,tiamulin,,1.0,mg/L,MIC,CLSI,[34493269]
g1307.7527,tilmicosin,,128.0,mg/L,MIC,CLSI,[34493269]
g1307.7527,trimethoprim,,0.12,mg/L,MIC,CLSI,[34493269]
g1307.7527,tylosin,,256.0,mg/L,MIC,CLSI,[34493269]
g1307.7528,amoxicillin,,0.03,mg/L,MIC,CLSI,[34493269]
g1307.7528,cefquinome,,0.008,mg/L,MIC,CLSI,[34493269]
g1307.7528,ceftiofur,,0.12,mg/L,MIC,CLSI,[34493269]
g1307.7528,doxycycline,,16.0,mg/L,MIC,CLSI,[34493269]
g1307.7528,enrofloxacin,,0.5,mg/L,MIC,CLSI,[34493269]
g1307.7528,erythromycin,,32.0,mg/L,MIC,CLSI,[34493269]
g1307.7528,florfenicol,,2.0,mg/L,MIC,CLSI,[34493269]
g1307.7528,lincomycin,,128.0,mg/L,MIC,CLSI,[34493269]
g1307.7528,marbofloxacin,,0.015,mg/L,MIC,CLSI,[34493269]
g1307.7528,penicillin,,0.03,mg/L,MIC,CLSI,[34493269]
g1307.7528,spectinomycin,,16.0,mg/L,MIC,CLSI,[34493269]
g1307.7528,tetracycline,,64.0,mg/L,MIC,CLSI,[34493269]
g1307.7528,tiamulin,,1.0,mg/L,MIC,CLSI,[34493269]
g1307.7528,tilmicosin,,128.0,mg/L,MIC,CLSI,[34493269]
g1307.7528,trimethoprim,,0.06,mg/L,MIC,CLSI,[34493269]
g1307.7528,tylosin,,256.0,mg/L,MIC,CLSI,[34493269]
g1307.7529,amoxicillin,,0.03,mg/L,MIC,CLSI,[34493269]
g1307.7529,cefquinome,,0.015,mg/L,MIC,CLSI,[34493269]
g1307.7529,ceftiofur,,0.12,mg/L,MIC,CLSI,[34493269]
g1307.7529,doxycycline,,0.06,mg/L,MIC,CLSI,[34493269]
g1307.7529,enrofloxacin,,0.5,mg/L,MIC,CLSI,[34493269]
g1307.7529,erythromycin,,0.015,mg/L,MIC,CLSI,[34493269]
g1307.7529,florfenicol,,2.0,mg/L,MIC,CLSI,[34493269]
g1307.7529,lincomycin,,2.0,mg/L,MIC,CLSI,[34493269]
g1307.7529,marbofloxacin,,1.0,mg/L,MIC,CLSI,[34493269]
g1307.7529,penicillin,,0.03,mg/L,MIC,CLSI,[34493269]
g1307.7529,spectinomycin,,16.0,mg/L,MIC,CLSI,[34493269]
g1307.7529,tetracycline,,0.5,mg/L,MIC,CLSI,[34493269]
g1307.7529,tiamulin,,2.0,mg/L,MIC,CLSI,[34493269]
g1307.7529,tilmicosin,,4.0,mg/L,MIC,CLSI,[34493269]
g1307.7529,trimethoprim,,0.06,mg/L,MIC,CLSI,[34493269]
g1307.7529,tylosin,,0.5,mg/L,MIC,CLSI,[34493269]
g1307.7530,amoxicillin,,0.03,mg/L,MIC,CLSI,[34493269]
g1307.7530,cefquinome,,0.015,mg/L,MIC,CLSI,[34493269]
g1307.7530,ceftiofur,,0.12,mg/L,MIC,CLSI,[34493269]
g1307.7530,doxycycline,,32.0,mg/L,MIC,CLSI,[34493269]
g1307.7530,enrofloxacin,,0.5,mg/L,MIC,CLSI,[34493269]
g1307.7530,erythromycin,,32.0,mg/L,MIC,CLSI,[34493269]
g1307.7530,florfenicol,,4.0,mg/L,MIC,CLSI,[34493269]
g1307.7530,lincomycin,,128.0,mg/L,MIC,CLSI,[34493269]
g1307.7530,marbofloxacin,,1.0,mg/L,MIC,CLSI,[34493269]
g1307.7530,penicillin,,0.03,mg/L,MIC,CLSI,[34493269]
g1307.7530,spectinomycin,,16.0,mg/L,MIC,CLSI,[34493269]
g1307.7530,tetracycline,,64.0,mg/L,MIC,CLSI,[34493269]
g1307.7530,tiamulin,,4.0,mg/L,MIC,CLSI,[34493269]
g1307.7530,tilmicosin,,128.0,mg/L,MIC,CLSI,[34493269]
g1307.7530,trimethoprim,,1.0,mg/L,MIC,CLSI,[34493269]
g1307.7530,tylosin,,256.0,mg/L,MIC,CLSI,[34493269]
g1307.7531,amoxicillin,,0.03,mg/L,MIC,CLSI,[34493269]
g1307.7531,cefquinome,,0.03,mg/L,MIC,CLSI,[34493269]
g1307.7531,ceftiofur,,0.12,mg/L,MIC,CLSI,[34493269]
g1307.7531,doxycycline,,0.06,mg/L,MIC,CLSI,[34493269]
g1307.7531,enrofloxacin,,0.5,mg/L,MIC,CLSI,[34493269]
g1307.7531,erythromycin,,0.03,mg/L,MIC,CLSI,[34493269]
g1307.7531,florfenicol,,2.0,mg/L,MIC,CLSI,[34493269]
g1307.7531,lincomycin,,1.0,mg/L,MIC,CLSI,[34493269]
g1307.7531,marbofloxacin,,1.0,mg/L,MIC,CLSI,[34493269]
g1307.7531,penicillin,,0.03,mg/L,MIC,CLSI,[34493269]
g1307.7531,spectinomycin,,16.0,mg/L,MIC,CLSI,[34493269]
g1307.7531,tetracycline,,0.5,mg/L,MIC,CLSI,[34493269]
g1307.7531,tiamulin,,2.0,mg/L,MIC,CLSI,[34493269]
g1307.7531,tilmicosin,,4.0,mg/L,MIC,CLSI,[34493269]
g1307.7531,trimethoprim,,0.06,mg/L,MIC,CLSI,[34493269]
g1307.7531,tylosin,,0.5,mg/L,MIC,CLSI,[34493269]
g1307.7532,amoxicillin,,0.03,mg/L,MIC,CLSI,[34493269]
g1307.7532,cefquinome,,0.03,mg/L,MIC,CLSI,[34493269]
g1307.7532,ceftiofur,,0.12,mg/L,MIC,CLSI,[34493269]
g1307.7532,doxycycline,,16.0,mg/L,MIC,CLSI,[34493269]
g1307.7532,enrofloxacin,,0.5,mg/L,MIC,CLSI,[34493269]
g1307.7532,erythromycin,,32.0,mg/L,MIC,CLSI,[34493269]
g1307.7532,florfenicol,,2.0,mg/L,MIC,CLSI,[34493269]
g1307.7532,lincomycin,,128.0,mg/L,MIC,CLSI,[34493269]
g1307.7532,marbofloxacin,,1.0,mg/L,MIC,CLSI,[34493269]
g1307.7532,penicillin,,0.03,mg/L,MIC,CLSI,[34493269]
g1307.7532,spectinomycin,,16.0,mg/L,MIC,CLSI,[34493269]
g1307.7532,tetracycline,,32.0,mg/L,MIC,CLSI,[34493269]
g1307.7532,tiamulin,,1.0,mg/L,MIC,CLSI,[34493269]
g1307.7532,tilmicosin,,128.0,mg/L,MIC,CLSI,[34493269]
g1307.7532,trimethoprim,,0.06,mg/L,MIC,CLSI,[34493269]
g1307.7532,tylosin,,256.0,mg/L,MIC,CLSI,[34493269]
g1307.7533,amoxicillin,,0.03,mg/L,MIC,CLSI,[34493269]
g1307.7533,cefquinome,,0.008,mg/L,MIC,CLSI,[34493269]
g1307.7533,ceftiofur,,0.06,mg/L,MIC,CLSI,[34493269]
g1307.7533,doxycycline,,0.12,mg/L,MIC,CLSI,[34493269]
g1307.7533,enrofloxacin,,0.25,mg/L,MIC,CLSI,[34493269]
g1307.7533,erythromycin,,0.015,mg/L,MIC,CLSI,[34493269]
g1307.7533,florfenicol,,2.0,mg/L,MIC,CLSI,[34493269]
g1307.7533,lincomycin,,0.5,mg/L,MIC,CLSI,[34493269]
g1307.7533,marbofloxacin,,0.5,mg/L,MIC,CLSI,[34493269]
g1307.7533,penicillin,,0.03,mg/L,MIC,CLSI,[34493269]
g1307.7533,spectinomycin,,8.0,mg/L,MIC,CLSI,[34493269]
g1307.7533,tetracycline,,0.5,mg/L,MIC,CLSI,[34493269]
g1307.7533,tiamulin,,1.0,mg/L,MIC,CLSI,[34493269]
g1307.7533,tilmicosin,,4.0,mg/L,MIC,CLSI,[34493269]
g1307.7533,trimethoprim,,0.03,mg/L,MIC,CLSI,[34493269]
g1307.7533,tylosin,,0.5,mg/L,MIC,CLSI,[34493269]
g1307.7534,amoxicillin,,0.03,mg/L,MIC,CLSI,[34493269]
g1307.7534,cefquinome,,0.03,mg/L,MIC,CLSI,[34493269]
g1307.7534,ceftiofur,,0.12,mg/L,MIC,CLSI,[34493269]
g1307.7534,doxycycline,,8.0,mg/L,MIC,CLSI,[34493269]
g1307.7534,enrofloxacin,,0.5,mg/L,MIC,CLSI,[34493269]
g1307.7534,erythromycin,,32.0,mg/L,MIC,CLSI,[34493269]
g1307.7534,florfenicol,,2.0,mg/L,MIC,CLSI,[34493269]
g1307.7534,lincomycin,,128.0,mg/L,MIC,CLSI,[34493269]
g1307.7534,marbofloxacin,,1.0,mg/L,MIC,CLSI,[34493269]
g1307.7534,penicillin,,0.03,mg/L,MIC,CLSI,[34493269]
g1307.7534,spectinomycin,,16.0,mg/L,MIC,CLSI,[34493269]
g1307.7534,tetracycline,,32.0,mg/L,MIC,CLSI,[34493269]
g1307.7534,tiamulin,,2.0,mg/L,MIC,CLSI,[34493269]
g1307.7534,tilmicosin,,128.0,mg/L,MIC,CLSI,[34493269]
g1307.7534,trimethoprim,,0.06,mg/L,MIC,CLSI,[34493269]
g1307.7534,tylosin,,256.0,mg/L,MIC,CLSI,[34493269]
g1307.7535,amoxicillin,,0.03,mg/L,MIC,CLSI,[34493269]
g1307.7535,cefquinome,,0.015,mg/L,MIC,CLSI,[34493269]
g1307.7535,ceftiofur,,0.12,mg/L,MIC,CLSI,[34493269]
g1307.7535,doxycycline,,0.12,mg/L,MIC,CLSI,[34493269]
g1307.7535,enrofloxacin,,0.5,mg/L,MIC,CLSI,[34493269]
g1307.7535,erythromycin,,0.03,mg/L,MIC,CLSI,[34493269]
g1307.7535,florfenicol,,1.0,mg/L,MIC,CLSI,[34493269]
g1307.7535,lincomycin,,1.0,mg/L,MIC,CLSI,[34493269]
g1307.7535,marbofloxacin,,0.5,mg/L,MIC,CLSI,[34493269]
g1307.7535,penicillin,,0.03,mg/L,MIC,CLSI,[34493269]
g1307.7535,spectinomycin,,16.0,mg/L,MIC,CLSI,[34493269]
g1307.7535,tetracycline,,2.0,mg/L,MIC,CLSI,[34493269]
g1307.7535,tiamulin,,2.0,mg/L,MIC,CLSI,[34493269]
g1307.7535,tilmicosin,,4.0,mg/L,MIC,CLSI,[34493269]
g1307.7535,trimethoprim,,0.03,mg/L,MIC,CLSI,[34493269]
g1307.7535,tylosin,,1.0,mg/L,MIC,CLSI,[34493269]
g1307.7536,amoxicillin,,0.03,mg/L,MIC,CLSI,[34493269]
g1307.7536,cefquinome,,0.015,mg/L,MIC,CLSI,[34493269]
g1307.7536,ceftiofur,,0.12,mg/L,MIC,CLSI,[34493269]
g1307.7536,doxycycline,,16.0,mg/L,MIC,CLSI,[34493269]
g1307.7536,enrofloxacin,,0.25,mg/L,MIC,CLSI,[34493269]
g1307.7536,erythromycin,,32.0,mg/L,MIC,CLSI,[34493269]
g1307.7536,florfenicol,,2.0,mg/L,MIC,CLSI,[34493269]
g1307.7536,lincomycin,,128.0,mg/L,MIC,CLSI,[34493269]
g1307.7536,marbofloxacin,,0.5,mg/L,MIC,CLSI,[34493269]
g1307.7536,penicillin,,0.03,mg/L,MIC,CLSI,[34493269]
g1307.7536,spectinomycin,,16.0,mg/L,MIC,CLSI,[34493269]
g1307.7536,tetracycline,,64.0,mg/L,MIC,CLSI,[34493269]
g1307.7536,tiamulin,,2.0,mg/L,MIC,CLSI,[34493269]
g1307.7536,tilmicosin,,128.0,mg/L,MIC,CLSI,[34493269]
g1307.7536,trimethoprim,,0.06,mg/L,MIC,CLSI,[34493269]
g1307.7536,tylosin,,256.0,mg/L,MIC,CLSI,[34493269]
g1307.7537,amoxicillin,,0.03,mg/L,MIC,CLSI,[34493269]
g1307.7537,cefquinome,,0.008,mg/L,MIC,CLSI,[34493269]
g1307.7537,ceftiofur,,0.03,mg/L,MIC,CLSI,[34493269]
g1307.7537,doxycycline,,0.25,mg/L,MIC,CLSI,[34493269]
g1307.7537,enrofloxacin,,0.25,mg/L,MIC,CLSI,[34493269]
g1307.7537,erythromycin,,0.03,mg/L,MIC,CLSI,[34493269]
g1307.7537,florfenicol,,2.0,mg/L,MIC,CLSI,[34493269]
g1307.7537,lincomycin,,1.0,mg/L,MIC,CLSI,[34493269]
g1307.7537,marbofloxacin,,0.5,mg/L,MIC,CLSI,[34493269]
g1307.7537,penicillin,,0.03,mg/L,MIC,CLSI,[34493269]
g1307.7537,spectinomycin,,8.0,mg/L,MIC,CLSI,[34493269]
g1307.7537,tetracycline,,0.5,mg/L,MIC,CLSI,[34493269]
g1307.7537,tiamulin,,2.0,mg/L,MIC,CLSI,[34493269]
g1307.7537,tilmicosin,,4.0,mg/L,MIC,CLSI,[34493269]
g1307.7537,trimethoprim,,0.06,mg/L,MIC,CLSI,[34493269]
g1307.7537,tylosin,,0.5,mg/L,MIC,CLSI,[34493269]
g1307.7538,amoxicillin,,0.03,mg/L,MIC,CLSI,[34493269]
g1307.7538,cefquinome,,0.06,mg/L,MIC,CLSI,[34493269]
g1307.7538,ceftiofur,,0.5,mg/L,MIC,CLSI,[34493269]
g1307.7538,doxycycline,,16.0,mg/L,MIC,CLSI,[34493269]
g1307.7538,enrofloxacin,,0.12,mg/L,MIC,CLSI,[34493269]
g1307.7538,erythromycin,,32.0,mg/L,MIC,CLSI,[34493269]
g1307.7538,florfenicol,,2.0,mg/L,MIC,CLSI,[34493269]
g1307.7538,lincomycin,,128.0,mg/L,MIC,CLSI,[34493269]
g1307.7538,marbofloxacin,,0.25,mg/L,MIC,CLSI,[34493269]
g1307.7538,penicillin,,0.5,mg/L,MIC,CLSI,[34493269]
g1307.7538,spectinomycin,,4.0,mg/L,MIC,CLSI,[34493269]
g1307.7538,tetracycline,,128.0,mg/L,MIC,CLSI,[34493269]
g1307.7538,tiamulin,,8.0,mg/L,MIC,CLSI,[34493269]
g1307.7538,tilmicosin,,128.0,mg/L,MIC,CLSI,[34493269]
g1307.7538,trimethoprim,,4.0,mg/L,MIC,CLSI,[34493269]
g1307.7538,tylosin,,256.0,mg/L,MIC,CLSI,[34493269]
g1307.7539,amoxicillin,,0.03,mg/L,MIC,CLSI,[34493269]
g1307.7539,cefquinome,,0.03,mg/L,MIC,CLSI,[34493269]
g1307.7539,ceftiofur,,0.12,mg/L,MIC,CLSI,[34493269]
g1307.7539,doxycycline,,0.12,mg/L,MIC,CLSI,[34493269]
g1307.7539,enrofloxacin,,0.25,mg/L,MIC,CLSI,[34493269]
g1307.7539,erythromycin,,0.03,mg/L,MIC,CLSI,[34493269]
g1307.7539,florfenicol,,2.0,mg/L,MIC,CLSI,[34493269]
g1307.7539,lincomycin,,1.0,mg/L,MIC,CLSI,[34493269]
g1307.7539,marbofloxacin,,0.5,mg/L,MIC,CLSI,[34493269]
g1307.7539,penicillin,,0.03,mg/L,MIC,CLSI,[34493269]
g1307.7539,spectinomycin,,8.0,mg/L,MIC,CLSI,[34493269]
g1307.7539,tetracycline,,1.0,mg/L,MIC,CLSI,[34493269]
g1307.7539,tiamulin,,1.0,mg/L,MIC,CLSI,[34493269]
g1307.7539,tilmicosin,,2.0,mg/L,MIC,CLSI,[34493269]
g1307.7539,trimethoprim,,0.06,mg/L,MIC,CLSI,[34493269]
g1307.7539,tylosin,,0.5,mg/L,MIC,CLSI,[34493269]
g1307.7540,amoxicillin,,0.03,mg/L,MIC,CLSI,[34493269]
g1307.7540,cefquinome,,0.03,mg/L,MIC,CLSI,[34493269]
g1307.7540,ceftiofur,,0.12,mg/L,MIC,CLSI,[34493269]
g1307.7540,doxycycline,,8.0,mg/L,MIC,CLSI,[34493269]
g1307.7540,enrofloxacin,,0.25,mg/L,MIC,CLSI,[34493269]
g1307.7540,erythromycin,,32.0,mg/L,MIC,CLSI,[34493269]
g1307.7540,florfenicol,,2.0,mg/L,MIC,CLSI,[34493269]
g1307.7540,lincomycin,,128.0,mg/L,MIC,CLSI,[34493269]
g1307.7540,marbofloxacin,,0.5,mg/L,MIC,CLSI,[34493269]
g1307.7540,penicillin,,0.03,mg/L,MIC,CLSI,[34493269]
g1307.7540,spectinomycin,,8.0,mg/L,MIC,CLSI,[34493269]
g1307.7540,tetracycline,,64.0,mg/L,MIC,CLSI,[34493269]
g1307.7540,tiamulin,,0.5,mg/L,MIC,CLSI,[34493269]
g1307.7540,tilmicosin,,128.0,mg/L,MIC,CLSI,[34493269]
g1307.7540,trimethoprim,,0.015,mg/L,MIC,CLSI,[34493269]
g1307.7540,tylosin,,256.0,mg/L,MIC,CLSI,[34493269]
g1307.7541,amoxicillin,,0.03,mg/L,MIC,CLSI,[34493269]
g1307.7541,cefquinome,,0.03,mg/L,MIC,CLSI,[34493269]
g1307.7541,ceftiofur,,0.25,mg/L,MIC,CLSI,[34493269]
g1307.7541,doxycycline,,16.0,mg/L,MIC,CLSI,[34493269]
g1307.7541,enrofloxacin,,0.25,mg/L,MIC,CLSI,[34493269]
g1307.7541,erythromycin,,32.0,mg/L,MIC,CLSI,[34493269]
g1307.7541,florfenicol,,2.0,mg/L,MIC,CLSI,[34493269]
g1307.7541,lincomycin,,128.0,mg/L,MIC,CLSI,[34493269]
g1307.7541,marbofloxacin,,0.5,mg/L,MIC,CLSI,[34493269]
g1307.7541,penicillin,,0.03,mg/L,MIC,CLSI,[34493269]
g1307.7541,spectinomycin,,8.0,mg/L,MIC,CLSI,[34493269]
g1307.7541,tetracycline,,64.0,mg/L,MIC,CLSI,[34493269]
g1307.7541,tiamulin,,0.5,mg/L,MIC,CLSI,[34493269]
g1307.7541,tilmicosin,,128.0,mg/L,MIC,CLSI,[34493269]
g1307.7541,trimethoprim,,0.015,mg/L,MIC,CLSI,[34493269]
g1307.7541,tylosin,,256.0,mg/L,MIC,CLSI,[34493269]
g1307.7542,amoxicillin,,0.03,mg/L,MIC,CLSI,[34493269]
g1307.7542,cefquinome,,0.008,mg/L,MIC,CLSI,[34493269]
g1307.7542,ceftiofur,,0.06,mg/L,MIC,CLSI,[34493269]
g1307.7542,doxycycline,,0.25,mg/L,MIC,CLSI,[34493269]
g1307.7542,enrofloxacin,,0.5,mg/L,MIC,CLSI,[34493269]
g1307.7542,erythromycin,,0.03,mg/L,MIC,CLSI,[34493269]
g1307.7542,florfenicol,,2.0,mg/L,MIC,CLSI,[34493269]
g1307.7542,lincomycin,,0.5,mg/L,MIC,CLSI,[34493269]
g1307.7542,marbofloxacin,,0.5,mg/L,MIC,CLSI,[34493269]
g1307.7542,penicillin,,0.03,mg/L,MIC,CLSI,[34493269]
g1307.7542,spectinomycin,,16.0,mg/L,MIC,CLSI,[34493269]
g1307.7542,tetracycline,,2.0,mg/L,MIC,CLSI,[34493269]
g1307.7542,tiamulin,,1.0,mg/L,MIC,CLSI,[34493269]
g1307.7542,tilmicosin,,4.0,mg/L,MIC,CLSI,[34493269]
g1307.7542,trimethoprim,,0.03,mg/L,MIC,CLSI,[34493269]
g1307.7542,tylosin,,0.5,mg/L,MIC,CLSI,[34493269]
g1307.7543,amoxicillin,,0.03,mg/L,MIC,CLSI,[34493269]
g1307.7543,cefquinome,,0.015,mg/L,MIC,CLSI,[34493269]
g1307.7543,ceftiofur,,0.06,mg/L,MIC,CLSI,[34493269]
g1307.7543,doxycycline,,0.12,mg/L,MIC,CLSI,[34493269]
g1307.7543,enrofloxacin,,0.25,mg/L,MIC,CLSI,[34493269]
g1307.7543,erythromycin,,0.015,mg/L,MIC,CLSI,[34493269]
g1307.7543,florfenicol,,2.0,mg/L,MIC,CLSI,[34493269]
g1307.7543,lincomycin,,128.0,mg/L,MIC,CLSI,[34493269]
g1307.7543,marbofloxacin,,1.0,mg/L,MIC,CLSI,[34493269]
g1307.7543,penicillin,,0.03,mg/L,MIC,CLSI,[34493269]
g1307.7543,spectinomycin,,512.0,mg/L,MIC,CLSI,[34493269]
g1307.7543,tetracycline,,2.0,mg/L,MIC,CLSI,[34493269]
g1307.7543,tiamulin,,64.0,mg/L,MIC,CLSI,[34493269]
g1307.7543,tilmicosin,,4.0,mg/L,MIC,CLSI,[34493269]
g1307.7543,trimethoprim,,0.03,mg/L,MIC,CLSI,[34493269]
g1307.7543,tylosin,,0.5,mg/L,MIC,CLSI,[34493269]
g1307.7544,amoxicillin,,0.03,mg/L,MIC,CLSI,[34493269]
g1307.7544,cefquinome,,0.008,mg/L,MIC,CLSI,[34493269]
g1307.7544,ceftiofur,,0.06,mg/L,MIC,CLSI,[34493269]
g1307.7544,doxycycline,,0.12,mg/L,MIC,CLSI,[34493269]
g1307.7544,enrofloxacin,,0.25,mg/L,MIC,CLSI,[34493269]
g1307.7544,erythromycin,,0.03,mg/L,MIC,CLSI,[34493269]
g1307.7544,florfenicol,,2.0,mg/L,MIC,CLSI,[34493269]
g1307.7544,lincomycin,,0.5,mg/L,MIC,CLSI,[34493269]
g1307.7544,marbofloxacin,,0.5,mg/L,MIC,CLSI,[34493269]
g1307.7544,penicillin,,0.03,mg/L,MIC,CLSI,[34493269]
g1307.7544,spectinomycin,,16.0,mg/L,MIC,CLSI,[34493269]
g1307.7544,tetracycline,,2.0,mg/L,MIC,CLSI,[34493269]
g1307.7544,tiamulin,,1.0,mg/L,MIC,CLSI,[34493269]
g1307.7544,tilmicosin,,4.0,mg/L,MIC,CLSI,[34493269]
g1307.7544,trimethoprim,,0.06,mg/L,MIC,CLSI,[34493269]
g1307.7544,tylosin,,1.0,mg/L,MIC,CLSI,[34493269]
g1307.7545,amoxicillin,,0.03,mg/L,MIC,CLSI,[34493269]
g1307.7545,cefquinome,,0.015,mg/L,MIC,CLSI,[34493269]
g1307.7545,ceftiofur,,0.12,mg/L,MIC,CLSI,[34493269]
g1307.7545,doxycycline,,16.0,mg/L,MIC,CLSI,[34493269]
g1307.7545,enrofloxacin,,0.5,mg/L,MIC,CLSI,[34493269]
g1307.7545,erythromycin,,8.0,mg/L,MIC,CLSI,[34493269]
g1307.7545,florfenicol,,2.0,mg/L,MIC,CLSI,[34493269]
g1307.7545,lincomycin,,1.0,mg/L,MIC,CLSI,[34493269]
g1307.7545,marbofloxacin,,1.0,mg/L,MIC,CLSI,[34493269]
g1307.7545,penicillin,,0.03,mg/L,MIC,CLSI,[34493269]
g1307.7545,spectinomycin,,32.0,mg/L,MIC,CLSI,[34493269]
g1307.7545,tetracycline,,64.0,mg/L,MIC,CLSI,[34493269]
g1307.7545,tiamulin,,2.0,mg/L,MIC,CLSI,[34493269]
g1307.7545,tilmicosin,,2.0,mg/L,MIC,CLSI,[34493269]
g1307.7545,trimethoprim,,0.12,mg/L,MIC,CLSI,[34493269]
g1307.7545,tylosin,,0.5,mg/L,MIC,CLSI,[34493269]
g1307.7546,amoxicillin,,0.03,mg/L,MIC,CLSI,[34493269]
g1307.7546,cefquinome,,0.06,mg/L,MIC,CLSI,[34493269]
g1307.7546,ceftiofur,,0.5,mg/L,MIC,CLSI,[34493269]
g1307.7546,doxycycline,,16.0,mg/L,MIC,CLSI,[34493269]
g1307.7546,enrofloxacin,,0.25,mg/L,MIC,CLSI,[34493269]
g1307.7546,erythromycin,,32.0,mg/L,MIC,CLSI,[34493269]
g1307.7546,florfenicol,,2.0,mg/L,MIC,CLSI,[34493269]
g1307.7546,lincomycin,,128.0,mg/L,MIC,CLSI,[34493269]
g1307.7546,marbofloxacin,,0.5,mg/L,MIC,CLSI,[34493269]
g1307.7546,penicillin,,0.5,mg/L,MIC,CLSI,[34493269]
g1307.7546,spectinomycin,,8.0,mg/L,MIC,CLSI,[34493269]
g1307.7546,tetracycline,,64.0,mg/L,MIC,CLSI,[34493269]
g1307.7546,tiamulin,,4.0,mg/L,MIC,CLSI,[34493269]
g1307.7546,tilmicosin,,128.0,mg/L,MIC,CLSI,[34493269]
g1307.7546,trimethoprim,,4.0,mg/L,MIC,CLSI,[34493269]
g1307.7546,tylosin,,256.0,mg/L,MIC,CLSI,[34493269]
g1307.7547,amoxicillin,,0.03,mg/L,MIC,CLSI,[34493269]
g1307.7547,cefquinome,,0.015,mg/L,MIC,CLSI,[34493269]
g1307.7547,ceftiofur,,0.12,mg/L,MIC,CLSI,[34493269]
g1307.7547,doxycycline,,16.0,mg/L,MIC,CLSI,[34493269]
g1307.7547,enrofloxacin,,0.5,mg/L,MIC,CLSI,[34493269]
g1307.7547,erythromycin,,0.015,mg/L,MIC,CLSI,[34493269]
g1307.7547,florfenicol,,2.0,mg/L,MIC,CLSI,[34493269]
g1307.7547,lincomycin,,1.0,mg/L,MIC,CLSI,[34493269]
g1307.7547,marbofloxacin,,1.0,mg/L,MIC,CLSI,[34493269]
g1307.7547,penicillin,,0.03,mg/L,MIC,CLSI,[34493269]
g1307.7547,spectinomycin,,16.0,mg/L,MIC,CLSI,[34493269]
g1307.7547,tetracycline,,32.0,mg/L,MIC,CLSI,[34493269]
g1307.7547,tiamulin,,2.0,mg/L,MIC,CLSI,[34493269]
g1307.7547,tilmicosin,,4.0,mg/L,MIC,CLSI,[34493269]
g1307.7547,trimethoprim,,0.06,mg/L,MIC,CLSI,[34493269]
g1307.7547,tylosin,,0.5,mg/L,MIC,CLSI,[34493269]
g1307.7548,amoxicillin,,0.03,mg/L,MIC,CLSI,[34493269]
g1307.7548,cefquinome,,0.12,mg/L,MIC,CLSI,[34493269]
g1307.7548,ceftiofur,,2.0,mg/L,MIC,CLSI,[34493269]
g1307.7548,doxycycline,,16.0,mg/L,MIC,CLSI,[34493269]
g1307.7548,enrofloxacin,,0.25,mg/L,MIC,CLSI,[34493269]
g1307.7548,erythromycin,,32.0,mg/L,MIC,CLSI,[34493269]
g1307.7548,florfenicol,,2.0,mg/L,MIC,CLSI,[34493269]
g1307.7548,lincomycin,,128.0,mg/L,MIC,CLSI,[34493269]
g1307.7548,marbofloxacin,,0.5,mg/L,MIC,CLSI,[34493269]
g1307.7548,penicillin,,0.25,mg/L,MIC,CLSI,[34493269]
g1307.7548,spectinomycin,,16.0,mg/L,MIC,CLSI,[34493269]
g1307.7548,tetracycline,,64.0,mg/L,MIC,CLSI,[34493269]
g1307.7548,tiamulin,,32.0,mg/L,MIC,CLSI,[34493269]
g1307.7548,tilmicosin,,128.0,mg/L,MIC,CLSI,[34493269]
g1307.7548,trimethoprim,,0.25,mg/L,MIC,CLSI,[34493269]
g1307.7548,tylosin,,256.0,mg/L,MIC,CLSI,[34493269]
g1307.7549,amoxicillin,,0.03,mg/L,MIC,CLSI,[34493269]
g1307.7549,cefquinome,,0.03,mg/L,MIC,CLSI,[34493269]
g1307.7549,ceftiofur,,0.12,mg/L,MIC,CLSI,[34493269]
g1307.7549,doxycycline,,16.0,mg/L,MIC,CLSI,[34493269]
g1307.7549,enrofloxacin,,0.5,mg/L,MIC,CLSI,[34493269]
g1307.7549,erythromycin,,32.0,mg/L,MIC,CLSI,[34493269]
g1307.7549,florfenicol,,2.0,mg/L,MIC,CLSI,[34493269]
g1307.7549,lincomycin,,128.0,mg/L,MIC,CLSI,[34493269]
g1307.7549,marbofloxacin,,1.0,mg/L,MIC,CLSI,[34493269]
g1307.7549,penicillin,,0.03,mg/L,MIC,CLSI,[34493269]
g1307.7549,spectinomycin,,16.0,mg/L,MIC,CLSI,[34493269]
g1307.7549,tetracycline,,32.0,mg/L,MIC,CLSI,[34493269]
g1307.7549,tiamulin,,2.0,mg/L,MIC,CLSI,[34493269]
g1307.7549,tilmicosin,,128.0,mg/L,MIC,CLSI,[34493269]
g1307.7549,trimethoprim,,0.12,mg/L,MIC,CLSI,[34493269]
g1307.7549,tylosin,,256.0,mg/L,MIC,CLSI,[34493269]
g1307.7550,amoxicillin,,0.03,mg/L,MIC,CLSI,[34493269]
g1307.7550,cefquinome,,0.002,mg/L,MIC,CLSI,[34493269]
g1307.7550,ceftiofur,,0.06,mg/L,MIC,CLSI,[34493269]
g1307.7550,doxycycline,,8.0,mg/L,MIC,CLSI,[34493269]
g1307.7550,enrofloxacin,,0.5,mg/L,MIC,CLSI,[34493269]
g1307.7550,erythromycin,,0.015,mg/L,MIC,CLSI,[34493269]
g1307.7550,florfenicol,,1.0,mg/L,MIC,CLSI,[34493269]
g1307.7550,lincomycin,,0.25,mg/L,MIC,CLSI,[34493269]
g1307.7550,marbofloxacin,,0.015,mg/L,MIC,CLSI,[34493269]
g1307.7550,penicillin,,0.03,mg/L,MIC,CLSI,[34493269]
g1307.7550,spectinomycin,,8.0,mg/L,MIC,CLSI,[34493269]
g1307.7550,tetracycline,,32.0,mg/L,MIC,CLSI,[34493269]
g1307.7550,tiamulin,,1.0,mg/L,MIC,CLSI,[34493269]
g1307.7550,tilmicosin,,4.0,mg/L,MIC,CLSI,[34493269]
g1307.7550,trimethoprim,,0.03,mg/L,MIC,CLSI,[34493269]
g1307.7550,tylosin,,0.5,mg/L,MIC,CLSI,[34493269]
g1307.7551,amoxicillin,,0.03,mg/L,MIC,CLSI,[34493269]
g1307.7551,cefquinome,,0.015,mg/L,MIC,CLSI,[34493269]
g1307.7551,ceftiofur,,0.12,mg/L,MIC,CLSI,[34493269]
g1307.7551,doxycycline,,8.0,mg/L,MIC,CLSI,[34493269]
g1307.7551,enrofloxacin,,0.5,mg/L,MIC,CLSI,[34493269]
g1307.7551,erythromycin,,32.0,mg/L,MIC,CLSI,[34493269]
g1307.7551,florfenicol,,2.0,mg/L,MIC,CLSI,[34493269]
g1307.7551,lincomycin,,128.0,mg/L,MIC,CLSI,[34493269]
g1307.7551,marbofloxacin,,1.0,mg/L,MIC,CLSI,[34493269]
g1307.7551,penicillin,,0.03,mg/L,MIC,CLSI,[34493269]
g1307.7551,spectinomycin,,16.0,mg/L,MIC,CLSI,[34493269]
g1307.7551,tetracycline,,32.0,mg/L,MIC,CLSI,[34493269]
g1307.7551,tiamulin,,0.5,mg/L,MIC,CLSI,[34493269]
g1307.7551,tilmicosin,,128.0,mg/L,MIC,CLSI,[34493269]
g1307.7551,trimethoprim,,0.06,mg/L,MIC,CLSI,[34493269]
g1307.7551,tylosin,,256.0,mg/L,MIC,CLSI,[34493269]
g1307.7552,amoxicillin,,0.03,mg/L,MIC,CLSI,[34493269]
g1307.7552,cefquinome,,0.008,mg/L,MIC,CLSI,[34493269]
g1307.7552,ceftiofur,,0.12,mg/L,MIC,CLSI,[34493269]
g1307.7552,doxycycline,,16.0,mg/L,MIC,CLSI,[34493269]
g1307.7552,enrofloxacin,,0.5,mg/L,MIC,CLSI,[34493269]
g1307.7552,erythromycin,,32.0,mg/L,MIC,CLSI,[34493269]
g1307.7552,florfenicol,,2.0,mg/L,MIC,CLSI,[34493269]
g1307.7552,lincomycin,,128.0,mg/L,MIC,CLSI,[34493269]
g1307.7552,marbofloxacin,,0.015,mg/L,MIC,CLSI,[34493269]
g1307.7552,penicillin,,0.03,mg/L,MIC,CLSI,[34493269]
g1307.7552,spectinomycin,,32.0,mg/L,MIC,CLSI,[34493269]
g1307.7552,tetracycline,,64.0,mg/L,MIC,CLSI,[34493269]
g1307.7552,tiamulin,,1.0,mg/L,MIC,CLSI,[34493269]
g1307.7552,tilmicosin,,128.0,mg/L,MIC,CLSI,[34493269]
g1307.7552,trimethoprim,,2.0,mg/L,MIC,CLSI,[34493269]
g1307.7552,tylosin,,256.0,mg/L,MIC,CLSI,[34493269]
g1307.7553,amoxicillin,,0.03,mg/L,MIC,CLSI,[34493269]
g1307.7553,cefquinome,,0.06,mg/L,MIC,CLSI,[34493269]
g1307.7553,ceftiofur,,1.0,mg/L,MIC,CLSI,[34493269]
g1307.7553,doxycycline,,16.0,mg/L,MIC,CLSI,[34493269]
g1307.7553,enrofloxacin,,0.5,mg/L,MIC,CLSI,[34493269]
g1307.7553,erythromycin,,0.015,mg/L,MIC,CLSI,[34493269]
g1307.7553,florfenicol,,2.0,mg/L,MIC,CLSI,[34493269]
g1307.7553,lincomycin,,4.0,mg/L,MIC,CLSI,[34493269]
g1307.7553,marbofloxacin,,1.0,mg/L,MIC,CLSI,[34493269]
g1307.7553,penicillin,,0.12,mg/L,MIC,CLSI,[34493269]
g1307.7553,spectinomycin,,16.0,mg/L,MIC,CLSI,[34493269]
g1307.7553,tetracycline,,64.0,mg/L,MIC,CLSI,[34493269]
g1307.7553,tiamulin,,16.0,mg/L,MIC,CLSI,[34493269]
g1307.7553,tilmicosin,,2.0,mg/L,MIC,CLSI,[34493269]
g1307.7553,trimethoprim,,0.12,mg/L,MIC,CLSI,[34493269]
g1307.7553,tylosin,,0.5,mg/L,MIC,CLSI,[34493269]
g1307.7554,amoxicillin,,0.03,mg/L,MIC,CLSI,[34493269]
g1307.7554,cefquinome,,0.015,mg/L,MIC,CLSI,[34493269]
g1307.7554,ceftiofur,,0.12,mg/L,MIC,CLSI,[34493269]
g1307.7554,doxycycline,,16.0,mg/L,MIC,CLSI,[34493269]
g1307.7554,enrofloxacin,,0.25,mg/L,MIC,CLSI,[34493269]
g1307.7554,erythromycin,,0.03,mg/L,MIC,CLSI,[34493269]
g1307.7554,florfenicol,,2.0,mg/L,MIC,CLSI,[34493269]
g1307.7554,lincomycin,,1.0,mg/L,MIC,CLSI,[34493269]
g1307.7554,marbofloxacin,,0.5,mg/L,MIC,CLSI,[34493269]
g1307.7554,penicillin,,0.03,mg/L,MIC,CLSI,[34493269]
g1307.7554,spectinomycin,,8.0,mg/L,MIC,CLSI,[34493269]
g1307.7554,tetracycline,,64.0,mg/L,MIC,CLSI,[34493269]
g1307.7554,tiamulin,,1.0,mg/L,MIC,CLSI,[34493269]
g1307.7554,tilmicosin,,2.0,mg/L,MIC,CLSI,[34493269]
g1307.7554,trimethoprim,,0.03,mg/L,MIC,CLSI,[34493269]
g1307.7554,tylosin,,0.5,mg/L,MIC,CLSI,[34493269]
g1307.7555,amoxicillin,,1.0,mg/L,MIC,CLSI,[34493269]
g1307.7555,cefquinome,,0.5,mg/L,MIC,CLSI,[34493269]
g1307.7555,ceftiofur,,8.0,mg/L,MIC,CLSI,[34493269]
g1307.7555,doxycycline,,8.0,mg/L,MIC,CLSI,[34493269]
g1307.7555,enrofloxacin,,0.5,mg/L,MIC,CLSI,[34493269]
g1307.7555,erythromycin,,2.0,mg/L,MIC,CLSI,[34493269]
g1307.7555,florfenicol,,1.0,mg/L,MIC,CLSI,[34493269]
g1307.7555,lincomycin,,128.0,mg/L,MIC,CLSI,[34493269]
g1307.7555,marbofloxacin,,1.0,mg/L,MIC,CLSI,[34493269]
g1307.7555,penicillin,,2.0,mg/L,MIC,CLSI,[34493269]
g1307.7555,spectinomycin,,512.0,mg/L,MIC,CLSI,[34493269]
g1307.7555,tetracycline,,64.0,mg/L,MIC,CLSI,[34493269]
g1307.7555,tiamulin,,64.0,mg/L,MIC,CLSI,[34493269]
g1307.7555,tilmicosin,,128.0,mg/L,MIC,CLSI,[34493269]
g1307.7555,trimethoprim,,2.0,mg/L,MIC,CLSI,[34493269]
g1307.7555,tylosin,,128.0,mg/L,MIC,CLSI,[34493269]
g1307.7556,amoxicillin,,0.03,mg/L,MIC,CLSI,[34493269]
g1307.7556,cefquinome,,0.015,mg/L,MIC,CLSI,[34493269]
g1307.7556,ceftiofur,,0.12,mg/L,MIC,CLSI,[34493269]
g1307.7556,doxycycline,,8.0,mg/L,MIC,CLSI,[34493269]
g1307.7556,enrofloxacin,,0.5,mg/L,MIC,CLSI,[34493269]
g1307.7556,erythromycin,,32.0,mg/L,MIC,CLSI,[34493269]
g1307.7556,florfenicol,,2.0,mg/L,MIC,CLSI,[34493269]
g1307.7556,lincomycin,,128.0,mg/L,MIC,CLSI,[34493269]
g1307.7556,marbofloxacin,,1.0,mg/L,MIC,CLSI,[34493269]
g1307.7556,penicillin,,0.03,mg/L,MIC,CLSI,[34493269]
g1307.7556,spectinomycin,,16.0,mg/L,MIC,CLSI,[34493269]
g1307.7556,tetracycline,,32.0,mg/L,MIC,CLSI,[34493269]
g1307.7556,tiamulin,,1.0,mg/L,MIC,CLSI,[34493269]
g1307.7556,tilmicosin,,128.0,mg/L,MIC,CLSI,[34493269]
g1307.7556,trimethoprim,,0.06,mg/L,MIC,CLSI,[34493269]
g1307.7556,tylosin,,256.0,mg/L,MIC,CLSI,[34493269]
g1307.7557,amoxicillin,,0.03,mg/L,MIC,CLSI,[34493269]
g1307.7557,cefquinome,,0.008,mg/L,MIC,CLSI,[34493269]
g1307.7557,ceftiofur,,0.12,mg/L,MIC,CLSI,[34493269]
g1307.7557,doxycycline,,8.0,mg/L,MIC,CLSI,[34493269]
g1307.7557,enrofloxacin,,0.5,mg/L,MIC,CLSI,[34493269]
g1307.7557,erythromycin,,0.015,mg/L,MIC,CLSI,[34493269]
g1307.7557,florfenicol,,2.0,mg/L,MIC,CLSI,[34493269]
g1307.7557,lincomycin,,1.0,mg/L,MIC,CLSI,[34493269]
g1307.7557,marbofloxacin,,0.015,mg/L,MIC,CLSI,[34493269]
g1307.7557,penicillin,,0.03,mg/L,MIC,CLSI,[34493269]
g1307.7557,spectinomycin,,16.0,mg/L,MIC,CLSI,[34493269]
g1307.7557,tetracycline,,32.0,mg/L,MIC,CLSI,[34493269]
g1307.7557,tiamulin,,2.0,mg/L,MIC,CLSI,[34493269]
g1307.7557,tilmicosin,,4.0,mg/L,MIC,CLSI,[34493269]
g1307.7557,trimethoprim,,8.0,mg/L,MIC,CLSI,[34493269]
g1307.7557,tylosin,,0.5,mg/L,MIC,CLSI,[34493269]
g1307.7558,amoxicillin,,0.03,mg/L,MIC,CLSI,[34493269]
g1307.7558,cefquinome,,0.008,mg/L,MIC,CLSI,[34493269]
g1307.7558,ceftiofur,,0.12,mg/L,MIC,CLSI,[34493269]
g1307.7558,doxycycline,,8.0,mg/L,MIC,CLSI,[34493269]
g1307.7558,enrofloxacin,,0.5,mg/L,MIC,CLSI,[34493269]
g1307.7558,erythromycin,,0.015,mg/L,MIC,CLSI,[34493269]
g1307.7558,florfenicol,,1.0,mg/L,MIC,CLSI,[34493269]
g1307.7558,lincomycin,,0.25,mg/L,MIC,CLSI,[34493269]
g1307.7558,marbofloxacin,,0.015,mg/L,MIC,CLSI,[34493269]
g1307.7558,penicillin,,0.03,mg/L,MIC,CLSI,[34493269]
g1307.7558,spectinomycin,,16.0,mg/L,MIC,CLSI,[34493269]
g1307.7558,tetracycline,,32.0,mg/L,MIC,CLSI,[34493269]
g1307.7558,tiamulin,,1.0,mg/L,MIC,CLSI,[34493269]
g1307.7558,tilmicosin,,4.0,mg/L,MIC,CLSI,[34493269]
g1307.7558,trimethoprim,,0.03,mg/L,MIC,CLSI,[34493269]
g1307.7558,tylosin,,1.0,mg/L,MIC,CLSI,[34493269]
g1307.7559,amoxicillin,,0.03,mg/L,MIC,CLSI,[34493269]
g1307.7559,cefquinome,,0.008,mg/L,MIC,CLSI,[34493269]
g1307.7559,ceftiofur,,0.12,mg/L,MIC,CLSI,[34493269]
g1307.7559,doxycycline,,8.0,mg/L,MIC,CLSI,[34493269]
g1307.7559,enrofloxacin,,0.5,mg/L,MIC,CLSI,[34493269]
g1307.7559,erythromycin,,32.0,mg/L,MIC,CLSI,[34493269]
g1307.7559,florfenicol,,2.0,mg/L,MIC,CLSI,[34493269]
g1307.7559,lincomycin,,128.0,mg/L,MIC,CLSI,[34493269]
g1307.7559,marbofloxacin,,0.015,mg/L,MIC,CLSI,[34493269]
g1307.7559,penicillin,,0.03,mg/L,MIC,CLSI,[34493269]
g1307.7559,spectinomycin,,16.0,mg/L,MIC,CLSI,[34493269]
g1307.7559,tetracycline,,32.0,mg/L,MIC,CLSI,[34493269]
g1307.7559,tiamulin,,1.0,mg/L,MIC,CLSI,[34493269]
g1307.7559,tilmicosin,,128.0,mg/L,MIC,CLSI,[34493269]
g1307.7559,trimethoprim,,0.06,mg/L,MIC,CLSI,[34493269]
g1307.7559,tylosin,,256.0,mg/L,MIC,CLSI,[34493269]
g1307.7560,amoxicillin,,0.03,mg/L,MIC,CLSI,[34493269]
g1307.7560,cefquinome,,0.002,mg/L,MIC,CLSI,[34493269]
g1307.7560,ceftiofur,,0.12,mg/L,MIC,CLSI,[34493269]
g1307.7560,doxycycline,,8.0,mg/L,MIC,CLSI,[34493269]
g1307.7560,enrofloxacin,,0.5,mg/L,MIC,CLSI,[34493269]
g1307.7560,erythromycin,,32.0,mg/L,MIC,CLSI,[34493269]
g1307.7560,florfenicol,,2.0,mg/L,MIC,CLSI,[34493269]
g1307.7560,lincomycin,,64.0,mg/L,MIC,CLSI,[34493269]
g1307.7560,marbofloxacin,,0.015,mg/L,MIC,CLSI,[34493269]
g1307.7560,penicillin,,0.03,mg/L,MIC,CLSI,[34493269]
g1307.7560,spectinomycin,,16.0,mg/L,MIC,CLSI,[34493269]
g1307.7560,tetracycline,,32.0,mg/L,MIC,CLSI,[34493269]
g1307.7560,tiamulin,,1.0,mg/L,MIC,CLSI,[34493269]
g1307.7560,tilmicosin,,128.0,mg/L,MIC,CLSI,[34493269]
g1307.7560,trimethoprim,,0.06,mg/L,MIC,CLSI,[34493269]
g1307.7560,tylosin,,256.0,mg/L,MIC,CLSI,[34493269]
g1307.7561,amoxicillin,,0.03,mg/L,MIC,CLSI,[34493269]
g1307.7561,cefquinome,,0.008,mg/L,MIC,CLSI,[34493269]
g1307.7561,ceftiofur,,0.06,mg/L,MIC,CLSI,[34493269]
g1307.7561,doxycycline,,16.0,mg/L,MIC,CLSI,[34493269]
g1307.7561,enrofloxacin,,0.5,mg/L,MIC,CLSI,[34493269]
g1307.7561,erythromycin,,32.0,mg/L,MIC,CLSI,[34493269]
g1307.7561,florfenicol,,2.0,mg/L,MIC,CLSI,[34493269]
g1307.7561,lincomycin,,128.0,mg/L,MIC,CLSI,[34493269]
g1307.7561,marbofloxacin,,0.015,mg/L,MIC,CLSI,[34493269]
g1307.7561,penicillin,,0.03,mg/L,MIC,CLSI,[34493269]
g1307.7561,spectinomycin,,16.0,mg/L,MIC,CLSI,[34493269]
g1307.7561,tetracycline,,64.0,mg/L,MIC,CLSI,[34493269]
g1307.7561,tiamulin,,1.0,mg/L,MIC,CLSI,[34493269]
g1307.7561,tilmicosin,,128.0,mg/L,MIC,CLSI,[34493269]
g1307.7561,trimethoprim,,0.25,mg/L,MIC,CLSI,[34493269]
g1307.7561,tylosin,,256.0,mg/L,MIC,CLSI,[34493269]
g1307.7562,amoxicillin,,0.03,mg/L,MIC,CLSI,[34493269]
g1307.7562,cefquinome,,0.06,mg/L,MIC,CLSI,[34493269]
g1307.7562,ceftiofur,,1.0,mg/L,MIC,CLSI,[34493269]
g1307.7562,doxycycline,,16.0,mg/L,MIC,CLSI,[34493269]
g1307.7562,enrofloxacin,,0.5,mg/L,MIC,CLSI,[34493269]
g1307.7562,erythromycin,,32.0,mg/L,MIC,CLSI,[34493269]
g1307.7562,florfenicol,,2.0,mg/L,MIC,CLSI,[34493269]
g1307.7562,lincomycin,,128.0,mg/L,MIC,CLSI,[34493269]
g1307.7562,marbofloxacin,,1.0,mg/L,MIC,CLSI,[34493269]
g1307.7562,penicillin,,0.25,mg/L,MIC,CLSI,[34493269]
g1307.7562,spectinomycin,,16.0,mg/L,MIC,CLSI,[34493269]
g1307.7562,tetracycline,,64.0,mg/L,MIC,CLSI,[34493269]
g1307.7562,tiamulin,,2.0,mg/L,MIC,CLSI,[34493269]
g1307.7562,tilmicosin,,128.0,mg/L,MIC,CLSI,[34493269]
g1307.7562,trimethoprim,,0.5,mg/L,MIC,CLSI,[34493269]
g1307.7562,tylosin,,256.0,mg/L,MIC,CLSI,[34493269]
g1307.7563,amoxicillin,,0.03,mg/L,MIC,CLSI,[34493269]
g1307.7563,cefquinome,,0.015,mg/L,MIC,CLSI,[34493269]
g1307.7563,ceftiofur,,0.12,mg/L,MIC,CLSI,[34493269]
g1307.7563,doxycycline,,16.0,mg/L,MIC,CLSI,[34493269]
g1307.7563,enrofloxacin,,0.25,mg/L,MIC,CLSI,[34493269]
g1307.7563,erythromycin,,32.0,mg/L,MIC,CLSI,[34493269]
g1307.7563,florfenicol,,2.0,mg/L,MIC,CLSI,[34493269]
g1307.7563,lincomycin,,128.0,mg/L,MIC,CLSI,[34493269]
g1307.7563,marbofloxacin,,0.5,mg/L,MIC,CLSI,[34493269]
g1307.7563,penicillin,,0.03,mg/L,MIC,CLSI,[34493269]
g1307.7563,spectinomycin,,32.0,mg/L,MIC,CLSI,[34493269]
g1307.7563,tetracycline,,64.0,mg/L,MIC,CLSI,[34493269]
g1307.7563,tiamulin,,16.0,mg/L,MIC,CLSI,[34493269]
g1307.7563,tilmicosin,,128.0,mg/L,MIC,CLSI,[34493269]
g1307.7563,trimethoprim,,0.03,mg/L,MIC,CLSI,[34493269]
g1307.7563,tylosin,,256.0,mg/L,MIC,CLSI,[34493269]
g1307.7564,amoxicillin,,0.03,mg/L,MIC,CLSI,[34493269]
g1307.7564,cefquinome,,0.03,mg/L,MIC,CLSI,[34493269]
g1307.7564,ceftiofur,,0.12,mg/L,MIC,CLSI,[34493269]
g1307.7564,doxycycline,,16.0,mg/L,MIC,CLSI,[34493269]
g1307.7564,enrofloxacin,,0.25,mg/L,MIC,CLSI,[34493269]
g1307.7564,erythromycin,,32.0,mg/L,MIC,CLSI,[34493269]
g1307.7564,florfenicol,,2.0,mg/L,MIC,CLSI,[34493269]
g1307.7564,lincomycin,,128.0,mg/L,MIC,CLSI,[34493269]
g1307.7564,marbofloxacin,,0.5,mg/L,MIC,CLSI,[34493269]
g1307.7564,penicillin,,0.03,mg/L,MIC,CLSI,[34493269]
g1307.7564,spectinomycin,,32.0,mg/L,MIC,CLSI,[34493269]
g1307.7564,tetracycline,,128.0,mg/L,MIC,CLSI,[34493269]
g1307.7564,tiamulin,,0.12,mg/L,MIC,CLSI,[34493269]
g1307.7564,tilmicosin,,128.0,mg/L,MIC,CLSI,[34493269]
g1307.7564,trimethoprim,,0.12,mg/L,MIC,CLSI,[34493269]
g1307.7564,tylosin,,256.0,mg/L,MIC,CLSI,[34493269]
g1307.7565,amoxicillin,,0.03,mg/L,MIC,CLSI,[34493269]
g1307.7565,cefquinome,,0.015,mg/L,MIC,CLSI,[34493269]
g1307.7565,ceftiofur,,0.12,mg/L,MIC,CLSI,[34493269]
g1307.7565,doxycycline,,16.0,mg/L,MIC,CLSI,[34493269]
g1307.7565,enrofloxacin,,0.5,mg/L,MIC,CLSI,[34493269]
g1307.7565,erythromycin,,8.0,mg/L,MIC,CLSI,[34493269]
g1307.7565,florfenicol,,1.0,mg/L,MIC,CLSI,[34493269]
g1307.7565,lincomycin,,2.0,mg/L,MIC,CLSI,[34493269]
g1307.7565,marbofloxacin,,1.0,mg/L,MIC,CLSI,[34493269]
g1307.7565,penicillin,,0.06,mg/L,MIC,CLSI,[34493269]
g1307.7565,spectinomycin,,16.0,mg/L,MIC,CLSI,[34493269]
g1307.7565,tetracycline,,64.0,mg/L,MIC,CLSI,[34493269]
g1307.7565,tiamulin,,2.0,mg/L,MIC,CLSI,[34493269]
g1307.7565,tilmicosin,,4.0,mg/L,MIC,CLSI,[34493269]
g1307.7565,trimethoprim,,0.12,mg/L,MIC,CLSI,[34493269]
g1307.7565,tylosin,,0.5,mg/L,MIC,CLSI,[34493269]
g1307.7566,amoxicillin,,0.03,mg/L,MIC,CLSI,[34493269]
g1307.7566,cefquinome,,0.015,mg/L,MIC,CLSI,[34493269]
g1307.7566,ceftiofur,,0.12,mg/L,MIC,CLSI,[34493269]
g1307.7566,doxycycline,,0.12,mg/L,MIC,CLSI,[34493269]
g1307.7566,enrofloxacin,,0.5,mg/L,MIC,CLSI,[34493269]
g1307.7566,erythromycin,,0.03,mg/L,MIC,CLSI,[34493269]
g1307.7566,florfenicol,,2.0,mg/L,MIC,CLSI,[34493269]
g1307.7566,lincomycin,,0.12,mg/L,MIC,CLSI,[34493269]
g1307.7566,marbofloxacin,,1.0,mg/L,MIC,CLSI,[34493269]
g1307.7566,penicillin,,0.03,mg/L,MIC,CLSI,[34493269]
g1307.7566,spectinomycin,,16.0,mg/L,MIC,CLSI,[34493269]
g1307.7566,tetracycline,,2.0,mg/L,MIC,CLSI,[34493269]
g1307.7566,tiamulin,,0.25,mg/L,MIC,CLSI,[34493269]
g1307.7566,tilmicosin,,4.0,mg/L,MIC,CLSI,[34493269]
g1307.7566,trimethoprim,,0.03,mg/L,MIC,CLSI,[34493269]
g1307.7566,tylosin,,0.5,mg/L,MIC,CLSI,[34493269]
g1307.7567,amoxicillin,,0.03,mg/L,MIC,CLSI,[34493269]
g1307.7567,cefquinome,,0.03,mg/L,MIC,CLSI,[34493269]
g1307.7567,ceftiofur,,0.25,mg/L,MIC,CLSI,[34493269]
g1307.7567,doxycycline,,8.0,mg/L,MIC,CLSI,[34493269]
g1307.7567,enrofloxacin,,0.5,mg/L,MIC,CLSI,[34493269]
g1307.7567,erythromycin,,0.03,mg/L,MIC,CLSI,[34493269]
g1307.7567,florfenicol,,2.0,mg/L,MIC,CLSI,[34493269]
g1307.7567,lincomycin,,8.0,mg/L,MIC,CLSI,[34493269]
g1307.7567,marbofloxacin,,1.0,mg/L,MIC,CLSI,[34493269]
g1307.7567,penicillin,,0.03,mg/L,MIC,CLSI,[34493269]
g1307.7567,spectinomycin,,32.0,mg/L,MIC,CLSI,[34493269]
g1307.7567,tetracycline,,128.0,mg/L,MIC,CLSI,[34493269]
g1307.7567,tiamulin,,32.0,mg/L,MIC,CLSI,[34493269]
g1307.7567,tilmicosin,,8.0,mg/L,MIC,CLSI,[34493269]
g1307.7567,trimethoprim,,0.5,mg/L,MIC,CLSI,[34493269]
g1307.7567,tylosin,,1.0,mg/L,MIC,CLSI,[34493269]
g1307.7568,amoxicillin,,0.03,mg/L,MIC,CLSI,[34493269]
g1307.7568,cefquinome,,0.03,mg/L,MIC,CLSI,[34493269]
g1307.7568,ceftiofur,,0.25,mg/L,MIC,CLSI,[34493269]
g1307.7568,doxycycline,,0.12,mg/L,MIC,CLSI,[34493269]
g1307.7568,enrofloxacin,,0.25,mg/L,MIC,CLSI,[34493269]
g1307.7568,erythromycin,,0.015,mg/L,MIC,CLSI,[34493269]
g1307.7568,florfenicol,,2.0,mg/L,MIC,CLSI,[34493269]
g1307.7568,lincomycin,,4.0,mg/L,MIC,CLSI,[34493269]
g1307.7568,marbofloxacin,,0.5,mg/L,MIC,CLSI,[34493269]
g1307.7568,penicillin,,0.03,mg/L,MIC,CLSI,[34493269]
g1307.7568,spectinomycin,,8.0,mg/L,MIC,CLSI,[34493269]
g1307.7568,tetracycline,,4.0,mg/L,MIC,CLSI,[34493269]
g1307.7568,tiamulin,,4.0,mg/L,MIC,CLSI,[34493269]
g1307.7568,tilmicosin,,4.0,mg/L,MIC,CLSI,[34493269]
g1307.7568,trimethoprim,,0.03,mg/L,MIC,CLSI,[34493269]
g1307.7568,tylosin,,0.5,mg/L,MIC,CLSI,[34493269]
g1307.7569,amoxicillin,,0.03,mg/L,MIC,CLSI,[34493269]
g1307.7569,cefquinome,,0.03,mg/L,MIC,CLSI,[34493269]
g1307.7569,ceftiofur,,0.12,mg/L,MIC,CLSI,[34493269]
g1307.7569,doxycycline,,16.0,mg/L,MIC,CLSI,[34493269]
g1307.7569,enrofloxacin,,0.5,mg/L,MIC,CLSI,[34493269]
g1307.7569,erythromycin,,32.0,mg/L,MIC,CLSI,[34493269]
g1307.7569,florfenicol,,2.0,mg/L,MIC,CLSI,[34493269]
g1307.7569,lincomycin,,128.0,mg/L,MIC,CLSI,[34493269]
g1307.7569,marbofloxacin,,1.0,mg/L,MIC,CLSI,[34493269]
g1307.7569,penicillin,,0.03,mg/L,MIC,CLSI,[34493269]
g1307.7569,spectinomycin,,16.0,mg/L,MIC,CLSI,[34493269]
g1307.7569,tetracycline,,32.0,mg/L,MIC,CLSI,[34493269]
g1307.7569,tiamulin,,1.0,mg/L,MIC,CLSI,[34493269]
g1307.7569,tilmicosin,,128.0,mg/L,MIC,CLSI,[34493269]
g1307.7569,trimethoprim,,0.06,mg/L,MIC,CLSI,[34493269]
g1307.7569,tylosin,,256.0,mg/L,MIC,CLSI,[34493269]
g1307.7570,amoxicillin,,0.03,mg/L,MIC,CLSI,[34493269]
g1307.7570,cefquinome,,0.008,mg/L,MIC,CLSI,[34493269]
g1307.7570,ceftiofur,,0.12,mg/L,MIC,CLSI,[34493269]
g1307.7570,doxycycline,,16.0,mg/L,MIC,CLSI,[34493269]
g1307.7570,enrofloxacin,,0.5,mg/L,MIC,CLSI,[34493269]
g1307.7570,erythromycin,,32.0,mg/L,MIC,CLSI,[34493269]
g1307.7570,florfenicol,,2.0,mg/L,MIC,CLSI,[34493269]
g1307.7570,lincomycin,,128.0,mg/L,MIC,CLSI,[34493269]
g1307.7570,marbofloxacin,,1.0,mg/L,MIC,CLSI,[34493269]
g1307.7570,penicillin,,0.03,mg/L,MIC,CLSI,[34493269]
g1307.7570,spectinomycin,,8.0,mg/L,MIC,CLSI,[34493269]
g1307.7570,tetracycline,,64.0,mg/L,MIC,CLSI,[34493269]
g1307.7570,tiamulin,,0.5,mg/L,MIC,CLSI,[34493269]
g1307.7570,tilmicosin,,128.0,mg/L,MIC,CLSI,[34493269]
g1307.7570,trimethoprim,,0.06,mg/L,MIC,CLSI,[34493269]
g1307.7570,tylosin,,256.0,mg/L,MIC,CLSI,[34493269]
g1307.7571,amoxicillin,,0.03,mg/L,MIC,CLSI,[34493269]
g1307.7571,cefquinome,,0.06,mg/L,MIC,CLSI,[34493269]
g1307.7571,ceftiofur,,0.25,mg/L,MIC,CLSI,[34493269]
g1307.7571,doxycycline,,16.0,mg/L,MIC,CLSI,[34493269]
g1307.7571,enrofloxacin,,0.5,mg/L,MIC,CLSI,[34493269]
g1307.7571,erythromycin,,0.03,mg/L,MIC,CLSI,[34493269]
g1307.7571,florfenicol,,2.0,mg/L,MIC,CLSI,[34493269]
g1307.7571,lincomycin,,2.0,mg/L,MIC,CLSI,[34493269]
g1307.7571,marbofloxacin,,1.0,mg/L,MIC,CLSI,[34493269]
g1307.7571,penicillin,,0.03,mg/L,MIC,CLSI,[34493269]
g1307.7571,spectinomycin,,16.0,mg/L,MIC,CLSI,[34493269]
g1307.7571,tetracycline,,64.0,mg/L,MIC,CLSI,[34493269]
g1307.7571,tiamulin,,4.0,mg/L,MIC,CLSI,[34493269]
g1307.7571,tilmicosin,,4.0,mg/L,MIC,CLSI,[34493269]
g1307.7571,trimethoprim,,0.03,mg/L,MIC,CLSI,[34493269]
g1307.7571,tylosin,,1.0,mg/L,MIC,CLSI,[34493269]
g1307.7572,amoxicillin,,0.03,mg/L,MIC,CLSI,[34493269]
g1307.7572,cefquinome,,0.008,mg/L,MIC,CLSI,[34493269]
g1307.7572,ceftiofur,,0.06,mg/L,MIC,CLSI,[34493269]
g1307.7572,doxycycline,,8.0,mg/L,MIC,CLSI,[34493269]
g1307.7572,enrofloxacin,,0.5,mg/L,MIC,CLSI,[34493269]
g1307.7572,erythromycin,,0.03,mg/L,MIC,CLSI,[34493269]
g1307.7572,florfenicol,,1.0,mg/L,MIC,CLSI,[34493269]
g1307.7572,lincomycin,,0.5,mg/L,MIC,CLSI,[34493269]
g1307.7572,marbofloxacin,,1.0,mg/L,MIC,CLSI,[34493269]
g1307.7572,penicillin,,0.03,mg/L,MIC,CLSI,[34493269]
g1307.7572,spectinomycin,,8.0,mg/L,MIC,CLSI,[34493269]
g1307.7572,tetracycline,,64.0,mg/L,MIC,CLSI,[34493269]
g1307.7572,tiamulin,,1.0,mg/L,MIC,CLSI,[34493269]
g1307.7572,tilmicosin,,4.0,mg/L,MIC,CLSI,[34493269]
g1307.7572,trimethoprim,,0.06,mg/L,MIC,CLSI,[34493269]
g1307.7572,tylosin,,1.0,mg/L,MIC,CLSI,[34493269]
g1307.7573,amoxicillin,,0.03,mg/L,MIC,CLSI,[34493269]
g1307.7573,cefquinome,,0.008,mg/L,MIC,CLSI,[34493269]
g1307.7573,ceftiofur,,0.06,mg/L,MIC,CLSI,[34493269]
g1307.7573,doxycycline,,8.0,mg/L,MIC,CLSI,[34493269]
g1307.7573,enrofloxacin,,0.25,mg/L,MIC,CLSI,[34493269]
g1307.7573,erythromycin,,0.06,mg/L,MIC,CLSI,[34493269]
g1307.7573,florfenicol,,2.0,mg/L,MIC,CLSI,[34493269]
g1307.7573,lincomycin,,1.0,mg/L,MIC,CLSI,[34493269]
g1307.7573,marbofloxacin,,0.5,mg/L,MIC,CLSI,[34493269]
g1307.7573,penicillin,,0.03,mg/L,MIC,CLSI,[34493269]
g1307.7573,spectinomycin,,8.0,mg/L,MIC,CLSI,[34493269]
g1307.7573,tetracycline,,32.0,mg/L,MIC,CLSI,[34493269]
g1307.7573,tiamulin,,2.0,mg/L,MIC,CLSI,[34493269]
g1307.7573,tilmicosin,,4.0,mg/L,MIC,CLSI,[34493269]
g1307.7573,trimethoprim,,32.0,mg/L,MIC,CLSI,[34493269]
g1307.7573,tylosin,,0.5,mg/L,MIC,CLSI,[34493269]
g1307.7574,amoxicillin,,0.03,mg/L,MIC,CLSI,[34493269]
g1307.7574,cefquinome,,0.015,mg/L,MIC,CLSI,[34493269]
g1307.7574,ceftiofur,,0.12,mg/L,MIC,CLSI,[34493269]
g1307.7574,doxycycline,,16.0,mg/L,MIC,CLSI,[34493269]
g1307.7574,enrofloxacin,,0.25,mg/L,MIC,CLSI,[34493269]
g1307.7574,erythromycin,,0.06,mg/L,MIC,CLSI,[34493269]
g1307.7574,florfenicol,,2.0,mg/L,MIC,CLSI,[34493269]
g1307.7574,lincomycin,,1.0,mg/L,MIC,CLSI,[34493269]
g1307.7574,marbofloxacin,,0.5,mg/L,MIC,CLSI,[34493269]
g1307.7574,penicillin,,0.03,mg/L,MIC,CLSI,[34493269]
g1307.7574,spectinomycin,,8.0,mg/L,MIC,CLSI,[34493269]
g1307.7574,tetracycline,,32.0,mg/L,MIC,CLSI,[34493269]
g1307.7574,tiamulin,,2.0,mg/L,MIC,CLSI,[34493269]
g1307.7574,tilmicosin,,4.0,mg/L,MIC,CLSI,[34493269]
g1307.7574,trimethoprim,,32.0,mg/L,MIC,CLSI,[34493269]
g1307.7574,tylosin,,0.5,mg/L,MIC,CLSI,[34493269]
g1307.7575,amoxicillin,,0.03,mg/L,MIC,CLSI,[34493269]
g1307.7575,cefquinome,,0.03,mg/L,MIC,CLSI,[34493269]
g1307.7575,ceftiofur,,0.5,mg/L,MIC,CLSI,[34493269]
g1307.7575,doxycycline,,0.5,mg/L,MIC,CLSI,[34493269]
g1307.7575,enrofloxacin,,0.5,mg/L,MIC,CLSI,[34493269]
g1307.7575,erythromycin,,32.0,mg/L,MIC,CLSI,[34493269]
g1307.7575,florfenicol,,2.0,mg/L,MIC,CLSI,[34493269]
g1307.7575,lincomycin,,128.0,mg/L,MIC,CLSI,[34493269]
g1307.7575,marbofloxacin,,1.0,mg/L,MIC,CLSI,[34493269]
g1307.7575,penicillin,,0.12,mg/L,MIC,CLSI,[34493269]
g1307.7575,spectinomycin,,16.0,mg/L,MIC,CLSI,[34493269]
g1307.7575,tetracycline,,4.0,mg/L,MIC,CLSI,[34493269]
g1307.7575,tiamulin,,32.0,mg/L,MIC,CLSI,[34493269]
g1307.7575,tilmicosin,,128.0,mg/L,MIC,CLSI,[34493269]
g1307.7575,trimethoprim,,8.0,mg/L,MIC,CLSI,[34493269]
g1307.7575,tylosin,,256.0,mg/L,MIC,CLSI,[34493269]
g1307.7576,amoxicillin,,0.03,mg/L,MIC,CLSI,[34493269]
g1307.7576,cefquinome,,0.008,mg/L,MIC,CLSI,[34493269]
g1307.7576,ceftiofur,,0.06,mg/L,MIC,CLSI,[34493269]
g1307.7576,doxycycline,,16.0,mg/L,MIC,CLSI,[34493269]
g1307.7576,enrofloxacin,,0.5,mg/L,MIC,CLSI,[34493269]
g1307.7576,erythromycin,,0.03,mg/L,MIC,CLSI,[34493269]
g1307.7576,florfenicol,,1.0,mg/L,MIC,CLSI,[34493269]
g1307.7576,lincomycin,,0.5,mg/L,MIC,CLSI,[34493269]
g1307.7576,marbofloxacin,,0.5,mg/L,MIC,CLSI,[34493269]
g1307.7576,penicillin,,0.03,mg/L,MIC,CLSI,[34493269]
g1307.7576,spectinomycin,,8.0,mg/L,MIC,CLSI,[34493269]
g1307.7576,tetracycline,,64.0,mg/L,MIC,CLSI,[34493269]
g1307.7576,tiamulin,,1.0,mg/L,MIC,CLSI,[34493269]
g1307.7576,tilmicosin,,4.0,mg/L,MIC,CLSI,[34493269]
g1307.7576,trimethoprim,,0.03,mg/L,MIC,CLSI,[34493269]
g1307.7576,tylosin,,0.5,mg/L,MIC,CLSI,[34493269]
g1307.7577,amoxicillin,,0.03,mg/L,MIC,CLSI,[34493269]
g1307.7577,cefquinome,,0.03,mg/L,MIC,CLSI,[34493269]
g1307.7577,ceftiofur,,0.25,mg/L,MIC,CLSI,[34493269]
g1307.7577,doxycycline,,0.12,mg/L,MIC,CLSI,[34493269]
g1307.7577,enrofloxacin,,0.5,mg/L,MIC,CLSI,[34493269]
g1307.7577,erythromycin,,0.03,mg/L,MIC,CLSI,[34493269]
g1307.7577,florfenicol,,2.0,mg/L,MIC,CLSI,[34493269]
g1307.7577,lincomycin,,1.0,mg/L,MIC,CLSI,[34493269]
g1307.7577,marbofloxacin,,1.0,mg/L,MIC,CLSI,[34493269]
g1307.7577,penicillin,,0.03,mg/L,MIC,CLSI,[34493269]
g1307.7577,spectinomycin,,16.0,mg/L,MIC,CLSI,[34493269]
g1307.7577,tetracycline,,2.0,mg/L,MIC,CLSI,[34493269]
g1307.7577,tiamulin,,1.0,mg/L,MIC,CLSI,[34493269]
g1307.7577,tilmicosin,,4.0,mg/L,MIC,CLSI,[34493269]
g1307.7577,trimethoprim,,0.015,mg/L,MIC,CLSI,[34493269]
g1307.7577,tylosin,,1.0,mg/L,MIC,CLSI,[34493269]
g1307.7578,amoxicillin,,0.03,mg/L,MIC,CLSI,[34493269]
g1307.7578,cefquinome,,0.015,mg/L,MIC,CLSI,[34493269]
g1307.7578,ceftiofur,,0.06,mg/L,MIC,CLSI,[34493269]
g1307.7578,doxycycline,,16.0,mg/L,MIC,CLSI,[34493269]
g1307.7578,enrofloxacin,,0.25,mg/L,MIC,CLSI,[34493269]
g1307.7578,erythromycin,,0.06,mg/L,MIC,CLSI,[34493269]
g1307.7578,florfenicol,,2.0,mg/L,MIC,CLSI,[34493269]
g1307.7578,lincomycin,,1.0,mg/L,MIC,CLSI,[34493269]
g1307.7578,marbofloxacin,,0.5,mg/L,MIC,CLSI,[34493269]
g1307.7578,penicillin,,0.03,mg/L,MIC,CLSI,[34493269]
g1307.7578,spectinomycin,,8.0,mg/L,MIC,CLSI,[34493269]
g1307.7578,tetracycline,,64.0,mg/L,MIC,CLSI,[34493269]
g1307.7578,tiamulin,,2.0,mg/L,MIC,CLSI,[34493269]
g1307.7578,tilmicosin,,4.0,mg/L,MIC,CLSI,[34493269]
g1307.7578,trimethoprim,,32.0,mg/L,MIC,CLSI,[34493269]
g1307.7578,tylosin,,0.5,mg/L,MIC,CLSI,[34493269]
g1307.7579,amoxicillin,,0.03,mg/L,MIC,CLSI,[34493269]
g1307.7579,cefquinome,,0.015,mg/L,MIC,CLSI,[34493269]
g1307.7579,ceftiofur,,0.12,mg/L,MIC,CLSI,[34493269]
g1307.7579,doxycycline,,16.0,mg/L,MIC,CLSI,[34493269]
g1307.7579,enrofloxacin,,1.0,mg/L,MIC,CLSI,[34493269]
g1307.7579,erythromycin,,32.0,mg/L,MIC,CLSI,[34493269]
g1307.7579,florfenicol,,2.0,mg/L,MIC,CLSI,[34493269]
g1307.7579,lincomycin,,128.0,mg/L,MIC,CLSI,[34493269]
g1307.7579,marbofloxacin,,1.0,mg/L,MIC,CLSI,[34493269]
g1307.7579,penicillin,,0.03,mg/L,MIC,CLSI,[34493269]
g1307.7579,spectinomycin,,16.0,mg/L,MIC,CLSI,[34493269]
g1307.7579,tetracycline,,128.0,mg/L,MIC,CLSI,[34493269]
g1307.7579,tiamulin,,2.0,mg/L,MIC,CLSI,[34493269]
g1307.7579,tilmicosin,,128.0,mg/L,MIC,CLSI,[34493269]
g1307.7579,trimethoprim,,4.0,mg/L,MIC,CLSI,[34493269]
g1307.7579,tylosin,,256.0,mg/L,MIC,CLSI,[34493269]
g1307.7580,amoxicillin,,0.03,mg/L,MIC,CLSI,[34493269]
g1307.7580,cefquinome,,0.03,mg/L,MIC,CLSI,[34493269]
g1307.7580,ceftiofur,,0.12,mg/L,MIC,CLSI,[34493269]
g1307.7580,doxycycline,,0.12,mg/L,MIC,CLSI,[34493269]
g1307.7580,enrofloxacin,,0.25,mg/L,MIC,CLSI,[34493269]
g1307.7580,erythromycin,,0.03,mg/L,MIC,CLSI,[34493269]
g1307.7580,florfenicol,,2.0,mg/L,MIC,CLSI,[34493269]
g1307.7580,lincomycin,,1.0,mg/L,MIC,CLSI,[34493269]
g1307.7580,marbofloxacin,,1.0,mg/L,MIC,CLSI,[34493269]
g1307.7580,penicillin,,0.03,mg/L,MIC,CLSI,[34493269]
g1307.7580,spectinomycin,,16.0,mg/L,MIC,CLSI,[34493269]
g1307.7580,tetracycline,,2.0,mg/L,MIC,CLSI,[34493269]
g1307.7580,tiamulin,,2.0,mg/L,MIC,CLSI,[34493269]
g1307.7580,tilmicosin,,4.0,mg/L,MIC,CLSI,[34493269]
g1307.7580,trimethoprim,,0.06,mg/L,MIC,CLSI,[34493269]
g1307.7580,tylosin,,1.0,mg/L,MIC,CLSI,[34493269]
g1307.7581,amoxicillin,,0.03,mg/L,MIC,CLSI,[34493269]
g1307.7581,cefquinome,,0.008,mg/L,MIC,CLSI,[34493269]
g1307.7581,ceftiofur,,0.12,mg/L,MIC,CLSI,[34493269]
g1307.7581,doxycycline,,8.0,mg/L,MIC,CLSI,[34493269]
g1307.7581,enrofloxacin,,0.5,mg/L,MIC,CLSI,[34493269]
g1307.7581,erythromycin,,32.0,mg/L,MIC,CLSI,[34493269]
g1307.7581,florfenicol,,2.0,mg/L,MIC,CLSI,[34493269]
g1307.7581,lincomycin,,128.0,mg/L,MIC,CLSI,[34493269]
g1307.7581,marbofloxacin,,0.015,mg/L,MIC,CLSI,[34493269]
g1307.7581,penicillin,,0.03,mg/L,MIC,CLSI,[34493269]
g1307.7581,spectinomycin,,16.0,mg/L,MIC,CLSI,[34493269]
g1307.7581,tetracycline,,64.0,mg/L,MIC,CLSI,[34493269]
g1307.7581,tiamulin,,2.0,mg/L,MIC,CLSI,[34493269]
g1307.7581,tilmicosin,,128.0,mg/L,MIC,CLSI,[34493269]
g1307.7581,trimethoprim,,16.0,mg/L,MIC,CLSI,[34493269]
g1307.7581,tylosin,,256.0,mg/L,MIC,CLSI,[34493269]
g1307.7582,amoxicillin,,0.03,mg/L,MIC,CLSI,[34493269]
g1307.7582,cefquinome,,0.008,mg/L,MIC,CLSI,[34493269]
g1307.7582,ceftiofur,,0.12,mg/L,MIC,CLSI,[34493269]
g1307.7582,doxycycline,,16.0,mg/L,MIC,CLSI,[34493269]
g1307.7582,enrofloxacin,,0.25,mg/L,MIC,CLSI,[34493269]
g1307.7582,erythromycin,,0.015,mg/L,MIC,CLSI,[34493269]
g1307.7582,florfenicol,,2.0,mg/L,MIC,CLSI,[34493269]
g1307.7582,lincomycin,,1.0,mg/L,MIC,CLSI,[34493269]
g1307.7582,marbofloxacin,,0.015,mg/L,MIC,CLSI,[34493269]
g1307.7582,penicillin,,0.03,mg/L,MIC,CLSI,[34493269]
g1307.7582,spectinomycin,,16.0,mg/L,MIC,CLSI,[34493269]
g1307.7582,tetracycline,,64.0,mg/L,MIC,CLSI,[34493269]
g1307.7582,tiamulin,,2.0,mg/L,MIC,CLSI,[34493269]
g1307.7582,tilmicosin,,4.0,mg/L,MIC,CLSI,[34493269]
g1307.7582,trimethoprim,,0.015,mg/L,MIC,CLSI,[34493269]
g1307.7582,tylosin,,2.0,mg/L,MIC,CLSI,[34493269]
g1307.7583,amoxicillin,,0.03,mg/L,MIC,CLSI,[34493269]
g1307.7583,cefquinome,,0.06,mg/L,MIC,CLSI,[34493269]
g1307.7583,ceftiofur,,1.0,mg/L,MIC,CLSI,[34493269]
g1307.7583,doxycycline,,16.0,mg/L,MIC,CLSI,[34493269]
g1307.7583,enrofloxacin,,0.5,mg/L,MIC,CLSI,[34493269]
g1307.7583,erythromycin,,0.015,mg/L,MIC,CLSI,[34493269]
g1307.7583,florfenicol,,2.0,mg/L,MIC,CLSI,[34493269]
g1307.7583,lincomycin,,8.0,mg/L,MIC,CLSI,[34493269]
g1307.7583,marbofloxacin,,0.5,mg/L,MIC,CLSI,[34493269]
g1307.7583,penicillin,,0.06,mg/L,MIC,CLSI,[34493269]
g1307.7583,spectinomycin,,16.0,mg/L,MIC,CLSI,[34493269]
g1307.7583,tetracycline,,64.0,mg/L,MIC,CLSI,[34493269]
g1307.7583,tiamulin,,64.0,mg/L,MIC,CLSI,[34493269]
g1307.7583,tilmicosin,,4.0,mg/L,MIC,CLSI,[34493269]
g1307.7583,trimethoprim,,1.0,mg/L,MIC,CLSI,[34493269]
g1307.7583,tylosin,,1.0,mg/L,MIC,CLSI,[34493269]
g1307.7584,amoxicillin,,0.03,mg/L,MIC,CLSI,[34493269]
g1307.7584,cefquinome,,0.015,mg/L,MIC,CLSI,[34493269]
g1307.7584,ceftiofur,,0.06,mg/L,MIC,CLSI,[34493269]
g1307.7584,doxycycline,,16.0,mg/L,MIC,CLSI,[34493269]
g1307.7584,enrofloxacin,,0.25,mg/L,MIC,CLSI,[34493269]
g1307.7584,erythromycin,,0.06,mg/L,MIC,CLSI,[34493269]
g1307.7584,florfenicol,,1.0,mg/L,MIC,CLSI,[34493269]
g1307.7584,lincomycin,,0.5,mg/L,MIC,CLSI,[34493269]
g1307.7584,marbofloxacin,,0.5,mg/L,MIC,CLSI,[34493269]
g1307.7584,penicillin,,0.03,mg/L,MIC,CLSI,[34493269]
g1307.7584,spectinomycin,,8.0,mg/L,MIC,CLSI,[34493269]
g1307.7584,tetracycline,,64.0,mg/L,MIC,CLSI,[34493269]
g1307.7584,tiamulin,,1.0,mg/L,MIC,CLSI,[34493269]
g1307.7584,tilmicosin,,4.0,mg/L,MIC,CLSI,[34493269]
g1307.7584,trimethoprim,,0.03,mg/L,MIC,CLSI,[34493269]
g1307.7584,tylosin,,0.5,mg/L,MIC,CLSI,[34493269]
g1307.7585,amoxicillin,,0.03,mg/L,MIC,CLSI,[34493269]
g1307.7585,cefquinome,,0.015,mg/L,MIC,CLSI,[34493269]
g1307.7585,ceftiofur,,0.12,mg/L,MIC,CLSI,[34493269]
g1307.7585,doxycycline,,0.12,mg/L,MIC,CLSI,[34493269]
g1307.7585,enrofloxacin,,0.25,mg/L,MIC,CLSI,[34493269]
g1307.7585,erythromycin,,2.0,mg/L,MIC,CLSI,[34493269]
g1307.7585,florfenicol,,2.0,mg/L,MIC,CLSI,[34493269]
g1307.7585,lincomycin,,2.0,mg/L,MIC,CLSI,[34493269]
g1307.7585,marbofloxacin,,0.5,mg/L,MIC,CLSI,[34493269]
g1307.7585,penicillin,,0.03,mg/L,MIC,CLSI,[34493269]
g1307.7585,spectinomycin,,16.0,mg/L,MIC,CLSI,[34493269]
g1307.7585,tetracycline,,2.0,mg/L,MIC,CLSI,[34493269]
g1307.7585,tiamulin,,2.0,mg/L,MIC,CLSI,[34493269]
g1307.7585,tilmicosin,,4.0,mg/L,MIC,CLSI,[34493269]
g1307.7585,trimethoprim,,0.06,mg/L,MIC,CLSI,[34493269]
g1307.7585,tylosin,,1.0,mg/L,MIC,CLSI,[34493269]
g1307.7586,amoxicillin,,0.03,mg/L,MIC,CLSI,[34493269]
g1307.7586,cefquinome,,0.008,mg/L,MIC,CLSI,[34493269]
g1307.7586,ceftiofur,,0.06,mg/L,MIC,CLSI,[34493269]
g1307.7586,doxycycline,,8.0,mg/L,MIC,CLSI,[34493269]
g1307.7586,enrofloxacin,,0.5,mg/L,MIC,CLSI,[34493269]
g1307.7586,erythromycin,,0.03,mg/L,MIC,CLSI,[34493269]
g1307.7586,florfenicol,,1.0,mg/L,MIC,CLSI,[34493269]
g1307.7586,lincomycin,,0.25,mg/L,MIC,CLSI,[34493269]
g1307.7586,marbofloxacin,,0.5,mg/L,MIC,CLSI,[34493269]
g1307.7586,penicillin,,0.03,mg/L,MIC,CLSI,[34493269]
g1307.7586,spectinomycin,,16.0,mg/L,MIC,CLSI,[34493269]
g1307.7586,tetracycline,,64.0,mg/L,MIC,CLSI,[34493269]
g1307.7586,tiamulin,,2.0,mg/L,MIC,CLSI,[34493269]
g1307.7586,tilmicosin,,4.0,mg/L,MIC,CLSI,[34493269]
g1307.7586,trimethoprim,,0.03,mg/L,MIC,CLSI,[34493269]
g1307.7586,tylosin,,0.5,mg/L,MIC,CLSI,[34493269]
g1307.7587,amoxicillin,,0.03,mg/L,MIC,CLSI,[34493269]
g1307.7587,cefquinome,,0.03,mg/L,MIC,CLSI,[34493269]
g1307.7587,ceftiofur,,0.12,mg/L,MIC,CLSI,[34493269]
g1307.7587,doxycycline,,16.0,mg/L,MIC,CLSI,[34493269]
g1307.7587,enrofloxacin,,0.5,mg/L,MIC,CLSI,[34493269]
g1307.7587,erythromycin,,0.03,mg/L,MIC,CLSI,[34493269]
g1307.7587,florfenicol,,2.0,mg/L,MIC,CLSI,[34493269]
g1307.7587,lincomycin,,2.0,mg/L,MIC,CLSI,[34493269]
g1307.7587,marbofloxacin,,1.0,mg/L,MIC,CLSI,[34493269]
g1307.7587,penicillin,,0.03,mg/L,MIC,CLSI,[34493269]
g1307.7587,spectinomycin,,32.0,mg/L,MIC,CLSI,[34493269]
g1307.7587,tetracycline,,32.0,mg/L,MIC,CLSI,[34493269]
g1307.7587,tiamulin,,2.0,mg/L,MIC,CLSI,[34493269]
g1307.7587,tilmicosin,,2.0,mg/L,MIC,CLSI,[34493269]
g1307.7587,trimethoprim,,32.0,mg/L,MIC,CLSI,[34493269]
g1307.7587,tylosin,,0.5,mg/L,MIC,CLSI,[34493269]
g1307.7588,amoxicillin,,0.03,mg/L,MIC,CLSI,[34493269]
g1307.7588,cefquinome,,0.008,mg/L,MIC,CLSI,[34493269]
g1307.7588,ceftiofur,,0.12,mg/L,MIC,CLSI,[34493269]
g1307.7588,doxycycline,,0.12,mg/L,MIC,CLSI,[34493269]
g1307.7588,enrofloxacin,,8.0,mg/L,MIC,CLSI,[34493269]
g1307.7588,erythromycin,,0.015,mg/L,MIC,CLSI,[34493269]
g1307.7588,florfenicol,,2.0,mg/L,MIC,CLSI,[34493269]
g1307.7588,lincomycin,,1.0,mg/L,MIC,CLSI,[34493269]
g1307.7588,marbofloxacin,,0.015,mg/L,MIC,CLSI,[34493269]
g1307.7588,penicillin,,0.12,mg/L,MIC,CLSI,[34493269]
g1307.7588,spectinomycin,,16.0,mg/L,MIC,CLSI,[34493269]
g1307.7588,tetracycline,,1.0,mg/L,MIC,CLSI,[34493269]
g1307.7588,tiamulin,,1.0,mg/L,MIC,CLSI,[34493269]
g1307.7588,tilmicosin,,4.0,mg/L,MIC,CLSI,[34493269]
g1307.7588,trimethoprim,,4.0,mg/L,MIC,CLSI,[34493269]
g1307.7588,tylosin,,1.0,mg/L,MIC,CLSI,[34493269]
g1307.7589,amoxicillin,,0.03,mg/L,MIC,CLSI,[34493269]
g1307.7589,cefquinome,,0.03,mg/L,MIC,CLSI,[34493269]
g1307.7589,ceftiofur,,0.25,mg/L,MIC,CLSI,[34493269]
g1307.7589,doxycycline,,16.0,mg/L,MIC,CLSI,[34493269]
g1307.7589,enrofloxacin,,0.25,mg/L,MIC,CLSI,[34493269]
g1307.7589,erythromycin,,0.03,mg/L,MIC,CLSI,[34493269]
g1307.7589,florfenicol,,2.0,mg/L,MIC,CLSI,[34493269]
g1307.7589,lincomycin,,1.0,mg/L,MIC,CLSI,[34493269]
g1307.7589,marbofloxacin,,0.5,mg/L,MIC,CLSI,[34493269]
g1307.7589,penicillin,,0.06,mg/L,MIC,CLSI,[34493269]
g1307.7589,spectinomycin,,8.0,mg/L,MIC,CLSI,[34493269]
g1307.7589,tetracycline,,64.0,mg/L,MIC,CLSI,[34493269]
g1307.7589,tiamulin,,1.0,mg/L,MIC,CLSI,[34493269]
g1307.7589,tilmicosin,,2.0,mg/L,MIC,CLSI,[34493269]
g1307.7589,trimethoprim,,0.12,mg/L,MIC,CLSI,[34493269]
g1307.7589,tylosin,,0.5,mg/L,MIC,CLSI,[34493269]
g1307.7590,amoxicillin,,0.03,mg/L,MIC,CLSI,[34493269]
g1307.7590,cefquinome,,0.015,mg/L,MIC,CLSI,[34493269]
g1307.7590,ceftiofur,,0.12,mg/L,MIC,CLSI,[34493269]
g1307.7590,doxycycline,,0.12,mg/L,MIC,CLSI,[34493269]
g1307.7590,enrofloxacin,,0.25,mg/L,MIC,CLSI,[34493269]
g1307.7590,erythromycin,,0.03,mg/L,MIC,CLSI,[34493269]
g1307.7590,florfenicol,,2.0,mg/L,MIC,CLSI,[34493269]
g1307.7590,lincomycin,,1.0,mg/L,MIC,CLSI,[34493269]
g1307.7590,marbofloxacin,,0.5,mg/L,MIC,CLSI,[34493269]
g1307.7590,penicillin,,0.03,mg/L,MIC,CLSI,[34493269]
g1307.7590,spectinomycin,,16.0,mg/L,MIC,CLSI,[34493269]
g1307.7590,tetracycline,,1.0,mg/L,MIC,CLSI,[34493269]
g1307.7590,tiamulin,,1.0,mg/L,MIC,CLSI,[34493269]
g1307.7590,tilmicosin,,4.0,mg/L,MIC,CLSI,[34493269]
g1307.7590,trimethoprim,,4.0,mg/L,MIC,CLSI,[34493269]
g1307.7590,tylosin,,1.0,mg/L,MIC,CLSI,[34493269]
g1307.7591,amoxicillin,,0.03,mg/L,MIC,CLSI,[34493269]
g1307.7591,cefquinome,,0.015,mg/L,MIC,CLSI,[34493269]
g1307.7591,ceftiofur,,0.12,mg/L,MIC,CLSI,[34493269]
g1307.7591,doxycycline,,16.0,mg/L,MIC,CLSI,[34493269]
g1307.7591,enrofloxacin,,0.5,mg/L,MIC,CLSI,[34493269]
g1307.7591,erythromycin,,0.03,mg/L,MIC,CLSI,[34493269]
g1307.7591,florfenicol,,2.0,mg/L,MIC,CLSI,[34493269]
g1307.7591,lincomycin,,1.0,mg/L,MIC,CLSI,[34493269]
g1307.7591,marbofloxacin,,1.0,mg/L,MIC,CLSI,[34493269]
g1307.7591,penicillin,,0.03,mg/L,MIC,CLSI,[34493269]
g1307.7591,spectinomycin,,16.0,mg/L,MIC,CLSI,[34493269]
g1307.7591,tetracycline,,64.0,mg/L,MIC,CLSI,[34493269]
g1307.7591,tiamulin,,1.0,mg/L,MIC,CLSI,[34493269]
g1307.7591,tilmicosin,,4.0,mg/L,MIC,CLSI,[34493269]
g1307.7591,trimethoprim,,0.25,mg/L,MIC,CLSI,[34493269]
g1307.7591,tylosin,,1.0,mg/L,MIC,CLSI,[34493269]
g1307.7592,amoxicillin,,0.03,mg/L,MIC,CLSI,[34493269]
g1307.7592,cefquinome,,0.008,mg/L,MIC,CLSI,[34493269]
g1307.7592,ceftiofur,,0.06,mg/L,MIC,CLSI,[34493269]
g1307.7592,doxycycline,,8.0,mg/L,MIC,CLSI,[34493269]
g1307.7592,enrofloxacin,,0.25,mg/L,MIC,CLSI,[34493269]
g1307.7592,erythromycin,,0.03,mg/L,MIC,CLSI,[34493269]
g1307.7592,florfenicol,,1.0,mg/L,MIC,CLSI,[34493269]
g1307.7592,lincomycin,,0.06,mg/L,MIC,CLSI,[34493269]
g1307.7592,marbofloxacin,,0.5,mg/L,MIC,CLSI,[34493269]
g1307.7592,penicillin,,0.03,mg/L,MIC,CLSI,[34493269]
g1307.7592,spectinomycin,,8.0,mg/L,MIC,CLSI,[34493269]
g1307.7592,tetracycline,,64.0,mg/L,MIC,CLSI,[34493269]
g1307.7592,tiamulin,,0.25,mg/L,MIC,CLSI,[34493269]
g1307.7592,tilmicosin,,2.0,mg/L,MIC,CLSI,[34493269]
g1307.7592,trimethoprim,,0.03,mg/L,MIC,CLSI,[34493269]
g1307.7592,tylosin,,0.5,mg/L,MIC,CLSI,[34493269]
g1307.7593,amoxicillin,,2.0,mg/L,MIC,CLSI,[34493269]
g1307.7593,cefquinome,,0.25,mg/L,MIC,CLSI,[34493269]
g1307.7593,ceftiofur,,4.0,mg/L,MIC,CLSI,[34493269]
g1307.7593,doxycycline,,16.0,mg/L,MIC,CLSI,[34493269]
g1307.7593,enrofloxacin,,0.5,mg/L,MIC,CLSI,[34493269]
g1307.7593,erythromycin,,0.03,mg/L,MIC,CLSI,[34493269]
g1307.7593,florfenicol,,1.0,mg/L,MIC,CLSI,[34493269]
g1307.7593,lincomycin,,128.0,mg/L,MIC,CLSI,[34493269]
g1307.7593,marbofloxacin,,1.0,mg/L,MIC,CLSI,[34493269]
g1307.7593,penicillin,,2.0,mg/L,MIC,CLSI,[34493269]
g1307.7593,spectinomycin,,512.0,mg/L,MIC,CLSI,[34493269]
g1307.7593,tetracycline,,128.0,mg/L,MIC,CLSI,[34493269]
g1307.7593,tiamulin,,64.0,mg/L,MIC,CLSI,[34493269]
g1307.7593,tilmicosin,,2.0,mg/L,MIC,CLSI,[34493269]
g1307.7593,trimethoprim,,0.5,mg/L,MIC,CLSI,[34493269]
g1307.7593,tylosin,,0.5,mg/L,MIC,CLSI,[34493269]
g1307.7594,amoxicillin,,0.03,mg/L,MIC,CLSI,[34493269]
g1307.7594,cefquinome,,0.015,mg/L,MIC,CLSI,[34493269]
g1307.7594,ceftiofur,,0.12,mg/L,MIC,CLSI,[34493269]
g1307.7594,doxycycline,,16.0,mg/L,MIC,CLSI,[34493269]
g1307.7594,enrofloxacin,,0.5,mg/L,MIC,CLSI,[34493269]
g1307.7594,erythromycin,,32.0,mg/L,MIC,CLSI,[34493269]
g1307.7594,florfenicol,,2.0,mg/L,MIC,CLSI,[34493269]
g1307.7594,lincomycin,,128.0,mg/L,MIC,CLSI,[34493269]
g1307.7594,marbofloxacin,,1.0,mg/L,MIC,CLSI,[34493269]
g1307.7594,penicillin,,0.03,mg/L,MIC,CLSI,[34493269]
g1307.7594,spectinomycin,,16.0,mg/L,MIC,CLSI,[34493269]
g1307.7594,tetracycline,,64.0,mg/L,MIC,CLSI,[34493269]
g1307.7594,tiamulin,,1.0,mg/L,MIC,CLSI,[34493269]
g1307.7594,tilmicosin,,128.0,mg/L,MIC,CLSI,[34493269]
g1307.7594,trimethoprim,,0.06,mg/L,MIC,CLSI,[34493269]
g1307.7594,tylosin,,256.0,mg/L,MIC,CLSI,[34493269]
g1307.7595,amoxicillin,,0.03,mg/L,MIC,CLSI,[34493269]
g1307.7595,cefquinome,,0.06,mg/L,MIC,CLSI,[34493269]
g1307.7595,ceftiofur,,1.0,mg/L,MIC,CLSI,[34493269]
g1307.7595,doxycycline,,16.0,mg/L,MIC,CLSI,[34493269]
g1307.7595,enrofloxacin,,0.5,mg/L,MIC,CLSI,[34493269]
g1307.7595,erythromycin,,0.03,mg/L,MIC,CLSI,[34493269]
g1307.7595,florfenicol,,2.0,mg/L,MIC,CLSI,[34493269]
g1307.7595,lincomycin,,8.0,mg/L,MIC,CLSI,[34493269]
g1307.7595,marbofloxacin,,1.0,mg/L,MIC,CLSI,[34493269]
g1307.7595,penicillin,,0.06,mg/L,MIC,CLSI,[34493269]
g1307.7595,spectinomycin,,32.0,mg/L,MIC,CLSI,[34493269]
g1307.7595,tetracycline,,64.0,mg/L,MIC,CLSI,[34493269]
g1307.7595,tiamulin,,32.0,mg/L,MIC,CLSI,[34493269]
g1307.7595,tilmicosin,,8.0,mg/L,MIC,CLSI,[34493269]
g1307.7595,trimethoprim,,0.5,mg/L,MIC,CLSI,[34493269]
g1307.7595,tylosin,,1.0,mg/L,MIC,CLSI,[34493269]
g1307.7596,amoxicillin,,0.03,mg/L,MIC,CLSI,[34493269]
g1307.7596,cefquinome,,0.015,mg/L,MIC,CLSI,[34493269]
g1307.7596,ceftiofur,,0.06,mg/L,MIC,CLSI,[34493269]
g1307.7596,doxycycline,,16.0,mg/L,MIC,CLSI,[34493269]
g1307.7596,enrofloxacin,,0.5,mg/L,MIC,CLSI,[34493269]
g1307.7596,erythromycin,,0.06,mg/L,MIC,CLSI,[34493269]
g1307.7596,florfenicol,,1.0,mg/L,MIC,CLSI,[34493269]
g1307.7596,lincomycin,,0.5,mg/L,MIC,CLSI,[34493269]
g1307.7596,marbofloxacin,,1.0,mg/L,MIC,CLSI,[34493269]
g1307.7596,penicillin,,0.03,mg/L,MIC,CLSI,[34493269]
g1307.7596,spectinomycin,,16.0,mg/L,MIC,CLSI,[34493269]
g1307.7596,tetracycline,,64.0,mg/L,MIC,CLSI,[34493269]
g1307.7596,tiamulin,,1.0,mg/L,MIC,CLSI,[34493269]
g1307.7596,tilmicosin,,4.0,mg/L,MIC,CLSI,[34493269]
g1307.7596,trimethoprim,,0.03,mg/L,MIC,CLSI,[34493269]
g1307.7596,tylosin,,1.0,mg/L,MIC,CLSI,[34493269]
g1307.7597,amoxicillin,,0.03,mg/L,MIC,CLSI,[34493269]
g1307.7597,cefquinome,,0.03,mg/L,MIC,CLSI,[34493269]
g1307.7597,ceftiofur,,0.5,mg/L,MIC,CLSI,[34493269]
g1307.7597,doxycycline,,16.0,mg/L,MIC,CLSI,[34493269]
g1307.7597,enrofloxacin,,0.5,mg/L,MIC,CLSI,[34493269]
g1307.7597,erythromycin,,4.0,mg/L,MIC,CLSI,[34493269]
g1307.7597,florfenicol,,2.0,mg/L,MIC,CLSI,[34493269]
g1307.7597,lincomycin,,128.0,mg/L,MIC,CLSI,[34493269]
g1307.7597,marbofloxacin,,1.0,mg/L,MIC,CLSI,[34493269]
g1307.7597,penicillin,,0.5,mg/L,MIC,CLSI,[34493269]
g1307.7597,spectinomycin,,16.0,mg/L,MIC,CLSI,[34493269]
g1307.7597,tetracycline,,128.0,mg/L,MIC,CLSI,[34493269]
g1307.7597,tiamulin,,16.0,mg/L,MIC,CLSI,[34493269]
g1307.7597,tilmicosin,,128.0,mg/L,MIC,CLSI,[34493269]
g1307.7597,trimethoprim,,0.25,mg/L,MIC,CLSI,[34493269]
g1307.7597,tylosin,,256.0,mg/L,MIC,CLSI,[34493269]
g1307.7598,amoxicillin,,0.03,mg/L,MIC,CLSI,[34493269]
g1307.7598,cefquinome,,0.12,mg/L,MIC,CLSI,[34493269]
g1307.7598,ceftiofur,,2.0,mg/L,MIC,CLSI,[34493269]
g1307.7598,doxycycline,,16.0,mg/L,MIC,CLSI,[34493269]
g1307.7598,enrofloxacin,,0.5,mg/L,MIC,CLSI,[34493269]
g1307.7598,erythromycin,,32.0,mg/L,MIC,CLSI,[34493269]
g1307.7598,florfenicol,,2.0,mg/L,MIC,CLSI,[34493269]
g1307.7598,lincomycin,,128.0,mg/L,MIC,CLSI,[34493269]
g1307.7598,marbofloxacin,,1.0,mg/L,MIC,CLSI,[34493269]
g1307.7598,penicillin,,0.12,mg/L,MIC,CLSI,[34493269]
g1307.7598,spectinomycin,,16.0,mg/L,MIC,CLSI,[34493269]
g1307.7598,tetracycline,,64.0,mg/L,MIC,CLSI,[34493269]
g1307.7598,tiamulin,,32.0,mg/L,MIC,CLSI,[34493269]
g1307.7598,tilmicosin,,128.0,mg/L,MIC,CLSI,[34493269]
g1307.7598,trimethoprim,,2.0,mg/L,MIC,CLSI,[34493269]
g1307.7598,tylosin,,256.0,mg/L,MIC,CLSI,[34493269]
g1307.7599,amoxicillin,,0.03,mg/L,MIC,CLSI,[34493269]
g1307.7599,cefquinome,,0.008,mg/L,MIC,CLSI,[34493269]
g1307.7599,ceftiofur,,0.06,mg/L,MIC,CLSI,[34493269]
g1307.7599,doxycycline,,16.0,mg/L,MIC,CLSI,[34493269]
g1307.7599,enrofloxacin,,0.5,mg/L,MIC,CLSI,[34493269]
g1307.7599,erythromycin,,0.03,mg/L,MIC,CLSI,[34493269]
g1307.7599,florfenicol,,1.0,mg/L,MIC,CLSI,[34493269]
g1307.7599,lincomycin,,0.25,mg/L,MIC,CLSI,[34493269]
g1307.7599,marbofloxacin,,1.0,mg/L,MIC,CLSI,[34493269]
g1307.7599,penicillin,,0.03,mg/L,MIC,CLSI,[34493269]
g1307.7599,spectinomycin,,16.0,mg/L,MIC,CLSI,[34493269]
g1307.7599,tetracycline,,64.0,mg/L,MIC,CLSI,[34493269]
g1307.7599,tiamulin,,1.0,mg/L,MIC,CLSI,[34493269]
g1307.7599,tilmicosin,,4.0,mg/L,MIC,CLSI,[34493269]
g1307.7599,trimethoprim,,0.03,mg/L,MIC,CLSI,[34493269]
g1307.7599,tylosin,,0.5,mg/L,MIC,CLSI,[34493269]
g1307.7600,amoxicillin,,0.03,mg/L,MIC,CLSI,[34493269]
g1307.7600,cefquinome,,0.008,mg/L,MIC,CLSI,[34493269]
g1307.7600,ceftiofur,,0.12,mg/L,MIC,CLSI,[34493269]
g1307.7600,doxycycline,,16.0,mg/L,MIC,CLSI,[34493269]
g1307.7600,enrofloxacin,,0.25,mg/L,MIC,CLSI,[34493269]
g1307.7600,erythromycin,,0.03,mg/L,MIC,CLSI,[34493269]
g1307.7600,florfenicol,,2.0,mg/L,MIC,CLSI,[34493269]
g1307.7600,lincomycin,,1.0,mg/L,MIC,CLSI,[34493269]
g1307.7600,marbofloxacin,,1.0,mg/L,MIC,CLSI,[34493269]
g1307.7600,penicillin,,0.03,mg/L,MIC,CLSI,[34493269]
g1307.7600,spectinomycin,,16.0,mg/L,MIC,CLSI,[34493269]
g1307.7600,tetracycline,,32.0,mg/L,MIC,CLSI,[34493269]
g1307.7600,tiamulin,,2.0,mg/L,MIC,CLSI,[34493269]
g1307.7600,tilmicosin,,4.0,mg/L,MIC,CLSI,[34493269]
g1307.7600,trimethoprim,,32.0,mg/L,MIC,CLSI,[34493269]
g1307.7600,tylosin,,0.5,mg/L,MIC,CLSI,[34493269]
g1307.7601,amoxicillin,,0.03,mg/L,MIC,CLSI,[34493269]
g1307.7601,cefquinome,,0.03,mg/L,MIC,CLSI,[34493269]
g1307.7601,ceftiofur,,0.5,mg/L,MIC,CLSI,[34493269]
g1307.7601,doxycycline,,16.0,mg/L,MIC,CLSI,[34493269]
g1307.7601,enrofloxacin,,0.25,mg/L,MIC,CLSI,[34493269]
g1307.7601,erythromycin,,32.0,mg/L,MIC,CLSI,[34493269]
g1307.7601,florfenicol,,2.0,mg/L,MIC,CLSI,[34493269]
g1307.7601,lincomycin,,128.0,mg/L,MIC,CLSI,[34493269]
g1307.7601,marbofloxacin,,0.5,mg/L,MIC,CLSI,[34493269]
g1307.7601,penicillin,,1.0,mg/L,MIC,CLSI,[34493269]
g1307.7601,spectinomycin,,512.0,mg/L,MIC,CLSI,[34493269]
g1307.7601,tetracycline,,64.0,mg/L,MIC,CLSI,[34493269]
g1307.7601,tiamulin,,32.0,mg/L,MIC,CLSI,[34493269]
g1307.7601,tilmicosin,,128.0,mg/L,MIC,CLSI,[34493269]
g1307.7601,trimethoprim,,0.25,mg/L,MIC,CLSI,[34493269]
g1307.7601,tylosin,,256.0,mg/L,MIC,CLSI,[34493269]
g1307.7602,amoxicillin,,0.03,mg/L,MIC,CLSI,[34493269]
g1307.7602,cefquinome,,0.015,mg/L,MIC,CLSI,[34493269]
g1307.7602,ceftiofur,,0.25,mg/L,MIC,CLSI,[34493269]
g1307.7602,doxycycline,,16.0,mg/L,MIC,CLSI,[34493269]
g1307.7602,enrofloxacin,,0.12,mg/L,MIC,CLSI,[34493269]
g1307.7602,erythromycin,,32.0,mg/L,MIC,CLSI,[34493269]
g1307.7602,florfenicol,,2.0,mg/L,MIC,CLSI,[34493269]
g1307.7602,lincomycin,,128.0,mg/L,MIC,CLSI,[34493269]
g1307.7602,marbofloxacin,,0.015,mg/L,MIC,CLSI,[34493269]
g1307.7602,penicillin,,0.5,mg/L,MIC,CLSI,[34493269]
g1307.7602,spectinomycin,,8.0,mg/L,MIC,CLSI,[34493269]
g1307.7602,tetracycline,,64.0,mg/L,MIC,CLSI,[34493269]
g1307.7602,tiamulin,,2.0,mg/L,MIC,CLSI,[34493269]
g1307.7602,tilmicosin,,128.0,mg/L,MIC,CLSI,[34493269]
g1307.7602,trimethoprim,,0.5,mg/L,MIC,CLSI,[34493269]
g1307.7602,tylosin,,256.0,mg/L,MIC,CLSI,[34493269]
g1307.7603,amoxicillin,,0.03,mg/L,MIC,CLSI,[34493269]
g1307.7603,cefquinome,,0.002,mg/L,MIC,CLSI,[34493269]
g1307.7603,ceftiofur,,0.12,mg/L,MIC,CLSI,[34493269]
g1307.7603,doxycycline,,16.0,mg/L,MIC,CLSI,[34493269]
g1307.7603,enrofloxacin,,2.0,mg/L,MIC,CLSI,[34493269]
g1307.7603,erythromycin,,32.0,mg/L,MIC,CLSI,[34493269]
g1307.7603,florfenicol,,2.0,mg/L,MIC,CLSI,[34493269]
g1307.7603,lincomycin,,128.0,mg/L,MIC,CLSI,[34493269]
g1307.7603,marbofloxacin,,0.015,mg/L,MIC,CLSI,[34493269]
g1307.7603,penicillin,,0.03,mg/L,MIC,CLSI,[34493269]
g1307.7603,spectinomycin,,32.0,mg/L,MIC,CLSI,[34493269]
g1307.7603,tetracycline,,128.0,mg/L,MIC,CLSI,[34493269]
g1307.7603,tiamulin,,4.0,mg/L,MIC,CLSI,[34493269]
g1307.7603,tilmicosin,,128.0,mg/L,MIC,CLSI,[34493269]
g1307.7603,trimethoprim,,0.015,mg/L,MIC,CLSI,[34493269]
g1307.7603,tylosin,,256.0,mg/L,MIC,CLSI,[34493269]
g1307.7604,amoxicillin,,0.03,mg/L,MIC,CLSI,[34493269]
g1307.7604,cefquinome,,0.008,mg/L,MIC,CLSI,[34493269]
g1307.7604,ceftiofur,,0.5,mg/L,MIC,CLSI,[34493269]
g1307.7604,doxycycline,,16.0,mg/L,MIC,CLSI,[34493269]
g1307.7604,enrofloxacin,,0.5,mg/L,MIC,CLSI,[34493269]
g1307.7604,erythromycin,,32.0,mg/L,MIC,CLSI,[34493269]
g1307.7604,florfenicol,,2.0,mg/L,MIC,CLSI,[34493269]
g1307.7604,lincomycin,,128.0,mg/L,MIC,CLSI,[34493269]
g1307.7604,marbofloxacin,,0.015,mg/L,MIC,CLSI,[34493269]
g1307.7604,penicillin,,0.03,mg/L,MIC,CLSI,[34493269]
g1307.7604,spectinomycin,,4.0,mg/L,MIC,CLSI,[34493269]
g1307.7604,tetracycline,,64.0,mg/L,MIC,CLSI,[34493269]
g1307.7604,tiamulin,,0.5,mg/L,MIC,CLSI,[34493269]
g1307.7604,tilmicosin,,128.0,mg/L,MIC,CLSI,[34493269]
g1307.7604,trimethoprim,,0.5,mg/L,MIC,CLSI,[34493269]
g1307.7604,tylosin,,256.0,mg/L,MIC,CLSI,[34493269]
g1307.7605,amoxicillin,,0.03,mg/L,MIC,CLSI,[34493269]
g1307.7605,cefquinome,,0.008,mg/L,MIC,CLSI,[34493269]
g1307.7605,ceftiofur,,0.12,mg/L,MIC,CLSI,[34493269]
g1307.7605,doxycycline,,16.0,mg/L,MIC,CLSI,[34493269]
g1307.7605,enrofloxacin,,0.5,mg/L,MIC,CLSI,[34493269]
g1307.7605,erythromycin,,32.0,mg/L,MIC,CLSI,[34493269]
g1307.7605,florfenicol,,2.0,mg/L,MIC,CLSI,[34493269]
g1307.7605,lincomycin,,128.0,mg/L,MIC,CLSI,[34493269]
g1307.7605,marbofloxacin,,0.015,mg/L,MIC,CLSI,[34493269]
g1307.7605,penicillin,,0.03,mg/L,MIC,CLSI,[34493269]
g1307.7605,spectinomycin,,16.0,mg/L,MIC,CLSI,[34493269]
g1307.7605,tetracycline,,64.0,mg/L,MIC,CLSI,[34493269]
g1307.7605,tiamulin,,1.0,mg/L,MIC,CLSI,[34493269]
g1307.7605,tilmicosin,,128.0,mg/L,MIC,CLSI,[34493269]
g1307.7605,trimethoprim,,0.06,mg/L,MIC,CLSI,[34493269]
g1307.7605,tylosin,,256.0,mg/L,MIC,CLSI,[34493269]
g1307.7606,amoxicillin,,0.03,mg/L,MIC,CLSI,[34493269]
g1307.7606,cefquinome,,0.25,mg/L,MIC,CLSI,[34493269]
g1307.7606,ceftiofur,,1.0,mg/L,MIC,CLSI,[34493269]
g1307.7606,doxycycline,,16.0,mg/L,MIC,CLSI,[34493269]
g1307.7606,enrofloxacin,,0.5,mg/L,MIC,CLSI,[34493269]
g1307.7606,erythromycin,,0.015,mg/L,MIC,CLSI,[34493269]
g1307.7606,florfenicol,,2.0,mg/L,MIC,CLSI,[34493269]
g1307.7606,lincomycin,,8.0,mg/L,MIC,CLSI,[34493269]
g1307.7606,marbofloxacin,,0.015,mg/L,MIC,CLSI,[34493269]
g1307.7606,penicillin,,0.12,mg/L,MIC,CLSI,[34493269]
g1307.7606,spectinomycin,,32.0,mg/L,MIC,CLSI,[34493269]
g1307.7606,tetracycline,,64.0,mg/L,MIC,CLSI,[34493269]
g1307.7606,tiamulin,,32.0,mg/L,MIC,CLSI,[34493269]
g1307.7606,tilmicosin,,4.0,mg/L,MIC,CLSI,[34493269]
g1307.7606,trimethoprim,,0.5,mg/L,MIC,CLSI,[34493269]
g1307.7606,tylosin,,1.0,mg/L,MIC,CLSI,[34493269]
g1307.7607,amoxicillin,,0.03,mg/L,MIC,CLSI,[34493269]
g1307.7607,cefquinome,,0.06,mg/L,MIC,CLSI,[34493269]
g1307.7607,ceftiofur,,0.25,mg/L,MIC,CLSI,[34493269]
g1307.7607,doxycycline,,8.0,mg/L,MIC,CLSI,[34493269]
g1307.7607,enrofloxacin,,0.25,mg/L,MIC,CLSI,[34493269]
g1307.7607,erythromycin,,0.015,mg/L,MIC,CLSI,[34493269]
g1307.7607,florfenicol,,1.0,mg/L,MIC,CLSI,[34493269]
g1307.7607,lincomycin,,8.0,mg/L,MIC,CLSI,[34493269]
g1307.7607,marbofloxacin,,0.5,mg/L,MIC,CLSI,[34493269]
g1307.7607,penicillin,,0.03,mg/L,MIC,CLSI,[34493269]
g1307.7607,spectinomycin,,32.0,mg/L,MIC,CLSI,[34493269]
g1307.7607,tetracycline,,32.0,mg/L,MIC,CLSI,[34493269]
g1307.7607,tiamulin,,16.0,mg/L,MIC,CLSI,[34493269]
g1307.7607,tilmicosin,,2.0,mg/L,MIC,CLSI,[34493269]
g1307.7607,trimethoprim,,0.06,mg/L,MIC,CLSI,[34493269]
g1307.7607,tylosin,,0.5,mg/L,MIC,CLSI,[34493269]
g1307.7608,amoxicillin,,0.03,mg/L,MIC,CLSI,[34493269]
g1307.7608,cefquinome,,0.008,mg/L,MIC,CLSI,[34493269]
g1307.7608,ceftiofur,,0.12,mg/L,MIC,CLSI,[34493269]
g1307.7608,doxycycline,,0.12,mg/L,MIC,CLSI,[34493269]
g1307.7608,enrofloxacin,,0.5,mg/L,MIC,CLSI,[34493269]
g1307.7608,erythromycin,,0.015,mg/L,MIC,CLSI,[34493269]
g1307.7608,florfenicol,,2.0,mg/L,MIC,CLSI,[34493269]
g1307.7608,lincomycin,,0.12,mg/L,MIC,CLSI,[34493269]
g1307.7608,marbofloxacin,,0.015,mg/L,MIC,CLSI,[34493269]
g1307.7608,penicillin,,0.03,mg/L,MIC,CLSI,[34493269]
g1307.7608,spectinomycin,,16.0,mg/L,MIC,CLSI,[34493269]
g1307.7608,tetracycline,,2.0,mg/L,MIC,CLSI,[34493269]
g1307.7608,tiamulin,,0.25,mg/L,MIC,CLSI,[34493269]
g1307.7608,tilmicosin,,4.0,mg/L,MIC,CLSI,[34493269]
g1307.7608,trimethoprim,,0.06,mg/L,MIC,CLSI,[34493269]
g1307.7608,tylosin,,0.5,mg/L,MIC,CLSI,[34493269]
g1307.7609,amoxicillin,,0.03,mg/L,MIC,CLSI,[34493269]
g1307.7609,cefquinome,,0.06,mg/L,MIC,CLSI,[34493269]
g1307.7609,ceftiofur,,1.0,mg/L,MIC,CLSI,[34493269]
g1307.7609,doxycycline,,16.0,mg/L,MIC,CLSI,[34493269]
g1307.7609,enrofloxacin,,0.5,mg/L,MIC,CLSI,[34493269]
g1307.7609,erythromycin,,32.0,mg/L,MIC,CLSI,[34493269]
g1307.7609,florfenicol,,2.0,mg/L,MIC,CLSI,[34493269]
g1307.7609,lincomycin,,128.0,mg/L,MIC,CLSI,[34493269]
g1307.7609,marbofloxacin,,1.0,mg/L,MIC,CLSI,[34493269]
g1307.7609,penicillin,,0.25,mg/L,MIC,CLSI,[34493269]
g1307.7609,spectinomycin,,32.0,mg/L,MIC,CLSI,[34493269]
g1307.7609,tetracycline,,64.0,mg/L,MIC,CLSI,[34493269]
g1307.7609,tiamulin,,1.0,mg/L,MIC,CLSI,[34493269]
g1307.7609,tilmicosin,,128.0,mg/L,MIC,CLSI,[34493269]
g1307.7609,trimethoprim,,0.25,mg/L,MIC,CLSI,[34493269]
g1307.7609,tylosin,,256.0,mg/L,MIC,CLSI,[34493269]
g1307.7610,amoxicillin,,0.03,mg/L,MIC,CLSI,[34493269]
g1307.7610,cefquinome,,0.03,mg/L,MIC,CLSI,[34493269]
g1307.7610,ceftiofur,,0.5,mg/L,MIC,CLSI,[34493269]
g1307.7610,doxycycline,,16.0,mg/L,MIC,CLSI,[34493269]
g1307.7610,enrofloxacin,,0.5,mg/L,MIC,CLSI,[34493269]
g1307.7610,erythromycin,,32.0,mg/L,MIC,CLSI,[34493269]
g1307.7610,florfenicol,,2.0,mg/L,MIC,CLSI,[34493269]
g1307.7610,lincomycin,,128.0,mg/L,MIC,CLSI,[34493269]
g1307.7610,marbofloxacin,,1.0,mg/L,MIC,CLSI,[34493269]
g1307.7610,penicillin,,0.12,mg/L,MIC,CLSI,[34493269]
g1307.7610,spectinomycin,,8.0,mg/L,MIC,CLSI,[34493269]
g1307.7610,tetracycline,,64.0,mg/L,MIC,CLSI,[34493269]
g1307.7610,tiamulin,,0.12,mg/L,MIC,CLSI,[34493269]
g1307.7610,tilmicosin,,128.0,mg/L,MIC,CLSI,[34493269]
g1307.7610,trimethoprim,,0.5,mg/L,MIC,CLSI,[34493269]
g1307.7610,tylosin,,256.0,mg/L,MIC,CLSI,[34493269]
g1307.7611,amoxicillin,,0.03,mg/L,MIC,CLSI,[34493269]
g1307.7611,cefquinome,,0.03,mg/L,MIC,CLSI,[34493269]
g1307.7611,ceftiofur,,0.12,mg/L,MIC,CLSI,[34493269]
g1307.7611,doxycycline,,8.0,mg/L,MIC,CLSI,[34493269]
g1307.7611,enrofloxacin,,0.5,mg/L,MIC,CLSI,[34493269]
g1307.7611,erythromycin,,0.06,mg/L,MIC,CLSI,[34493269]
g1307.7611,florfenicol,,1.0,mg/L,MIC,CLSI,[34493269]
g1307.7611,lincomycin,,0.12,mg/L,MIC,CLSI,[34493269]
g1307.7611,marbofloxacin,,1.0,mg/L,MIC,CLSI,[34493269]
g1307.7611,penicillin,,0.03,mg/L,MIC,CLSI,[34493269]
g1307.7611,spectinomycin,,16.0,mg/L,MIC,CLSI,[34493269]
g1307.7611,tetracycline,,64.0,mg/L,MIC,CLSI,[34493269]
g1307.7611,tiamulin,,0.25,mg/L,MIC,CLSI,[34493269]
g1307.7611,tilmicosin,,4.0,mg/L,MIC,CLSI,[34493269]
g1307.7611,trimethoprim,,0.03,mg/L,MIC,CLSI,[34493269]
g1307.7611,tylosin,,1.0,mg/L,MIC,CLSI,[34493269]
g1307.7612,amoxicillin,,0.03,mg/L,MIC,CLSI,[34493269]
g1307.7612,cefquinome,,0.06,mg/L,MIC,CLSI,[34493269]
g1307.7612,ceftiofur,,0.5,mg/L,MIC,CLSI,[34493269]
g1307.7612,doxycycline,,16.0,mg/L,MIC,CLSI,[34493269]
g1307.7612,enrofloxacin,,0.12,mg/L,MIC,CLSI,[34493269]
g1307.7612,erythromycin,,32.0,mg/L,MIC,CLSI,[34493269]
g1307.7612,florfenicol,,2.0,mg/L,MIC,CLSI,[34493269]
g1307.7612,lincomycin,,128.0,mg/L,MIC,CLSI,[34493269]
g1307.7612,marbofloxacin,,0.25,mg/L,MIC,CLSI,[34493269]
g1307.7612,penicillin,,1.0,mg/L,MIC,CLSI,[34493269]
g1307.7612,spectinomycin,,16.0,mg/L,MIC,CLSI,[34493269]
g1307.7612,tetracycline,,64.0,mg/L,MIC,CLSI,[34493269]
g1307.7612,tiamulin,,8.0,mg/L,MIC,CLSI,[34493269]
g1307.7612,tilmicosin,,128.0,mg/L,MIC,CLSI,[34493269]
g1307.7612,trimethoprim,,0.06,mg/L,MIC,CLSI,[34493269]
g1307.7612,tylosin,,256.0,mg/L,MIC,CLSI,[34493269]
g1307.7613,amoxicillin,,0.03,mg/L,MIC,CLSI,[34493269]
g1307.7613,cefquinome,,0.015,mg/L,MIC,CLSI,[34493269]
g1307.7613,ceftiofur,,0.12,mg/L,MIC,CLSI,[34493269]
g1307.7613,doxycycline,,16.0,mg/L,MIC,CLSI,[34493269]
g1307.7613,enrofloxacin,,0.5,mg/L,MIC,CLSI,[34493269]
g1307.7613,erythromycin,,0.03,mg/L,MIC,CLSI,[34493269]
g1307.7613,florfenicol,,2.0,mg/L,MIC,CLSI,[34493269]
g1307.7613,lincomycin,,4.0,mg/L,MIC,CLSI,[34493269]
g1307.7613,marbofloxacin,,0.5,mg/L,MIC,CLSI,[34493269]
g1307.7613,penicillin,,0.03,mg/L,MIC,CLSI,[34493269]
g1307.7613,spectinomycin,,16.0,mg/L,MIC,CLSI,[34493269]
g1307.7613,tetracycline,,128.0,mg/L,MIC,CLSI,[34493269]
g1307.7613,tiamulin,,4.0,mg/L,MIC,CLSI,[34493269]
g1307.7613,tilmicosin,,4.0,mg/L,MIC,CLSI,[34493269]
g1307.7613,trimethoprim,,0.25,mg/L,MIC,CLSI,[34493269]
g1307.7613,tylosin,,0.5,mg/L,MIC,CLSI,[34493269]
g1307.7614,amoxicillin,,0.03,mg/L,MIC,CLSI,[34493269]
g1307.7614,cefquinome,,0.015,mg/L,MIC,CLSI,[34493269]
g1307.7614,ceftiofur,,0.12,mg/L,MIC,CLSI,[34493269]
g1307.7614,doxycycline,,16.0,mg/L,MIC,CLSI,[34493269]
g1307.7614,enrofloxacin,,0.5,mg/L,MIC,CLSI,[34493269]
g1307.7614,erythromycin,,0.03,mg/L,MIC,CLSI,[34493269]
g1307.7614,florfenicol,,2.0,mg/L,MIC,CLSI,[34493269]
g1307.7614,lincomycin,,2.0,mg/L,MIC,CLSI,[34493269]
g1307.7614,marbofloxacin,,1.0,mg/L,MIC,CLSI,[34493269]
g1307.7614,penicillin,,0.03,mg/L,MIC,CLSI,[34493269]
g1307.7614,spectinomycin,,16.0,mg/L,MIC,CLSI,[34493269]
g1307.7614,tetracycline,,64.0,mg/L,MIC,CLSI,[34493269]
g1307.7614,tiamulin,,2.0,mg/L,MIC,CLSI,[34493269]
g1307.7614,tilmicosin,,2.0,mg/L,MIC,CLSI,[34493269]
g1307.7614,trimethoprim,,32.0,mg/L,MIC,CLSI,[34493269]
g1307.7614,tylosin,,0.5,mg/L,MIC,CLSI,[34493269]
g1307.7615,amoxicillin,,0.03,mg/L,MIC,CLSI,[34493269]
g1307.7615,cefquinome,,0.06,mg/L,MIC,CLSI,[34493269]
g1307.7615,ceftiofur,,1.0,mg/L,MIC,CLSI,[34493269]
g1307.7615,doxycycline,,16.0,mg/L,MIC,CLSI,[34493269]
g1307.7615,enrofloxacin,,0.25,mg/L,MIC,CLSI,[34493269]
g1307.7615,erythromycin,,32.0,mg/L,MIC,CLSI,[34493269]
g1307.7615,florfenicol,,1.0,mg/L,MIC,CLSI,[34493269]
g1307.7615,lincomycin,,128.0,mg/L,MIC,CLSI,[34493269]
g1307.7615,marbofloxacin,,0.5,mg/L,MIC,CLSI,[34493269]
g1307.7615,penicillin,,0.25,mg/L,MIC,CLSI,[34493269]
g1307.7615,spectinomycin,,16.0,mg/L,MIC,CLSI,[34493269]
g1307.7615,tetracycline,,128.0,mg/L,MIC,CLSI,[34493269]
g1307.7615,tiamulin,,64.0,mg/L,MIC,CLSI,[34493269]
g1307.7615,tilmicosin,,128.0,mg/L,MIC,CLSI,[34493269]
g1307.7615,trimethoprim,,0.12,mg/L,MIC,CLSI,[34493269]
g1307.7615,tylosin,,256.0,mg/L,MIC,CLSI,[34493269]
g1307.7616,amoxicillin,,0.03,mg/L,MIC,CLSI,[34493269]
g1307.7616,cefquinome,,0.03,mg/L,MIC,CLSI,[34493269]
g1307.7616,ceftiofur,,0.12,mg/L,MIC,CLSI,[34493269]
g1307.7616,doxycycline,,8.0,mg/L,MIC,CLSI,[34493269]
g1307.7616,enrofloxacin,,0.5,mg/L,MIC,CLSI,[34493269]
g1307.7616,erythromycin,,32.0,mg/L,MIC,CLSI,[34493269]
g1307.7616,florfenicol,,2.0,mg/L,MIC,CLSI,[34493269]
g1307.7616,lincomycin,,128.0,mg/L,MIC,CLSI,[34493269]
g1307.7616,marbofloxacin,,1.0,mg/L,MIC,CLSI,[34493269]
g1307.7616,penicillin,,0.03,mg/L,MIC,CLSI,[34493269]
g1307.7616,spectinomycin,,16.0,mg/L,MIC,CLSI,[34493269]
g1307.7616,tetracycline,,64.0,mg/L,MIC,CLSI,[34493269]
g1307.7616,tiamulin,,1.0,mg/L,MIC,CLSI,[34493269]
g1307.7616,tilmicosin,,128.0,mg/L,MIC,CLSI,[34493269]
g1307.7616,trimethoprim,,16.0,mg/L,MIC,CLSI,[34493269]
g1307.7616,tylosin,,256.0,mg/L,MIC,CLSI,[34493269]
g1307.7617,amoxicillin,,0.03,mg/L,MIC,CLSI,[34493269]
g1307.7617,cefquinome,,0.06,mg/L,MIC,CLSI,[34493269]
g1307.7617,ceftiofur,,0.25,mg/L,MIC,CLSI,[34493269]
g1307.7617,doxycycline,,0.12,mg/L,MIC,CLSI,[34493269]
g1307.7617,enrofloxacin,,0.5,mg/L,MIC,CLSI,[34493269]
g1307.7617,erythromycin,,0.03,mg/L,MIC,CLSI,[34493269]
g1307.7617,florfenicol,,2.0,mg/L,MIC,CLSI,[34493269]
g1307.7617,lincomycin,,2.0,mg/L,MIC,CLSI,[34493269]
g1307.7617,marbofloxacin,,1.0,mg/L,MIC,CLSI,[34493269]
g1307.7617,penicillin,,0.03,mg/L,MIC,CLSI,[34493269]
g1307.7617,spectinomycin,,16.0,mg/L,MIC,CLSI,[34493269]
g1307.7617,tetracycline,,2.0,mg/L,MIC,CLSI,[34493269]
g1307.7617,tiamulin,,2.0,mg/L,MIC,CLSI,[34493269]
g1307.7617,tilmicosin,,4.0,mg/L,MIC,CLSI,[34493269]
g1307.7617,trimethoprim,,0.015,mg/L,MIC,CLSI,[34493269]
g1307.7617,tylosin,,1.0,mg/L,MIC,CLSI,[34493269]
g1307.7618,amoxicillin,,0.03,mg/L,MIC,CLSI,[34493269]
g1307.7618,cefquinome,,0.03,mg/L,MIC,CLSI,[34493269]
g1307.7618,ceftiofur,,0.25,mg/L,MIC,CLSI,[34493269]
g1307.7618,doxycycline,,0.12,mg/L,MIC,CLSI,[34493269]
g1307.7618,enrofloxacin,,0.5,mg/L,MIC,CLSI,[34493269]
g1307.7618,erythromycin,,32.0,mg/L,MIC,CLSI,[34493269]
g1307.7618,florfenicol,,2.0,mg/L,MIC,CLSI,[34493269]
g1307.7618,lincomycin,,128.0,mg/L,MIC,CLSI,[34493269]
g1307.7618,marbofloxacin,,1.0,mg/L,MIC,CLSI,[34493269]
g1307.7618,penicillin,,0.03,mg/L,MIC,CLSI,[34493269]
g1307.7618,spectinomycin,,32.0,mg/L,MIC,CLSI,[34493269]
g1307.7618,tetracycline,,2.0,mg/L,MIC,CLSI,[34493269]
g1307.7618,tiamulin,,4.0,mg/L,MIC,CLSI,[34493269]
g1307.7618,tilmicosin,,128.0,mg/L,MIC,CLSI,[34493269]
g1307.7618,trimethoprim,,0.015,mg/L,MIC,CLSI,[34493269]
g1307.7618,tylosin,,256.0,mg/L,MIC,CLSI,[34493269]
g1307.7619,amoxicillin,,0.03,mg/L,MIC,CLSI,[34493269]
g1307.7619,cefquinome,,0.03,mg/L,MIC,CLSI,[34493269]
g1307.7619,ceftiofur,,0.5,mg/L,MIC,CLSI,[34493269]
g1307.7619,doxycycline,,8.0,mg/L,MIC,CLSI,[34493269]
g1307.7619,enrofloxacin,,0.5,mg/L,MIC,CLSI,[34493269]
g1307.7619,erythromycin,,32.0,mg/L,MIC,CLSI,[34493269]
g1307.7619,florfenicol,,2.0,mg/L,MIC,CLSI,[34493269]
g1307.7619,lincomycin,,128.0,mg/L,MIC,CLSI,[34493269]
g1307.7619,marbofloxacin,,1.0,mg/L,MIC,CLSI,[34493269]
g1307.7619,penicillin,,0.12,mg/L,MIC,CLSI,[34493269]
g1307.7619,spectinomycin,,8.0,mg/L,MIC,CLSI,[34493269]
g1307.7619,tetracycline,,64.0,mg/L,MIC,CLSI,[34493269]
g1307.7619,tiamulin,,4.0,mg/L,MIC,CLSI,[34493269]
g1307.7619,tilmicosin,,128.0,mg/L,MIC,CLSI,[34493269]
g1307.7619,trimethoprim,,0.5,mg/L,MIC,CLSI,[34493269]
g1307.7619,tylosin,,256.0,mg/L,MIC,CLSI,[34493269]
g1307.7620,amoxicillin,,0.03,mg/L,MIC,CLSI,[34493269]
g1307.7620,cefquinome,,0.008,mg/L,MIC,CLSI,[34493269]
g1307.7620,ceftiofur,,0.12,mg/L,MIC,CLSI,[34493269]
g1307.7620,doxycycline,,0.12,mg/L,MIC,CLSI,[34493269]
g1307.7620,enrofloxacin,,0.5,mg/L,MIC,CLSI,[34493269]
g1307.7620,erythromycin,,0.03,mg/L,MIC,CLSI,[34493269]
g1307.7620,florfenicol,,2.0,mg/L,MIC,CLSI,[34493269]
g1307.7620,lincomycin,,2.0,mg/L,MIC,CLSI,[34493269]
g1307.7620,marbofloxacin,,1.0,mg/L,MIC,CLSI,[34493269]
g1307.7620,penicillin,,0.03,mg/L,MIC,CLSI,[34493269]
g1307.7620,spectinomycin,,16.0,mg/L,MIC,CLSI,[34493269]
g1307.7620,tetracycline,,2.0,mg/L,MIC,CLSI,[34493269]
g1307.7620,tiamulin,,4.0,mg/L,MIC,CLSI,[34493269]
g1307.7620,tilmicosin,,4.0,mg/L,MIC,CLSI,[34493269]
g1307.7620,trimethoprim,,0.03,mg/L,MIC,CLSI,[34493269]
g1307.7620,tylosin,,1.0,mg/L,MIC,CLSI,[34493269]
g1307.7621,amoxicillin,,0.03,mg/L,MIC,CLSI,[34493269]
g1307.7621,cefquinome,,0.015,mg/L,MIC,CLSI,[34493269]
g1307.7621,ceftiofur,,0.12,mg/L,MIC,CLSI,[34493269]
g1307.7621,doxycycline,,16.0,mg/L,MIC,CLSI,[34493269]
g1307.7621,enrofloxacin,,0.25,mg/L,MIC,CLSI,[34493269]
g1307.7621,erythromycin,,0.03,mg/L,MIC,CLSI,[34493269]
g1307.7621,florfenicol,,2.0,mg/L,MIC,CLSI,[34493269]
g1307.7621,lincomycin,,0.25,mg/L,MIC,CLSI,[34493269]
g1307.7621,marbofloxacin,,0.5,mg/L,MIC,CLSI,[34493269]
g1307.7621,penicillin,,0.03,mg/L,MIC,CLSI,[34493269]
g1307.7621,spectinomycin,,16.0,mg/L,MIC,CLSI,[34493269]
g1307.7621,tetracycline,,64.0,mg/L,MIC,CLSI,[34493269]
g1307.7621,tiamulin,,1.0,mg/L,MIC,CLSI,[34493269]
g1307.7621,tilmicosin,,4.0,mg/L,MIC,CLSI,[34493269]
g1307.7621,trimethoprim,,0.03,mg/L,MIC,CLSI,[34493269]
g1307.7621,tylosin,,1.0,mg/L,MIC,CLSI,[34493269]
g1307.7622,amoxicillin,,0.03,mg/L,MIC,CLSI,[34493269]
g1307.7622,cefquinome,,0.015,mg/L,MIC,CLSI,[34493269]
g1307.7622,ceftiofur,,0.12,mg/L,MIC,CLSI,[34493269]
g1307.7622,doxycycline,,0.25,mg/L,MIC,CLSI,[34493269]
g1307.7622,enrofloxacin,,0.5,mg/L,MIC,CLSI,[34493269]
g1307.7622,erythromycin,,0.03,mg/L,MIC,CLSI,[34493269]
g1307.7622,florfenicol,,2.0,mg/L,MIC,CLSI,[34493269]
g1307.7622,lincomycin,,8.0,mg/L,MIC,CLSI,[34493269]
g1307.7622,marbofloxacin,,1.0,mg/L,MIC,CLSI,[34493269]
g1307.7622,penicillin,,0.03,mg/L,MIC,CLSI,[34493269]
g1307.7622,spectinomycin,,16.0,mg/L,MIC,CLSI,[34493269]
g1307.7622,tetracycline,,2.0,mg/L,MIC,CLSI,[34493269]
g1307.7622,tiamulin,,8.0,mg/L,MIC,CLSI,[34493269]
g1307.7622,tilmicosin,,8.0,mg/L,MIC,CLSI,[34493269]
g1307.7622,trimethoprim,,0.015,mg/L,MIC,CLSI,[34493269]
g1307.7622,tylosin,,1.0,mg/L,MIC,CLSI,[34493269]
g1307.7623,amoxicillin,,0.03,mg/L,MIC,CLSI,[34493269]
g1307.7623,cefquinome,,0.03,mg/L,MIC,CLSI,[34493269]
g1307.7623,ceftiofur,,0.12,mg/L,MIC,CLSI,[34493269]
g1307.7623,doxycycline,,16.0,mg/L,MIC,CLSI,[34493269]
g1307.7623,enrofloxacin,,0.25,mg/L,MIC,CLSI,[34493269]
g1307.7623,erythromycin,,32.0,mg/L,MIC,CLSI,[34493269]
g1307.7623,florfenicol,,1.0,mg/L,MIC,CLSI,[34493269]
g1307.7623,lincomycin,,128.0,mg/L,MIC,CLSI,[34493269]
g1307.7623,marbofloxacin,,0.5,mg/L,MIC,CLSI,[34493269]
g1307.7623,penicillin,,0.03,mg/L,MIC,CLSI,[34493269]
g1307.7623,spectinomycin,,16.0,mg/L,MIC,CLSI,[34493269]
g1307.7623,tetracycline,,64.0,mg/L,MIC,CLSI,[34493269]
g1307.7623,tiamulin,,4.0,mg/L,MIC,CLSI,[34493269]
g1307.7623,tilmicosin,,128.0,mg/L,MIC,CLSI,[34493269]
g1307.7623,trimethoprim,,0.03,mg/L,MIC,CLSI,[34493269]
g1307.7623,tylosin,,256.0,mg/L,MIC,CLSI,[34493269]
g1307.7624,amoxicillin,,0.03,mg/L,MIC,CLSI,[34493269]
g1307.7624,cefquinome,,0.008,mg/L,MIC,CLSI,[34493269]
g1307.7624,ceftiofur,,0.06,mg/L,MIC,CLSI,[34493269]
g1307.7624,doxycycline,,8.0,mg/L,MIC,CLSI,[34493269]
g1307.7624,enrofloxacin,,0.25,mg/L,MIC,CLSI,[34493269]
g1307.7624,erythromycin,,0.015,mg/L,MIC,CLSI,[34493269]
g1307.7624,florfenicol,,2.0,mg/L,MIC,CLSI,[34493269]
g1307.7624,lincomycin,,0.12,mg/L,MIC,CLSI,[34493269]
g1307.7624,marbofloxacin,,0.015,mg/L,MIC,CLSI,[34493269]
g1307.7624,penicillin,,0.03,mg/L,MIC,CLSI,[34493269]
g1307.7624,spectinomycin,,16.0,mg/L,MIC,CLSI,[34493269]
g1307.7624,tetracycline,,64.0,mg/L,MIC,CLSI,[34493269]
g1307.7624,tiamulin,,0.25,mg/L,MIC,CLSI,[34493269]
g1307.7624,tilmicosin,,4.0,mg/L,MIC,CLSI,[34493269]
g1307.7624,trimethoprim,,0.5,mg/L,MIC,CLSI,[34493269]
g1307.7624,tylosin,,1.0,mg/L,MIC,CLSI,[34493269]
g1307.7625,amoxicillin,,0.03,mg/L,MIC,CLSI,[34493269]
g1307.7625,cefquinome,,0.008,mg/L,MIC,CLSI,[34493269]
g1307.7625,ceftiofur,,0.12,mg/L,MIC,CLSI,[34493269]
g1307.7625,doxycycline,,8.0,mg/L,MIC,CLSI,[34493269]
g1307.7625,enrofloxacin,,0.5,mg/L,MIC,CLSI,[34493269]
g1307.7625,erythromycin,,0.015,mg/L,MIC,CLSI,[34493269]
g1307.7625,florfenicol,,2.0,mg/L,MIC,CLSI,[34493269]
g1307.7625,lincomycin,,1.0,mg/L,MIC,CLSI,[34493269]
g1307.7625,marbofloxacin,,0.015,mg/L,MIC,CLSI,[34493269]
g1307.7625,penicillin,,0.03,mg/L,MIC,CLSI,[34493269]
g1307.7625,spectinomycin,,16.0,mg/L,MIC,CLSI,[34493269]
g1307.7625,tetracycline,,32.0,mg/L,MIC,CLSI,[34493269]
g1307.7625,tiamulin,,2.0,mg/L,MIC,CLSI,[34493269]
g1307.7625,tilmicosin,,4.0,mg/L,MIC,CLSI,[34493269]
g1307.7625,trimethoprim,,0.06,mg/L,MIC,CLSI,[34493269]
g1307.7625,tylosin,,0.5,mg/L,MIC,CLSI,[34493269]
g1307.7626,amoxicillin,,4.0,mg/L,MIC,CLSI,[34493269]
g1307.7626,cefquinome,,0.5,mg/L,MIC,CLSI,[34493269]
g1307.7626,ceftiofur,,8.0,mg/L,MIC,CLSI,[34493269]
g1307.7626,doxycycline,,16.0,mg/L,MIC,CLSI,[34493269]
g1307.7626,enrofloxacin,,0.5,mg/L,MIC,CLSI,[34493269]
g1307.7626,erythromycin,,32.0,mg/L,MIC,CLSI,[34493269]
g1307.7626,florfenicol,,2.0,mg/L,MIC,CLSI,[34493269]
g1307.7626,lincomycin,,128.0,mg/L,MIC,CLSI,[34493269]
g1307.7626,marbofloxacin,,1.0,mg/L,MIC,CLSI,[34493269]
g1307.7626,penicillin,,4.0,mg/L,MIC,CLSI,[34493269]
g1307.7626,spectinomycin,,32.0,mg/L,MIC,CLSI,[34493269]
g1307.7626,tetracycline,,64.0,mg/L,MIC,CLSI,[34493269]
g1307.7626,tiamulin,,64.0,mg/L,MIC,CLSI,[34493269]
g1307.7626,tilmicosin,,128.0,mg/L,MIC,CLSI,[34493269]
g1307.7626,trimethoprim,,0.5,mg/L,MIC,CLSI,[34493269]
g1307.7626,tylosin,,256.0,mg/L,MIC,CLSI,[34493269]
g1307.7627,amoxicillin,,0.03,mg/L,MIC,CLSI,[34493269]
g1307.7627,cefquinome,,0.015,mg/L,MIC,CLSI,[34493269]
g1307.7627,ceftiofur,,0.06,mg/L,MIC,CLSI,[34493269]
g1307.7627,doxycycline,,16.0,mg/L,MIC,CLSI,[34493269]
g1307.7627,enrofloxacin,,0.5,mg/L,MIC,CLSI,[34493269]
g1307.7627,erythromycin,,0.06,mg/L,MIC,CLSI,[34493269]
g1307.7627,florfenicol,,2.0,mg/L,MIC,CLSI,[34493269]
g1307.7627,lincomycin,,0.5,mg/L,MIC,CLSI,[34493269]
g1307.7627,marbofloxacin,,1.0,mg/L,MIC,CLSI,[34493269]
g1307.7627,penicillin,,0.03,mg/L,MIC,CLSI,[34493269]
g1307.7627,spectinomycin,,16.0,mg/L,MIC,CLSI,[34493269]
g1307.7627,tetracycline,,64.0,mg/L,MIC,CLSI,[34493269]
g1307.7627,tiamulin,,1.0,mg/L,MIC,CLSI,[34493269]
g1307.7627,tilmicosin,,4.0,mg/L,MIC,CLSI,[34493269]
g1307.7627,trimethoprim,,0.03,mg/L,MIC,CLSI,[34493269]
g1307.7627,tylosin,,1.0,mg/L,MIC,CLSI,[34493269]
g1307.7628,amoxicillin,,0.03,mg/L,MIC,CLSI,[34493269]
g1307.7628,cefquinome,,0.03,mg/L,MIC,CLSI,[34493269]
g1307.7628,ceftiofur,,0.12,mg/L,MIC,CLSI,[34493269]
g1307.7628,doxycycline,,0.12,mg/L,MIC,CLSI,[34493269]
g1307.7628,enrofloxacin,,0.5,mg/L,MIC,CLSI,[34493269]
g1307.7628,erythromycin,,4.0,mg/L,MIC,CLSI,[34493269]
g1307.7628,florfenicol,,2.0,mg/L,MIC,CLSI,[34493269]
g1307.7628,lincomycin,,128.0,mg/L,MIC,CLSI,[34493269]
g1307.7628,marbofloxacin,,0.5,mg/L,MIC,CLSI,[34493269]
g1307.7628,penicillin,,0.03,mg/L,MIC,CLSI,[34493269]
g1307.7628,spectinomycin,,16.0,mg/L,MIC,CLSI,[34493269]
g1307.7628,tetracycline,,2.0,mg/L,MIC,CLSI,[34493269]
g1307.7628,tiamulin,,16.0,mg/L,MIC,CLSI,[34493269]
g1307.7628,tilmicosin,,128.0,mg/L,MIC,CLSI,[34493269]
g1307.7628,trimethoprim,,0.25,mg/L,MIC,CLSI,[34493269]
g1307.7628,tylosin,,256.0,mg/L,MIC,CLSI,[34493269]
g1307.7629,amoxicillin,,0.03,mg/L,MIC,CLSI,[34493269]
g1307.7629,cefquinome,,0.015,mg/L,MIC,CLSI,[34493269]
g1307.7629,ceftiofur,,0.12,mg/L,MIC,CLSI,[34493269]
g1307.7629,doxycycline,,16.0,mg/L,MIC,CLSI,[34493269]
g1307.7629,enrofloxacin,,0.5,mg/L,MIC,CLSI,[34493269]
g1307.7629,erythromycin,,32.0,mg/L,MIC,CLSI,[34493269]
g1307.7629,florfenicol,,2.0,mg/L,MIC,CLSI,[34493269]
g1307.7629,lincomycin,,128.0,mg/L,MIC,CLSI,[34493269]
g1307.7629,marbofloxacin,,1.0,mg/L,MIC,CLSI,[34493269]
g1307.7629,penicillin,,0.03,mg/L,MIC,CLSI,[34493269]
g1307.7629,spectinomycin,,8.0,mg/L,MIC,CLSI,[34493269]
g1307.7629,tetracycline,,64.0,mg/L,MIC,CLSI,[34493269]
g1307.7629,tiamulin,,1.0,mg/L,MIC,CLSI,[34493269]
g1307.7629,tilmicosin,,128.0,mg/L,MIC,CLSI,[34493269]
g1307.7629,trimethoprim,,0.06,mg/L,MIC,CLSI,[34493269]
g1307.7629,tylosin,,256.0,mg/L,MIC,CLSI,[34493269]
g1307.7630,amoxicillin,,0.06,mg/L,MIC,CLSI,[34493269]
g1307.7630,cefquinome,,0.03,mg/L,MIC,CLSI,[34493269]
g1307.7630,ceftiofur,,0.25,mg/L,MIC,CLSI,[34493269]
g1307.7630,doxycycline,,16.0,mg/L,MIC,CLSI,[34493269]
g1307.7630,enrofloxacin,,0.5,mg/L,MIC,CLSI,[34493269]
g1307.7630,erythromycin,,32.0,mg/L,MIC,CLSI,[34493269]
g1307.7630,florfenicol,,2.0,mg/L,MIC,CLSI,[34493269]
g1307.7630,lincomycin,,128.0,mg/L,MIC,CLSI,[34493269]
g1307.7630,marbofloxacin,,1.0,mg/L,MIC,CLSI,[34493269]
g1307.7630,penicillin,,0.5,mg/L,MIC,CLSI,[34493269]
g1307.7630,spectinomycin,,32.0,mg/L,MIC,CLSI,[34493269]
g1307.7630,tetracycline,,64.0,mg/L,MIC,CLSI,[34493269]
g1307.7630,tiamulin,,32.0,mg/L,MIC,CLSI,[34493269]
g1307.7630,tilmicosin,,128.0,mg/L,MIC,CLSI,[34493269]
g1307.7630,trimethoprim,,32.0,mg/L,MIC,CLSI,[34493269]
g1307.7630,tylosin,,256.0,mg/L,MIC,CLSI,[34493269]
g1307.7631,amoxicillin,,0.03,mg/L,MIC,CLSI,[34493269]
g1307.7631,cefquinome,,0.015,mg/L,MIC,CLSI,[34493269]
g1307.7631,ceftiofur,,0.12,mg/L,MIC,CLSI,[34493269]
g1307.7631,doxycycline,,16.0,mg/L,MIC,CLSI,[34493269]
g1307.7631,enrofloxacin,,0.5,mg/L,MIC,CLSI,[34493269]
g1307.7631,erythromycin,,32.0,mg/L,MIC,CLSI,[34493269]
g1307.7631,florfenicol,,2.0,mg/L,MIC,CLSI,[34493269]
g1307.7631,lincomycin,,128.0,mg/L,MIC,CLSI,[34493269]
g1307.7631,marbofloxacin,,1.0,mg/L,MIC,CLSI,[34493269]
g1307.7631,penicillin,,0.03,mg/L,MIC,CLSI,[34493269]
g1307.7631,spectinomycin,,8.0,mg/L,MIC,CLSI,[34493269]
g1307.7631,tetracycline,,64.0,mg/L,MIC,CLSI,[34493269]
g1307.7631,tiamulin,,0.5,mg/L,MIC,CLSI,[34493269]
g1307.7631,tilmicosin,,128.0,mg/L,MIC,CLSI,[34493269]
g1307.7631,trimethoprim,,0.06,mg/L,MIC,CLSI,[34493269]
g1307.7631,tylosin,,256.0,mg/L,MIC,CLSI,[34493269]
g1307.7632,amoxicillin,,0.03,mg/L,MIC,CLSI,[34493269]
g1307.7632,cefquinome,,0.015,mg/L,MIC,CLSI,[34493269]
g1307.7632,ceftiofur,,0.12,mg/L,MIC,CLSI,[34493269]
g1307.7632,doxycycline,,16.0,mg/L,MIC,CLSI,[34493269]
g1307.7632,enrofloxacin,,0.5,mg/L,MIC,CLSI,[34493269]
g1307.7632,erythromycin,,32.0,mg/L,MIC,CLSI,[34493269]
g1307.7632,florfenicol,,2.0,mg/L,MIC,CLSI,[34493269]
g1307.7632,lincomycin,,128.0,mg/L,MIC,CLSI,[34493269]
g1307.7632,marbofloxacin,,1.0,mg/L,MIC,CLSI,[34493269]
g1307.7632,penicillin,,0.03,mg/L,MIC,CLSI,[34493269]
g1307.7632,spectinomycin,,8.0,mg/L,MIC,CLSI,[34493269]
g1307.7632,tetracycline,,64.0,mg/L,MIC,CLSI,[34493269]
g1307.7632,tiamulin,,2.0,mg/L,MIC,CLSI,[34493269]
g1307.7632,tilmicosin,,128.0,mg/L,MIC,CLSI,[34493269]
g1307.7632,trimethoprim,,0.06,mg/L,MIC,CLSI,[34493269]
g1307.7632,tylosin,,256.0,mg/L,MIC,CLSI,[34493269]
g1307.7633,amoxicillin,,0.03,mg/L,MIC,CLSI,[34493269]
g1307.7633,cefquinome,,0.015,mg/L,MIC,CLSI,[34493269]
g1307.7633,ceftiofur,,0.12,mg/L,MIC,CLSI,[34493269]
g1307.7633,doxycycline,,32.0,mg/L,MIC,CLSI,[34493269]
g1307.7633,enrofloxacin,,1.0,mg/L,MIC,CLSI,[34493269]
g1307.7633,erythromycin,,32.0,mg/L,MIC,CLSI,[34493269]
g1307.7633,florfenicol,,2.0,mg/L,MIC,CLSI,[34493269]
g1307.7633,lincomycin,,128.0,mg/L,MIC,CLSI,[34493269]
g1307.7633,marbofloxacin,,1.0,mg/L,MIC,CLSI,[34493269]
g1307.7633,penicillin,,0.03,mg/L,MIC,CLSI,[34493269]
g1307.7633,spectinomycin,,8.0,mg/L,MIC,CLSI,[34493269]
g1307.7633,tetracycline,,64.0,mg/L,MIC,CLSI,[34493269]
g1307.7633,tiamulin,,0.5,mg/L,MIC,CLSI,[34493269]
g1307.7633,tilmicosin,,128.0,mg/L,MIC,CLSI,[34493269]
g1307.7633,trimethoprim,,0.06,mg/L,MIC,CLSI,[34493269]
g1307.7633,tylosin,,256.0,mg/L,MIC,CLSI,[34493269]
g1307.7634,amoxicillin,,0.03,mg/L,MIC,CLSI,[34493269]
g1307.7634,cefquinome,,0.015,mg/L,MIC,CLSI,[34493269]
g1307.7634,ceftiofur,,0.12,mg/L,MIC,CLSI,[34493269]
g1307.7634,doxycycline,,16.0,mg/L,MIC,CLSI,[34493269]
g1307.7634,enrofloxacin,,0.5,mg/L,MIC,CLSI,[34493269]
g1307.7634,erythromycin,,32.0,mg/L,MIC,CLSI,[34493269]
g1307.7634,florfenicol,,2.0,mg/L,MIC,CLSI,[34493269]
g1307.7634,lincomycin,,128.0,mg/L,MIC,CLSI,[34493269]
g1307.7634,marbofloxacin,,1.0,mg/L,MIC,CLSI,[34493269]
g1307.7634,penicillin,,0.03,mg/L,MIC,CLSI,[34493269]
g1307.7634,spectinomycin,,8.0,mg/L,MIC,CLSI,[34493269]
g1307.7634,tetracycline,,64.0,mg/L,MIC,CLSI,[34493269]
g1307.7634,tiamulin,,0.5,mg/L,MIC,CLSI,[34493269]
g1307.7634,tilmicosin,,128.0,mg/L,MIC,CLSI,[34493269]
g1307.7634,trimethoprim,,0.06,mg/L,MIC,CLSI,[34493269]
g1307.7634,tylosin,,256.0,mg/L,MIC,CLSI,[34493269]
g1307.7635,amoxicillin,,0.03,mg/L,MIC,CLSI,[34493269]
g1307.7635,cefquinome,,0.03,mg/L,MIC,CLSI,[34493269]
g1307.7635,ceftiofur,,0.12,mg/L,MIC,CLSI,[34493269]
g1307.7635,doxycycline,,4.0,mg/L,MIC,CLSI,[34493269]
g1307.7635,enrofloxacin,,0.5,mg/L,MIC,CLSI,[34493269]
g1307.7635,erythromycin,,32.0,mg/L,MIC,CLSI,[34493269]
g1307.7635,florfenicol,,2.0,mg/L,MIC,CLSI,[34493269]
g1307.7635,lincomycin,,128.0,mg/L,MIC,CLSI,[34493269]
g1307.7635,marbofloxacin,,1.0,mg/L,MIC,CLSI,[34493269]
g1307.7635,penicillin,,0.03,mg/L,MIC,CLSI,[34493269]
g1307.7635,spectinomycin,,16.0,mg/L,MIC,CLSI,[34493269]
g1307.7635,tetracycline,,32.0,mg/L,MIC,CLSI,[34493269]
g1307.7635,tiamulin,,0.5,mg/L,MIC,CLSI,[34493269]
g1307.7635,tilmicosin,,128.0,mg/L,MIC,CLSI,[34493269]
g1307.7635,trimethoprim,,0.06,mg/L,MIC,CLSI,[34493269]
g1307.7635,tylosin,,256.0,mg/L,MIC,CLSI,[34493269]
g1307.7636,amoxicillin,,0.03,mg/L,MIC,CLSI,[34493269]
g1307.7636,cefquinome,,0.03,mg/L,MIC,CLSI,[34493269]
g1307.7636,ceftiofur,,0.12,mg/L,MIC,CLSI,[34493269]
g1307.7636,doxycycline,,16.0,mg/L,MIC,CLSI,[34493269]
g1307.7636,enrofloxacin,,1.0,mg/L,MIC,CLSI,[34493269]
g1307.7636,erythromycin,,32.0,mg/L,MIC,CLSI,[34493269]
g1307.7636,florfenicol,,2.0,mg/L,MIC,CLSI,[34493269]
g1307.7636,lincomycin,,128.0,mg/L,MIC,CLSI,[34493269]
g1307.7636,marbofloxacin,,1.0,mg/L,MIC,CLSI,[34493269]
g1307.7636,penicillin,,0.03,mg/L,MIC,CLSI,[34493269]
g1307.7636,spectinomycin,,8.0,mg/L,MIC,CLSI,[34493269]
g1307.7636,tetracycline,,64.0,mg/L,MIC,CLSI,[34493269]
g1307.7636,tiamulin,,0.5,mg/L,MIC,CLSI,[34493269]
g1307.7636,tilmicosin,,128.0,mg/L,MIC,CLSI,[34493269]
g1307.7636,trimethoprim,,0.06,mg/L,MIC,CLSI,[34493269]
g1307.7636,tylosin,,256.0,mg/L,MIC,CLSI,[34493269]
g1307.7637,amoxicillin,,0.03,mg/L,MIC,CLSI,[34493269]
g1307.7637,cefquinome,,0.015,mg/L,MIC,CLSI,[34493269]
g1307.7637,ceftiofur,,0.12,mg/L,MIC,CLSI,[34493269]
g1307.7637,doxycycline,,16.0,mg/L,MIC,CLSI,[34493269]
g1307.7637,enrofloxacin,,0.25,mg/L,MIC,CLSI,[34493269]
g1307.7637,erythromycin,,32.0,mg/L,MIC,CLSI,[34493269]
g1307.7637,florfenicol,,4.0,mg/L,MIC,CLSI,[34493269]
g1307.7637,lincomycin,,128.0,mg/L,MIC,CLSI,[34493269]
g1307.7637,marbofloxacin,,1.0,mg/L,MIC,CLSI,[34493269]
g1307.7637,penicillin,,0.03,mg/L,MIC,CLSI,[34493269]
g1307.7637,spectinomycin,,8.0,mg/L,MIC,CLSI,[34493269]
g1307.7637,tetracycline,,128.0,mg/L,MIC,CLSI,[34493269]
g1307.7637,tiamulin,,4.0,mg/L,MIC,CLSI,[34493269]
g1307.7637,tilmicosin,,128.0,mg/L,MIC,CLSI,[34493269]
g1307.7637,trimethoprim,,0.03,mg/L,MIC,CLSI,[34493269]
g1307.7637,tylosin,,256.0,mg/L,MIC,CLSI,[34493269]
g1307.7638,amoxicillin,,0.06,mg/L,MIC,CLSI,[34493269]
g1307.7638,cefquinome,,2.0,mg/L,MIC,CLSI,[34493269]
g1307.7638,ceftiofur,,16.0,mg/L,MIC,CLSI,[34493269]
g1307.7638,doxycycline,,16.0,mg/L,MIC,CLSI,[34493269]
g1307.7638,enrofloxacin,,0.25,mg/L,MIC,CLSI,[34493269]
g1307.7638,erythromycin,,4.0,mg/L,MIC,CLSI,[34493269]
g1307.7638,florfenicol,,2.0,mg/L,MIC,CLSI,[34493269]
g1307.7638,lincomycin,,128.0,mg/L,MIC,CLSI,[34493269]
g1307.7638,marbofloxacin,,1.0,mg/L,MIC,CLSI,[34493269]
g1307.7638,penicillin,,1.0,mg/L,MIC,CLSI,[34493269]
g1307.7638,spectinomycin,,32.0,mg/L,MIC,CLSI,[34493269]
g1307.7638,tetracycline,,64.0,mg/L,MIC,CLSI,[34493269]
g1307.7638,tiamulin,,16.0,mg/L,MIC,CLSI,[34493269]
g1307.7638,tilmicosin,,128.0,mg/L,MIC,CLSI,[34493269]
g1307.7638,trimethoprim,,0.25,mg/L,MIC,CLSI,[34493269]
g1307.7638,tylosin,,128.0,mg/L,MIC,CLSI,[34493269]
g1307.7639,amoxicillin,,0.12,mg/L,MIC,CLSI,[34493269]
g1307.7639,cefquinome,,2.0,mg/L,MIC,CLSI,[34493269]
g1307.7639,ceftiofur,,16.0,mg/L,MIC,CLSI,[34493269]
g1307.7639,doxycycline,,16.0,mg/L,MIC,CLSI,[34493269]
g1307.7639,enrofloxacin,,0.5,mg/L,MIC,CLSI,[34493269]
g1307.7639,erythromycin,,4.0,mg/L,MIC,CLSI,[34493269]
g1307.7639,florfenicol,,2.0,mg/L,MIC,CLSI,[34493269]
g1307.7639,lincomycin,,128.0,mg/L,MIC,CLSI,[34493269]
g1307.7639,marbofloxacin,,1.0,mg/L,MIC,CLSI,[34493269]
g1307.7639,penicillin,,1.0,mg/L,MIC,CLSI,[34493269]
g1307.7639,spectinomycin,,32.0,mg/L,MIC,CLSI,[34493269]
g1307.7639,tetracycline,,64.0,mg/L,MIC,CLSI,[34493269]
g1307.7639,tiamulin,,8.0,mg/L,MIC,CLSI,[34493269]
g1307.7639,tilmicosin,,128.0,mg/L,MIC,CLSI,[34493269]
g1307.7639,trimethoprim,,0.5,mg/L,MIC,CLSI,[34493269]
g1307.7639,tylosin,,64.0,mg/L,MIC,CLSI,[34493269]
g1307.7640,amoxicillin,,0.03,mg/L,MIC,CLSI,[34493269]
g1307.7640,cefquinome,,0.03,mg/L,MIC,CLSI,[34493269]
g1307.7640,ceftiofur,,0.12,mg/L,MIC,CLSI,[34493269]
g1307.7640,doxycycline,,4.0,mg/L,MIC,CLSI,[34493269]
g1307.7640,enrofloxacin,,0.5,mg/L,MIC,CLSI,[34493269]
g1307.7640,erythromycin,,32.0,mg/L,MIC,CLSI,[34493269]
g1307.7640,florfenicol,,2.0,mg/L,MIC,CLSI,[34493269]
g1307.7640,lincomycin,,128.0,mg/L,MIC,CLSI,[34493269]
g1307.7640,marbofloxacin,,1.0,mg/L,MIC,CLSI,[34493269]
g1307.7640,penicillin,,0.03,mg/L,MIC,CLSI,[34493269]
g1307.7640,spectinomycin,,16.0,mg/L,MIC,CLSI,[34493269]
g1307.7640,tetracycline,,32.0,mg/L,MIC,CLSI,[34493269]
g1307.7640,tiamulin,,0.5,mg/L,MIC,CLSI,[34493269]
g1307.7640,tilmicosin,,128.0,mg/L,MIC,CLSI,[34493269]
g1307.7640,trimethoprim,,0.06,mg/L,MIC,CLSI,[34493269]
g1307.7640,tylosin,,256.0,mg/L,MIC,CLSI,[34493269]
g1307.7641,amoxicillin,,0.03,mg/L,MIC,CLSI,[34493269]
g1307.7641,cefquinome,,0.03,mg/L,MIC,CLSI,[34493269]
g1307.7641,ceftiofur,,0.12,mg/L,MIC,CLSI,[34493269]
g1307.7641,doxycycline,,8.0,mg/L,MIC,CLSI,[34493269]
g1307.7641,enrofloxacin,,0.25,mg/L,MIC,CLSI,[34493269]
g1307.7641,erythromycin,,8.0,mg/L,MIC,CLSI,[34493269]
g1307.7641,florfenicol,,2.0,mg/L,MIC,CLSI,[34493269]
g1307.7641,lincomycin,,128.0,mg/L,MIC,CLSI,[34493269]
g1307.7641,marbofloxacin,,0.5,mg/L,MIC,CLSI,[34493269]
g1307.7641,penicillin,,0.03,mg/L,MIC,CLSI,[34493269]
g1307.7641,spectinomycin,,16.0,mg/L,MIC,CLSI,[34493269]
g1307.7641,tetracycline,,32.0,mg/L,MIC,CLSI,[34493269]
g1307.7641,tiamulin,,2.0,mg/L,MIC,CLSI,[34493269]
g1307.7641,tilmicosin,,128.0,mg/L,MIC,CLSI,[34493269]
g1307.7641,trimethoprim,,0.06,mg/L,MIC,CLSI,[34493269]
g1307.7641,tylosin,,256.0,mg/L,MIC,CLSI,[34493269]
g1307.7642,amoxicillin,,0.03,mg/L,MIC,CLSI,[34493269]
g1307.7642,cefquinome,,0.008,mg/L,MIC,CLSI,[34493269]
g1307.7642,ceftiofur,,0.06,mg/L,MIC,CLSI,[34493269]
g1307.7642,doxycycline,,16.0,mg/L,MIC,CLSI,[34493269]
g1307.7642,enrofloxacin,,0.5,mg/L,MIC,CLSI,[34493269]
g1307.7642,erythromycin,,0.015,mg/L,MIC,CLSI,[34493269]
g1307.7642,florfenicol,,1.0,mg/L,MIC,CLSI,[34493269]
g1307.7642,lincomycin,,0.5,mg/L,MIC,CLSI,[34493269]
g1307.7642,marbofloxacin,,0.015,mg/L,MIC,CLSI,[34493269]
g1307.7642,penicillin,,0.03,mg/L,MIC,CLSI,[34493269]
g1307.7642,spectinomycin,,16.0,mg/L,MIC,CLSI,[34493269]
g1307.7642,tetracycline,,64.0,mg/L,MIC,CLSI,[34493269]
g1307.7642,tiamulin,,1.0,mg/L,MIC,CLSI,[34493269]
g1307.7642,tilmicosin,,4.0,mg/L,MIC,CLSI,[34493269]
g1307.7642,trimethoprim,,0.03,mg/L,MIC,CLSI,[34493269]
g1307.7642,tylosin,,1.0,mg/L,MIC,CLSI,[34493269]
g1307.7643,amoxicillin,,0.03,mg/L,MIC,CLSI,[34493269]
g1307.7643,cefquinome,,0.03,mg/L,MIC,CLSI,[34493269]
g1307.7643,ceftiofur,,0.25,mg/L,MIC,CLSI,[34493269]
g1307.7643,doxycycline,,16.0,mg/L,MIC,CLSI,[34493269]
g1307.7643,enrofloxacin,,0.5,mg/L,MIC,CLSI,[34493269]
g1307.7643,erythromycin,,32.0,mg/L,MIC,CLSI,[34493269]
g1307.7643,florfenicol,,2.0,mg/L,MIC,CLSI,[34493269]
g1307.7643,lincomycin,,128.0,mg/L,MIC,CLSI,[34493269]
g1307.7643,marbofloxacin,,1.0,mg/L,MIC,CLSI,[34493269]
g1307.7643,penicillin,,0.06,mg/L,MIC,CLSI,[34493269]
g1307.7643,spectinomycin,,512.0,mg/L,MIC,CLSI,[34493269]
g1307.7643,tetracycline,,64.0,mg/L,MIC,CLSI,[34493269]
g1307.7643,tiamulin,,0.12,mg/L,MIC,CLSI,[34493269]
g1307.7643,tilmicosin,,128.0,mg/L,MIC,CLSI,[34493269]
g1307.7643,trimethoprim,,0.03,mg/L,MIC,CLSI,[34493269]
g1307.7643,tylosin,,256.0,mg/L,MIC,CLSI,[34493269]
g1307.7644,amoxicillin,,0.03,mg/L,MIC,CLSI,[34493269]
g1307.7644,cefquinome,,0.008,mg/L,MIC,CLSI,[34493269]
g1307.7644,ceftiofur,,1.0,mg/L,MIC,CLSI,[34493269]
g1307.7644,doxycycline,,0.06,mg/L,MIC,CLSI,[34493269]
g1307.7644,enrofloxacin,,0.25,mg/L,MIC,CLSI,[34493269]
g1307.7644,erythromycin,,32.0,mg/L,MIC,CLSI,[34493269]
g1307.7644,florfenicol,,2.0,mg/L,MIC,CLSI,[34493269]
g1307.7644,lincomycin,,128.0,mg/L,MIC,CLSI,[34493269]
g1307.7644,marbofloxacin,,0.015,mg/L,MIC,CLSI,[34493269]
g1307.7644,penicillin,,0.03,mg/L,MIC,CLSI,[34493269]
g1307.7644,spectinomycin,,16.0,mg/L,MIC,CLSI,[34493269]
g1307.7644,tetracycline,,4.0,mg/L,MIC,CLSI,[34493269]
g1307.7644,tiamulin,,8.0,mg/L,MIC,CLSI,[34493269]
g1307.7644,tilmicosin,,128.0,mg/L,MIC,CLSI,[34493269]
g1307.7644,trimethoprim,,0.06,mg/L,MIC,CLSI,[34493269]
g1307.7644,tylosin,,256.0,mg/L,MIC,CLSI,[34493269]
g1307.7645,amoxicillin,,0.03,mg/L,MIC,CLSI,[34493269]
g1307.7645,cefquinome,,0.002,mg/L,MIC,CLSI,[34493269]
g1307.7645,ceftiofur,,0.06,mg/L,MIC,CLSI,[34493269]
g1307.7645,doxycycline,,8.0,mg/L,MIC,CLSI,[34493269]
g1307.7645,enrofloxacin,,0.25,mg/L,MIC,CLSI,[34493269]
g1307.7645,erythromycin,,0.015,mg/L,MIC,CLSI,[34493269]
g1307.7645,florfenicol,,1.0,mg/L,MIC,CLSI,[34493269]
g1307.7645,lincomycin,,0.5,mg/L,MIC,CLSI,[34493269]
g1307.7645,marbofloxacin,,0.015,mg/L,MIC,CLSI,[34493269]
g1307.7645,penicillin,,0.03,mg/L,MIC,CLSI,[34493269]
g1307.7645,spectinomycin,,8.0,mg/L,MIC,CLSI,[34493269]
g1307.7645,tetracycline,,64.0,mg/L,MIC,CLSI,[34493269]
g1307.7645,tiamulin,,1.0,mg/L,MIC,CLSI,[34493269]
g1307.7645,tilmicosin,,4.0,mg/L,MIC,CLSI,[34493269]
g1307.7645,trimethoprim,,0.03,mg/L,MIC,CLSI,[34493269]
g1307.7645,tylosin,,1.0,mg/L,MIC,CLSI,[34493269]
g1307.7646,amoxicillin,,0.03,mg/L,MIC,CLSI,[34493269]
g1307.7646,cefquinome,,0.015,mg/L,MIC,CLSI,[34493269]
g1307.7646,ceftiofur,,0.06,mg/L,MIC,CLSI,[34493269]
g1307.7646,doxycycline,,8.0,mg/L,MIC,CLSI,[34493269]
g1307.7646,enrofloxacin,,0.5,mg/L,MIC,CLSI,[34493269]
g1307.7646,erythromycin,,0.03,mg/L,MIC,CLSI,[34493269]
g1307.7646,florfenicol,,1.0,mg/L,MIC,CLSI,[34493269]
g1307.7646,lincomycin,,0.25,mg/L,MIC,CLSI,[34493269]
g1307.7646,marbofloxacin,,0.5,mg/L,MIC,CLSI,[34493269]
g1307.7646,penicillin,,0.03,mg/L,MIC,CLSI,[34493269]
g1307.7646,spectinomycin,,16.0,mg/L,MIC,CLSI,[34493269]
g1307.7646,tetracycline,,32.0,mg/L,MIC,CLSI,[34493269]
g1307.7646,tiamulin,,4.0,mg/L,MIC,CLSI,[34493269]
g1307.7646,tilmicosin,,4.0,mg/L,MIC,CLSI,[34493269]
g1307.7646,trimethoprim,,0.12,mg/L,MIC,CLSI,[34493269]
g1307.7646,tylosin,,0.5,mg/L,MIC,CLSI,[34493269]
g1307.7647,amoxicillin,,0.03,mg/L,MIC,CLSI,[34493269]
g1307.7647,cefquinome,,0.008,mg/L,MIC,CLSI,[34493269]
g1307.7647,ceftiofur,,0.12,mg/L,MIC,CLSI,[34493269]
g1307.7647,doxycycline,,8.0,mg/L,MIC,CLSI,[34493269]
g1307.7647,enrofloxacin,,0.5,mg/L,MIC,CLSI,[34493269]
g1307.7647,erythromycin,,0.015,mg/L,MIC,CLSI,[34493269]
g1307.7647,florfenicol,,2.0,mg/L,MIC,CLSI,[34493269]
g1307.7647,lincomycin,,1.0,mg/L,MIC,CLSI,[34493269]
g1307.7647,marbofloxacin,,0.015,mg/L,MIC,CLSI,[34493269]
g1307.7647,penicillin,,0.03,mg/L,MIC,CLSI,[34493269]
g1307.7647,spectinomycin,,16.0,mg/L,MIC,CLSI,[34493269]
g1307.7647,tetracycline,,32.0,mg/L,MIC,CLSI,[34493269]
g1307.7647,tiamulin,,2.0,mg/L,MIC,CLSI,[34493269]
g1307.7647,tilmicosin,,4.0,mg/L,MIC,CLSI,[34493269]
g1307.7647,trimethoprim,,0.06,mg/L,MIC,CLSI,[34493269]
g1307.7647,tylosin,,0.5,mg/L,MIC,CLSI,[34493269]
g1307.7648,amoxicillin,,0.03,mg/L,MIC,CLSI,[34493269]
g1307.7648,cefquinome,,0.015,mg/L,MIC,CLSI,[34493269]
g1307.7648,ceftiofur,,0.12,mg/L,MIC,CLSI,[34493269]
g1307.7648,doxycycline,,0.12,mg/L,MIC,CLSI,[34493269]
g1307.7648,enrofloxacin,,0.5,mg/L,MIC,CLSI,[34493269]
g1307.7648,erythromycin,,0.03,mg/L,MIC,CLSI,[34493269]
g1307.7648,florfenicol,,2.0,mg/L,MIC,CLSI,[34493269]
g1307.7648,lincomycin,,0.12,mg/L,MIC,CLSI,[34493269]
g1307.7648,marbofloxacin,,1.0,mg/L,MIC,CLSI,[34493269]
g1307.7648,penicillin,,0.03,mg/L,MIC,CLSI,[34493269]
g1307.7648,spectinomycin,,16.0,mg/L,MIC,CLSI,[34493269]
g1307.7648,tetracycline,,2.0,mg/L,MIC,CLSI,[34493269]
g1307.7648,tiamulin,,0.25,mg/L,MIC,CLSI,[34493269]
g1307.7648,tilmicosin,,4.0,mg/L,MIC,CLSI,[34493269]
g1307.7648,trimethoprim,,0.03,mg/L,MIC,CLSI,[34493269]
g1307.7648,tylosin,,0.5,mg/L,MIC,CLSI,[34493269]
g1307.7649,amoxicillin,,0.03,mg/L,MIC,CLSI,[34493269]
g1307.7649,cefquinome,,0.06,mg/L,MIC,CLSI,[34493269]
g1307.7649,ceftiofur,,0.5,mg/L,MIC,CLSI,[34493269]
g1307.7649,doxycycline,,8.0,mg/L,MIC,CLSI,[34493269]
g1307.7649,enrofloxacin,,0.5,mg/L,MIC,CLSI,[34493269]
g1307.7649,erythromycin,,4.0,mg/L,MIC,CLSI,[34493269]
g1307.7649,florfenicol,,2.0,mg/L,MIC,CLSI,[34493269]
g1307.7649,lincomycin,,128.0,mg/L,MIC,CLSI,[34493269]
g1307.7649,marbofloxacin,,1.0,mg/L,MIC,CLSI,[34493269]
g1307.7649,penicillin,,0.06,mg/L,MIC,CLSI,[34493269]
g1307.7649,spectinomycin,,16.0,mg/L,MIC,CLSI,[34493269]
g1307.7649,tetracycline,,64.0,mg/L,MIC,CLSI,[34493269]
g1307.7649,tiamulin,,2.0,mg/L,MIC,CLSI,[34493269]
g1307.7649,tilmicosin,,128.0,mg/L,MIC,CLSI,[34493269]
g1307.7649,trimethoprim,,0.25,mg/L,MIC,CLSI,[34493269]
g1307.7649,tylosin,,256.0,mg/L,MIC,CLSI,[34493269]
g1307.7650,amoxicillin,,0.06,mg/L,MIC,CLSI,[34493269]
g1307.7650,cefquinome,,0.12,mg/L,MIC,CLSI,[34493269]
g1307.7650,ceftiofur,,2.0,mg/L,MIC,CLSI,[34493269]
g1307.7650,doxycycline,,16.0,mg/L,MIC,CLSI,[34493269]
g1307.7650,enrofloxacin,,0.25,mg/L,MIC,CLSI,[34493269]
g1307.7650,erythromycin,,32.0,mg/L,MIC,CLSI,[34493269]
g1307.7650,florfenicol,,2.0,mg/L,MIC,CLSI,[34493269]
g1307.7650,lincomycin,,128.0,mg/L,MIC,CLSI,[34493269]
g1307.7650,marbofloxacin,,0.5,mg/L,MIC,CLSI,[34493269]
g1307.7650,penicillin,,1.0,mg/L,MIC,CLSI,[34493269]
g1307.7650,spectinomycin,,16.0,mg/L,MIC,CLSI,[34493269]
g1307.7650,tetracycline,,64.0,mg/L,MIC,CLSI,[34493269]
g1307.7650,tiamulin,,64.0,mg/L,MIC,CLSI,[34493269]
g1307.7650,tilmicosin,,128.0,mg/L,MIC,CLSI,[34493269]
g1307.7650,trimethoprim,,8.0,mg/L,MIC,CLSI,[34493269]
g1307.7650,tylosin,,256.0,mg/L,MIC,CLSI,[34493269]
g1307.7651,amoxicillin,,0.12,mg/L,MIC,CLSI,[34493269]
g1307.7651,cefquinome,,0.25,mg/L,MIC,CLSI,[34493269]
g1307.7651,ceftiofur,,2.0,mg/L,MIC,CLSI,[34493269]
g1307.7651,doxycycline,,16.0,mg/L,MIC,CLSI,[34493269]
g1307.7651,enrofloxacin,,0.12,mg/L,MIC,CLSI,[34493269]
g1307.7651,erythromycin,,32.0,mg/L,MIC,CLSI,[34493269]
g1307.7651,florfenicol,,2.0,mg/L,MIC,CLSI,[34493269]
g1307.7651,lincomycin,,128.0,mg/L,MIC,CLSI,[34493269]
g1307.7651,marbofloxacin,,0.5,mg/L,MIC,CLSI,[34493269]
g1307.7651,penicillin,,1.0,mg/L,MIC,CLSI,[34493269]
g1307.7651,spectinomycin,,16.0,mg/L,MIC,CLSI,[34493269]
g1307.7651,tetracycline,,64.0,mg/L,MIC,CLSI,[34493269]
g1307.7651,tiamulin,,64.0,mg/L,MIC,CLSI,[34493269]
g1307.7651,tilmicosin,,128.0,mg/L,MIC,CLSI,[34493269]
g1307.7651,trimethoprim,,4.0,mg/L,MIC,CLSI,[34493269]
g1307.7651,tylosin,,256.0,mg/L,MIC,CLSI,[34493269]
g1307.7652,amoxicillin,,0.03,mg/L,MIC,CLSI,[34493269]
g1307.7652,cefquinome,,0.06,mg/L,MIC,CLSI,[34493269]
g1307.7652,ceftiofur,,0.5,mg/L,MIC,CLSI,[34493269]
g1307.7652,doxycycline,,4.0,mg/L,MIC,CLSI,[34493269]
g1307.7652,enrofloxacin,,0.5,mg/L,MIC,CLSI,[34493269]
g1307.7652,erythromycin,,0.06,mg/L,MIC,CLSI,[34493269]
g1307.7652,florfenicol,,2.0,mg/L,MIC,CLSI,[34493269]
g1307.7652,lincomycin,,2.0,mg/L,MIC,CLSI,[34493269]
g1307.7652,marbofloxacin,,2.0,mg/L,MIC,CLSI,[34493269]
g1307.7652,penicillin,,0.06,mg/L,MIC,CLSI,[34493269]
g1307.7652,spectinomycin,,16.0,mg/L,MIC,CLSI,[34493269]
g1307.7652,tetracycline,,16.0,mg/L,MIC,CLSI,[34493269]
g1307.7652,tiamulin,,2.0,mg/L,MIC,CLSI,[34493269]
g1307.7652,tilmicosin,,4.0,mg/L,MIC,CLSI,[34493269]
g1307.7652,trimethoprim,,0.06,mg/L,MIC,CLSI,[34493269]
g1307.7652,tylosin,,1.0,mg/L,MIC,CLSI,[34493269]
g1307.7653,amoxicillin,,0.03,mg/L,MIC,CLSI,[34493269]
g1307.7653,cefquinome,,0.06,mg/L,MIC,CLSI,[34493269]
g1307.7653,ceftiofur,,0.5,mg/L,MIC,CLSI,[34493269]
g1307.7653,doxycycline,,16.0,mg/L,MIC,CLSI,[34493269]
g1307.7653,enrofloxacin,,0.5,mg/L,MIC,CLSI,[34493269]
g1307.7653,erythromycin,,2.0,mg/L,MIC,CLSI,[34493269]
g1307.7653,florfenicol,,2.0,mg/L,MIC,CLSI,[34493269]
g1307.7653,lincomycin,,128.0,mg/L,MIC,CLSI,[34493269]
g1307.7653,marbofloxacin,,1.0,mg/L,MIC,CLSI,[34493269]
g1307.7653,penicillin,,0.12,mg/L,MIC,CLSI,[34493269]
g1307.7653,spectinomycin,,512.0,mg/L,MIC,CLSI,[34493269]
g1307.7653,tetracycline,,64.0,mg/L,MIC,CLSI,[34493269]
g1307.7653,tiamulin,,32.0,mg/L,MIC,CLSI,[34493269]
g1307.7653,tilmicosin,,128.0,mg/L,MIC,CLSI,[34493269]
g1307.7653,trimethoprim,,0.5,mg/L,MIC,CLSI,[34493269]
g1307.7653,tylosin,,256.0,mg/L,MIC,CLSI,[34493269]
g1307.7654,amoxicillin,,0.03,mg/L,MIC,CLSI,[34493269]
g1307.7654,cefquinome,,0.015,mg/L,MIC,CLSI,[34493269]
g1307.7654,ceftiofur,,0.12,mg/L,MIC,CLSI,[34493269]
g1307.7654,doxycycline,,8.0,mg/L,MIC,CLSI,[34493269]
g1307.7654,enrofloxacin,,0.25,mg/L,MIC,CLSI,[34493269]
g1307.7654,erythromycin,,0.03,mg/L,MIC,CLSI,[34493269]
g1307.7654,florfenicol,,1.0,mg/L,MIC,CLSI,[34493269]
g1307.7654,lincomycin,,1.0,mg/L,MIC,CLSI,[34493269]
g1307.7654,marbofloxacin,,0.5,mg/L,MIC,CLSI,[34493269]
g1307.7654,penicillin,,0.03,mg/L,MIC,CLSI,[34493269]
g1307.7654,spectinomycin,,32.0,mg/L,MIC,CLSI,[34493269]
g1307.7654,tetracycline,,64.0,mg/L,MIC,CLSI,[34493269]
g1307.7654,tiamulin,,2.0,mg/L,MIC,CLSI,[34493269]
g1307.7654,tilmicosin,,4.0,mg/L,MIC,CLSI,[34493269]
g1307.7654,trimethoprim,,0.03,mg/L,MIC,CLSI,[34493269]
g1307.7654,tylosin,,0.5,mg/L,MIC,CLSI,[34493269]
g1307.7655,amoxicillin,,0.5,mg/L,MIC,CLSI,[34493269]
g1307.7655,cefquinome,,0.5,mg/L,MIC,CLSI,[34493269]
g1307.7655,ceftiofur,,8.0,mg/L,MIC,CLSI,[34493269]
g1307.7655,doxycycline,,32.0,mg/L,MIC,CLSI,[34493269]
g1307.7655,enrofloxacin,,1.0,mg/L,MIC,CLSI,[34493269]
g1307.7655,erythromycin,,32.0,mg/L,MIC,CLSI,[34493269]
g1307.7655,florfenicol,,2.0,mg/L,MIC,CLSI,[34493269]
g1307.7655,lincomycin,,128.0,mg/L,MIC,CLSI,[34493269]
g1307.7655,marbofloxacin,,2.0,mg/L,MIC,CLSI,[34493269]
g1307.7655,penicillin,,8.0,mg/L,MIC,CLSI,[34493269]
g1307.7655,spectinomycin,,512.0,mg/L,MIC,CLSI,[34493269]
g1307.7655,tetracycline,,128.0,mg/L,MIC,CLSI,[34493269]
g1307.7655,tiamulin,,64.0,mg/L,MIC,CLSI,[34493269]
g1307.7655,tilmicosin,,128.0,mg/L,MIC,CLSI,[34493269]
g1307.7655,trimethoprim,,1.0,mg/L,MIC,CLSI,[34493269]
g1307.7655,tylosin,,256.0,mg/L,MIC,CLSI,[34493269]
g1307.7656,amoxicillin,,0.03,mg/L,MIC,CLSI,[34493269]
g1307.7656,cefquinome,,0.03,mg/L,MIC,CLSI,[34493269]
g1307.7656,ceftiofur,,0.25,mg/L,MIC,CLSI,[34493269]
g1307.7656,doxycycline,,8.0,mg/L,MIC,CLSI,[34493269]
g1307.7656,enrofloxacin,,0.5,mg/L,MIC,CLSI,[34493269]
g1307.7656,erythromycin,,32.0,mg/L,MIC,CLSI,[34493269]
g1307.7656,florfenicol,,2.0,mg/L,MIC,CLSI,[34493269]
g1307.7656,lincomycin,,128.0,mg/L,MIC,CLSI,[34493269]
g1307.7656,marbofloxacin,,1.0,mg/L,MIC,CLSI,[34493269]
g1307.7656,penicillin,,0.03,mg/L,MIC,CLSI,[34493269]
g1307.7656,spectinomycin,,16.0,mg/L,MIC,CLSI,[34493269]
g1307.7656,tetracycline,,32.0,mg/L,MIC,CLSI,[34493269]
g1307.7656,tiamulin,,1.0,mg/L,MIC,CLSI,[34493269]
g1307.7656,tilmicosin,,128.0,mg/L,MIC,CLSI,[34493269]
g1307.7656,trimethoprim,,0.06,mg/L,MIC,CLSI,[34493269]
g1307.7656,tylosin,,256.0,mg/L,MIC,CLSI,[34493269]
g1307.7657,amoxicillin,,0.03,mg/L,MIC,CLSI,[34493269]
g1307.7657,cefquinome,,0.015,mg/L,MIC,CLSI,[34493269]
g1307.7657,ceftiofur,,0.12,mg/L,MIC,CLSI,[34493269]
g1307.7657,doxycycline,,16.0,mg/L,MIC,CLSI,[34493269]
g1307.7657,enrofloxacin,,0.5,mg/L,MIC,CLSI,[34493269]
g1307.7657,erythromycin,,32.0,mg/L,MIC,CLSI,[34493269]
g1307.7657,florfenicol,,2.0,mg/L,MIC,CLSI,[34493269]
g1307.7657,lincomycin,,128.0,mg/L,MIC,CLSI,[34493269]
g1307.7657,marbofloxacin,,0.5,mg/L,MIC,CLSI,[34493269]
g1307.7657,penicillin,,0.03,mg/L,MIC,CLSI,[34493269]
g1307.7657,spectinomycin,,32.0,mg/L,MIC,CLSI,[34493269]
g1307.7657,tetracycline,,64.0,mg/L,MIC,CLSI,[34493269]
g1307.7657,tiamulin,,8.0,mg/L,MIC,CLSI,[34493269]
g1307.7657,tilmicosin,,128.0,mg/L,MIC,CLSI,[34493269]
g1307.7657,trimethoprim,,0.015,mg/L,MIC,CLSI,[34493269]
g1307.7657,tylosin,,256.0,mg/L,MIC,CLSI,[34493269]
g1307.7658,amoxicillin,,0.03,mg/L,MIC,CLSI,[34493269]
g1307.7658,cefquinome,,0.015,mg/L,MIC,CLSI,[34493269]
g1307.7658,ceftiofur,,0.12,mg/L,MIC,CLSI,[34493269]
g1307.7658,doxycycline,,16.0,mg/L,MIC,CLSI,[34493269]
g1307.7658,enrofloxacin,,0.5,mg/L,MIC,CLSI,[34493269]
g1307.7658,erythromycin,,0.03,mg/L,MIC,CLSI,[34493269]
g1307.7658,florfenicol,,2.0,mg/L,MIC,CLSI,[34493269]
g1307.7658,lincomycin,,1.0,mg/L,MIC,CLSI,[34493269]
g1307.7658,marbofloxacin,,1.0,mg/L,MIC,CLSI,[34493269]
g1307.7658,penicillin,,0.03,mg/L,MIC,CLSI,[34493269]
g1307.7658,spectinomycin,,8.0,mg/L,MIC,CLSI,[34493269]
g1307.7658,tetracycline,,64.0,mg/L,MIC,CLSI,[34493269]
g1307.7658,tiamulin,,2.0,mg/L,MIC,CLSI,[34493269]
g1307.7658,tilmicosin,,4.0,mg/L,MIC,CLSI,[34493269]
g1307.7658,trimethoprim,,0.06,mg/L,MIC,CLSI,[34493269]
g1307.7658,tylosin,,1.0,mg/L,MIC,CLSI,[34493269]
g1307.7659,amoxicillin,,0.03,mg/L,MIC,CLSI,[34493269]
g1307.7659,cefquinome,,0.03,mg/L,MIC,CLSI,[34493269]
g1307.7659,ceftiofur,,0.5,mg/L,MIC,CLSI,[34493269]
g1307.7659,doxycycline,,0.12,mg/L,MIC,CLSI,[34493269]
g1307.7659,enrofloxacin,,0.25,mg/L,MIC,CLSI,[34493269]
g1307.7659,erythromycin,,0.015,mg/L,MIC,CLSI,[34493269]
g1307.7659,florfenicol,,1.0,mg/L,MIC,CLSI,[34493269]
g1307.7659,lincomycin,,16.0,mg/L,MIC,CLSI,[34493269]
g1307.7659,marbofloxacin,,0.5,mg/L,MIC,CLSI,[34493269]
g1307.7659,penicillin,,0.12,mg/L,MIC,CLSI,[34493269]
g1307.7659,spectinomycin,,4.0,mg/L,MIC,CLSI,[34493269]
g1307.7659,tetracycline,,1.0,mg/L,MIC,CLSI,[34493269]
g1307.7659,tiamulin,,64.0,mg/L,MIC,CLSI,[34493269]
g1307.7659,tilmicosin,,2.0,mg/L,MIC,CLSI,[34493269]
g1307.7659,trimethoprim,,0.25,mg/L,MIC,CLSI,[34493269]
g1307.7659,tylosin,,0.25,mg/L,MIC,CLSI,[34493269]
g1307.7660,amoxicillin,,0.03,mg/L,MIC,CLSI,[34493269]
g1307.7660,cefquinome,,0.008,mg/L,MIC,CLSI,[34493269]
g1307.7660,ceftiofur,,0.06,mg/L,MIC,CLSI,[34493269]
g1307.7660,doxycycline,,16.0,mg/L,MIC,CLSI,[34493269]
g1307.7660,enrofloxacin,,0.25,mg/L,MIC,CLSI,[34493269]
g1307.7660,erythromycin,,0.12,mg/L,MIC,CLSI,[34493269]
g1307.7660,florfenicol,,2.0,mg/L,MIC,CLSI,[34493269]
g1307.7660,lincomycin,,8.0,mg/L,MIC,CLSI,[34493269]
g1307.7660,marbofloxacin,,0.5,mg/L,MIC,CLSI,[34493269]
g1307.7660,penicillin,,0.12,mg/L,MIC,CLSI,[34493269]
g1307.7660,spectinomycin,,8.0,mg/L,MIC,CLSI,[34493269]
g1307.7660,tetracycline,,64.0,mg/L,MIC,CLSI,[34493269]
g1307.7660,tiamulin,,2.0,mg/L,MIC,CLSI,[34493269]
g1307.7660,tilmicosin,,4.0,mg/L,MIC,CLSI,[34493269]
g1307.7660,trimethoprim,,32.0,mg/L,MIC,CLSI,[34493269]
g1307.7660,tylosin,,4.0,mg/L,MIC,CLSI,[34493269]
g1307.7661,amoxicillin,,0.03,mg/L,MIC,CLSI,[34493269]
g1307.7661,cefquinome,,0.015,mg/L,MIC,CLSI,[34493269]
g1307.7661,ceftiofur,,0.12,mg/L,MIC,CLSI,[34493269]
g1307.7661,doxycycline,,0.12,mg/L,MIC,CLSI,[34493269]
g1307.7661,enrofloxacin,,0.25,mg/L,MIC,CLSI,[34493269]
g1307.7661,erythromycin,,0.03,mg/L,MIC,CLSI,[34493269]
g1307.7661,florfenicol,,2.0,mg/L,MIC,CLSI,[34493269]
g1307.7661,lincomycin,,0.12,mg/L,MIC,CLSI,[34493269]
g1307.7661,marbofloxacin,,0.5,mg/L,MIC,CLSI,[34493269]
g1307.7661,penicillin,,0.03,mg/L,MIC,CLSI,[34493269]
g1307.7661,spectinomycin,,16.0,mg/L,MIC,CLSI,[34493269]
g1307.7661,tetracycline,,0.25,mg/L,MIC,CLSI,[34493269]
g1307.7661,tiamulin,,1.0,mg/L,MIC,CLSI,[34493269]
g1307.7661,tilmicosin,,4.0,mg/L,MIC,CLSI,[34493269]
g1307.7661,trimethoprim,,0.03,mg/L,MIC,CLSI,[34493269]
g1307.7661,tylosin,,1.0,mg/L,MIC,CLSI,[34493269]
g1307.7662,amoxicillin,,0.03,mg/L,MIC,CLSI,[34493269]
g1307.7662,cefquinome,,0.03,mg/L,MIC,CLSI,[34493269]
g1307.7662,ceftiofur,,0.25,mg/L,MIC,CLSI,[34493269]
g1307.7662,doxycycline,,0.12,mg/L,MIC,CLSI,[34493269]
g1307.7662,enrofloxacin,,0.25,mg/L,MIC,CLSI,[34493269]
g1307.7662,erythromycin,,0.03,mg/L,MIC,CLSI,[34493269]
g1307.7662,florfenicol,,2.0,mg/L,MIC,CLSI,[34493269]
g1307.7662,lincomycin,,1.0,mg/L,MIC,CLSI,[34493269]
g1307.7662,marbofloxacin,,0.5,mg/L,MIC,CLSI,[34493269]
g1307.7662,penicillin,,0.03,mg/L,MIC,CLSI,[34493269]
g1307.7662,spectinomycin,,16.0,mg/L,MIC,CLSI,[34493269]
g1307.7662,tetracycline,,1.0,mg/L,MIC,CLSI,[34493269]
g1307.7662,tiamulin,,1.0,mg/L,MIC,CLSI,[34493269]
g1307.7662,tilmicosin,,4.0,mg/L,MIC,CLSI,[34493269]
g1307.7662,trimethoprim,,0.03,mg/L,MIC,CLSI,[34493269]
g1307.7662,tylosin,,1.0,mg/L,MIC,CLSI,[34493269]
g1307.7663,amoxicillin,,0.03,mg/L,MIC,CLSI,[34493269]
g1307.7663,cefquinome,,0.015,mg/L,MIC,CLSI,[34493269]
g1307.7663,ceftiofur,,0.12,mg/L,MIC,CLSI,[34493269]
g1307.7663,doxycycline,,32.0,mg/L,MIC,CLSI,[34493269]
g1307.7663,enrofloxacin,,0.5,mg/L,MIC,CLSI,[34493269]
g1307.7663,erythromycin,,4.0,mg/L,MIC,CLSI,[34493269]
g1307.7663,florfenicol,,2.0,mg/L,MIC,CLSI,[34493269]
g1307.7663,lincomycin,,128.0,mg/L,MIC,CLSI,[34493269]
g1307.7663,marbofloxacin,,1.0,mg/L,MIC,CLSI,[34493269]
g1307.7663,penicillin,,0.03,mg/L,MIC,CLSI,[34493269]
g1307.7663,spectinomycin,,8.0,mg/L,MIC,CLSI,[34493269]
g1307.7663,tetracycline,,64.0,mg/L,MIC,CLSI,[34493269]
g1307.7663,tiamulin,,0.5,mg/L,MIC,CLSI,[34493269]
g1307.7663,tilmicosin,,128.0,mg/L,MIC,CLSI,[34493269]
g1307.7663,trimethoprim,,0.06,mg/L,MIC,CLSI,[34493269]
g1307.7663,tylosin,,256.0,mg/L,MIC,CLSI,[34493269]
g1307.7664,amoxicillin,,0.06,mg/L,MIC,CLSI,[34493269]
g1307.7664,cefquinome,,0.12,mg/L,MIC,CLSI,[34493269]
g1307.7664,ceftiofur,,2.0,mg/L,MIC,CLSI,[34493269]
g1307.7664,doxycycline,,16.0,mg/L,MIC,CLSI,[34493269]
g1307.7664,enrofloxacin,,0.25,mg/L,MIC,CLSI,[34493269]
g1307.7664,erythromycin,,4.0,mg/L,MIC,CLSI,[34493269]
g1307.7664,florfenicol,,2.0,mg/L,MIC,CLSI,[34493269]
g1307.7664,lincomycin,,128.0,mg/L,MIC,CLSI,[34493269]
g1307.7664,marbofloxacin,,0.5,mg/L,MIC,CLSI,[34493269]
g1307.7664,penicillin,,1.0,mg/L,MIC,CLSI,[34493269]
g1307.7664,spectinomycin,,512.0,mg/L,MIC,CLSI,[34493269]
g1307.7664,tetracycline,,64.0,mg/L,MIC,CLSI,[34493269]
g1307.7664,tiamulin,,16.0,mg/L,MIC,CLSI,[34493269]
g1307.7664,tilmicosin,,128.0,mg/L,MIC,CLSI,[34493269]
g1307.7664,trimethoprim,,0.06,mg/L,MIC,CLSI,[34493269]
g1307.7664,tylosin,,256.0,mg/L,MIC,CLSI,[34493269]
g1307.7665,amoxicillin,,0.03,mg/L,MIC,CLSI,[34493269]
g1307.7665,cefquinome,,0.03,mg/L,MIC,CLSI,[34493269]
g1307.7665,ceftiofur,,0.12,mg/L,MIC,CLSI,[34493269]
g1307.7665,doxycycline,,0.06,mg/L,MIC,CLSI,[34493269]
g1307.7665,enrofloxacin,,0.25,mg/L,MIC,CLSI,[34493269]
g1307.7665,erythromycin,,0.03,mg/L,MIC,CLSI,[34493269]
g1307.7665,florfenicol,,2.0,mg/L,MIC,CLSI,[34493269]
g1307.7665,lincomycin,,2.0,mg/L,MIC,CLSI,[34493269]
g1307.7665,marbofloxacin,,0.5,mg/L,MIC,CLSI,[34493269]
g1307.7665,penicillin,,0.03,mg/L,MIC,CLSI,[34493269]
g1307.7665,spectinomycin,,16.0,mg/L,MIC,CLSI,[34493269]
g1307.7665,tetracycline,,0.5,mg/L,MIC,CLSI,[34493269]
g1307.7665,tiamulin,,2.0,mg/L,MIC,CLSI,[34493269]
g1307.7665,tilmicosin,,4.0,mg/L,MIC,CLSI,[34493269]
g1307.7665,trimethoprim,,0.06,mg/L,MIC,CLSI,[34493269]
g1307.7665,tylosin,,0.5,mg/L,MIC,CLSI,[34493269]
g1307.7666,amoxicillin,,0.03,mg/L,MIC,CLSI,[34493269]
g1307.7666,cefquinome,,0.015,mg/L,MIC,CLSI,[34493269]
g1307.7666,ceftiofur,,0.12,mg/L,MIC,CLSI,[34493269]
g1307.7666,doxycycline,,16.0,mg/L,MIC,CLSI,[34493269]
g1307.7666,enrofloxacin,,0.12,mg/L,MIC,CLSI,[34493269]
g1307.7666,erythromycin,,0.03,mg/L,MIC,CLSI,[34493269]
g1307.7666,florfenicol,,1.0,mg/L,MIC,CLSI,[34493269]
g1307.7666,lincomycin,,0.5,mg/L,MIC,CLSI,[34493269]
g1307.7666,marbofloxacin,,0.25,mg/L,MIC,CLSI,[34493269]
g1307.7666,penicillin,,0.03,mg/L,MIC,CLSI,[34493269]
g1307.7666,spectinomycin,,8.0,mg/L,MIC,CLSI,[34493269]
g1307.7666,tetracycline,,64.0,mg/L,MIC,CLSI,[34493269]
g1307.7666,tiamulin,,1.0,mg/L,MIC,CLSI,[34493269]
g1307.7666,tilmicosin,,4.0,mg/L,MIC,CLSI,[34493269]
g1307.7666,trimethoprim,,0.25,mg/L,MIC,CLSI,[34493269]
g1307.7666,tylosin,,1.0,mg/L,MIC,CLSI,[34493269]
g1307.7667,amoxicillin,,0.03,mg/L,MIC,CLSI,[34493269]
g1307.7667,cefquinome,,0.015,mg/L,MIC,CLSI,[34493269]
g1307.7667,ceftiofur,,0.12,mg/L,MIC,CLSI,[34493269]
g1307.7667,doxycycline,,8.0,mg/L,MIC,CLSI,[34493269]
g1307.7667,enrofloxacin,,0.5,mg/L,MIC,CLSI,[34493269]
g1307.7667,erythromycin,,32.0,mg/L,MIC,CLSI,[34493269]
g1307.7667,florfenicol,,2.0,mg/L,MIC,CLSI,[34493269]
g1307.7667,lincomycin,,128.0,mg/L,MIC,CLSI,[34493269]
g1307.7667,marbofloxacin,,1.0,mg/L,MIC,CLSI,[34493269]
g1307.7667,penicillin,,0.03,mg/L,MIC,CLSI,[34493269]
g1307.7667,spectinomycin,,16.0,mg/L,MIC,CLSI,[34493269]
g1307.7667,tetracycline,,32.0,mg/L,MIC,CLSI,[34493269]
g1307.7667,tiamulin,,2.0,mg/L,MIC,CLSI,[34493269]
g1307.7667,tilmicosin,,128.0,mg/L,MIC,CLSI,[34493269]
g1307.7667,trimethoprim,,0.12,mg/L,MIC,CLSI,[34493269]
g1307.7667,tylosin,,256.0,mg/L,MIC,CLSI,[34493269]
g1307.7668,amoxicillin,,0.03,mg/L,MIC,CLSI,[34493269]
g1307.7668,cefquinome,,0.015,mg/L,MIC,CLSI,[34493269]
g1307.7668,ceftiofur,,0.12,mg/L,MIC,CLSI,[34493269]
g1307.7668,doxycycline,,16.0,mg/L,MIC,CLSI,[34493269]
g1307.7668,enrofloxacin,,0.5,mg/L,MIC,CLSI,[34493269]
g1307.7668,erythromycin,,32.0,mg/L,MIC,CLSI,[34493269]
g1307.7668,florfenicol,,4.0,mg/L,MIC,CLSI,[34493269]
g1307.7668,lincomycin,,128.0,mg/L,MIC,CLSI,[34493269]
g1307.7668,marbofloxacin,,1.0,mg/L,MIC,CLSI,[34493269]
g1307.7668,penicillin,,0.03,mg/L,MIC,CLSI,[34493269]
g1307.7668,spectinomycin,,16.0,mg/L,MIC,CLSI,[34493269]
g1307.7668,tetracycline,,64.0,mg/L,MIC,CLSI,[34493269]
g1307.7668,tiamulin,,2.0,mg/L,MIC,CLSI,[34493269]
g1307.7668,tilmicosin,,128.0,mg/L,MIC,CLSI,[34493269]
g1307.7668,trimethoprim,,4.0,mg/L,MIC,CLSI,[34493269]
g1307.7668,tylosin,,256.0,mg/L,MIC,CLSI,[34493269]
g1307.7669,amoxicillin,,0.12,mg/L,MIC,CLSI,[34493269]
g1307.7669,cefquinome,,0.25,mg/L,MIC,CLSI,[34493269]
g1307.7669,ceftiofur,,2.0,mg/L,MIC,CLSI,[34493269]
g1307.7669,doxycycline,,16.0,mg/L,MIC,CLSI,[34493269]
g1307.7669,enrofloxacin,,0.5,mg/L,MIC,CLSI,[34493269]
g1307.7669,erythromycin,,32.0,mg/L,MIC,CLSI,[34493269]
g1307.7669,florfenicol,,2.0,mg/L,MIC,CLSI,[34493269]
g1307.7669,lincomycin,,128.0,mg/L,MIC,CLSI,[34493269]
g1307.7669,marbofloxacin,,1.0,mg/L,MIC,CLSI,[34493269]
g1307.7669,penicillin,,2.0,mg/L,MIC,CLSI,[34493269]
g1307.7669,spectinomycin,,16.0,mg/L,MIC,CLSI,[34493269]
g1307.7669,tetracycline,,64.0,mg/L,MIC,CLSI,[34493269]
g1307.7669,tiamulin,,1.0,mg/L,MIC,CLSI,[34493269]
g1307.7669,tilmicosin,,128.0,mg/L,MIC,CLSI,[34493269]
g1307.7669,trimethoprim,,0.03,mg/L,MIC,CLSI,[34493269]
g1307.7669,tylosin,,256.0,mg/L,MIC,CLSI,[34493269]
g1307.7670,amoxicillin,,0.12,mg/L,MIC,CLSI,[34493269]
g1307.7670,cefquinome,,0.12,mg/L,MIC,CLSI,[34493269]
g1307.7670,ceftiofur,,1.0,mg/L,MIC,CLSI,[34493269]
g1307.7670,doxycycline,,16.0,mg/L,MIC,CLSI,[34493269]
g1307.7670,enrofloxacin,,0.25,mg/L,MIC,CLSI,[34493269]
g1307.7670,erythromycin,,32.0,mg/L,MIC,CLSI,[34493269]
g1307.7670,florfenicol,,2.0,mg/L,MIC,CLSI,[34493269]
g1307.7670,lincomycin,,128.0,mg/L,MIC,CLSI,[34493269]
g1307.7670,marbofloxacin,,0.5,mg/L,MIC,CLSI,[34493269]
g1307.7670,penicillin,,1.0,mg/L,MIC,CLSI,[34493269]
g1307.7670,spectinomycin,,8.0,mg/L,MIC,CLSI,[34493269]
g1307.7670,tetracycline,,64.0,mg/L,MIC,CLSI,[34493269]
g1307.7670,tiamulin,,32.0,mg/L,MIC,CLSI,[34493269]
g1307.7670,tilmicosin,,128.0,mg/L,MIC,CLSI,[34493269]
g1307.7670,trimethoprim,,32.0,mg/L,MIC,CLSI,[34493269]
g1307.7670,tylosin,,256.0,mg/L,MIC,CLSI,[34493269]
g1307.7671,amoxicillin,,0.12,mg/L,MIC,CLSI,[34493269]
g1307.7671,cefquinome,,0.12,mg/L,MIC,CLSI,[34493269]
g1307.7671,ceftiofur,,2.0,mg/L,MIC,CLSI,[34493269]
g1307.7671,doxycycline,,16.0,mg/L,MIC,CLSI,[34493269]
g1307.7671,enrofloxacin,,0.5,mg/L,MIC,CLSI,[34493269]
g1307.7671,erythromycin,,32.0,mg/L,MIC,CLSI,[34493269]
g1307.7671,florfenicol,,2.0,mg/L,MIC,CLSI,[34493269]
g1307.7671,lincomycin,,128.0,mg/L,MIC,CLSI,[34493269]
g1307.7671,marbofloxacin,,1.0,mg/L,MIC,CLSI,[34493269]
g1307.7671,penicillin,,2.0,mg/L,MIC,CLSI,[34493269]
g1307.7671,spectinomycin,,512.0,mg/L,MIC,CLSI,[34493269]
g1307.7671,tetracycline,,64.0,mg/L,MIC,CLSI,[34493269]
g1307.7671,tiamulin,,32.0,mg/L,MIC,CLSI,[34493269]
g1307.7671,tilmicosin,,128.0,mg/L,MIC,CLSI,[34493269]
g1307.7671,trimethoprim,,8.0,mg/L,MIC,CLSI,[34493269]
g1307.7671,tylosin,,256.0,mg/L,MIC,CLSI,[34493269]
g1307.7672,amoxicillin,,0.12,mg/L,MIC,CLSI,[34493269]
g1307.7672,cefquinome,,0.12,mg/L,MIC,CLSI,[34493269]
g1307.7672,ceftiofur,,1.0,mg/L,MIC,CLSI,[34493269]
g1307.7672,doxycycline,,8.0,mg/L,MIC,CLSI,[34493269]
g1307.7672,enrofloxacin,,0.25,mg/L,MIC,CLSI,[34493269]
g1307.7672,erythromycin,,32.0,mg/L,MIC,CLSI,[34493269]
g1307.7672,florfenicol,,2.0,mg/L,MIC,CLSI,[34493269]
g1307.7672,lincomycin,,128.0,mg/L,MIC,CLSI,[34493269]
g1307.7672,marbofloxacin,,0.5,mg/L,MIC,CLSI,[34493269]
g1307.7672,penicillin,,1.0,mg/L,MIC,CLSI,[34493269]
g1307.7672,spectinomycin,,8.0,mg/L,MIC,CLSI,[34493269]
g1307.7672,tetracycline,,64.0,mg/L,MIC,CLSI,[34493269]
g1307.7672,tiamulin,,32.0,mg/L,MIC,CLSI,[34493269]
g1307.7672,tilmicosin,,128.0,mg/L,MIC,CLSI,[34493269]
g1307.7672,trimethoprim,,32.0,mg/L,MIC,CLSI,[34493269]
g1307.7672,tylosin,,256.0,mg/L,MIC,CLSI,[34493269]
g1307.7673,amoxicillin,,0.03,mg/L,MIC,CLSI,[34493269]
g1307.7673,cefquinome,,0.06,mg/L,MIC,CLSI,[34493269]
g1307.7673,ceftiofur,,0.5,mg/L,MIC,CLSI,[34493269]
g1307.7673,doxycycline,,8.0,mg/L,MIC,CLSI,[34493269]
g1307.7673,enrofloxacin,,0.25,mg/L,MIC,CLSI,[34493269]
g1307.7673,erythromycin,,32.0,mg/L,MIC,CLSI,[34493269]
g1307.7673,florfenicol,,2.0,mg/L,MIC,CLSI,[34493269]
g1307.7673,lincomycin,,128.0,mg/L,MIC,CLSI,[34493269]
g1307.7673,marbofloxacin,,0.5,mg/L,MIC,CLSI,[34493269]
g1307.7673,penicillin,,0.12,mg/L,MIC,CLSI,[34493269]
g1307.7673,spectinomycin,,32.0,mg/L,MIC,CLSI,[34493269]
g1307.7673,tetracycline,,32.0,mg/L,MIC,CLSI,[34493269]
g1307.7673,tiamulin,,1.0,mg/L,MIC,CLSI,[34493269]
g1307.7673,tilmicosin,,128.0,mg/L,MIC,CLSI,[34493269]
g1307.7673,trimethoprim,,0.015,mg/L,MIC,CLSI,[34493269]
g1307.7673,tylosin,,256.0,mg/L,MIC,CLSI,[34493269]
g1307.7674,amoxicillin,,0.06,mg/L,MIC,CLSI,[34493269]
g1307.7674,cefquinome,,0.06,mg/L,MIC,CLSI,[34493269]
g1307.7674,ceftiofur,,0.5,mg/L,MIC,CLSI,[34493269]
g1307.7674,doxycycline,,8.0,mg/L,MIC,CLSI,[34493269]
g1307.7674,enrofloxacin,,0.25,mg/L,MIC,CLSI,[34493269]
g1307.7674,erythromycin,,32.0,mg/L,MIC,CLSI,[34493269]
g1307.7674,florfenicol,,2.0,mg/L,MIC,CLSI,[34493269]
g1307.7674,lincomycin,,128.0,mg/L,MIC,CLSI,[34493269]
g1307.7674,marbofloxacin,,0.5,mg/L,MIC,CLSI,[34493269]
g1307.7674,penicillin,,1.0,mg/L,MIC,CLSI,[34493269]
g1307.7674,spectinomycin,,8.0,mg/L,MIC,CLSI,[34493269]
g1307.7674,tetracycline,,64.0,mg/L,MIC,CLSI,[34493269]
g1307.7674,tiamulin,,64.0,mg/L,MIC,CLSI,[34493269]
g1307.7674,tilmicosin,,128.0,mg/L,MIC,CLSI,[34493269]
g1307.7674,trimethoprim,,32.0,mg/L,MIC,CLSI,[34493269]
g1307.7674,tylosin,,256.0,mg/L,MIC,CLSI,[34493269]
g1307.7675,amoxicillin,,0.03,mg/L,MIC,CLSI,[34493269]
g1307.7675,cefquinome,,0.015,mg/L,MIC,CLSI,[34493269]
g1307.7675,ceftiofur,,0.12,mg/L,MIC,CLSI,[34493269]
g1307.7675,doxycycline,,8.0,mg/L,MIC,CLSI,[34493269]
g1307.7675,enrofloxacin,,0.25,mg/L,MIC,CLSI,[34493269]
g1307.7675,erythromycin,,32.0,mg/L,MIC,CLSI,[34493269]
g1307.7675,florfenicol,,4.0,mg/L,MIC,CLSI,[34493269]
g1307.7675,lincomycin,,128.0,mg/L,MIC,CLSI,[34493269]
g1307.7675,marbofloxacin,,1.0,mg/L,MIC,CLSI,[34493269]
g1307.7675,penicillin,,0.03,mg/L,MIC,CLSI,[34493269]
g1307.7675,spectinomycin,,512.0,mg/L,MIC,CLSI,[34493269]
g1307.7675,tetracycline,,128.0,mg/L,MIC,CLSI,[34493269]
g1307.7675,tiamulin,,2.0,mg/L,MIC,CLSI,[34493269]
g1307.7675,tilmicosin,,128.0,mg/L,MIC,CLSI,[34493269]
g1307.7675,trimethoprim,,0.12,mg/L,MIC,CLSI,[34493269]
g1307.7675,tylosin,,256.0,mg/L,MIC,CLSI,[34493269]
g1307.7676,amoxicillin,,0.03,mg/L,MIC,CLSI,[34493269]
g1307.7676,cefquinome,,0.015,mg/L,MIC,CLSI,[34493269]
g1307.7676,ceftiofur,,0.12,mg/L,MIC,CLSI,[34493269]
g1307.7676,doxycycline,,8.0,mg/L,MIC,CLSI,[34493269]
g1307.7676,enrofloxacin,,0.25,mg/L,MIC,CLSI,[34493269]
g1307.7676,erythromycin,,32.0,mg/L,MIC,CLSI,[34493269]
g1307.7676,florfenicol,,2.0,mg/L,MIC,CLSI,[34493269]
g1307.7676,lincomycin,,128.0,mg/L,MIC,CLSI,[34493269]
g1307.7676,marbofloxacin,,0.5,mg/L,MIC,CLSI,[34493269]
g1307.7676,penicillin,,0.03,mg/L,MIC,CLSI,[34493269]
g1307.7676,spectinomycin,,512.0,mg/L,MIC,CLSI,[34493269]
g1307.7676,tetracycline,,64.0,mg/L,MIC,CLSI,[34493269]
g1307.7676,tiamulin,,2.0,mg/L,MIC,CLSI,[34493269]
g1307.7676,tilmicosin,,128.0,mg/L,MIC,CLSI,[34493269]
g1307.7676,trimethoprim,,0.06,mg/L,MIC,CLSI,[34493269]
g1307.7676,tylosin,,256.0,mg/L,MIC,CLSI,[34493269]
g1307.7677,amoxicillin,,0.03,mg/L,MIC,CLSI,[34493269]
g1307.7677,cefquinome,,0.03,mg/L,MIC,CLSI,[34493269]
g1307.7677,ceftiofur,,0.12,mg/L,MIC,CLSI,[34493269]
g1307.7677,doxycycline,,16.0,mg/L,MIC,CLSI,[34493269]
g1307.7677,enrofloxacin,,0.25,mg/L,MIC,CLSI,[34493269]
g1307.7677,erythromycin,,4.0,mg/L,MIC,CLSI,[34493269]
g1307.7677,florfenicol,,2.0,mg/L,MIC,CLSI,[34493269]
g1307.7677,lincomycin,,128.0,mg/L,MIC,CLSI,[34493269]
g1307.7677,marbofloxacin,,0.5,mg/L,MIC,CLSI,[34493269]
g1307.7677,penicillin,,0.03,mg/L,MIC,CLSI,[34493269]
g1307.7677,spectinomycin,,16.0,mg/L,MIC,CLSI,[34493269]
g1307.7677,tetracycline,,64.0,mg/L,MIC,CLSI,[34493269]
g1307.7677,tiamulin,,1.0,mg/L,MIC,CLSI,[34493269]
g1307.7677,tilmicosin,,128.0,mg/L,MIC,CLSI,[34493269]
g1307.7677,trimethoprim,,0.25,mg/L,MIC,CLSI,[34493269]
g1307.7677,tylosin,,256.0,mg/L,MIC,CLSI,[34493269]
g1307.7678,amoxicillin,,0.03,mg/L,MIC,CLSI,[34493269]
g1307.7678,cefquinome,,0.03,mg/L,MIC,CLSI,[34493269]
g1307.7678,ceftiofur,,0.12,mg/L,MIC,CLSI,[34493269]
g1307.7678,doxycycline,,16.0,mg/L,MIC,CLSI,[34493269]
g1307.7678,enrofloxacin,,0.25,mg/L,MIC,CLSI,[34493269]
g1307.7678,erythromycin,,16.0,mg/L,MIC,CLSI,[34493269]
g1307.7678,florfenicol,,2.0,mg/L,MIC,CLSI,[34493269]
g1307.7678,lincomycin,,128.0,mg/L,MIC,CLSI,[34493269]
g1307.7678,marbofloxacin,,0.5,mg/L,MIC,CLSI,[34493269]
g1307.7678,penicillin,,0.06,mg/L,MIC,CLSI,[34493269]
g1307.7678,spectinomycin,,16.0,mg/L,MIC,CLSI,[34493269]
g1307.7678,tetracycline,,64.0,mg/L,MIC,CLSI,[34493269]
g1307.7678,tiamulin,,2.0,mg/L,MIC,CLSI,[34493269]
g1307.7678,tilmicosin,,128.0,mg/L,MIC,CLSI,[34493269]
g1307.7678,trimethoprim,,0.12,mg/L,MIC,CLSI,[34493269]
g1307.7678,tylosin,,256.0,mg/L,MIC,CLSI,[34493269]
g1307.7679,amoxicillin,,0.03,mg/L,MIC,CLSI,[34493269]
g1307.7679,cefquinome,,0.03,mg/L,MIC,CLSI,[34493269]
g1307.7679,ceftiofur,,0.12,mg/L,MIC,CLSI,[34493269]
g1307.7679,doxycycline,,16.0,mg/L,MIC,CLSI,[34493269]
g1307.7679,enrofloxacin,,0.25,mg/L,MIC,CLSI,[34493269]
g1307.7679,erythromycin,,4.0,mg/L,MIC,CLSI,[34493269]
g1307.7679,florfenicol,,2.0,mg/L,MIC,CLSI,[34493269]
g1307.7679,lincomycin,,128.0,mg/L,MIC,CLSI,[34493269]
g1307.7679,marbofloxacin,,0.5,mg/L,MIC,CLSI,[34493269]
g1307.7679,penicillin,,0.03,mg/L,MIC,CLSI,[34493269]
g1307.7679,spectinomycin,,16.0,mg/L,MIC,CLSI,[34493269]
g1307.7679,tetracycline,,64.0,mg/L,MIC,CLSI,[34493269]
g1307.7679,tiamulin,,1.0,mg/L,MIC,CLSI,[34493269]
g1307.7679,tilmicosin,,128.0,mg/L,MIC,CLSI,[34493269]
g1307.7679,trimethoprim,,0.12,mg/L,MIC,CLSI,[34493269]
g1307.7679,tylosin,,256.0,mg/L,MIC,CLSI,[34493269]
g1307.7680,amoxicillin,,0.12,mg/L,MIC,CLSI,[34493269]
g1307.7680,cefquinome,,0.06,mg/L,MIC,CLSI,[34493269]
g1307.7680,ceftiofur,,1.0,mg/L,MIC,CLSI,[34493269]
g1307.7680,doxycycline,,8.0,mg/L,MIC,CLSI,[34493269]
g1307.7680,enrofloxacin,,0.5,mg/L,MIC,CLSI,[34493269]
g1307.7680,erythromycin,,32.0,mg/L,MIC,CLSI,[34493269]
g1307.7680,florfenicol,,2.0,mg/L,MIC,CLSI,[34493269]
g1307.7680,lincomycin,,128.0,mg/L,MIC,CLSI,[34493269]
g1307.7680,marbofloxacin,,1.0,mg/L,MIC,CLSI,[34493269]
g1307.7680,penicillin,,2.0,mg/L,MIC,CLSI,[34493269]
g1307.7680,spectinomycin,,128.0,mg/L,MIC,CLSI,[34493269]
g1307.7680,tetracycline,,64.0,mg/L,MIC,CLSI,[34493269]
g1307.7680,tiamulin,,64.0,mg/L,MIC,CLSI,[34493269]
g1307.7680,tilmicosin,,128.0,mg/L,MIC,CLSI,[34493269]
g1307.7680,trimethoprim,,32.0,mg/L,MIC,CLSI,[34493269]
g1307.7680,tylosin,,256.0,mg/L,MIC,CLSI,[34493269]
g1307.7681,amoxicillin,,0.03,mg/L,MIC,CLSI,[34493269]
g1307.7681,cefquinome,,0.015,mg/L,MIC,CLSI,[34493269]
g1307.7681,ceftiofur,,0.12,mg/L,MIC,CLSI,[34493269]
g1307.7681,doxycycline,,16.0,mg/L,MIC,CLSI,[34493269]
g1307.7681,enrofloxacin,,0.5,mg/L,MIC,CLSI,[34493269]
g1307.7681,erythromycin,,0.06,mg/L,MIC,CLSI,[34493269]
g1307.7681,florfenicol,,2.0,mg/L,MIC,CLSI,[34493269]
g1307.7681,lincomycin,,0.5,mg/L,MIC,CLSI,[34493269]
g1307.7681,marbofloxacin,,1.0,mg/L,MIC,CLSI,[34493269]
g1307.7681,penicillin,,0.03,mg/L,MIC,CLSI,[34493269]
g1307.7681,spectinomycin,,16.0,mg/L,MIC,CLSI,[34493269]
g1307.7681,tetracycline,,32.0,mg/L,MIC,CLSI,[34493269]
g1307.7681,tiamulin,,1.0,mg/L,MIC,CLSI,[34493269]
g1307.7681,tilmicosin,,4.0,mg/L,MIC,CLSI,[34493269]
g1307.7681,trimethoprim,,0.12,mg/L,MIC,CLSI,[34493269]
g1307.7681,tylosin,,0.5,mg/L,MIC,CLSI,[34493269]
g1307.7682,amoxicillin,,0.03,mg/L,MIC,CLSI,[34493269]
g1307.7682,cefquinome,,0.06,mg/L,MIC,CLSI,[34493269]
g1307.7682,ceftiofur,,0.5,mg/L,MIC,CLSI,[34493269]
g1307.7682,doxycycline,,16.0,mg/L,MIC,CLSI,[34493269]
g1307.7682,enrofloxacin,,0.25,mg/L,MIC,CLSI,[34493269]
g1307.7682,erythromycin,,32.0,mg/L,MIC,CLSI,[34493269]
g1307.7682,florfenicol,,4.0,mg/L,MIC,CLSI,[34493269]
g1307.7682,lincomycin,,128.0,mg/L,MIC,CLSI,[34493269]
g1307.7682,marbofloxacin,,0.5,mg/L,MIC,CLSI,[34493269]
g1307.7682,penicillin,,0.12,mg/L,MIC,CLSI,[34493269]
g1307.7682,spectinomycin,,512.0,mg/L,MIC,CLSI,[34493269]
g1307.7682,tetracycline,,64.0,mg/L,MIC,CLSI,[34493269]
g1307.7682,tiamulin,,64.0,mg/L,MIC,CLSI,[34493269]
g1307.7682,tilmicosin,,128.0,mg/L,MIC,CLSI,[34493269]
g1307.7682,trimethoprim,,32.0,mg/L,MIC,CLSI,[34493269]
g1307.7682,tylosin,,256.0,mg/L,MIC,CLSI,[34493269]
g1307.7683,amoxicillin,,0.03,mg/L,MIC,CLSI,[34493269]
g1307.7683,cefquinome,,0.015,mg/L,MIC,CLSI,[34493269]
g1307.7683,ceftiofur,,0.12,mg/L,MIC,CLSI,[34493269]
g1307.7683,doxycycline,,8.0,mg/L,MIC,CLSI,[34493269]
g1307.7683,enrofloxacin,,0.25,mg/L,MIC,CLSI,[34493269]
g1307.7683,erythromycin,,4.0,mg/L,MIC,CLSI,[34493269]
g1307.7683,florfenicol,,2.0,mg/L,MIC,CLSI,[34493269]
g1307.7683,lincomycin,,128.0,mg/L,MIC,CLSI,[34493269]
g1307.7683,marbofloxacin,,0.5,mg/L,MIC,CLSI,[34493269]
g1307.7683,penicillin,,0.03,mg/L,MIC,CLSI,[34493269]
g1307.7683,spectinomycin,,16.0,mg/L,MIC,CLSI,[34493269]
g1307.7683,tetracycline,,32.0,mg/L,MIC,CLSI,[34493269]
g1307.7683,tiamulin,,1.0,mg/L,MIC,CLSI,[34493269]
g1307.7683,tilmicosin,,128.0,mg/L,MIC,CLSI,[34493269]
g1307.7683,trimethoprim,,0.015,mg/L,MIC,CLSI,[34493269]
g1307.7683,tylosin,,256.0,mg/L,MIC,CLSI,[34493269]
g1307.7684,amoxicillin,,0.12,mg/L,MIC,CLSI,[34493269]
g1307.7684,cefquinome,,2.0,mg/L,MIC,CLSI,[34493269]
g1307.7684,ceftiofur,,16.0,mg/L,MIC,CLSI,[34493269]
g1307.7684,doxycycline,,16.0,mg/L,MIC,CLSI,[34493269]
g1307.7684,enrofloxacin,,0.5,mg/L,MIC,CLSI,[34493269]
g1307.7684,erythromycin,,4.0,mg/L,MIC,CLSI,[34493269]
g1307.7684,florfenicol,,2.0,mg/L,MIC,CLSI,[34493269]
g1307.7684,lincomycin,,128.0,mg/L,MIC,CLSI,[34493269]
g1307.7684,marbofloxacin,,1.0,mg/L,MIC,CLSI,[34493269]
g1307.7684,penicillin,,1.0,mg/L,MIC,CLSI,[34493269]
g1307.7684,spectinomycin,,32.0,mg/L,MIC,CLSI,[34493269]
g1307.7684,tetracycline,,64.0,mg/L,MIC,CLSI,[34493269]
g1307.7684,tiamulin,,8.0,mg/L,MIC,CLSI,[34493269]
g1307.7684,tilmicosin,,128.0,mg/L,MIC,CLSI,[34493269]
g1307.7684,trimethoprim,,0.5,mg/L,MIC,CLSI,[34493269]
g1307.7684,tylosin,,64.0,mg/L,MIC,CLSI,[34493269]
g1307.7685,amoxicillin,,0.03,mg/L,MIC,CLSI,[34493269]
g1307.7685,cefquinome,,0.03,mg/L,MIC,CLSI,[34493269]
g1307.7685,ceftiofur,,0.12,mg/L,MIC,CLSI,[34493269]
g1307.7685,doxycycline,,16.0,mg/L,MIC,CLSI,[34493269]
g1307.7685,enrofloxacin,,0.25,mg/L,MIC,CLSI,[34493269]
g1307.7685,erythromycin,,32.0,mg/L,MIC,CLSI,[34493269]
g1307.7685,florfenicol,,2.0,mg/L,MIC,CLSI,[34493269]
g1307.7685,lincomycin,,128.0,mg/L,MIC,CLSI,[34493269]
g1307.7685,marbofloxacin,,0.5,mg/L,MIC,CLSI,[34493269]
g1307.7685,penicillin,,0.03,mg/L,MIC,CLSI,[34493269]
g1307.7685,spectinomycin,,16.0,mg/L,MIC,CLSI,[34493269]
g1307.7685,tetracycline,,64.0,mg/L,MIC,CLSI,[34493269]
g1307.7685,tiamulin,,8.0,mg/L,MIC,CLSI,[34493269]
g1307.7685,tilmicosin,,128.0,mg/L,MIC,CLSI,[34493269]
g1307.7685,trimethoprim,,0.03,mg/L,MIC,CLSI,[34493269]
g1307.7685,tylosin,,256.0,mg/L,MIC,CLSI,[34493269]
g1307.7686,amoxicillin,,0.03,mg/L,MIC,CLSI,[34493269]
g1307.7686,cefquinome,,0.015,mg/L,MIC,CLSI,[34493269]
g1307.7686,ceftiofur,,0.12,mg/L,MIC,CLSI,[34493269]
g1307.7686,doxycycline,,16.0,mg/L,MIC,CLSI,[34493269]
g1307.7686,enrofloxacin,,0.5,mg/L,MIC,CLSI,[34493269]
g1307.7686,erythromycin,,0.06,mg/L,MIC,CLSI,[34493269]
g1307.7686,florfenicol,,2.0,mg/L,MIC,CLSI,[34493269]
g1307.7686,lincomycin,,8.0,mg/L,MIC,CLSI,[34493269]
g1307.7686,marbofloxacin,,1.0,mg/L,MIC,CLSI,[34493269]
g1307.7686,penicillin,,0.03,mg/L,MIC,CLSI,[34493269]
g1307.7686,spectinomycin,,16.0,mg/L,MIC,CLSI,[34493269]
g1307.7686,tetracycline,,64.0,mg/L,MIC,CLSI,[34493269]
g1307.7686,tiamulin,,32.0,mg/L,MIC,CLSI,[34493269]
g1307.7686,tilmicosin,,4.0,mg/L,MIC,CLSI,[34493269]
g1307.7686,trimethoprim,,0.03,mg/L,MIC,CLSI,[34493269]
g1307.7686,tylosin,,1.0,mg/L,MIC,CLSI,[34493269]
g1307.7687,amoxicillin,,0.12,mg/L,MIC,CLSI,[34493269]
g1307.7687,cefquinome,,0.12,mg/L,MIC,CLSI,[34493269]
g1307.7687,ceftiofur,,1.0,mg/L,MIC,CLSI,[34493269]
g1307.7687,doxycycline,,16.0,mg/L,MIC,CLSI,[34493269]
g1307.7687,enrofloxacin,,0.25,mg/L,MIC,CLSI,[34493269]
g1307.7687,erythromycin,,32.0,mg/L,MIC,CLSI,[34493269]
g1307.7687,florfenicol,,2.0,mg/L,MIC,CLSI,[34493269]
g1307.7687,lincomycin,,128.0,mg/L,MIC,CLSI,[34493269]
g1307.7687,marbofloxacin,,0.5,mg/L,MIC,CLSI,[34493269]
g1307.7687,penicillin,,1.0,mg/L,MIC,CLSI,[34493269]
g1307.7687,spectinomycin,,32.0,mg/L,MIC,CLSI,[34493269]
g1307.7687,tetracycline,,64.0,mg/L,MIC,CLSI,[34493269]
g1307.7687,tiamulin,,8.0,mg/L,MIC,CLSI,[34493269]
g1307.7687,tilmicosin,,128.0,mg/L,MIC,CLSI,[34493269]
g1307.7687,trimethoprim,,32.0,mg/L,MIC,CLSI,[34493269]
g1307.7687,tylosin,,256.0,mg/L,MIC,CLSI,[34493269]
g1307.7688,amoxicillin,,0.03,mg/L,MIC,CLSI,[34493269]
g1307.7688,cefquinome,,0.015,mg/L,MIC,CLSI,[34493269]
g1307.7688,ceftiofur,,0.12,mg/L,MIC,CLSI,[34493269]
g1307.7688,doxycycline,,16.0,mg/L,MIC,CLSI,[34493269]
g1307.7688,enrofloxacin,,0.25,mg/L,MIC,CLSI,[34493269]
g1307.7688,erythromycin,,0.06,mg/L,MIC,CLSI,[34493269]
g1307.7688,florfenicol,,2.0,mg/L,MIC,CLSI,[34493269]
g1307.7688,lincomycin,,0.5,mg/L,MIC,CLSI,[34493269]
g1307.7688,marbofloxacin,,1.0,mg/L,MIC,CLSI,[34493269]
g1307.7688,penicillin,,0.03,mg/L,MIC,CLSI,[34493269]
g1307.7688,spectinomycin,,32.0,mg/L,MIC,CLSI,[34493269]
g1307.7688,tetracycline,,32.0,mg/L,MIC,CLSI,[34493269]
g1307.7688,tiamulin,,1.0,mg/L,MIC,CLSI,[34493269]
g1307.7688,tilmicosin,,4.0,mg/L,MIC,CLSI,[34493269]
g1307.7688,trimethoprim,,0.12,mg/L,MIC,CLSI,[34493269]
g1307.7688,tylosin,,0.5,mg/L,MIC,CLSI,[34493269]
g1307.7689,amoxicillin,,0.03,mg/L,MIC,CLSI,[34493269]
g1307.7689,cefquinome,,0.03,mg/L,MIC,CLSI,[34493269]
g1307.7689,ceftiofur,,0.12,mg/L,MIC,CLSI,[34493269]
g1307.7689,doxycycline,,16.0,mg/L,MIC,CLSI,[34493269]
g1307.7689,enrofloxacin,,0.25,mg/L,MIC,CLSI,[34493269]
g1307.7689,erythromycin,,32.0,mg/L,MIC,CLSI,[34493269]
g1307.7689,florfenicol,,2.0,mg/L,MIC,CLSI,[34493269]
g1307.7689,lincomycin,,128.0,mg/L,MIC,CLSI,[34493269]
g1307.7689,marbofloxacin,,1.0,mg/L,MIC,CLSI,[34493269]
g1307.7689,penicillin,,0.03,mg/L,MIC,CLSI,[34493269]
g1307.7689,spectinomycin,,16.0,mg/L,MIC,CLSI,[34493269]
g1307.7689,tetracycline,,64.0,mg/L,MIC,CLSI,[34493269]
g1307.7689,tiamulin,,1.0,mg/L,MIC,CLSI,[34493269]
g1307.7689,tilmicosin,,128.0,mg/L,MIC,CLSI,[34493269]
g1307.7689,trimethoprim,,0.5,mg/L,MIC,CLSI,[34493269]
g1307.7689,tylosin,,256.0,mg/L,MIC,CLSI,[34493269]
g1307.7690,amoxicillin,,0.03,mg/L,MIC,CLSI,[34493269]
g1307.7690,cefquinome,,0.06,mg/L,MIC,CLSI,[34493269]
g1307.7690,ceftiofur,,0.25,mg/L,MIC,CLSI,[34493269]
g1307.7690,doxycycline,,8.0,mg/L,MIC,CLSI,[34493269]
g1307.7690,enrofloxacin,,0.25,mg/L,MIC,CLSI,[34493269]
g1307.7690,erythromycin,,32.0,mg/L,MIC,CLSI,[34493269]
g1307.7690,florfenicol,,2.0,mg/L,MIC,CLSI,[34493269]
g1307.7690,lincomycin,,128.0,mg/L,MIC,CLSI,[34493269]
g1307.7690,marbofloxacin,,0.5,mg/L,MIC,CLSI,[34493269]
g1307.7690,penicillin,,0.03,mg/L,MIC,CLSI,[34493269]
g1307.7690,spectinomycin,,512.0,mg/L,MIC,CLSI,[34493269]
g1307.7690,tetracycline,,64.0,mg/L,MIC,CLSI,[34493269]
g1307.7690,tiamulin,,64.0,mg/L,MIC,CLSI,[34493269]
g1307.7690,tilmicosin,,128.0,mg/L,MIC,CLSI,[34493269]
g1307.7690,trimethoprim,,0.06,mg/L,MIC,CLSI,[34493269]
g1307.7690,tylosin,,256.0,mg/L,MIC,CLSI,[34493269]
g1307.7691,amoxicillin,,0.03,mg/L,MIC,CLSI,[34493269]
g1307.7691,cefquinome,,0.015,mg/L,MIC,CLSI,[34493269]
g1307.7691,ceftiofur,,0.06,mg/L,MIC,CLSI,[34493269]
g1307.7691,doxycycline,,8.0,mg/L,MIC,CLSI,[34493269]
g1307.7691,enrofloxacin,,0.5,mg/L,MIC,CLSI,[34493269]
g1307.7691,erythromycin,,0.06,mg/L,MIC,CLSI,[34493269]
g1307.7691,florfenicol,,2.0,mg/L,MIC,CLSI,[34493269]
g1307.7691,lincomycin,,0.5,mg/L,MIC,CLSI,[34493269]
g1307.7691,marbofloxacin,,1.0,mg/L,MIC,CLSI,[34493269]
g1307.7691,penicillin,,0.03,mg/L,MIC,CLSI,[34493269]
g1307.7691,spectinomycin,,32.0,mg/L,MIC,CLSI,[34493269]
g1307.7691,tetracycline,,64.0,mg/L,MIC,CLSI,[34493269]
g1307.7691,tiamulin,,1.0,mg/L,MIC,CLSI,[34493269]
g1307.7691,tilmicosin,,4.0,mg/L,MIC,CLSI,[34493269]
g1307.7691,trimethoprim,,0.12,mg/L,MIC,CLSI,[34493269]
g1307.7691,tylosin,,1.0,mg/L,MIC,CLSI,[34493269]
g1307.7692,amoxicillin,,0.03,mg/L,MIC,CLSI,[34493269]
g1307.7692,cefquinome,,0.03,mg/L,MIC,CLSI,[34493269]
g1307.7692,ceftiofur,,0.12,mg/L,MIC,CLSI,[34493269]
g1307.7692,doxycycline,,16.0,mg/L,MIC,CLSI,[34493269]
g1307.7692,enrofloxacin,,0.5,mg/L,MIC,CLSI,[34493269]
g1307.7692,erythromycin,,0.06,mg/L,MIC,CLSI,[34493269]
g1307.7692,florfenicol,,2.0,mg/L,MIC,CLSI,[34493269]
g1307.7692,lincomycin,,8.0,mg/L,MIC,CLSI,[34493269]
g1307.7692,marbofloxacin,,1.0,mg/L,MIC,CLSI,[34493269]
g1307.7692,penicillin,,0.06,mg/L,MIC,CLSI,[34493269]
g1307.7692,spectinomycin,,32.0,mg/L,MIC,CLSI,[34493269]
g1307.7692,tetracycline,,64.0,mg/L,MIC,CLSI,[34493269]
g1307.7692,tiamulin,,32.0,mg/L,MIC,CLSI,[34493269]
g1307.7692,tilmicosin,,8.0,mg/L,MIC,CLSI,[34493269]
g1307.7692,trimethoprim,,0.06,mg/L,MIC,CLSI,[34493269]
g1307.7692,tylosin,,1.0,mg/L,MIC,CLSI,[34493269]
g1307.7693,amoxicillin,,0.03,mg/L,MIC,CLSI,[34493269]
g1307.7693,cefquinome,,0.03,mg/L,MIC,CLSI,[34493269]
g1307.7693,ceftiofur,,0.12,mg/L,MIC,CLSI,[34493269]
g1307.7693,doxycycline,,16.0,mg/L,MIC,CLSI,[34493269]
g1307.7693,enrofloxacin,,0.25,mg/L,MIC,CLSI,[34493269]
g1307.7693,erythromycin,,0.015,mg/L,MIC,CLSI,[34493269]
g1307.7693,florfenicol,,1.0,mg/L,MIC,CLSI,[34493269]
g1307.7693,lincomycin,,2.0,mg/L,MIC,CLSI,[34493269]
g1307.7693,marbofloxacin,,0.5,mg/L,MIC,CLSI,[34493269]
g1307.7693,penicillin,,0.03,mg/L,MIC,CLSI,[34493269]
g1307.7693,spectinomycin,,8.0,mg/L,MIC,CLSI,[34493269]
g1307.7693,tetracycline,,64.0,mg/L,MIC,CLSI,[34493269]
g1307.7693,tiamulin,,1.0,mg/L,MIC,CLSI,[34493269]
g1307.7693,tilmicosin,,1.0,mg/L,MIC,CLSI,[34493269]
g1307.7693,trimethoprim,,0.015,mg/L,MIC,CLSI,[34493269]
g1307.7693,tylosin,,0.5,mg/L,MIC,CLSI,[34493269]
g1307.7694,amoxicillin,,0.03,mg/L,MIC,CLSI,[34493269]
g1307.7694,cefquinome,,0.015,mg/L,MIC,CLSI,[34493269]
g1307.7694,ceftiofur,,0.12,mg/L,MIC,CLSI,[34493269]
g1307.7694,doxycycline,,16.0,mg/L,MIC,CLSI,[34493269]
g1307.7694,enrofloxacin,,0.5,mg/L,MIC,CLSI,[34493269]
g1307.7694,erythromycin,,0.06,mg/L,MIC,CLSI,[34493269]
g1307.7694,florfenicol,,2.0,mg/L,MIC,CLSI,[34493269]
g1307.7694,lincomycin,,8.0,mg/L,MIC,CLSI,[34493269]
g1307.7694,marbofloxacin,,1.0,mg/L,MIC,CLSI,[34493269]
g1307.7694,penicillin,,0.03,mg/L,MIC,CLSI,[34493269]
g1307.7694,spectinomycin,,16.0,mg/L,MIC,CLSI,[34493269]
g1307.7694,tetracycline,,64.0,mg/L,MIC,CLSI,[34493269]
g1307.7694,tiamulin,,32.0,mg/L,MIC,CLSI,[34493269]
g1307.7694,tilmicosin,,4.0,mg/L,MIC,CLSI,[34493269]
g1307.7694,trimethoprim,,0.03,mg/L,MIC,CLSI,[34493269]
g1307.7694,tylosin,,1.0,mg/L,MIC,CLSI,[34493269]
g1307.7695,amoxicillin,,0.03,mg/L,MIC,CLSI,[34493269]
g1307.7695,cefquinome,,0.03,mg/L,MIC,CLSI,[34493269]
g1307.7695,ceftiofur,,0.12,mg/L,MIC,CLSI,[34493269]
g1307.7695,doxycycline,,16.0,mg/L,MIC,CLSI,[34493269]
g1307.7695,enrofloxacin,,0.5,mg/L,MIC,CLSI,[34493269]
g1307.7695,erythromycin,,0.015,mg/L,MIC,CLSI,[34493269]
g1307.7695,florfenicol,,1.0,mg/L,MIC,CLSI,[34493269]
g1307.7695,lincomycin,,1.0,mg/L,MIC,CLSI,[34493269]
g1307.7695,marbofloxacin,,0.5,mg/L,MIC,CLSI,[34493269]
g1307.7695,penicillin,,0.03,mg/L,MIC,CLSI,[34493269]
g1307.7695,spectinomycin,,8.0,mg/L,MIC,CLSI,[34493269]
g1307.7695,tetracycline,,64.0,mg/L,MIC,CLSI,[34493269]
g1307.7695,tiamulin,,1.0,mg/L,MIC,CLSI,[34493269]
g1307.7695,tilmicosin,,1.0,mg/L,MIC,CLSI,[34493269]
g1307.7695,trimethoprim,,0.015,mg/L,MIC,CLSI,[34493269]
g1307.7695,tylosin,,0.5,mg/L,MIC,CLSI,[34493269]
g1307.7696,amoxicillin,,0.03,mg/L,MIC,CLSI,[34493269]
g1307.7696,cefquinome,,0.03,mg/L,MIC,CLSI,[34493269]
g1307.7696,ceftiofur,,0.25,mg/L,MIC,CLSI,[34493269]
g1307.7696,doxycycline,,4.0,mg/L,MIC,CLSI,[34493269]
g1307.7696,enrofloxacin,,0.5,mg/L,MIC,CLSI,[34493269]
g1307.7696,erythromycin,,32.0,mg/L,MIC,CLSI,[34493269]
g1307.7696,florfenicol,,2.0,mg/L,MIC,CLSI,[34493269]
g1307.7696,lincomycin,,128.0,mg/L,MIC,CLSI,[34493269]
g1307.7696,marbofloxacin,,1.0,mg/L,MIC,CLSI,[34493269]
g1307.7696,penicillin,,0.03,mg/L,MIC,CLSI,[34493269]
g1307.7696,spectinomycin,,16.0,mg/L,MIC,CLSI,[34493269]
g1307.7696,tetracycline,,32.0,mg/L,MIC,CLSI,[34493269]
g1307.7696,tiamulin,,1.0,mg/L,MIC,CLSI,[34493269]
g1307.7696,tilmicosin,,128.0,mg/L,MIC,CLSI,[34493269]
g1307.7696,trimethoprim,,0.03,mg/L,MIC,CLSI,[34493269]
g1307.7696,tylosin,,256.0,mg/L,MIC,CLSI,[34493269]
g1307.7697,amoxicillin,,0.03,mg/L,MIC,CLSI,[34493269]
g1307.7697,cefquinome,,0.06,mg/L,MIC,CLSI,[34493269]
g1307.7697,ceftiofur,,0.12,mg/L,MIC,CLSI,[34493269]
g1307.7697,doxycycline,,0.12,mg/L,MIC,CLSI,[34493269]
g1307.7697,enrofloxacin,,0.25,mg/L,MIC,CLSI,[34493269]
g1307.7697,erythromycin,,0.03,mg/L,MIC,CLSI,[34493269]
g1307.7697,florfenicol,,2.0,mg/L,MIC,CLSI,[34493269]
g1307.7697,lincomycin,,1.0,mg/L,MIC,CLSI,[34493269]
g1307.7697,marbofloxacin,,0.5,mg/L,MIC,CLSI,[34493269]
g1307.7697,penicillin,,0.03,mg/L,MIC,CLSI,[34493269]
g1307.7697,spectinomycin,,16.0,mg/L,MIC,CLSI,[34493269]
g1307.7697,tetracycline,,2.0,mg/L,MIC,CLSI,[34493269]
g1307.7697,tiamulin,,1.0,mg/L,MIC,CLSI,[34493269]
g1307.7697,tilmicosin,,8.0,mg/L,MIC,CLSI,[34493269]
g1307.7697,trimethoprim,,0.015,mg/L,MIC,CLSI,[34493269]
g1307.7697,tylosin,,0.5,mg/L,MIC,CLSI,[34493269]
g1307.7698,amoxicillin,,0.03,mg/L,MIC,CLSI,[34493269]
g1307.7698,cefquinome,,0.03,mg/L,MIC,CLSI,[34493269]
g1307.7698,ceftiofur,,0.12,mg/L,MIC,CLSI,[34493269]
g1307.7698,doxycycline,,4.0,mg/L,MIC,CLSI,[34493269]
g1307.7698,enrofloxacin,,0.25,mg/L,MIC,CLSI,[34493269]
g1307.7698,erythromycin,,16.0,mg/L,MIC,CLSI,[34493269]
g1307.7698,florfenicol,,2.0,mg/L,MIC,CLSI,[34493269]
g1307.7698,lincomycin,,128.0,mg/L,MIC,CLSI,[34493269]
g1307.7698,marbofloxacin,,0.5,mg/L,MIC,CLSI,[34493269]
g1307.7698,penicillin,,0.03,mg/L,MIC,CLSI,[34493269]
g1307.7698,spectinomycin,,16.0,mg/L,MIC,CLSI,[34493269]
g1307.7698,tetracycline,,32.0,mg/L,MIC,CLSI,[34493269]
g1307.7698,tiamulin,,1.0,mg/L,MIC,CLSI,[34493269]
g1307.7698,tilmicosin,,128.0,mg/L,MIC,CLSI,[34493269]
g1307.7698,trimethoprim,,0.06,mg/L,MIC,CLSI,[34493269]
g1307.7698,tylosin,,256.0,mg/L,MIC,CLSI,[34493269]
g1307.7699,amoxicillin,,0.03,mg/L,MIC,CLSI,[34493269]
g1307.7699,cefquinome,,0.015,mg/L,MIC,CLSI,[34493269]
g1307.7699,ceftiofur,,0.06,mg/L,MIC,CLSI,[34493269]
g1307.7699,doxycycline,,4.0,mg/L,MIC,CLSI,[34493269]
g1307.7699,enrofloxacin,,0.25,mg/L,MIC,CLSI,[34493269]
g1307.7699,erythromycin,,16.0,mg/L,MIC,CLSI,[34493269]
g1307.7699,florfenicol,,2.0,mg/L,MIC,CLSI,[34493269]
g1307.7699,lincomycin,,128.0,mg/L,MIC,CLSI,[34493269]
g1307.7699,marbofloxacin,,0.5,mg/L,MIC,CLSI,[34493269]
g1307.7699,penicillin,,0.03,mg/L,MIC,CLSI,[34493269]
g1307.7699,spectinomycin,,16.0,mg/L,MIC,CLSI,[34493269]
g1307.7699,tetracycline,,32.0,mg/L,MIC,CLSI,[34493269]
g1307.7699,tiamulin,,1.0,mg/L,MIC,CLSI,[34493269]
g1307.7699,tilmicosin,,128.0,mg/L,MIC,CLSI,[34493269]
g1307.7699,trimethoprim,,0.03,mg/L,MIC,CLSI,[34493269]
g1307.7699,tylosin,,256.0,mg/L,MIC,CLSI,[34493269]
g1307.7700,amoxicillin,,0.03,mg/L,MIC,CLSI,[34493269]
g1307.7700,cefquinome,,0.03,mg/L,MIC,CLSI,[34493269]
g1307.7700,ceftiofur,,0.25,mg/L,MIC,CLSI,[34493269]
g1307.7700,doxycycline,,8.0,mg/L,MIC,CLSI,[34493269]
g1307.7700,enrofloxacin,,0.25,mg/L,MIC,CLSI,[34493269]
g1307.7700,erythromycin,,32.0,mg/L,MIC,CLSI,[34493269]
g1307.7700,florfenicol,,2.0,mg/L,MIC,CLSI,[34493269]
g1307.7700,lincomycin,,128.0,mg/L,MIC,CLSI,[34493269]
g1307.7700,marbofloxacin,,1.0,mg/L,MIC,CLSI,[34493269]
g1307.7700,penicillin,,0.03,mg/L,MIC,CLSI,[34493269]
g1307.7700,spectinomycin,,16.0,mg/L,MIC,CLSI,[34493269]
g1307.7700,tetracycline,,64.0,mg/L,MIC,CLSI,[34493269]
g1307.7700,tiamulin,,1.0,mg/L,MIC,CLSI,[34493269]
g1307.7700,tilmicosin,,128.0,mg/L,MIC,CLSI,[34493269]
g1307.7700,trimethoprim,,0.03,mg/L,MIC,CLSI,[34493269]
g1307.7700,tylosin,,256.0,mg/L,MIC,CLSI,[34493269]
g1307.7701,amoxicillin,,0.03,mg/L,MIC,CLSI,[34493269]
g1307.7701,cefquinome,,0.03,mg/L,MIC,CLSI,[34493269]
g1307.7701,ceftiofur,,0.25,mg/L,MIC,CLSI,[34493269]
g1307.7701,doxycycline,,8.0,mg/L,MIC,CLSI,[34493269]
g1307.7701,enrofloxacin,,0.5,mg/L,MIC,CLSI,[34493269]
g1307.7701,erythromycin,,32.0,mg/L,MIC,CLSI,[34493269]
g1307.7701,florfenicol,,2.0,mg/L,MIC,CLSI,[34493269]
g1307.7701,lincomycin,,128.0,mg/L,MIC,CLSI,[34493269]
g1307.7701,marbofloxacin,,1.0,mg/L,MIC,CLSI,[34493269]
g1307.7701,penicillin,,0.03,mg/L,MIC,CLSI,[34493269]
g1307.7701,spectinomycin,,16.0,mg/L,MIC,CLSI,[34493269]
g1307.7701,tetracycline,,64.0,mg/L,MIC,CLSI,[34493269]
g1307.7701,tiamulin,,1.0,mg/L,MIC,CLSI,[34493269]
g1307.7701,tilmicosin,,128.0,mg/L,MIC,CLSI,[34493269]
g1307.7701,trimethoprim,,0.03,mg/L,MIC,CLSI,[34493269]
g1307.7701,tylosin,,256.0,mg/L,MIC,CLSI,[34493269]
g1307.7702,amoxicillin,,0.06,mg/L,MIC,CLSI,[34493269]
g1307.7702,cefquinome,,0.25,mg/L,MIC,CLSI,[34493269]
g1307.7702,ceftiofur,,2.0,mg/L,MIC,CLSI,[34493269]
g1307.7702,doxycycline,,0.25,mg/L,MIC,CLSI,[34493269]
g1307.7702,enrofloxacin,,0.25,mg/L,MIC,CLSI,[34493269]
g1307.7702,erythromycin,,0.06,mg/L,MIC,CLSI,[34493269]
g1307.7702,florfenicol,,2.0,mg/L,MIC,CLSI,[34493269]
g1307.7702,lincomycin,,16.0,mg/L,MIC,CLSI,[34493269]
g1307.7702,marbofloxacin,,0.5,mg/L,MIC,CLSI,[34493269]
g1307.7702,penicillin,,0.25,mg/L,MIC,CLSI,[34493269]
g1307.7702,spectinomycin,,64.0,mg/L,MIC,CLSI,[34493269]
g1307.7702,tetracycline,,8.0,mg/L,MIC,CLSI,[34493269]
g1307.7702,tiamulin,,16.0,mg/L,MIC,CLSI,[34493269]
g1307.7702,tilmicosin,,4.0,mg/L,MIC,CLSI,[34493269]
g1307.7702,trimethoprim,,32.0,mg/L,MIC,CLSI,[34493269]
g1307.7702,tylosin,,0.5,mg/L,MIC,CLSI,[34493269]
g1307.7703,amoxicillin,,0.03,mg/L,MIC,CLSI,[34493269]
g1307.7703,cefquinome,,0.03,mg/L,MIC,CLSI,[34493269]
g1307.7703,ceftiofur,,0.25,mg/L,MIC,CLSI,[34493269]
g1307.7703,doxycycline,,16.0,mg/L,MIC,CLSI,[34493269]
g1307.7703,enrofloxacin,,0.5,mg/L,MIC,CLSI,[34493269]
g1307.7703,erythromycin,,32.0,mg/L,MIC,CLSI,[34493269]
g1307.7703,florfenicol,,2.0,mg/L,MIC,CLSI,[34493269]
g1307.7703,lincomycin,,128.0,mg/L,MIC,CLSI,[34493269]
g1307.7703,marbofloxacin,,1.0,mg/L,MIC,CLSI,[34493269]
g1307.7703,penicillin,,0.06,mg/L,MIC,CLSI,[34493269]
g1307.7703,spectinomycin,,512.0,mg/L,MIC,CLSI,[34493269]
g1307.7703,tetracycline,,64.0,mg/L,MIC,CLSI,[34493269]
g1307.7703,tiamulin,,0.12,mg/L,MIC,CLSI,[34493269]
g1307.7703,tilmicosin,,128.0,mg/L,MIC,CLSI,[34493269]
g1307.7703,trimethoprim,,0.03,mg/L,MIC,CLSI,[34493269]
g1307.7703,tylosin,,256.0,mg/L,MIC,CLSI,[34493269]
g1307.7704,amoxicillin,,0.06,mg/L,MIC,CLSI,[34493269]
g1307.7704,cefquinome,,0.12,mg/L,MIC,CLSI,[34493269]
g1307.7704,ceftiofur,,1.0,mg/L,MIC,CLSI,[34493269]
g1307.7704,doxycycline,,16.0,mg/L,MIC,CLSI,[34493269]
g1307.7704,enrofloxacin,,0.5,mg/L,MIC,CLSI,[34493269]
g1307.7704,erythromycin,,16.0,mg/L,MIC,CLSI,[34493269]
g1307.7704,florfenicol,,1.0,mg/L,MIC,CLSI,[34493269]
g1307.7704,lincomycin,,128.0,mg/L,MIC,CLSI,[34493269]
g1307.7704,marbofloxacin,,1.0,mg/L,MIC,CLSI,[34493269]
g1307.7704,penicillin,,4.0,mg/L,MIC,CLSI,[34493269]
g1307.7704,spectinomycin,,32.0,mg/L,MIC,CLSI,[34493269]
g1307.7704,tetracycline,,128.0,mg/L,MIC,CLSI,[34493269]
g1307.7704,tiamulin,,32.0,mg/L,MIC,CLSI,[34493269]
g1307.7704,tilmicosin,,128.0,mg/L,MIC,CLSI,[34493269]
g1307.7704,trimethoprim,,0.12,mg/L,MIC,CLSI,[34493269]
g1307.7704,tylosin,,256.0,mg/L,MIC,CLSI,[34493269]
g1307.7705,amoxicillin,,0.25,mg/L,MIC,CLSI,[34493269]
g1307.7705,cefquinome,,0.06,mg/L,MIC,CLSI,[34493269]
g1307.7705,ceftiofur,,0.5,mg/L,MIC,CLSI,[34493269]
g1307.7705,doxycycline,,16.0,mg/L,MIC,CLSI,[34493269]
g1307.7705,enrofloxacin,,1.0,mg/L,MIC,CLSI,[34493269]
g1307.7705,erythromycin,,1.0,mg/L,MIC,CLSI,[34493269]
g1307.7705,florfenicol,,2.0,mg/L,MIC,CLSI,[34493269]
g1307.7705,lincomycin,,8.0,mg/L,MIC,CLSI,[34493269]
g1307.7705,marbofloxacin,,2.0,mg/L,MIC,CLSI,[34493269]
g1307.7705,penicillin,,0.5,mg/L,MIC,CLSI,[34493269]
g1307.7705,spectinomycin,,32.0,mg/L,MIC,CLSI,[34493269]
g1307.7705,tetracycline,,128.0,mg/L,MIC,CLSI,[34493269]
g1307.7705,tiamulin,,64.0,mg/L,MIC,CLSI,[34493269]
g1307.7705,tilmicosin,,1.0,mg/L,MIC,CLSI,[34493269]
g1307.7705,trimethoprim,,0.06,mg/L,MIC,CLSI,[34493269]
g1307.7705,tylosin,,0.12,mg/L,MIC,CLSI,[34493269]
g1307.7706,amoxicillin,,0.06,mg/L,MIC,CLSI,[34493269]
g1307.7706,cefquinome,,0.015,mg/L,MIC,CLSI,[34493269]
g1307.7706,ceftiofur,,0.12,mg/L,MIC,CLSI,[34493269]
g1307.7706,doxycycline,,8.0,mg/L,MIC,CLSI,[34493269]
g1307.7706,enrofloxacin,,0.25,mg/L,MIC,CLSI,[34493269]
g1307.7706,erythromycin,,0.015,mg/L,MIC,CLSI,[34493269]
g1307.7706,florfenicol,,2.0,mg/L,MIC,CLSI,[34493269]
g1307.7706,lincomycin,,0.5,mg/L,MIC,CLSI,[34493269]
g1307.7706,marbofloxacin,,0.5,mg/L,MIC,CLSI,[34493269]
g1307.7706,penicillin,,0.03,mg/L,MIC,CLSI,[34493269]
g1307.7706,spectinomycin,,16.0,mg/L,MIC,CLSI,[34493269]
g1307.7706,tetracycline,,64.0,mg/L,MIC,CLSI,[34493269]
g1307.7706,tiamulin,,1.0,mg/L,MIC,CLSI,[34493269]
g1307.7706,tilmicosin,,4.0,mg/L,MIC,CLSI,[34493269]
g1307.7706,trimethoprim,,0.12,mg/L,MIC,CLSI,[34493269]
g1307.7706,tylosin,,0.5,mg/L,MIC,CLSI,[34493269]
g1307.7707,amoxicillin,,0.03,mg/L,MIC,CLSI,[34493269]
g1307.7707,cefquinome,,0.015,mg/L,MIC,CLSI,[34493269]
g1307.7707,ceftiofur,,0.12,mg/L,MIC,CLSI,[34493269]
g1307.7707,doxycycline,,8.0,mg/L,MIC,CLSI,[34493269]
g1307.7707,enrofloxacin,,0.25,mg/L,MIC,CLSI,[34493269]
g1307.7707,erythromycin,,0.03,mg/L,MIC,CLSI,[34493269]
g1307.7707,florfenicol,,2.0,mg/L,MIC,CLSI,[34493269]
g1307.7707,lincomycin,,0.25,mg/L,MIC,CLSI,[34493269]
g1307.7707,marbofloxacin,,0.5,mg/L,MIC,CLSI,[34493269]
g1307.7707,penicillin,,0.03,mg/L,MIC,CLSI,[34493269]
g1307.7707,spectinomycin,,8.0,mg/L,MIC,CLSI,[34493269]
g1307.7707,tetracycline,,64.0,mg/L,MIC,CLSI,[34493269]
g1307.7707,tiamulin,,1.0,mg/L,MIC,CLSI,[34493269]
g1307.7707,tilmicosin,,4.0,mg/L,MIC,CLSI,[34493269]
g1307.7707,trimethoprim,,0.06,mg/L,MIC,CLSI,[34493269]
g1307.7707,tylosin,,0.5,mg/L,MIC,CLSI,[34493269]
g1307.7708,amoxicillin,,0.03,mg/L,MIC,CLSI,[34493269]
g1307.7708,cefquinome,,0.06,mg/L,MIC,CLSI,[34493269]
g1307.7708,ceftiofur,,0.5,mg/L,MIC,CLSI,[34493269]
g1307.7708,doxycycline,,4.0,mg/L,MIC,CLSI,[34493269]
g1307.7708,enrofloxacin,,0.5,mg/L,MIC,CLSI,[34493269]
g1307.7708,erythromycin,,0.06,mg/L,MIC,CLSI,[34493269]
g1307.7708,florfenicol,,2.0,mg/L,MIC,CLSI,[34493269]
g1307.7708,lincomycin,,2.0,mg/L,MIC,CLSI,[34493269]
g1307.7708,marbofloxacin,,1.0,mg/L,MIC,CLSI,[34493269]
g1307.7708,penicillin,,0.06,mg/L,MIC,CLSI,[34493269]
g1307.7708,spectinomycin,,16.0,mg/L,MIC,CLSI,[34493269]
g1307.7708,tetracycline,,16.0,mg/L,MIC,CLSI,[34493269]
g1307.7708,tiamulin,,2.0,mg/L,MIC,CLSI,[34493269]
g1307.7708,tilmicosin,,4.0,mg/L,MIC,CLSI,[34493269]
g1307.7708,trimethoprim,,0.06,mg/L,MIC,CLSI,[34493269]
g1307.7708,tylosin,,1.0,mg/L,MIC,CLSI,[34493269]
g1307.7709,amoxicillin,,0.03,mg/L,MIC,CLSI,[34493269]
g1307.7709,cefquinome,,0.03,mg/L,MIC,CLSI,[34493269]
g1307.7709,ceftiofur,,0.12,mg/L,MIC,CLSI,[34493269]
g1307.7709,doxycycline,,16.0,mg/L,MIC,CLSI,[34493269]
g1307.7709,enrofloxacin,,0.5,mg/L,MIC,CLSI,[34493269]
g1307.7709,erythromycin,,8.0,mg/L,MIC,CLSI,[34493269]
g1307.7709,florfenicol,,2.0,mg/L,MIC,CLSI,[34493269]
g1307.7709,lincomycin,,128.0,mg/L,MIC,CLSI,[34493269]
g1307.7709,marbofloxacin,,1.0,mg/L,MIC,CLSI,[34493269]
g1307.7709,penicillin,,0.03,mg/L,MIC,CLSI,[34493269]
g1307.7709,spectinomycin,,16.0,mg/L,MIC,CLSI,[34493269]
g1307.7709,tetracycline,,64.0,mg/L,MIC,CLSI,[34493269]
g1307.7709,tiamulin,,1.0,mg/L,MIC,CLSI,[34493269]
g1307.7709,tilmicosin,,128.0,mg/L,MIC,CLSI,[34493269]
g1307.7709,trimethoprim,,0.25,mg/L,MIC,CLSI,[34493269]
g1307.7709,tylosin,,256.0,mg/L,MIC,CLSI,[34493269]
g1307.7710,amoxicillin,,0.03,mg/L,MIC,CLSI,[34493269]
g1307.7710,cefquinome,,0.03,mg/L,MIC,CLSI,[34493269]
g1307.7710,ceftiofur,,0.12,mg/L,MIC,CLSI,[34493269]
g1307.7710,doxycycline,,16.0,mg/L,MIC,CLSI,[34493269]
g1307.7710,enrofloxacin,,0.5,mg/L,MIC,CLSI,[34493269]
g1307.7710,erythromycin,,8.0,mg/L,MIC,CLSI,[34493269]
g1307.7710,florfenicol,,2.0,mg/L,MIC,CLSI,[34493269]
g1307.7710,lincomycin,,128.0,mg/L,MIC,CLSI,[34493269]
g1307.7710,marbofloxacin,,1.0,mg/L,MIC,CLSI,[34493269]
g1307.7710,penicillin,,0.03,mg/L,MIC,CLSI,[34493269]
g1307.7710,spectinomycin,,16.0,mg/L,MIC,CLSI,[34493269]
g1307.7710,tetracycline,,64.0,mg/L,MIC,CLSI,[34493269]
g1307.7710,tiamulin,,1.0,mg/L,MIC,CLSI,[34493269]
g1307.7710,tilmicosin,,128.0,mg/L,MIC,CLSI,[34493269]
g1307.7710,trimethoprim,,0.25,mg/L,MIC,CLSI,[34493269]
g1307.7710,tylosin,,256.0,mg/L,MIC,CLSI,[34493269]
g1307.7711,amoxicillin,,0.03,mg/L,MIC,CLSI,[34493269]
g1307.7711,cefquinome,,0.03,mg/L,MIC,CLSI,[34493269]
g1307.7711,ceftiofur,,0.12,mg/L,MIC,CLSI,[34493269]
g1307.7711,doxycycline,,8.0,mg/L,MIC,CLSI,[34493269]
g1307.7711,enrofloxacin,,0.5,mg/L,MIC,CLSI,[34493269]
g1307.7711,erythromycin,,0.06,mg/L,MIC,CLSI,[34493269]
g1307.7711,florfenicol,,2.0,mg/L,MIC,CLSI,[34493269]
g1307.7711,lincomycin,,0.5,mg/L,MIC,CLSI,[34493269]
g1307.7711,marbofloxacin,,1.0,mg/L,MIC,CLSI,[34493269]
g1307.7711,penicillin,,0.03,mg/L,MIC,CLSI,[34493269]
g1307.7711,spectinomycin,,32.0,mg/L,MIC,CLSI,[34493269]
g1307.7711,tetracycline,,64.0,mg/L,MIC,CLSI,[34493269]
g1307.7711,tiamulin,,1.0,mg/L,MIC,CLSI,[34493269]
g1307.7711,tilmicosin,,4.0,mg/L,MIC,CLSI,[34493269]
g1307.7711,trimethoprim,,0.12,mg/L,MIC,CLSI,[34493269]
g1307.7711,tylosin,,0.5,mg/L,MIC,CLSI,[34493269]
g1307.7712,amoxicillin,,0.03,mg/L,MIC,CLSI,[34493269]
g1307.7712,cefquinome,,0.03,mg/L,MIC,CLSI,[34493269]
g1307.7712,ceftiofur,,0.12,mg/L,MIC,CLSI,[34493269]
g1307.7712,doxycycline,,16.0,mg/L,MIC,CLSI,[34493269]
g1307.7712,enrofloxacin,,0.5,mg/L,MIC,CLSI,[34493269]
g1307.7712,erythromycin,,32.0,mg/L,MIC,CLSI,[34493269]
g1307.7712,florfenicol,,2.0,mg/L,MIC,CLSI,[34493269]
g1307.7712,lincomycin,,128.0,mg/L,MIC,CLSI,[34493269]
g1307.7712,marbofloxacin,,1.0,mg/L,MIC,CLSI,[34493269]
g1307.7712,penicillin,,0.03,mg/L,MIC,CLSI,[34493269]
g1307.7712,spectinomycin,,16.0,mg/L,MIC,CLSI,[34493269]
g1307.7712,tetracycline,,64.0,mg/L,MIC,CLSI,[34493269]
g1307.7712,tiamulin,,1.0,mg/L,MIC,CLSI,[34493269]
g1307.7712,tilmicosin,,128.0,mg/L,MIC,CLSI,[34493269]
g1307.7712,trimethoprim,,0.5,mg/L,MIC,CLSI,[34493269]
g1307.7712,tylosin,,256.0,mg/L,MIC,CLSI,[34493269]
g1307.7713,amoxicillin,,0.03,mg/L,MIC,CLSI,[34493269]
g1307.7713,cefquinome,,0.015,mg/L,MIC,CLSI,[34493269]
g1307.7713,ceftiofur,,0.12,mg/L,MIC,CLSI,[34493269]
g1307.7713,doxycycline,,8.0,mg/L,MIC,CLSI,[34493269]
g1307.7713,enrofloxacin,,0.25,mg/L,MIC,CLSI,[34493269]
g1307.7713,erythromycin,,0.06,mg/L,MIC,CLSI,[34493269]
g1307.7713,florfenicol,,2.0,mg/L,MIC,CLSI,[34493269]
g1307.7713,lincomycin,,1.0,mg/L,MIC,CLSI,[34493269]
g1307.7713,marbofloxacin,,0.5,mg/L,MIC,CLSI,[34493269]
g1307.7713,penicillin,,0.03,mg/L,MIC,CLSI,[34493269]
g1307.7713,spectinomycin,,8.0,mg/L,MIC,CLSI,[34493269]
g1307.7713,tetracycline,,64.0,mg/L,MIC,CLSI,[34493269]
g1307.7713,tiamulin,,2.0,mg/L,MIC,CLSI,[34493269]
g1307.7713,tilmicosin,,4.0,mg/L,MIC,CLSI,[34493269]
g1307.7713,trimethoprim,,0.06,mg/L,MIC,CLSI,[34493269]
g1307.7713,tylosin,,0.5,mg/L,MIC,CLSI,[34493269]
g1307.7714,amoxicillin,,0.03,mg/L,MIC,CLSI,[34493269]
g1307.7714,cefquinome,,0.03,mg/L,MIC,CLSI,[34493269]
g1307.7714,ceftiofur,,0.12,mg/L,MIC,CLSI,[34493269]
g1307.7714,doxycycline,,8.0,mg/L,MIC,CLSI,[34493269]
g1307.7714,enrofloxacin,,0.5,mg/L,MIC,CLSI,[34493269]
g1307.7714,erythromycin,,32.0,mg/L,MIC,CLSI,[34493269]
g1307.7714,florfenicol,,2.0,mg/L,MIC,CLSI,[34493269]
g1307.7714,lincomycin,,128.0,mg/L,MIC,CLSI,[34493269]
g1307.7714,marbofloxacin,,1.0,mg/L,MIC,CLSI,[34493269]
g1307.7714,penicillin,,0.03,mg/L,MIC,CLSI,[34493269]
g1307.7714,spectinomycin,,16.0,mg/L,MIC,CLSI,[34493269]
g1307.7714,tetracycline,,64.0,mg/L,MIC,CLSI,[34493269]
g1307.7714,tiamulin,,2.0,mg/L,MIC,CLSI,[34493269]
g1307.7714,tilmicosin,,128.0,mg/L,MIC,CLSI,[34493269]
g1307.7714,trimethoprim,,0.03,mg/L,MIC,CLSI,[34493269]
g1307.7714,tylosin,,256.0,mg/L,MIC,CLSI,[34493269]
g1307.7715,amoxicillin,,0.25,mg/L,MIC,CLSI,[34493269]
g1307.7715,cefquinome,,0.12,mg/L,MIC,CLSI,[34493269]
g1307.7715,ceftiofur,,2.0,mg/L,MIC,CLSI,[34493269]
g1307.7715,doxycycline,,16.0,mg/L,MIC,CLSI,[34493269]
g1307.7715,enrofloxacin,,0.25,mg/L,MIC,CLSI,[34493269]
g1307.7715,erythromycin,,32.0,mg/L,MIC,CLSI,[34493269]
g1307.7715,florfenicol,,2.0,mg/L,MIC,CLSI,[34493269]
g1307.7715,lincomycin,,128.0,mg/L,MIC,CLSI,[34493269]
g1307.7715,marbofloxacin,,0.5,mg/L,MIC,CLSI,[34493269]
g1307.7715,penicillin,,2.0,mg/L,MIC,CLSI,[34493269]
g1307.7715,spectinomycin,,16.0,mg/L,MIC,CLSI,[34493269]
g1307.7715,tetracycline,,64.0,mg/L,MIC,CLSI,[34493269]
g1307.7715,tiamulin,,64.0,mg/L,MIC,CLSI,[34493269]
g1307.7715,tilmicosin,,128.0,mg/L,MIC,CLSI,[34493269]
g1307.7715,trimethoprim,,32.0,mg/L,MIC,CLSI,[34493269]
g1307.7715,tylosin,,256.0,mg/L,MIC,CLSI,[34493269]
g1307.7716,amoxicillin,,0.03,mg/L,MIC,CLSI,[34493269]
g1307.7716,cefquinome,,0.03,mg/L,MIC,CLSI,[34493269]
g1307.7716,ceftiofur,,0.12,mg/L,MIC,CLSI,[34493269]
g1307.7716,doxycycline,,8.0,mg/L,MIC,CLSI,[34493269]
g1307.7716,enrofloxacin,,0.5,mg/L,MIC,CLSI,[34493269]
g1307.7716,erythromycin,,32.0,mg/L,MIC,CLSI,[34493269]
g1307.7716,florfenicol,,2.0,mg/L,MIC,CLSI,[34493269]
g1307.7716,lincomycin,,128.0,mg/L,MIC,CLSI,[34493269]
g1307.7716,marbofloxacin,,0.5,mg/L,MIC,CLSI,[34493269]
g1307.7716,penicillin,,0.03,mg/L,MIC,CLSI,[34493269]
g1307.7716,spectinomycin,,16.0,mg/L,MIC,CLSI,[34493269]
g1307.7716,tetracycline,,64.0,mg/L,MIC,CLSI,[34493269]
g1307.7716,tiamulin,,2.0,mg/L,MIC,CLSI,[34493269]
g1307.7716,tilmicosin,,128.0,mg/L,MIC,CLSI,[34493269]
g1307.7716,trimethoprim,,0.03,mg/L,MIC,CLSI,[34493269]
g1307.7716,tylosin,,256.0,mg/L,MIC,CLSI,[34493269]
g1307.7717,amoxicillin,,0.03,mg/L,MIC,CLSI,[34493269]
g1307.7717,cefquinome,,0.015,mg/L,MIC,CLSI,[34493269]
g1307.7717,ceftiofur,,0.12,mg/L,MIC,CLSI,[34493269]
g1307.7717,doxycycline,,8.0,mg/L,MIC,CLSI,[34493269]
g1307.7717,enrofloxacin,,0.12,mg/L,MIC,CLSI,[34493269]
g1307.7717,erythromycin,,0.03,mg/L,MIC,CLSI,[34493269]
g1307.7717,florfenicol,,1.0,mg/L,MIC,CLSI,[34493269]
g1307.7717,lincomycin,,0.25,mg/L,MIC,CLSI,[34493269]
g1307.7717,marbofloxacin,,0.5,mg/L,MIC,CLSI,[34493269]
g1307.7717,penicillin,,0.03,mg/L,MIC,CLSI,[34493269]
g1307.7717,spectinomycin,,32.0,mg/L,MIC,CLSI,[34493269]
g1307.7717,tetracycline,,64.0,mg/L,MIC,CLSI,[34493269]
g1307.7717,tiamulin,,1.0,mg/L,MIC,CLSI,[34493269]
g1307.7717,tilmicosin,,4.0,mg/L,MIC,CLSI,[34493269]
g1307.7717,trimethoprim,,0.12,mg/L,MIC,CLSI,[34493269]
g1307.7717,tylosin,,0.5,mg/L,MIC,CLSI,[34493269]
g1307.7718,amoxicillin,,0.03,mg/L,MIC,CLSI,[34493269]
g1307.7718,cefquinome,,0.03,mg/L,MIC,CLSI,[34493269]
g1307.7718,ceftiofur,,0.25,mg/L,MIC,CLSI,[34493269]
g1307.7718,doxycycline,,16.0,mg/L,MIC,CLSI,[34493269]
g1307.7718,enrofloxacin,,0.25,mg/L,MIC,CLSI,[34493269]
g1307.7718,erythromycin,,32.0,mg/L,MIC,CLSI,[34493269]
g1307.7718,florfenicol,,1.0,mg/L,MIC,CLSI,[34493269]
g1307.7718,lincomycin,,128.0,mg/L,MIC,CLSI,[34493269]
g1307.7718,marbofloxacin,,0.5,mg/L,MIC,CLSI,[34493269]
g1307.7718,penicillin,,0.25,mg/L,MIC,CLSI,[34493269]
g1307.7718,spectinomycin,,16.0,mg/L,MIC,CLSI,[34493269]
g1307.7718,tetracycline,,64.0,mg/L,MIC,CLSI,[34493269]
g1307.7718,tiamulin,,16.0,mg/L,MIC,CLSI,[34493269]
g1307.7718,tilmicosin,,128.0,mg/L,MIC,CLSI,[34493269]
g1307.7718,trimethoprim,,32.0,mg/L,MIC,CLSI,[34493269]
g1307.7718,tylosin,,256.0,mg/L,MIC,CLSI,[34493269]
g1307.7719,amoxicillin,,0.03,mg/L,MIC,CLSI,[34493269]
g1307.7719,cefquinome,,0.06,mg/L,MIC,CLSI,[34493269]
g1307.7719,ceftiofur,,0.5,mg/L,MIC,CLSI,[34493269]
g1307.7719,doxycycline,,16.0,mg/L,MIC,CLSI,[34493269]
g1307.7719,enrofloxacin,,1.0,mg/L,MIC,CLSI,[34493269]
g1307.7719,erythromycin,,32.0,mg/L,MIC,CLSI,[34493269]
g1307.7719,florfenicol,,2.0,mg/L,MIC,CLSI,[34493269]
g1307.7719,lincomycin,,128.0,mg/L,MIC,CLSI,[34493269]
g1307.7719,marbofloxacin,,2.0,mg/L,MIC,CLSI,[34493269]
g1307.7719,penicillin,,0.03,mg/L,MIC,CLSI,[34493269]
g1307.7719,spectinomycin,,16.0,mg/L,MIC,CLSI,[34493269]
g1307.7719,tetracycline,,128.0,mg/L,MIC,CLSI,[34493269]
g1307.7719,tiamulin,,2.0,mg/L,MIC,CLSI,[34493269]
g1307.7719,tilmicosin,,128.0,mg/L,MIC,CLSI,[34493269]
g1307.7719,trimethoprim,,0.06,mg/L,MIC,CLSI,[34493269]
g1307.7719,tylosin,,256.0,mg/L,MIC,CLSI,[34493269]
g1307.7720,amoxicillin,,0.12,mg/L,MIC,CLSI,[34493269]
g1307.7720,cefquinome,,1.0,mg/L,MIC,CLSI,[34493269]
g1307.7720,ceftiofur,,8.0,mg/L,MIC,CLSI,[34493269]
g1307.7720,doxycycline,,16.0,mg/L,MIC,CLSI,[34493269]
g1307.7720,enrofloxacin,,0.25,mg/L,MIC,CLSI,[34493269]
g1307.7720,erythromycin,,32.0,mg/L,MIC,CLSI,[34493269]
g1307.7720,florfenicol,,2.0,mg/L,MIC,CLSI,[34493269]
g1307.7720,lincomycin,,128.0,mg/L,MIC,CLSI,[34493269]
g1307.7720,marbofloxacin,,0.5,mg/L,MIC,CLSI,[34493269]
g1307.7720,penicillin,,1.0,mg/L,MIC,CLSI,[34493269]
g1307.7720,spectinomycin,,512.0,mg/L,MIC,CLSI,[34493269]
g1307.7720,tetracycline,,64.0,mg/L,MIC,CLSI,[34493269]
g1307.7720,tiamulin,,64.0,mg/L,MIC,CLSI,[34493269]
g1307.7720,tilmicosin,,128.0,mg/L,MIC,CLSI,[34493269]
g1307.7720,trimethoprim,,32.0,mg/L,MIC,CLSI,[34493269]
g1307.7720,tylosin,,256.0,mg/L,MIC,CLSI,[34493269]
g1307.7721,amoxicillin,,0.5,mg/L,MIC,CLSI,[34493269]
g1307.7721,cefquinome,,2.0,mg/L,MIC,CLSI,[34493269]
g1307.7721,ceftiofur,,16.0,mg/L,MIC,CLSI,[34493269]
g1307.7721,doxycycline,,16.0,mg/L,MIC,CLSI,[34493269]
g1307.7721,enrofloxacin,,0.5,mg/L,MIC,CLSI,[34493269]
g1307.7721,erythromycin,,32.0,mg/L,MIC,CLSI,[34493269]
g1307.7721,florfenicol,,2.0,mg/L,MIC,CLSI,[34493269]
g1307.7721,lincomycin,,128.0,mg/L,MIC,CLSI,[34493269]
g1307.7721,marbofloxacin,,1.0,mg/L,MIC,CLSI,[34493269]
g1307.7721,penicillin,,1.0,mg/L,MIC,CLSI,[34493269]
g1307.7721,spectinomycin,,512.0,mg/L,MIC,CLSI,[34493269]
g1307.7721,tetracycline,,64.0,mg/L,MIC,CLSI,[34493269]
g1307.7721,tiamulin,,64.0,mg/L,MIC,CLSI,[34493269]
g1307.7721,tilmicosin,,128.0,mg/L,MIC,CLSI,[34493269]
g1307.7721,trimethoprim,,32.0,mg/L,MIC,CLSI,[34493269]
g1307.7721,tylosin,,256.0,mg/L,MIC,CLSI,[34493269]
g1307.7722,amoxicillin,,0.06,mg/L,MIC,CLSI,[34493269]
g1307.7722,cefquinome,,1.0,mg/L,MIC,CLSI,[34493269]
g1307.7722,ceftiofur,,8.0,mg/L,MIC,CLSI,[34493269]
g1307.7722,doxycycline,,16.0,mg/L,MIC,CLSI,[34493269]
g1307.7722,enrofloxacin,,0.25,mg/L,MIC,CLSI,[34493269]
g1307.7722,erythromycin,,32.0,mg/L,MIC,CLSI,[34493269]
g1307.7722,florfenicol,,2.0,mg/L,MIC,CLSI,[34493269]
g1307.7722,lincomycin,,128.0,mg/L,MIC,CLSI,[34493269]
g1307.7722,marbofloxacin,,0.5,mg/L,MIC,CLSI,[34493269]
g1307.7722,penicillin,,1.0,mg/L,MIC,CLSI,[34493269]
g1307.7722,spectinomycin,,512.0,mg/L,MIC,CLSI,[34493269]
g1307.7722,tetracycline,,64.0,mg/L,MIC,CLSI,[34493269]
g1307.7722,tiamulin,,64.0,mg/L,MIC,CLSI,[34493269]
g1307.7722,tilmicosin,,128.0,mg/L,MIC,CLSI,[34493269]
g1307.7722,trimethoprim,,32.0,mg/L,MIC,CLSI,[34493269]
g1307.7722,tylosin,,256.0,mg/L,MIC,CLSI,[34493269]
g1307.7723,amoxicillin,,0.06,mg/L,MIC,CLSI,[34493269]
g1307.7723,cefquinome,,0.12,mg/L,MIC,CLSI,[34493269]
g1307.7723,ceftiofur,,2.0,mg/L,MIC,CLSI,[34493269]
g1307.7723,doxycycline,,0.25,mg/L,MIC,CLSI,[34493269]
g1307.7723,enrofloxacin,,0.25,mg/L,MIC,CLSI,[34493269]
g1307.7723,erythromycin,,8.0,mg/L,MIC,CLSI,[34493269]
g1307.7723,florfenicol,,2.0,mg/L,MIC,CLSI,[34493269]
g1307.7723,lincomycin,,128.0,mg/L,MIC,CLSI,[34493269]
g1307.7723,marbofloxacin,,0.5,mg/L,MIC,CLSI,[34493269]
g1307.7723,penicillin,,2.0,mg/L,MIC,CLSI,[34493269]
g1307.7723,spectinomycin,,32.0,mg/L,MIC,CLSI,[34493269]
g1307.7723,tetracycline,,8.0,mg/L,MIC,CLSI,[34493269]
g1307.7723,tiamulin,,64.0,mg/L,MIC,CLSI,[34493269]
g1307.7723,tilmicosin,,128.0,mg/L,MIC,CLSI,[34493269]
g1307.7723,trimethoprim,,8.0,mg/L,MIC,CLSI,[34493269]
g1307.7723,tylosin,,256.0,mg/L,MIC,CLSI,[34493269]
g1307.7724,amoxicillin,,0.5,mg/L,MIC,CLSI,[34493269]
g1307.7724,cefquinome,,0.03,mg/L,MIC,CLSI,[34493269]
g1307.7724,ceftiofur,,0.5,mg/L,MIC,CLSI,[34493269]
g1307.7724,doxycycline,,16.0,mg/L,MIC,CLSI,[34493269]
g1307.7724,enrofloxacin,,0.5,mg/L,MIC,CLSI,[34493269]
g1307.7724,erythromycin,,32.0,mg/L,MIC,CLSI,[34493269]
g1307.7724,florfenicol,,2.0,mg/L,MIC,CLSI,[34493269]
g1307.7724,lincomycin,,128.0,mg/L,MIC,CLSI,[34493269]
g1307.7724,marbofloxacin,,1.0,mg/L,MIC,CLSI,[34493269]
g1307.7724,penicillin,,2.0,mg/L,MIC,CLSI,[34493269]
g1307.7724,spectinomycin,,4.0,mg/L,MIC,CLSI,[34493269]
g1307.7724,tetracycline,,64.0,mg/L,MIC,CLSI,[34493269]
g1307.7724,tiamulin,,64.0,mg/L,MIC,CLSI,[34493269]
g1307.7724,tilmicosin,,128.0,mg/L,MIC,CLSI,[34493269]
g1307.7724,trimethoprim,,32.0,mg/L,MIC,CLSI,[34493269]
g1307.7724,tylosin,,256.0,mg/L,MIC,CLSI,[34493269]
g1307.7725,amoxicillin,,0.12,mg/L,MIC,CLSI,[34493269]
g1307.7725,cefquinome,,0.12,mg/L,MIC,CLSI,[34493269]
g1307.7725,ceftiofur,,2.0,mg/L,MIC,CLSI,[34493269]
g1307.7725,doxycycline,,16.0,mg/L,MIC,CLSI,[34493269]
g1307.7725,enrofloxacin,,0.5,mg/L,MIC,CLSI,[34493269]
g1307.7725,erythromycin,,0.03,mg/L,MIC,CLSI,[34493269]
g1307.7725,florfenicol,,2.0,mg/L,MIC,CLSI,[34493269]
g1307.7725,lincomycin,,128.0,mg/L,MIC,CLSI,[34493269]
g1307.7725,marbofloxacin,,1.0,mg/L,MIC,CLSI,[34493269]
g1307.7725,penicillin,,2.0,mg/L,MIC,CLSI,[34493269]
g1307.7725,spectinomycin,,128.0,mg/L,MIC,CLSI,[34493269]
g1307.7725,tetracycline,,64.0,mg/L,MIC,CLSI,[34493269]
g1307.7725,tiamulin,,64.0,mg/L,MIC,CLSI,[34493269]
g1307.7725,tilmicosin,,4.0,mg/L,MIC,CLSI,[34493269]
g1307.7725,trimethoprim,,8.0,mg/L,MIC,CLSI,[34493269]
g1307.7725,tylosin,,0.5,mg/L,MIC,CLSI,[34493269]
g1307.7726,amoxicillin,,1.0,mg/L,MIC,CLSI,[34493269]
g1307.7726,cefquinome,,0.06,mg/L,MIC,CLSI,[34493269]
g1307.7726,ceftiofur,,1.0,mg/L,MIC,CLSI,[34493269]
g1307.7726,doxycycline,,16.0,mg/L,MIC,CLSI,[34493269]
g1307.7726,enrofloxacin,,0.25,mg/L,MIC,CLSI,[34493269]
g1307.7726,erythromycin,,8.0,mg/L,MIC,CLSI,[34493269]
g1307.7726,florfenicol,,1.0,mg/L,MIC,CLSI,[34493269]
g1307.7726,lincomycin,,128.0,mg/L,MIC,CLSI,[34493269]
g1307.7726,marbofloxacin,,0.5,mg/L,MIC,CLSI,[34493269]
g1307.7726,penicillin,,2.0,mg/L,MIC,CLSI,[34493269]
g1307.7726,spectinomycin,,16.0,mg/L,MIC,CLSI,[34493269]
g1307.7726,tetracycline,,64.0,mg/L,MIC,CLSI,[34493269]
g1307.7726,tiamulin,,64.0,mg/L,MIC,CLSI,[34493269]
g1307.7726,tilmicosin,,8.0,mg/L,MIC,CLSI,[34493269]
g1307.7726,trimethoprim,,0.5,mg/L,MIC,CLSI,[34493269]
g1307.7726,tylosin,,0.5,mg/L,MIC,CLSI,[34493269]
g1307.7727,amoxicillin,,0.03,mg/L,MIC,CLSI,[34493269]
g1307.7727,cefquinome,,0.015,mg/L,MIC,CLSI,[34493269]
g1307.7727,ceftiofur,,0.12,mg/L,MIC,CLSI,[34493269]
g1307.7727,doxycycline,,0.12,mg/L,MIC,CLSI,[34493269]
g1307.7727,enrofloxacin,,0.25,mg/L,MIC,CLSI,[34493269]
g1307.7727,erythromycin,,32.0,mg/L,MIC,CLSI,[34493269]
g1307.7727,florfenicol,,2.0,mg/L,MIC,CLSI,[34493269]
g1307.7727,lincomycin,,128.0,mg/L,MIC,CLSI,[34493269]
g1307.7727,marbofloxacin,,1.0,mg/L,MIC,CLSI,[34493269]
g1307.7727,penicillin,,0.03,mg/L,MIC,CLSI,[34493269]
g1307.7727,spectinomycin,,32.0,mg/L,MIC,CLSI,[34493269]
g1307.7727,tetracycline,,2.0,mg/L,MIC,CLSI,[34493269]
g1307.7727,tiamulin,,0.12,mg/L,MIC,CLSI,[34493269]
g1307.7727,tilmicosin,,128.0,mg/L,MIC,CLSI,[34493269]
g1307.7727,trimethoprim,,4.0,mg/L,MIC,CLSI,[34493269]
g1307.7727,tylosin,,256.0,mg/L,MIC,CLSI,[34493269]
g1307.7728,amoxicillin,,0.03,mg/L,MIC,CLSI,[34493269]
g1307.7728,cefquinome,,0.03,mg/L,MIC,CLSI,[34493269]
g1307.7728,ceftiofur,,0.12,mg/L,MIC,CLSI,[34493269]
g1307.7728,doxycycline,,16.0,mg/L,MIC,CLSI,[34493269]
g1307.7728,enrofloxacin,,0.5,mg/L,MIC,CLSI,[34493269]
g1307.7728,erythromycin,,32.0,mg/L,MIC,CLSI,[34493269]
g1307.7728,florfenicol,,2.0,mg/L,MIC,CLSI,[34493269]
g1307.7728,lincomycin,,128.0,mg/L,MIC,CLSI,[34493269]
g1307.7728,marbofloxacin,,1.0,mg/L,MIC,CLSI,[34493269]
g1307.7728,penicillin,,0.03,mg/L,MIC,CLSI,[34493269]
g1307.7728,spectinomycin,,16.0,mg/L,MIC,CLSI,[34493269]
g1307.7728,tetracycline,,64.0,mg/L,MIC,CLSI,[34493269]
g1307.7728,tiamulin,,1.0,mg/L,MIC,CLSI,[34493269]
g1307.7728,tilmicosin,,128.0,mg/L,MIC,CLSI,[34493269]
g1307.7728,trimethoprim,,0.25,mg/L,MIC,CLSI,[34493269]
g1307.7728,tylosin,,256.0,mg/L,MIC,CLSI,[34493269]
g1307.7729,amoxicillin,,0.12,mg/L,MIC,CLSI,[34493269]
g1307.7729,cefquinome,,0.12,mg/L,MIC,CLSI,[34493269]
g1307.7729,ceftiofur,,2.0,mg/L,MIC,CLSI,[34493269]
g1307.7729,doxycycline,,16.0,mg/L,MIC,CLSI,[34493269]
g1307.7729,enrofloxacin,,0.5,mg/L,MIC,CLSI,[34493269]
g1307.7729,erythromycin,,0.03,mg/L,MIC,CLSI,[34493269]
g1307.7729,florfenicol,,2.0,mg/L,MIC,CLSI,[34493269]
g1307.7729,lincomycin,,128.0,mg/L,MIC,CLSI,[34493269]
g1307.7729,marbofloxacin,,1.0,mg/L,MIC,CLSI,[34493269]
g1307.7729,penicillin,,2.0,mg/L,MIC,CLSI,[34493269]
g1307.7729,spectinomycin,,128.0,mg/L,MIC,CLSI,[34493269]
g1307.7729,tetracycline,,64.0,mg/L,MIC,CLSI,[34493269]
g1307.7729,tiamulin,,64.0,mg/L,MIC,CLSI,[34493269]
g1307.7729,tilmicosin,,4.0,mg/L,MIC,CLSI,[34493269]
g1307.7729,trimethoprim,,32.0,mg/L,MIC,CLSI,[34493269]
g1307.7729,tylosin,,0.5,mg/L,MIC,CLSI,[34493269]
g1307.7730,amoxicillin,,0.03,mg/L,MIC,CLSI,[34493269]
g1307.7730,cefquinome,,0.03,mg/L,MIC,CLSI,[34493269]
g1307.7730,ceftiofur,,0.12,mg/L,MIC,CLSI,[34493269]
g1307.7730,doxycycline,,0.12,mg/L,MIC,CLSI,[34493269]
g1307.7730,enrofloxacin,,0.25,mg/L,MIC,CLSI,[34493269]
g1307.7730,erythromycin,,32.0,mg/L,MIC,CLSI,[34493269]
g1307.7730,florfenicol,,2.0,mg/L,MIC,CLSI,[34493269]
g1307.7730,lincomycin,,128.0,mg/L,MIC,CLSI,[34493269]
g1307.7730,marbofloxacin,,1.0,mg/L,MIC,CLSI,[34493269]
g1307.7730,penicillin,,0.03,mg/L,MIC,CLSI,[34493269]
g1307.7730,spectinomycin,,16.0,mg/L,MIC,CLSI,[34493269]
g1307.7730,tetracycline,,2.0,mg/L,MIC,CLSI,[34493269]
g1307.7730,tiamulin,,1.0,mg/L,MIC,CLSI,[34493269]
g1307.7730,tilmicosin,,128.0,mg/L,MIC,CLSI,[34493269]
g1307.7730,trimethoprim,,0.03,mg/L,MIC,CLSI,[34493269]
g1307.7730,tylosin,,256.0,mg/L,MIC,CLSI,[34493269]
g1307.7731,amoxicillin,,0.03,mg/L,MIC,CLSI,[34493269]
g1307.7731,cefquinome,,0.03,mg/L,MIC,CLSI,[34493269]
g1307.7731,ceftiofur,,0.12,mg/L,MIC,CLSI,[34493269]
g1307.7731,doxycycline,,16.0,mg/L,MIC,CLSI,[34493269]
g1307.7731,enrofloxacin,,0.25,mg/L,MIC,CLSI,[34493269]
g1307.7731,erythromycin,,4.0,mg/L,MIC,CLSI,[34493269]
g1307.7731,florfenicol,,2.0,mg/L,MIC,CLSI,[34493269]
g1307.7731,lincomycin,,128.0,mg/L,MIC,CLSI,[34493269]
g1307.7731,marbofloxacin,,1.0,mg/L,MIC,CLSI,[34493269]
g1307.7731,penicillin,,0.03,mg/L,MIC,CLSI,[34493269]
g1307.7731,spectinomycin,,512.0,mg/L,MIC,CLSI,[34493269]
g1307.7731,tetracycline,,64.0,mg/L,MIC,CLSI,[34493269]
g1307.7731,tiamulin,,0.5,mg/L,MIC,CLSI,[34493269]
g1307.7731,tilmicosin,,128.0,mg/L,MIC,CLSI,[34493269]
g1307.7731,trimethoprim,,0.25,mg/L,MIC,CLSI,[34493269]
g1307.7731,tylosin,,256.0,mg/L,MIC,CLSI,[34493269]
g1307.7732,amoxicillin,,0.03,mg/L,MIC,CLSI,[34493269]
g1307.7732,cefquinome,,0.03,mg/L,MIC,CLSI,[34493269]
g1307.7732,ceftiofur,,0.12,mg/L,MIC,CLSI,[34493269]
g1307.7732,doxycycline,,16.0,mg/L,MIC,CLSI,[34493269]
g1307.7732,enrofloxacin,,0.25,mg/L,MIC,CLSI,[34493269]
g1307.7732,erythromycin,,32.0,mg/L,MIC,CLSI,[34493269]
g1307.7732,florfenicol,,1.0,mg/L,MIC,CLSI,[34493269]
g1307.7732,lincomycin,,128.0,mg/L,MIC,CLSI,[34493269]
g1307.7732,marbofloxacin,,0.5,mg/L,MIC,CLSI,[34493269]
g1307.7732,penicillin,,0.06,mg/L,MIC,CLSI,[34493269]
g1307.7732,spectinomycin,,16.0,mg/L,MIC,CLSI,[34493269]
g1307.7732,tetracycline,,128.0,mg/L,MIC,CLSI,[34493269]
g1307.7732,tiamulin,,2.0,mg/L,MIC,CLSI,[34493269]
g1307.7732,tilmicosin,,128.0,mg/L,MIC,CLSI,[34493269]
g1307.7732,trimethoprim,,0.25,mg/L,MIC,CLSI,[34493269]
g1307.7732,tylosin,,256.0,mg/L,MIC,CLSI,[34493269]
g1307.7733,amoxicillin,,0.03,mg/L,MIC,CLSI,[34493269]
g1307.7733,cefquinome,,0.03,mg/L,MIC,CLSI,[34493269]
g1307.7733,ceftiofur,,0.12,mg/L,MIC,CLSI,[34493269]
g1307.7733,doxycycline,,4.0,mg/L,MIC,CLSI,[34493269]
g1307.7733,enrofloxacin,,0.5,mg/L,MIC,CLSI,[34493269]
g1307.7733,erythromycin,,32.0,mg/L,MIC,CLSI,[34493269]
g1307.7733,florfenicol,,2.0,mg/L,MIC,CLSI,[34493269]
g1307.7733,lincomycin,,128.0,mg/L,MIC,CLSI,[34493269]
g1307.7733,marbofloxacin,,1.0,mg/L,MIC,CLSI,[34493269]
g1307.7733,penicillin,,0.03,mg/L,MIC,CLSI,[34493269]
g1307.7733,spectinomycin,,16.0,mg/L,MIC,CLSI,[34493269]
g1307.7733,tetracycline,,32.0,mg/L,MIC,CLSI,[34493269]
g1307.7733,tiamulin,,1.0,mg/L,MIC,CLSI,[34493269]
g1307.7733,tilmicosin,,128.0,mg/L,MIC,CLSI,[34493269]
g1307.7733,trimethoprim,,0.03,mg/L,MIC,CLSI,[34493269]
g1307.7733,tylosin,,256.0,mg/L,MIC,CLSI,[34493269]
g1307.7734,amoxicillin,,0.03,mg/L,MIC,CLSI,[34493269]
g1307.7734,cefquinome,,0.015,mg/L,MIC,CLSI,[34493269]
g1307.7734,ceftiofur,,0.12,mg/L,MIC,CLSI,[34493269]
g1307.7734,doxycycline,,8.0,mg/L,MIC,CLSI,[34493269]
g1307.7734,enrofloxacin,,0.25,mg/L,MIC,CLSI,[34493269]
g1307.7734,erythromycin,,0.03,mg/L,MIC,CLSI,[34493269]
g1307.7734,florfenicol,,2.0,mg/L,MIC,CLSI,[34493269]
g1307.7734,lincomycin,,2.0,mg/L,MIC,CLSI,[34493269]
g1307.7734,marbofloxacin,,0.5,mg/L,MIC,CLSI,[34493269]
g1307.7734,penicillin,,0.03,mg/L,MIC,CLSI,[34493269]
g1307.7734,spectinomycin,,16.0,mg/L,MIC,CLSI,[34493269]
g1307.7734,tetracycline,,32.0,mg/L,MIC,CLSI,[34493269]
g1307.7734,tiamulin,,4.0,mg/L,MIC,CLSI,[34493269]
g1307.7734,tilmicosin,,4.0,mg/L,MIC,CLSI,[34493269]
g1307.7734,trimethoprim,,0.015,mg/L,MIC,CLSI,[34493269]
g1307.7734,tylosin,,0.5,mg/L,MIC,CLSI,[34493269]
g1307.7735,amoxicillin,,0.03,mg/L,MIC,CLSI,[34493269]
g1307.7735,cefquinome,,0.03,mg/L,MIC,CLSI,[34493269]
g1307.7735,ceftiofur,,0.12,mg/L,MIC,CLSI,[34493269]
g1307.7735,doxycycline,,16.0,mg/L,MIC,CLSI,[34493269]
g1307.7735,enrofloxacin,,0.5,mg/L,MIC,CLSI,[34493269]
g1307.7735,erythromycin,,32.0,mg/L,MIC,CLSI,[34493269]
g1307.7735,florfenicol,,2.0,mg/L,MIC,CLSI,[34493269]
g1307.7735,lincomycin,,128.0,mg/L,MIC,CLSI,[34493269]
g1307.7735,marbofloxacin,,1.0,mg/L,MIC,CLSI,[34493269]
g1307.7735,penicillin,,0.03,mg/L,MIC,CLSI,[34493269]
g1307.7735,spectinomycin,,512.0,mg/L,MIC,CLSI,[34493269]
g1307.7735,tetracycline,,64.0,mg/L,MIC,CLSI,[34493269]
g1307.7735,tiamulin,,0.5,mg/L,MIC,CLSI,[34493269]
g1307.7735,tilmicosin,,128.0,mg/L,MIC,CLSI,[34493269]
g1307.7735,trimethoprim,,0.25,mg/L,MIC,CLSI,[34493269]
g1307.7735,tylosin,,256.0,mg/L,MIC,CLSI,[34493269]
g1307.7736,amoxicillin,,0.03,mg/L,MIC,CLSI,[34493269]
g1307.7736,cefquinome,,0.03,mg/L,MIC,CLSI,[34493269]
g1307.7736,ceftiofur,,0.25,mg/L,MIC,CLSI,[34493269]
g1307.7736,doxycycline,,0.12,mg/L,MIC,CLSI,[34493269]
g1307.7736,enrofloxacin,,0.12,mg/L,MIC,CLSI,[34493269]
g1307.7736,erythromycin,,0.03,mg/L,MIC,CLSI,[34493269]
g1307.7736,florfenicol,,2.0,mg/L,MIC,CLSI,[34493269]
g1307.7736,lincomycin,,2.0,mg/L,MIC,CLSI,[34493269]
g1307.7736,marbofloxacin,,0.5,mg/L,MIC,CLSI,[34493269]
g1307.7736,penicillin,,0.03,mg/L,MIC,CLSI,[34493269]
g1307.7736,spectinomycin,,16.0,mg/L,MIC,CLSI,[34493269]
g1307.7736,tetracycline,,0.25,mg/L,MIC,CLSI,[34493269]
g1307.7736,tiamulin,,8.0,mg/L,MIC,CLSI,[34493269]
g1307.7736,tilmicosin,,8.0,mg/L,MIC,CLSI,[34493269]
g1307.7736,trimethoprim,,0.06,mg/L,MIC,CLSI,[34493269]
g1307.7736,tylosin,,1.0,mg/L,MIC,CLSI,[34493269]
g1307.7737,amoxicillin,,0.03,mg/L,MIC,CLSI,[34493269]
g1307.7737,cefquinome,,0.03,mg/L,MIC,CLSI,[34493269]
g1307.7737,ceftiofur,,0.25,mg/L,MIC,CLSI,[34493269]
g1307.7737,doxycycline,,16.0,mg/L,MIC,CLSI,[34493269]
g1307.7737,enrofloxacin,,0.5,mg/L,MIC,CLSI,[34493269]
g1307.7737,erythromycin,,32.0,mg/L,MIC,CLSI,[34493269]
g1307.7737,florfenicol,,2.0,mg/L,MIC,CLSI,[34493269]
g1307.7737,lincomycin,,128.0,mg/L,MIC,CLSI,[34493269]
g1307.7737,marbofloxacin,,1.0,mg/L,MIC,CLSI,[34493269]
g1307.7737,penicillin,,0.03,mg/L,MIC,CLSI,[34493269]
g1307.7737,spectinomycin,,16.0,mg/L,MIC,CLSI,[34493269]
g1307.7737,tetracycline,,64.0,mg/L,MIC,CLSI,[34493269]
g1307.7737,tiamulin,,1.0,mg/L,MIC,CLSI,[34493269]
g1307.7737,tilmicosin,,128.0,mg/L,MIC,CLSI,[34493269]
g1307.7737,trimethoprim,,0.03,mg/L,MIC,CLSI,[34493269]
g1307.7737,tylosin,,256.0,mg/L,MIC,CLSI,[34493269]
g1307.7738,amoxicillin,,0.03,mg/L,MIC,CLSI,[34493269]
g1307.7738,cefquinome,,0.015,mg/L,MIC,CLSI,[34493269]
g1307.7738,ceftiofur,,0.12,mg/L,MIC,CLSI,[34493269]
g1307.7738,doxycycline,,16.0,mg/L,MIC,CLSI,[34493269]
g1307.7738,enrofloxacin,,0.25,mg/L,MIC,CLSI,[34493269]
g1307.7738,erythromycin,,0.06,mg/L,MIC,CLSI,[34493269]
g1307.7738,florfenicol,,2.0,mg/L,MIC,CLSI,[34493269]
g1307.7738,lincomycin,,0.25,mg/L,MIC,CLSI,[34493269]
g1307.7738,marbofloxacin,,0.5,mg/L,MIC,CLSI,[34493269]
g1307.7738,penicillin,,0.03,mg/L,MIC,CLSI,[34493269]
g1307.7738,spectinomycin,,16.0,mg/L,MIC,CLSI,[34493269]
g1307.7738,tetracycline,,64.0,mg/L,MIC,CLSI,[34493269]
g1307.7738,tiamulin,,1.0,mg/L,MIC,CLSI,[34493269]
g1307.7738,tilmicosin,,4.0,mg/L,MIC,CLSI,[34493269]
g1307.7738,trimethoprim,,0.03,mg/L,MIC,CLSI,[34493269]
g1307.7738,tylosin,,0.5,mg/L,MIC,CLSI,[34493269]
g1307.7739,amoxicillin,,0.03,mg/L,MIC,CLSI,[34493269]
g1307.7739,cefquinome,,0.03,mg/L,MIC,CLSI,[34493269]
g1307.7739,ceftiofur,,0.5,mg/L,MIC,CLSI,[34493269]
g1307.7739,doxycycline,,16.0,mg/L,MIC,CLSI,[34493269]
g1307.7739,enrofloxacin,,0.25,mg/L,MIC,CLSI,[34493269]
g1307.7739,erythromycin,,16.0,mg/L,MIC,CLSI,[34493269]
g1307.7739,florfenicol,,2.0,mg/L,MIC,CLSI,[34493269]
g1307.7739,lincomycin,,128.0,mg/L,MIC,CLSI,[34493269]
g1307.7739,marbofloxacin,,1.0,mg/L,MIC,CLSI,[34493269]
g1307.7739,penicillin,,2.0,mg/L,MIC,CLSI,[34493269]
g1307.7739,spectinomycin,,16.0,mg/L,MIC,CLSI,[34493269]
g1307.7739,tetracycline,,64.0,mg/L,MIC,CLSI,[34493269]
g1307.7739,tiamulin,,2.0,mg/L,MIC,CLSI,[34493269]
g1307.7739,tilmicosin,,128.0,mg/L,MIC,CLSI,[34493269]
g1307.7739,trimethoprim,,0.03,mg/L,MIC,CLSI,[34493269]
g1307.7739,tylosin,,256.0,mg/L,MIC,CLSI,[34493269]
g1307.7740,amoxicillin,,0.03,mg/L,MIC,CLSI,[34493269]
g1307.7740,cefquinome,,0.03,mg/L,MIC,CLSI,[34493269]
g1307.7740,ceftiofur,,0.25,mg/L,MIC,CLSI,[34493269]
g1307.7740,doxycycline,,0.06,mg/L,MIC,CLSI,[34493269]
g1307.7740,enrofloxacin,,0.12,mg/L,MIC,CLSI,[34493269]
g1307.7740,erythromycin,,0.03,mg/L,MIC,CLSI,[34493269]
g1307.7740,florfenicol,,2.0,mg/L,MIC,CLSI,[34493269]
g1307.7740,lincomycin,,2.0,mg/L,MIC,CLSI,[34493269]
g1307.7740,marbofloxacin,,0.25,mg/L,MIC,CLSI,[34493269]
g1307.7740,penicillin,,0.03,mg/L,MIC,CLSI,[34493269]
g1307.7740,spectinomycin,,16.0,mg/L,MIC,CLSI,[34493269]
g1307.7740,tetracycline,,0.12,mg/L,MIC,CLSI,[34493269]
g1307.7740,tiamulin,,8.0,mg/L,MIC,CLSI,[34493269]
g1307.7740,tilmicosin,,16.0,mg/L,MIC,CLSI,[34493269]
g1307.7740,trimethoprim,,0.06,mg/L,MIC,CLSI,[34493269]
g1307.7740,tylosin,,1.0,mg/L,MIC,CLSI,[34493269]
g1307.7741,amoxicillin,,0.06,mg/L,MIC,CLSI,[34493269]
g1307.7741,cefquinome,,0.12,mg/L,MIC,CLSI,[34493269]
g1307.7741,ceftiofur,,2.0,mg/L,MIC,CLSI,[34493269]
g1307.7741,doxycycline,,16.0,mg/L,MIC,CLSI,[34493269]
g1307.7741,enrofloxacin,,0.5,mg/L,MIC,CLSI,[34493269]
g1307.7741,erythromycin,,32.0,mg/L,MIC,CLSI,[34493269]
g1307.7741,florfenicol,,2.0,mg/L,MIC,CLSI,[34493269]
g1307.7741,lincomycin,,128.0,mg/L,MIC,CLSI,[34493269]
g1307.7741,marbofloxacin,,1.0,mg/L,MIC,CLSI,[34493269]
g1307.7741,penicillin,,0.5,mg/L,MIC,CLSI,[34493269]
g1307.7741,spectinomycin,,512.0,mg/L,MIC,CLSI,[34493269]
g1307.7741,tetracycline,,64.0,mg/L,MIC,CLSI,[34493269]
g1307.7741,tiamulin,,4.0,mg/L,MIC,CLSI,[34493269]
g1307.7741,tilmicosin,,128.0,mg/L,MIC,CLSI,[34493269]
g1307.7741,trimethoprim,,32.0,mg/L,MIC,CLSI,[34493269]
g1307.7741,tylosin,,256.0,mg/L,MIC,CLSI,[34493269]
g1307.7742,amoxicillin,,0.03,mg/L,MIC,CLSI,[34493269]
g1307.7742,cefquinome,,0.03,mg/L,MIC,CLSI,[34493269]
g1307.7742,ceftiofur,,0.12,mg/L,MIC,CLSI,[34493269]
g1307.7742,doxycycline,,16.0,mg/L,MIC,CLSI,[34493269]
g1307.7742,enrofloxacin,,0.25,mg/L,MIC,CLSI,[34493269]
g1307.7742,erythromycin,,32.0,mg/L,MIC,CLSI,[34493269]
g1307.7742,florfenicol,,2.0,mg/L,MIC,CLSI,[34493269]
g1307.7742,lincomycin,,128.0,mg/L,MIC,CLSI,[34493269]
g1307.7742,marbofloxacin,,0.5,mg/L,MIC,CLSI,[34493269]
g1307.7742,penicillin,,0.06,mg/L,MIC,CLSI,[34493269]
g1307.7742,spectinomycin,,8.0,mg/L,MIC,CLSI,[34493269]
g1307.7742,tetracycline,,128.0,mg/L,MIC,CLSI,[34493269]
g1307.7742,tiamulin,,1.0,mg/L,MIC,CLSI,[34493269]
g1307.7742,tilmicosin,,128.0,mg/L,MIC,CLSI,[34493269]
g1307.7742,trimethoprim,,0.06,mg/L,MIC,CLSI,[34493269]
g1307.7742,tylosin,,256.0,mg/L,MIC,CLSI,[34493269]
g1307.7743,amoxicillin,,0.06,mg/L,MIC,CLSI,[34493269]
g1307.7743,cefquinome,,0.25,mg/L,MIC,CLSI,[34493269]
g1307.7743,ceftiofur,,2.0,mg/L,MIC,CLSI,[34493269]
g1307.7743,doxycycline,,16.0,mg/L,MIC,CLSI,[34493269]
g1307.7743,enrofloxacin,,0.25,mg/L,MIC,CLSI,[34493269]
g1307.7743,erythromycin,,32.0,mg/L,MIC,CLSI,[34493269]
g1307.7743,florfenicol,,1.0,mg/L,MIC,CLSI,[34493269]
g1307.7743,lincomycin,,128.0,mg/L,MIC,CLSI,[34493269]
g1307.7743,marbofloxacin,,0.5,mg/L,MIC,CLSI,[34493269]
g1307.7743,penicillin,,2.0,mg/L,MIC,CLSI,[34493269]
g1307.7743,spectinomycin,,16.0,mg/L,MIC,CLSI,[34493269]
g1307.7743,tetracycline,,64.0,mg/L,MIC,CLSI,[34493269]
g1307.7743,tiamulin,,2.0,mg/L,MIC,CLSI,[34493269]
g1307.7743,tilmicosin,,128.0,mg/L,MIC,CLSI,[34493269]
g1307.7743,trimethoprim,,0.03,mg/L,MIC,CLSI,[34493269]
g1307.7743,tylosin,,256.0,mg/L,MIC,CLSI,[34493269]
g1307.7744,amoxicillin,,0.03,mg/L,MIC,CLSI,[34493269]
g1307.7744,cefquinome,,0.03,mg/L,MIC,CLSI,[34493269]
g1307.7744,ceftiofur,,0.12,mg/L,MIC,CLSI,[34493269]
g1307.7744,doxycycline,,8.0,mg/L,MIC,CLSI,[34493269]
g1307.7744,enrofloxacin,,0.5,mg/L,MIC,CLSI,[34493269]
g1307.7744,erythromycin,,32.0,mg/L,MIC,CLSI,[34493269]
g1307.7744,florfenicol,,4.0,mg/L,MIC,CLSI,[34493269]
g1307.7744,lincomycin,,128.0,mg/L,MIC,CLSI,[34493269]
g1307.7744,marbofloxacin,,1.0,mg/L,MIC,CLSI,[34493269]
g1307.7744,penicillin,,0.03,mg/L,MIC,CLSI,[34493269]
g1307.7744,spectinomycin,,32.0,mg/L,MIC,CLSI,[34493269]
g1307.7744,tetracycline,,128.0,mg/L,MIC,CLSI,[34493269]
g1307.7744,tiamulin,,2.0,mg/L,MIC,CLSI,[34493269]
g1307.7744,tilmicosin,,128.0,mg/L,MIC,CLSI,[34493269]
g1307.7744,trimethoprim,,0.12,mg/L,MIC,CLSI,[34493269]
g1307.7744,tylosin,,256.0,mg/L,MIC,CLSI,[34493269]
g1307.7745,amoxicillin,,0.03,mg/L,MIC,CLSI,[34493269]
g1307.7745,cefquinome,,0.015,mg/L,MIC,CLSI,[34493269]
g1307.7745,ceftiofur,,0.12,mg/L,MIC,CLSI,[34493269]
g1307.7745,doxycycline,,8.0,mg/L,MIC,CLSI,[34493269]
g1307.7745,enrofloxacin,,0.25,mg/L,MIC,CLSI,[34493269]
g1307.7745,erythromycin,,0.06,mg/L,MIC,CLSI,[34493269]
g1307.7745,florfenicol,,2.0,mg/L,MIC,CLSI,[34493269]
g1307.7745,lincomycin,,0.25,mg/L,MIC,CLSI,[34493269]
g1307.7745,marbofloxacin,,1.0,mg/L,MIC,CLSI,[34493269]
g1307.7745,penicillin,,0.03,mg/L,MIC,CLSI,[34493269]
g1307.7745,spectinomycin,,16.0,mg/L,MIC,CLSI,[34493269]
g1307.7745,tetracycline,,32.0,mg/L,MIC,CLSI,[34493269]
g1307.7745,tiamulin,,1.0,mg/L,MIC,CLSI,[34493269]
g1307.7745,tilmicosin,,4.0,mg/L,MIC,CLSI,[34493269]
g1307.7745,trimethoprim,,0.12,mg/L,MIC,CLSI,[34493269]
g1307.7745,tylosin,,0.5,mg/L,MIC,CLSI,[34493269]
g1307.7746,amoxicillin,,0.03,mg/L,MIC,CLSI,[34493269]
g1307.7746,cefquinome,,0.015,mg/L,MIC,CLSI,[34493269]
g1307.7746,ceftiofur,,0.12,mg/L,MIC,CLSI,[34493269]
g1307.7746,doxycycline,,16.0,mg/L,MIC,CLSI,[34493269]
g1307.7746,enrofloxacin,,0.5,mg/L,MIC,CLSI,[34493269]
g1307.7746,erythromycin,,32.0,mg/L,MIC,CLSI,[34493269]
g1307.7746,florfenicol,,2.0,mg/L,MIC,CLSI,[34493269]
g1307.7746,lincomycin,,128.0,mg/L,MIC,CLSI,[34493269]
g1307.7746,marbofloxacin,,1.0,mg/L,MIC,CLSI,[34493269]
g1307.7746,penicillin,,0.03,mg/L,MIC,CLSI,[34493269]
g1307.7746,spectinomycin,,16.0,mg/L,MIC,CLSI,[34493269]
g1307.7746,tetracycline,,64.0,mg/L,MIC,CLSI,[34493269]
g1307.7746,tiamulin,,2.0,mg/L,MIC,CLSI,[34493269]
g1307.7746,tilmicosin,,128.0,mg/L,MIC,CLSI,[34493269]
g1307.7746,trimethoprim,,0.12,mg/L,MIC,CLSI,[34493269]
g1307.7746,tylosin,,256.0,mg/L,MIC,CLSI,[34493269]
g1307.7747,amoxicillin,,0.03,mg/L,MIC,CLSI,[34493269]
g1307.7747,cefquinome,,0.015,mg/L,MIC,CLSI,[34493269]
g1307.7747,ceftiofur,,0.12,mg/L,MIC,CLSI,[34493269]
g1307.7747,doxycycline,,16.0,mg/L,MIC,CLSI,[34493269]
g1307.7747,enrofloxacin,,0.25,mg/L,MIC,CLSI,[34493269]
g1307.7747,erythromycin,,0.03,mg/L,MIC,CLSI,[34493269]
g1307.7747,florfenicol,,2.0,mg/L,MIC,CLSI,[34493269]
g1307.7747,lincomycin,,0.06,mg/L,MIC,CLSI,[34493269]
g1307.7747,marbofloxacin,,0.5,mg/L,MIC,CLSI,[34493269]
g1307.7747,penicillin,,0.03,mg/L,MIC,CLSI,[34493269]
g1307.7747,spectinomycin,,16.0,mg/L,MIC,CLSI,[34493269]
g1307.7747,tetracycline,,128.0,mg/L,MIC,CLSI,[34493269]
g1307.7747,tiamulin,,0.12,mg/L,MIC,CLSI,[34493269]
g1307.7747,tilmicosin,,8.0,mg/L,MIC,CLSI,[34493269]
g1307.7747,trimethoprim,,0.03,mg/L,MIC,CLSI,[34493269]
g1307.7747,tylosin,,0.5,mg/L,MIC,CLSI,[34493269]
g1307.7748,amoxicillin,,0.03,mg/L,MIC,CLSI,[34493269]
g1307.7748,cefquinome,,0.03,mg/L,MIC,CLSI,[34493269]
g1307.7748,ceftiofur,,0.12,mg/L,MIC,CLSI,[34493269]
g1307.7748,doxycycline,,16.0,mg/L,MIC,CLSI,[34493269]
g1307.7748,enrofloxacin,,0.12,mg/L,MIC,CLSI,[34493269]
g1307.7748,erythromycin,,32.0,mg/L,MIC,CLSI,[34493269]
g1307.7748,florfenicol,,2.0,mg/L,MIC,CLSI,[34493269]
g1307.7748,lincomycin,,128.0,mg/L,MIC,CLSI,[34493269]
g1307.7748,marbofloxacin,,0.5,mg/L,MIC,CLSI,[34493269]
g1307.7748,penicillin,,0.06,mg/L,MIC,CLSI,[34493269]
g1307.7748,spectinomycin,,16.0,mg/L,MIC,CLSI,[34493269]
g1307.7748,tetracycline,,128.0,mg/L,MIC,CLSI,[34493269]
g1307.7748,tiamulin,,1.0,mg/L,MIC,CLSI,[34493269]
g1307.7748,tilmicosin,,128.0,mg/L,MIC,CLSI,[34493269]
g1307.7748,trimethoprim,,0.06,mg/L,MIC,CLSI,[34493269]
g1307.7748,tylosin,,256.0,mg/L,MIC,CLSI,[34493269]
g1307.7749,amoxicillin,,0.03,mg/L,MIC,CLSI,[34493269]
g1307.7749,cefquinome,,0.06,mg/L,MIC,CLSI,[34493269]
g1307.7749,ceftiofur,,0.5,mg/L,MIC,CLSI,[34493269]
g1307.7749,doxycycline,,16.0,mg/L,MIC,CLSI,[34493269]
g1307.7749,enrofloxacin,,0.12,mg/L,MIC,CLSI,[34493269]
g1307.7749,erythromycin,,32.0,mg/L,MIC,CLSI,[34493269]
g1307.7749,florfenicol,,2.0,mg/L,MIC,CLSI,[34493269]
g1307.7749,lincomycin,,128.0,mg/L,MIC,CLSI,[34493269]
g1307.7749,marbofloxacin,,0.5,mg/L,MIC,CLSI,[34493269]
g1307.7749,penicillin,,0.25,mg/L,MIC,CLSI,[34493269]
g1307.7749,spectinomycin,,8.0,mg/L,MIC,CLSI,[34493269]
g1307.7749,tetracycline,,64.0,mg/L,MIC,CLSI,[34493269]
g1307.7749,tiamulin,,1.0,mg/L,MIC,CLSI,[34493269]
g1307.7749,tilmicosin,,128.0,mg/L,MIC,CLSI,[34493269]
g1307.7749,trimethoprim,,0.12,mg/L,MIC,CLSI,[34493269]
g1307.7749,tylosin,,256.0,mg/L,MIC,CLSI,[34493269]
g1307.7750,amoxicillin,,0.03,mg/L,MIC,CLSI,[34493269]
g1307.7750,cefquinome,,0.015,mg/L,MIC,CLSI,[34493269]
g1307.7750,ceftiofur,,0.12,mg/L,MIC,CLSI,[34493269]
g1307.7750,doxycycline,,0.12,mg/L,MIC,CLSI,[34493269]
g1307.7750,enrofloxacin,,0.12,mg/L,MIC,CLSI,[34493269]
g1307.7750,erythromycin,,0.06,mg/L,MIC,CLSI,[34493269]
g1307.7750,florfenicol,,2.0,mg/L,MIC,CLSI,[34493269]
g1307.7750,lincomycin,,0.12,mg/L,MIC,CLSI,[34493269]
g1307.7750,marbofloxacin,,0.5,mg/L,MIC,CLSI,[34493269]
g1307.7750,penicillin,,0.03,mg/L,MIC,CLSI,[34493269]
g1307.7750,spectinomycin,,16.0,mg/L,MIC,CLSI,[34493269]
g1307.7750,tetracycline,,2.0,mg/L,MIC,CLSI,[34493269]
g1307.7750,tiamulin,,0.5,mg/L,MIC,CLSI,[34493269]
g1307.7750,tilmicosin,,4.0,mg/L,MIC,CLSI,[34493269]
g1307.7750,trimethoprim,,0.03,mg/L,MIC,CLSI,[34493269]
g1307.7750,tylosin,,2.0,mg/L,MIC,CLSI,[34493269]
g1307.7751,amoxicillin,,0.03,mg/L,MIC,CLSI,[34493269]
g1307.7751,cefquinome,,0.03,mg/L,MIC,CLSI,[34493269]
g1307.7751,ceftiofur,,0.12,mg/L,MIC,CLSI,[34493269]
g1307.7751,doxycycline,,16.0,mg/L,MIC,CLSI,[34493269]
g1307.7751,enrofloxacin,,0.25,mg/L,MIC,CLSI,[34493269]
g1307.7751,erythromycin,,32.0,mg/L,MIC,CLSI,[34493269]
g1307.7751,florfenicol,,2.0,mg/L,MIC,CLSI,[34493269]
g1307.7751,lincomycin,,128.0,mg/L,MIC,CLSI,[34493269]
g1307.7751,marbofloxacin,,0.5,mg/L,MIC,CLSI,[34493269]
g1307.7751,penicillin,,0.03,mg/L,MIC,CLSI,[34493269]
g1307.7751,spectinomycin,,16.0,mg/L,MIC,CLSI,[34493269]
g1307.7751,tetracycline,,64.0,mg/L,MIC,CLSI,[34493269]
g1307.7751,tiamulin,,1.0,mg/L,MIC,CLSI,[34493269]
g1307.7751,tilmicosin,,128.0,mg/L,MIC,CLSI,[34493269]
g1307.7751,trimethoprim,,0.12,mg/L,MIC,CLSI,[34493269]
g1307.7751,tylosin,,256.0,mg/L,MIC,CLSI,[34493269]
g1307.7752,amoxicillin,,0.06,mg/L,MIC,CLSI,[34493269]
g1307.7752,cefquinome,,0.06,mg/L,MIC,CLSI,[34493269]
g1307.7752,ceftiofur,,1.0,mg/L,MIC,CLSI,[34493269]
g1307.7752,doxycycline,,16.0,mg/L,MIC,CLSI,[34493269]
g1307.7752,enrofloxacin,,0.25,mg/L,MIC,CLSI,[34493269]
g1307.7752,erythromycin,,32.0,mg/L,MIC,CLSI,[34493269]
g1307.7752,florfenicol,,2.0,mg/L,MIC,CLSI,[34493269]
g1307.7752,lincomycin,,128.0,mg/L,MIC,CLSI,[34493269]
g1307.7752,marbofloxacin,,0.5,mg/L,MIC,CLSI,[34493269]
g1307.7752,penicillin,,2.0,mg/L,MIC,CLSI,[34493269]
g1307.7752,spectinomycin,,512.0,mg/L,MIC,CLSI,[34493269]
g1307.7752,tetracycline,,128.0,mg/L,MIC,CLSI,[34493269]
g1307.7752,tiamulin,,64.0,mg/L,MIC,CLSI,[34493269]
g1307.7752,tilmicosin,,128.0,mg/L,MIC,CLSI,[34493269]
g1307.7752,trimethoprim,,0.06,mg/L,MIC,CLSI,[34493269]
g1307.7752,tylosin,,256.0,mg/L,MIC,CLSI,[34493269]
g1307.7753,amoxicillin,,0.06,mg/L,MIC,CLSI,[34493269]
g1307.7753,cefquinome,,0.12,mg/L,MIC,CLSI,[34493269]
g1307.7753,ceftiofur,,8.0,mg/L,MIC,CLSI,[34493269]
g1307.7753,doxycycline,,16.0,mg/L,MIC,CLSI,[34493269]
g1307.7753,enrofloxacin,,0.5,mg/L,MIC,CLSI,[34493269]
g1307.7753,erythromycin,,0.03,mg/L,MIC,CLSI,[34493269]
g1307.7753,florfenicol,,2.0,mg/L,MIC,CLSI,[34493269]
g1307.7753,lincomycin,,128.0,mg/L,MIC,CLSI,[34493269]
g1307.7753,marbofloxacin,,1.0,mg/L,MIC,CLSI,[34493269]
g1307.7753,penicillin,,4.0,mg/L,MIC,CLSI,[34493269]
g1307.7753,spectinomycin,,512.0,mg/L,MIC,CLSI,[34493269]
g1307.7753,tetracycline,,64.0,mg/L,MIC,CLSI,[34493269]
g1307.7753,tiamulin,,64.0,mg/L,MIC,CLSI,[34493269]
g1307.7753,tilmicosin,,4.0,mg/L,MIC,CLSI,[34493269]
g1307.7753,trimethoprim,,1.0,mg/L,MIC,CLSI,[34493269]
g1307.7753,tylosin,,0.25,mg/L,MIC,CLSI,[34493269]
g1307.7754,amoxicillin,,0.06,mg/L,MIC,CLSI,[34493269]
g1307.7754,cefquinome,,0.06,mg/L,MIC,CLSI,[34493269]
g1307.7754,ceftiofur,,1.0,mg/L,MIC,CLSI,[34493269]
g1307.7754,doxycycline,,16.0,mg/L,MIC,CLSI,[34493269]
g1307.7754,enrofloxacin,,0.25,mg/L,MIC,CLSI,[34493269]
g1307.7754,erythromycin,,32.0,mg/L,MIC,CLSI,[34493269]
g1307.7754,florfenicol,,2.0,mg/L,MIC,CLSI,[34493269]
g1307.7754,lincomycin,,128.0,mg/L,MIC,CLSI,[34493269]
g1307.7754,marbofloxacin,,1.0,mg/L,MIC,CLSI,[34493269]
g1307.7754,penicillin,,4.0,mg/L,MIC,CLSI,[34493269]
g1307.7754,spectinomycin,,16.0,mg/L,MIC,CLSI,[34493269]
g1307.7754,tetracycline,,64.0,mg/L,MIC,CLSI,[34493269]
g1307.7754,tiamulin,,8.0,mg/L,MIC,CLSI,[34493269]
g1307.7754,tilmicosin,,128.0,mg/L,MIC,CLSI,[34493269]
g1307.7754,trimethoprim,,0.12,mg/L,MIC,CLSI,[34493269]
g1307.7754,tylosin,,256.0,mg/L,MIC,CLSI,[34493269]
g1307.7755,amoxicillin,,0.03,mg/L,MIC,CLSI,[34493269]
g1307.7755,cefquinome,,0.015,mg/L,MIC,CLSI,[34493269]
g1307.7755,ceftiofur,,0.12,mg/L,MIC,CLSI,[34493269]
g1307.7755,doxycycline,,8.0,mg/L,MIC,CLSI,[34493269]
g1307.7755,enrofloxacin,,0.25,mg/L,MIC,CLSI,[34493269]
g1307.7755,erythromycin,,0.06,mg/L,MIC,CLSI,[34493269]
g1307.7755,florfenicol,,1.0,mg/L,MIC,CLSI,[34493269]
g1307.7755,lincomycin,,128.0,mg/L,MIC,CLSI,[34493269]
g1307.7755,marbofloxacin,,0.5,mg/L,MIC,CLSI,[34493269]
g1307.7755,penicillin,,0.03,mg/L,MIC,CLSI,[34493269]
g1307.7755,spectinomycin,,512.0,mg/L,MIC,CLSI,[34493269]
g1307.7755,tetracycline,,64.0,mg/L,MIC,CLSI,[34493269]
g1307.7755,tiamulin,,32.0,mg/L,MIC,CLSI,[34493269]
g1307.7755,tilmicosin,,4.0,mg/L,MIC,CLSI,[34493269]
g1307.7755,trimethoprim,,0.12,mg/L,MIC,CLSI,[34493269]
g1307.7755,tylosin,,0.5,mg/L,MIC,CLSI,[34493269]
g1307.7756,amoxicillin,,0.03,mg/L,MIC,CLSI,[34493269]
g1307.7756,cefquinome,,0.06,mg/L,MIC,CLSI,[34493269]
g1307.7756,ceftiofur,,0.5,mg/L,MIC,CLSI,[34493269]
g1307.7756,doxycycline,,32.0,mg/L,MIC,CLSI,[34493269]
g1307.7756,enrofloxacin,,0.25,mg/L,MIC,CLSI,[34493269]
g1307.7756,erythromycin,,32.0,mg/L,MIC,CLSI,[34493269]
g1307.7756,florfenicol,,4.0,mg/L,MIC,CLSI,[34493269]
g1307.7756,lincomycin,,128.0,mg/L,MIC,CLSI,[34493269]
g1307.7756,marbofloxacin,,1.0,mg/L,MIC,CLSI,[34493269]
g1307.7756,penicillin,,0.06,mg/L,MIC,CLSI,[34493269]
g1307.7756,spectinomycin,,16.0,mg/L,MIC,CLSI,[34493269]
g1307.7756,tetracycline,,64.0,mg/L,MIC,CLSI,[34493269]
g1307.7756,tiamulin,,2.0,mg/L,MIC,CLSI,[34493269]
g1307.7756,tilmicosin,,128.0,mg/L,MIC,CLSI,[34493269]
g1307.7756,trimethoprim,,0.12,mg/L,MIC,CLSI,[34493269]
g1307.7756,tylosin,,256.0,mg/L,MIC,CLSI,[34493269]
g1307.7757,amoxicillin,,0.03,mg/L,MIC,CLSI,[34493269]
g1307.7757,cefquinome,,0.03,mg/L,MIC,CLSI,[34493269]
g1307.7757,ceftiofur,,0.12,mg/L,MIC,CLSI,[34493269]
g1307.7757,doxycycline,,16.0,mg/L,MIC,CLSI,[34493269]
g1307.7757,enrofloxacin,,0.25,mg/L,MIC,CLSI,[34493269]
g1307.7757,erythromycin,,32.0,mg/L,MIC,CLSI,[34493269]
g1307.7757,florfenicol,,2.0,mg/L,MIC,CLSI,[34493269]
g1307.7757,lincomycin,,128.0,mg/L,MIC,CLSI,[34493269]
g1307.7757,marbofloxacin,,1.0,mg/L,MIC,CLSI,[34493269]
g1307.7757,penicillin,,0.03,mg/L,MIC,CLSI,[34493269]
g1307.7757,spectinomycin,,16.0,mg/L,MIC,CLSI,[34493269]
g1307.7757,tetracycline,,128.0,mg/L,MIC,CLSI,[34493269]
g1307.7757,tiamulin,,2.0,mg/L,MIC,CLSI,[34493269]
g1307.7757,tilmicosin,,128.0,mg/L,MIC,CLSI,[34493269]
g1307.7757,trimethoprim,,0.12,mg/L,MIC,CLSI,[34493269]
g1307.7757,tylosin,,256.0,mg/L,MIC,CLSI,[34493269]
g1307.7758,amoxicillin,,0.06,mg/L,MIC,CLSI,[34493269]
g1307.7758,cefquinome,,0.06,mg/L,MIC,CLSI,[34493269]
g1307.7758,ceftiofur,,1.0,mg/L,MIC,CLSI,[34493269]
g1307.7758,doxycycline,,16.0,mg/L,MIC,CLSI,[34493269]
g1307.7758,enrofloxacin,,0.25,mg/L,MIC,CLSI,[34493269]
g1307.7758,erythromycin,,32.0,mg/L,MIC,CLSI,[34493269]
g1307.7758,florfenicol,,2.0,mg/L,MIC,CLSI,[34493269]
g1307.7758,lincomycin,,128.0,mg/L,MIC,CLSI,[34493269]
g1307.7758,marbofloxacin,,1.0,mg/L,MIC,CLSI,[34493269]
g1307.7758,penicillin,,2.0,mg/L,MIC,CLSI,[34493269]
g1307.7758,spectinomycin,,32.0,mg/L,MIC,CLSI,[34493269]
g1307.7758,tetracycline,,64.0,mg/L,MIC,CLSI,[34493269]
g1307.7758,tiamulin,,16.0,mg/L,MIC,CLSI,[34493269]
g1307.7758,tilmicosin,,128.0,mg/L,MIC,CLSI,[34493269]
g1307.7758,trimethoprim,,32.0,mg/L,MIC,CLSI,[34493269]
g1307.7758,tylosin,,256.0,mg/L,MIC,CLSI,[34493269]
g1307.7759,amoxicillin,,0.03,mg/L,MIC,CLSI,[34493269]
g1307.7759,cefquinome,,0.03,mg/L,MIC,CLSI,[34493269]
g1307.7759,ceftiofur,,0.25,mg/L,MIC,CLSI,[34493269]
g1307.7759,doxycycline,,8.0,mg/L,MIC,CLSI,[34493269]
g1307.7759,enrofloxacin,,0.25,mg/L,MIC,CLSI,[34493269]
g1307.7759,erythromycin,,0.03,mg/L,MIC,CLSI,[34493269]
g1307.7759,florfenicol,,2.0,mg/L,MIC,CLSI,[34493269]
g1307.7759,lincomycin,,0.5,mg/L,MIC,CLSI,[34493269]
g1307.7759,marbofloxacin,,0.5,mg/L,MIC,CLSI,[34493269]
g1307.7759,penicillin,,0.03,mg/L,MIC,CLSI,[34493269]
g1307.7759,spectinomycin,,16.0,mg/L,MIC,CLSI,[34493269]
g1307.7759,tetracycline,,32.0,mg/L,MIC,CLSI,[34493269]
g1307.7759,tiamulin,,1.0,mg/L,MIC,CLSI,[34493269]
g1307.7759,tilmicosin,,4.0,mg/L,MIC,CLSI,[34493269]
g1307.7759,trimethoprim,,0.25,mg/L,MIC,CLSI,[34493269]
g1307.7759,tylosin,,0.5,mg/L,MIC,CLSI,[34493269]
g1307.7760,amoxicillin,,0.03,mg/L,MIC,CLSI,[34493269]
g1307.7760,cefquinome,,0.03,mg/L,MIC,CLSI,[34493269]
g1307.7760,ceftiofur,,0.25,mg/L,MIC,CLSI,[34493269]
g1307.7760,doxycycline,,16.0,mg/L,MIC,CLSI,[34493269]
g1307.7760,enrofloxacin,,0.5,mg/L,MIC,CLSI,[34493269]
g1307.7760,erythromycin,,0.06,mg/L,MIC,CLSI,[34493269]
g1307.7760,florfenicol,,2.0,mg/L,MIC,CLSI,[34493269]
g1307.7760,lincomycin,,1.0,mg/L,MIC,CLSI,[34493269]
g1307.7760,marbofloxacin,,1.0,mg/L,MIC,CLSI,[34493269]
g1307.7760,penicillin,,0.03,mg/L,MIC,CLSI,[34493269]
g1307.7760,spectinomycin,,16.0,mg/L,MIC,CLSI,[34493269]
g1307.7760,tetracycline,,64.0,mg/L,MIC,CLSI,[34493269]
g1307.7760,tiamulin,,2.0,mg/L,MIC,CLSI,[34493269]
g1307.7760,tilmicosin,,4.0,mg/L,MIC,CLSI,[34493269]
g1307.7760,trimethoprim,,0.25,mg/L,MIC,CLSI,[34493269]
g1307.7760,tylosin,,0.5,mg/L,MIC,CLSI,[34493269]
g1307.7761,amoxicillin,,0.03,mg/L,MIC,CLSI,[34493269]
g1307.7761,cefquinome,,0.015,mg/L,MIC,CLSI,[34493269]
g1307.7761,ceftiofur,,0.12,mg/L,MIC,CLSI,[34493269]
g1307.7761,doxycycline,,16.0,mg/L,MIC,CLSI,[34493269]
g1307.7761,enrofloxacin,,0.5,mg/L,MIC,CLSI,[34493269]
g1307.7761,erythromycin,,32.0,mg/L,MIC,CLSI,[34493269]
g1307.7761,florfenicol,,2.0,mg/L,MIC,CLSI,[34493269]
g1307.7761,lincomycin,,128.0,mg/L,MIC,CLSI,[34493269]
g1307.7761,marbofloxacin,,1.0,mg/L,MIC,CLSI,[34493269]
g1307.7761,penicillin,,0.03,mg/L,MIC,CLSI,[34493269]
g1307.7761,spectinomycin,,16.0,mg/L,MIC,CLSI,[34493269]
g1307.7761,tetracycline,,128.0,mg/L,MIC,CLSI,[34493269]
g1307.7761,tiamulin,,8.0,mg/L,MIC,CLSI,[34493269]
g1307.7761,tilmicosin,,128.0,mg/L,MIC,CLSI,[34493269]
g1307.7761,trimethoprim,,0.03,mg/L,MIC,CLSI,[34493269]
g1307.7761,tylosin,,256.0,mg/L,MIC,CLSI,[34493269]
g1307.7762,amoxicillin,,0.03,mg/L,MIC,CLSI,[34493269]
g1307.7762,cefquinome,,0.015,mg/L,MIC,CLSI,[34493269]
g1307.7762,ceftiofur,,0.12,mg/L,MIC,CLSI,[34493269]
g1307.7762,doxycycline,,16.0,mg/L,MIC,CLSI,[34493269]
g1307.7762,enrofloxacin,,0.5,mg/L,MIC,CLSI,[34493269]
g1307.7762,erythromycin,,32.0,mg/L,MIC,CLSI,[34493269]
g1307.7762,florfenicol,,2.0,mg/L,MIC,CLSI,[34493269]
g1307.7762,lincomycin,,128.0,mg/L,MIC,CLSI,[34493269]
g1307.7762,marbofloxacin,,1.0,mg/L,MIC,CLSI,[34493269]
g1307.7762,penicillin,,0.03,mg/L,MIC,CLSI,[34493269]
g1307.7762,spectinomycin,,16.0,mg/L,MIC,CLSI,[34493269]
g1307.7762,tetracycline,,64.0,mg/L,MIC,CLSI,[34493269]
g1307.7762,tiamulin,,1.0,mg/L,MIC,CLSI,[34493269]
g1307.7762,tilmicosin,,128.0,mg/L,MIC,CLSI,[34493269]
g1307.7762,trimethoprim,,0.25,mg/L,MIC,CLSI,[34493269]
g1307.7762,tylosin,,256.0,mg/L,MIC,CLSI,[34493269]
g1307.7763,amoxicillin,,0.015,mg/L,MIC,CLSI,[34493269]
g1307.7763,cefquinome,,0.03,mg/L,MIC,CLSI,[34493269]
g1307.7763,ceftiofur,,0.25,mg/L,MIC,CLSI,[34493269]
g1307.7763,doxycycline,,8.0,mg/L,MIC,CLSI,[34493269]
g1307.7763,enrofloxacin,,2.0,mg/L,MIC,CLSI,[34493269]
g1307.7763,erythromycin,,32.0,mg/L,MIC,CLSI,[34493269]
g1307.7763,florfenicol,,2.0,mg/L,MIC,CLSI,[34493269]
g1307.7763,lincomycin,,128.0,mg/L,MIC,CLSI,[34493269]
g1307.7763,marbofloxacin,,0.5,mg/L,MIC,CLSI,[34493269]
g1307.7763,penicillin,,0.031,mg/L,MIC,CLSI,[34493269]
g1307.7763,spectinomycin,,256.0,mg/L,MIC,CLSI,[34493269]
g1307.7763,tetracycline,,128.0,mg/L,MIC,CLSI,[34493269]
g1307.7763,tiamulin,,0.25,mg/L,MIC,CLSI,[34493269]
g1307.7763,tilmicosin,,1024.0,mg/L,MIC,CLSI,[34493269]
g1307.7763,trimethoprim,,4.0,mg/L,MIC,CLSI,[34493269]
g1307.7763,tylosin,,256.0,mg/L,MIC,CLSI,[34493269]
g1307.7764,amoxicillin,,0.06,mg/L,MIC,CLSI,[34493269]
g1307.7764,cefquinome,,0.06,mg/L,MIC,CLSI,[34493269]
g1307.7764,ceftiofur,,1.0,mg/L,MIC,CLSI,[34493269]
g1307.7764,doxycycline,,16.0,mg/L,MIC,CLSI,[34493269]
g1307.7764,enrofloxacin,,0.25,mg/L,MIC,CLSI,[34493269]
g1307.7764,erythromycin,,2.0,mg/L,MIC,CLSI,[34493269]
g1307.7764,florfenicol,,2.0,mg/L,MIC,CLSI,[34493269]
g1307.7764,lincomycin,,64.0,mg/L,MIC,CLSI,[34493269]
g1307.7764,marbofloxacin,,0.5,mg/L,MIC,CLSI,[34493269]
g1307.7764,penicillin,,0.5,mg/L,MIC,CLSI,[34493269]
g1307.7764,spectinomycin,,64.0,mg/L,MIC,CLSI,[34493269]
g1307.7764,tetracycline,,64.0,mg/L,MIC,CLSI,[34493269]
g1307.7764,tiamulin,,8.0,mg/L,MIC,CLSI,[34493269]
g1307.7764,tilmicosin,,128.0,mg/L,MIC,CLSI,[34493269]
g1307.7764,trimethoprim,,8.0,mg/L,MIC,CLSI,[34493269]
g1307.7764,tylosin,,256.0,mg/L,MIC,CLSI,[34493269]
g1307.7765,amoxicillin,,0.03,mg/L,MIC,CLSI,[34493269]
g1307.7765,cefquinome,,0.03,mg/L,MIC,CLSI,[34493269]
g1307.7765,ceftiofur,,0.12,mg/L,MIC,CLSI,[34493269]
g1307.7765,doxycycline,,8.0,mg/L,MIC,CLSI,[34493269]
g1307.7765,enrofloxacin,,0.5,mg/L,MIC,CLSI,[34493269]
g1307.7765,erythromycin,,32.0,mg/L,MIC,CLSI,[34493269]
g1307.7765,florfenicol,,2.0,mg/L,MIC,CLSI,[34493269]
g1307.7765,lincomycin,,128.0,mg/L,MIC,CLSI,[34493269]
g1307.7765,marbofloxacin,,2.0,mg/L,MIC,CLSI,[34493269]
g1307.7765,penicillin,,0.03,mg/L,MIC,CLSI,[34493269]
g1307.7765,spectinomycin,,32.0,mg/L,MIC,CLSI,[34493269]
g1307.7765,tetracycline,,64.0,mg/L,MIC,CLSI,[34493269]
g1307.7765,tiamulin,,0.12,mg/L,MIC,CLSI,[34493269]
g1307.7765,tilmicosin,,128.0,mg/L,MIC,CLSI,[34493269]
g1307.7765,trimethoprim,,32.0,mg/L,MIC,CLSI,[34493269]
g1307.7765,tylosin,,256.0,mg/L,MIC,CLSI,[34493269]
g1307.7766,amoxicillin,,0.03,mg/L,MIC,CLSI,[34493269]
g1307.7766,cefquinome,,0.015,mg/L,MIC,CLSI,[34493269]
g1307.7766,ceftiofur,,0.12,mg/L,MIC,CLSI,[34493269]
g1307.7766,doxycycline,,8.0,mg/L,MIC,CLSI,[34493269]
g1307.7766,enrofloxacin,,0.25,mg/L,MIC,CLSI,[34493269]
g1307.7766,erythromycin,,32.0,mg/L,MIC,CLSI,[34493269]
g1307.7766,florfenicol,,4.0,mg/L,MIC,CLSI,[34493269]
g1307.7766,lincomycin,,128.0,mg/L,MIC,CLSI,[34493269]
g1307.7766,marbofloxacin,,1.0,mg/L,MIC,CLSI,[34493269]
g1307.7766,penicillin,,0.03,mg/L,MIC,CLSI,[34493269]
g1307.7766,spectinomycin,,16.0,mg/L,MIC,CLSI,[34493269]
g1307.7766,tetracycline,,64.0,mg/L,MIC,CLSI,[34493269]
g1307.7766,tiamulin,,1.0,mg/L,MIC,CLSI,[34493269]
g1307.7766,tilmicosin,,128.0,mg/L,MIC,CLSI,[34493269]
g1307.7766,trimethoprim,,0.12,mg/L,MIC,CLSI,[34493269]
g1307.7766,tylosin,,256.0,mg/L,MIC,CLSI,[34493269]
g1307.7767,amoxicillin,,0.03,mg/L,MIC,CLSI,[34493269]
g1307.7767,cefquinome,,0.008,mg/L,MIC,CLSI,[34493269]
g1307.7767,ceftiofur,,0.06,mg/L,MIC,CLSI,[34493269]
g1307.7767,doxycycline,,0.03,mg/L,MIC,CLSI,[34493269]
g1307.7767,enrofloxacin,,0.008,mg/L,MIC,CLSI,[34493269]
g1307.7767,erythromycin,,0.03,mg/L,MIC,CLSI,[34493269]
g1307.7767,florfenicol,,0.5,mg/L,MIC,CLSI,[34493269]
g1307.7767,lincomycin,,0.12,mg/L,MIC,CLSI,[34493269]
g1307.7767,marbofloxacin,,0.25,mg/L,MIC,CLSI,[34493269]
g1307.7767,penicillin,,0.03,mg/L,MIC,CLSI,[34493269]
g1307.7767,spectinomycin,,1.0,mg/L,MIC,CLSI,[34493269]
g1307.7767,tetracycline,,0.06,mg/L,MIC,CLSI,[34493269]
g1307.7767,tiamulin,,0.25,mg/L,MIC,CLSI,[34493269]
g1307.7767,tilmicosin,,0.25,mg/L,MIC,CLSI,[34493269]
g1307.7767,trimethoprim,,0.03,mg/L,MIC,CLSI,[34493269]
g1307.7767,tylosin,,0.5,mg/L,MIC,CLSI,[34493269]
g1307.7768,amoxicillin,,0.06,mg/L,MIC,CLSI,[34493269]
g1307.7768,cefquinome,,0.03,mg/L,MIC,CLSI,[34493269]
g1307.7768,ceftiofur,,0.25,mg/L,MIC,CLSI,[34493269]
g1307.7768,doxycycline,,16.0,mg/L,MIC,CLSI,[34493269]
g1307.7768,enrofloxacin,,0.25,mg/L,MIC,CLSI,[34493269]
g1307.7768,erythromycin,,0.03,mg/L,MIC,CLSI,[34493269]
g1307.7768,florfenicol,,2.0,mg/L,MIC,CLSI,[34493269]
g1307.7768,lincomycin,,2.0,mg/L,MIC,CLSI,[34493269]
g1307.7768,marbofloxacin,,1.0,mg/L,MIC,CLSI,[34493269]
g1307.7768,penicillin,,1.0,mg/L,MIC,CLSI,[34493269]
g1307.7768,spectinomycin,,32.0,mg/L,MIC,CLSI,[34493269]
g1307.7768,tetracycline,,64.0,mg/L,MIC,CLSI,[34493269]
g1307.7768,tiamulin,,2.0,mg/L,MIC,CLSI,[34493269]
g1307.7768,tilmicosin,,4.0,mg/L,MIC,CLSI,[34493269]
g1307.7768,trimethoprim,,0.12,mg/L,MIC,CLSI,[34493269]
g1307.7768,tylosin,,1.0,mg/L,MIC,CLSI,[34493269]
g1307.7769,amoxicillin,,0.03,mg/L,MIC,CLSI,[34493269]
g1307.7769,cefquinome,,0.03,mg/L,MIC,CLSI,[34493269]
g1307.7769,ceftiofur,,0.12,mg/L,MIC,CLSI,[34493269]
g1307.7769,doxycycline,,8.0,mg/L,MIC,CLSI,[34493269]
g1307.7769,enrofloxacin,,0.25,mg/L,MIC,CLSI,[34493269]
g1307.7769,erythromycin,,32.0,mg/L,MIC,CLSI,[34493269]
g1307.7769,florfenicol,,2.0,mg/L,MIC,CLSI,[34493269]
g1307.7769,lincomycin,,128.0,mg/L,MIC,CLSI,[34493269]
g1307.7769,marbofloxacin,,0.5,mg/L,MIC,CLSI,[34493269]
g1307.7769,penicillin,,0.03,mg/L,MIC,CLSI,[34493269]
g1307.7769,spectinomycin,,16.0,mg/L,MIC,CLSI,[34493269]
g1307.7769,tetracycline,,64.0,mg/L,MIC,CLSI,[34493269]
g1307.7769,tiamulin,,2.0,mg/L,MIC,CLSI,[34493269]
g1307.7769,tilmicosin,,128.0,mg/L,MIC,CLSI,[34493269]
g1307.7769,trimethoprim,,0.12,mg/L,MIC,CLSI,[34493269]
g1307.7769,tylosin,,256.0,mg/L,MIC,CLSI,[34493269]
g1307.7770,amoxicillin,,0.03,mg/L,MIC,CLSI,[34493269]
g1307.7770,cefquinome,,0.03,mg/L,MIC,CLSI,[34493269]
g1307.7770,ceftiofur,,0.12,mg/L,MIC,CLSI,[34493269]
g1307.7770,doxycycline,,16.0,mg/L,MIC,CLSI,[34493269]
g1307.7770,enrofloxacin,,0.5,mg/L,MIC,CLSI,[34493269]
g1307.7770,erythromycin,,32.0,mg/L,MIC,CLSI,[34493269]
g1307.7770,florfenicol,,2.0,mg/L,MIC,CLSI,[34493269]
g1307.7770,lincomycin,,128.0,mg/L,MIC,CLSI,[34493269]
g1307.7770,marbofloxacin,,1.0,mg/L,MIC,CLSI,[34493269]
g1307.7770,penicillin,,0.03,mg/L,MIC,CLSI,[34493269]
g1307.7770,spectinomycin,,16.0,mg/L,MIC,CLSI,[34493269]
g1307.7770,tetracycline,,64.0,mg/L,MIC,CLSI,[34493269]
g1307.7770,tiamulin,,0.5,mg/L,MIC,CLSI,[34493269]
g1307.7770,tilmicosin,,128.0,mg/L,MIC,CLSI,[34493269]
g1307.7770,trimethoprim,,0.12,mg/L,MIC,CLSI,[34493269]
g1307.7770,tylosin,,256.0,mg/L,MIC,CLSI,[34493269]
g1307.7771,amoxicillin,,0.06,mg/L,MIC,CLSI,[34493269]
g1307.7771,cefquinome,,1.0,mg/L,MIC,CLSI,[34493269]
g1307.7771,ceftiofur,,4.0,mg/L,MIC,CLSI,[34493269]
g1307.7771,doxycycline,,16.0,mg/L,MIC,CLSI,[34493269]
g1307.7771,enrofloxacin,,0.5,mg/L,MIC,CLSI,[34493269]
g1307.7771,erythromycin,,8.0,mg/L,MIC,CLSI,[34493269]
g1307.7771,florfenicol,,2.0,mg/L,MIC,CLSI,[34493269]
g1307.7771,lincomycin,,128.0,mg/L,MIC,CLSI,[34493269]
g1307.7771,marbofloxacin,,1.0,mg/L,MIC,CLSI,[34493269]
g1307.7771,penicillin,,1.0,mg/L,MIC,CLSI,[34493269]
g1307.7771,spectinomycin,,32.0,mg/L,MIC,CLSI,[34493269]
g1307.7771,tetracycline,,64.0,mg/L,MIC,CLSI,[34493269]
g1307.7771,tiamulin,,0.12,mg/L,MIC,CLSI,[34493269]
g1307.7771,tilmicosin,,128.0,mg/L,MIC,CLSI,[34493269]
g1307.7771,trimethoprim,,0.25,mg/L,MIC,CLSI,[34493269]
g1307.7771,tylosin,,256.0,mg/L,MIC,CLSI,[34493269]
g1307.7772,amoxicillin,,0.03,mg/L,MIC,CLSI,[34493269]
g1307.7772,cefquinome,,0.03,mg/L,MIC,CLSI,[34493269]
g1307.7772,ceftiofur,,0.25,mg/L,MIC,CLSI,[34493269]
g1307.7772,doxycycline,,16.0,mg/L,MIC,CLSI,[34493269]
g1307.7772,enrofloxacin,,0.5,mg/L,MIC,CLSI,[34493269]
g1307.7772,erythromycin,,0.03,mg/L,MIC,CLSI,[34493269]
g1307.7772,florfenicol,,2.0,mg/L,MIC,CLSI,[34493269]
g1307.7772,lincomycin,,2.0,mg/L,MIC,CLSI,[34493269]
g1307.7772,marbofloxacin,,1.0,mg/L,MIC,CLSI,[34493269]
g1307.7772,penicillin,,0.03,mg/L,MIC,CLSI,[34493269]
g1307.7772,spectinomycin,,32.0,mg/L,MIC,CLSI,[34493269]
g1307.7772,tetracycline,,64.0,mg/L,MIC,CLSI,[34493269]
g1307.7772,tiamulin,,4.0,mg/L,MIC,CLSI,[34493269]
g1307.7772,tilmicosin,,8.0,mg/L,MIC,CLSI,[34493269]
g1307.7772,trimethoprim,,0.25,mg/L,MIC,CLSI,[34493269]
g1307.7772,tylosin,,1.0,mg/L,MIC,CLSI,[34493269]
g1307.7773,amoxicillin,,0.03,mg/L,MIC,CLSI,[34493269]
g1307.7773,cefquinome,,0.03,mg/L,MIC,CLSI,[34493269]
g1307.7773,ceftiofur,,0.12,mg/L,MIC,CLSI,[34493269]
g1307.7773,doxycycline,,8.0,mg/L,MIC,CLSI,[34493269]
g1307.7773,enrofloxacin,,0.25,mg/L,MIC,CLSI,[34493269]
g1307.7773,erythromycin,,32.0,mg/L,MIC,CLSI,[34493269]
g1307.7773,florfenicol,,2.0,mg/L,MIC,CLSI,[34493269]
g1307.7773,lincomycin,,128.0,mg/L,MIC,CLSI,[34493269]
g1307.7773,marbofloxacin,,2.0,mg/L,MIC,CLSI,[34493269]
g1307.7773,penicillin,,0.03,mg/L,MIC,CLSI,[34493269]
g1307.7773,spectinomycin,,16.0,mg/L,MIC,CLSI,[34493269]
g1307.7773,tetracycline,,64.0,mg/L,MIC,CLSI,[34493269]
g1307.7773,tiamulin,,2.0,mg/L,MIC,CLSI,[34493269]
g1307.7773,tilmicosin,,128.0,mg/L,MIC,CLSI,[34493269]
g1307.7773,trimethoprim,,0.12,mg/L,MIC,CLSI,[34493269]
g1307.7773,tylosin,,256.0,mg/L,MIC,CLSI,[34493269]
g1307.7774,amoxicillin,,0.5,mg/L,MIC,CLSI,[34493269]
g1307.7774,cefquinome,,0.25,mg/L,MIC,CLSI,[34493269]
g1307.7774,ceftiofur,,8.0,mg/L,MIC,CLSI,[34493269]
g1307.7774,doxycycline,,16.0,mg/L,MIC,CLSI,[34493269]
g1307.7774,enrofloxacin,,0.25,mg/L,MIC,CLSI,[34493269]
g1307.7774,erythromycin,,16.0,mg/L,MIC,CLSI,[34493269]
g1307.7774,florfenicol,,2.0,mg/L,MIC,CLSI,[34493269]
g1307.7774,lincomycin,,128.0,mg/L,MIC,CLSI,[34493269]
g1307.7774,marbofloxacin,,0.5,mg/L,MIC,CLSI,[34493269]
g1307.7774,penicillin,,16.0,mg/L,MIC,CLSI,[34493269]
g1307.7774,spectinomycin,,256.0,mg/L,MIC,CLSI,[34493269]
g1307.7774,tetracycline,,64.0,mg/L,MIC,CLSI,[34493269]
g1307.7774,tiamulin,,8.0,mg/L,MIC,CLSI,[34493269]
g1307.7774,tilmicosin,,128.0,mg/L,MIC,CLSI,[34493269]
g1307.7774,trimethoprim,,1.0,mg/L,MIC,CLSI,[34493269]
g1307.7774,tylosin,,256.0,mg/L,MIC,CLSI,[34493269]
g1307.7775,amoxicillin,,0.03,mg/L,MIC,CLSI,[34493269]
g1307.7775,cefquinome,,0.03,mg/L,MIC,CLSI,[34493269]
g1307.7775,ceftiofur,,0.12,mg/L,MIC,CLSI,[34493269]
g1307.7775,doxycycline,,4.0,mg/L,MIC,CLSI,[34493269]
g1307.7775,enrofloxacin,,0.25,mg/L,MIC,CLSI,[34493269]
g1307.7775,erythromycin,,32.0,mg/L,MIC,CLSI,[34493269]
g1307.7775,florfenicol,,2.0,mg/L,MIC,CLSI,[34493269]
g1307.7775,lincomycin,,128.0,mg/L,MIC,CLSI,[34493269]
g1307.7775,marbofloxacin,,0.5,mg/L,MIC,CLSI,[34493269]
g1307.7775,penicillin,,0.03,mg/L,MIC,CLSI,[34493269]
g1307.7775,spectinomycin,,32.0,mg/L,MIC,CLSI,[34493269]
g1307.7775,tetracycline,,32.0,mg/L,MIC,CLSI,[34493269]
g1307.7775,tiamulin,,0.5,mg/L,MIC,CLSI,[34493269]
g1307.7775,tilmicosin,,128.0,mg/L,MIC,CLSI,[34493269]
g1307.7775,trimethoprim,,0.03,mg/L,MIC,CLSI,[34493269]
g1307.7775,tylosin,,256.0,mg/L,MIC,CLSI,[34493269]
g1307.7776,amoxicillin,,0.06,mg/L,MIC,CLSI,[34493269]
g1307.7776,cefquinome,,0.12,mg/L,MIC,CLSI,[34493269]
g1307.7776,ceftiofur,,2.0,mg/L,MIC,CLSI,[34493269]
g1307.7776,doxycycline,,16.0,mg/L,MIC,CLSI,[34493269]
g1307.7776,enrofloxacin,,0.25,mg/L,MIC,CLSI,[34493269]
g1307.7776,erythromycin,,32.0,mg/L,MIC,CLSI,[34493269]
g1307.7776,florfenicol,,2.0,mg/L,MIC,CLSI,[34493269]
g1307.7776,lincomycin,,128.0,mg/L,MIC,CLSI,[34493269]
g1307.7776,marbofloxacin,,1.0,mg/L,MIC,CLSI,[34493269]
g1307.7776,penicillin,,2.0,mg/L,MIC,CLSI,[34493269]
g1307.7776,spectinomycin,,512.0,mg/L,MIC,CLSI,[34493269]
g1307.7776,tetracycline,,32.0,mg/L,MIC,CLSI,[34493269]
g1307.7776,tiamulin,,64.0,mg/L,MIC,CLSI,[34493269]
g1307.7776,tilmicosin,,128.0,mg/L,MIC,CLSI,[34493269]
g1307.7776,trimethoprim,,0.12,mg/L,MIC,CLSI,[34493269]
g1307.7776,tylosin,,256.0,mg/L,MIC,CLSI,[34493269]
g1307.7777,amoxicillin,,0.03,mg/L,MIC,CLSI,[34493269]
g1307.7777,cefquinome,,0.03,mg/L,MIC,CLSI,[34493269]
g1307.7777,ceftiofur,,0.12,mg/L,MIC,CLSI,[34493269]
g1307.7777,doxycycline,,8.0,mg/L,MIC,CLSI,[34493269]
g1307.7777,enrofloxacin,,0.5,mg/L,MIC,CLSI,[34493269]
g1307.7777,erythromycin,,32.0,mg/L,MIC,CLSI,[34493269]
g1307.7777,florfenicol,,2.0,mg/L,MIC,CLSI,[34493269]
g1307.7777,lincomycin,,128.0,mg/L,MIC,CLSI,[34493269]
g1307.7777,marbofloxacin,,1.0,mg/L,MIC,CLSI,[34493269]
g1307.7777,penicillin,,0.03,mg/L,MIC,CLSI,[34493269]
g1307.7777,spectinomycin,,16.0,mg/L,MIC,CLSI,[34493269]
g1307.7777,tetracycline,,32.0,mg/L,MIC,CLSI,[34493269]
g1307.7777,tiamulin,,2.0,mg/L,MIC,CLSI,[34493269]
g1307.7777,tilmicosin,,128.0,mg/L,MIC,CLSI,[34493269]
g1307.7777,trimethoprim,,0.12,mg/L,MIC,CLSI,[34493269]
g1307.7777,tylosin,,256.0,mg/L,MIC,CLSI,[34493269]
g1307.7778,amoxicillin,,2.0,mg/L,MIC,CLSI,[34493269]
g1307.7778,cefquinome,,0.5,mg/L,MIC,CLSI,[34493269]
g1307.7778,ceftiofur,,8.0,mg/L,MIC,CLSI,[34493269]
g1307.7778,doxycycline,,16.0,mg/L,MIC,CLSI,[34493269]
g1307.7778,enrofloxacin,,0.5,mg/L,MIC,CLSI,[34493269]
g1307.7778,erythromycin,,32.0,mg/L,MIC,CLSI,[34493269]
g1307.7778,florfenicol,,2.0,mg/L,MIC,CLSI,[34493269]
g1307.7778,lincomycin,,128.0,mg/L,MIC,CLSI,[34493269]
g1307.7778,marbofloxacin,,1.0,mg/L,MIC,CLSI,[34493269]
g1307.7778,penicillin,,2.0,mg/L,MIC,CLSI,[34493269]
g1307.7778,spectinomycin,,32.0,mg/L,MIC,CLSI,[34493269]
g1307.7778,tetracycline,,128.0,mg/L,MIC,CLSI,[34493269]
g1307.7778,tiamulin,,2.0,mg/L,MIC,CLSI,[34493269]
g1307.7778,tilmicosin,,128.0,mg/L,MIC,CLSI,[34493269]
g1307.7778,trimethoprim,,2.0,mg/L,MIC,CLSI,[34493269]
g1307.7778,tylosin,,256.0,mg/L,MIC,CLSI,[34493269]
g1307.7779,amoxicillin,,0.03,mg/L,MIC,CLSI,[34493269]
g1307.7779,cefquinome,,0.03,mg/L,MIC,CLSI,[34493269]
g1307.7779,ceftiofur,,0.12,mg/L,MIC,CLSI,[34493269]
g1307.7779,doxycycline,,16.0,mg/L,MIC,CLSI,[34493269]
g1307.7779,enrofloxacin,,0.5,mg/L,MIC,CLSI,[34493269]
g1307.7779,erythromycin,,32.0,mg/L,MIC,CLSI,[34493269]
g1307.7779,florfenicol,,2.0,mg/L,MIC,CLSI,[34493269]
g1307.7779,lincomycin,,128.0,mg/L,MIC,CLSI,[34493269]
g1307.7779,marbofloxacin,,1.0,mg/L,MIC,CLSI,[34493269]
g1307.7779,penicillin,,0.03,mg/L,MIC,CLSI,[34493269]
g1307.7779,spectinomycin,,16.0,mg/L,MIC,CLSI,[34493269]
g1307.7779,tetracycline,,32.0,mg/L,MIC,CLSI,[34493269]
g1307.7779,tiamulin,,2.0,mg/L,MIC,CLSI,[34493269]
g1307.7779,tilmicosin,,128.0,mg/L,MIC,CLSI,[34493269]
g1307.7779,trimethoprim,,0.25,mg/L,MIC,CLSI,[34493269]
g1307.7779,tylosin,,256.0,mg/L,MIC,CLSI,[34493269]
g1307.7780,amoxicillin,,0.03,mg/L,MIC,CLSI,[34493269]
g1307.7780,cefquinome,,0.12,mg/L,MIC,CLSI,[34493269]
g1307.7780,ceftiofur,,1.0,mg/L,MIC,CLSI,[34493269]
g1307.7780,doxycycline,,16.0,mg/L,MIC,CLSI,[34493269]
g1307.7780,enrofloxacin,,0.25,mg/L,MIC,CLSI,[34493269]
g1307.7780,erythromycin,,8.0,mg/L,MIC,CLSI,[34493269]
g1307.7780,florfenicol,,2.0,mg/L,MIC,CLSI,[34493269]
g1307.7780,lincomycin,,128.0,mg/L,MIC,CLSI,[34493269]
g1307.7780,marbofloxacin,,1.0,mg/L,MIC,CLSI,[34493269]
g1307.7780,penicillin,,4.0,mg/L,MIC,CLSI,[34493269]
g1307.7780,spectinomycin,,16.0,mg/L,MIC,CLSI,[34493269]
g1307.7780,tetracycline,,64.0,mg/L,MIC,CLSI,[34493269]
g1307.7780,tiamulin,,32.0,mg/L,MIC,CLSI,[34493269]
g1307.7780,tilmicosin,,128.0,mg/L,MIC,CLSI,[34493269]
g1307.7780,trimethoprim,,16.0,mg/L,MIC,CLSI,[34493269]
g1307.7780,tylosin,,256.0,mg/L,MIC,CLSI,[34493269]
g1307.7781,amoxicillin,,0.06,mg/L,MIC,CLSI,[34493269]
g1307.7781,cefquinome,,0.12,mg/L,MIC,CLSI,[34493269]
g1307.7781,ceftiofur,,2.0,mg/L,MIC,CLSI,[34493269]
g1307.7781,doxycycline,,16.0,mg/L,MIC,CLSI,[34493269]
g1307.7781,enrofloxacin,,0.5,mg/L,MIC,CLSI,[34493269]
g1307.7781,erythromycin,,32.0,mg/L,MIC,CLSI,[34493269]
g1307.7781,florfenicol,,2.0,mg/L,MIC,CLSI,[34493269]
g1307.7781,lincomycin,,128.0,mg/L,MIC,CLSI,[34493269]
g1307.7781,marbofloxacin,,1.0,mg/L,MIC,CLSI,[34493269]
g1307.7781,penicillin,,4.0,mg/L,MIC,CLSI,[34493269]
g1307.7781,spectinomycin,,512.0,mg/L,MIC,CLSI,[34493269]
g1307.7781,tetracycline,,128.0,mg/L,MIC,CLSI,[34493269]
g1307.7781,tiamulin,,32.0,mg/L,MIC,CLSI,[34493269]
g1307.7781,tilmicosin,,128.0,mg/L,MIC,CLSI,[34493269]
g1307.7781,trimethoprim,,4.0,mg/L,MIC,CLSI,[34493269]
g1307.7781,tylosin,,256.0,mg/L,MIC,CLSI,[34493269]
g1307.7782,amoxicillin,,0.03,mg/L,MIC,CLSI,[34493269]
g1307.7782,cefquinome,,0.12,mg/L,MIC,CLSI,[34493269]
g1307.7782,ceftiofur,,0.5,mg/L,MIC,CLSI,[34493269]
g1307.7782,doxycycline,,0.5,mg/L,MIC,CLSI,[34493269]
g1307.7782,enrofloxacin,,0.25,mg/L,MIC,CLSI,[34493269]
g1307.7782,erythromycin,,0.03,mg/L,MIC,CLSI,[34493269]
g1307.7782,florfenicol,,1.0,mg/L,MIC,CLSI,[34493269]
g1307.7782,lincomycin,,2.0,mg/L,MIC,CLSI,[34493269]
g1307.7782,marbofloxacin,,0.5,mg/L,MIC,CLSI,[34493269]
g1307.7782,penicillin,,0.25,mg/L,MIC,CLSI,[34493269]
g1307.7782,spectinomycin,,8.0,mg/L,MIC,CLSI,[34493269]
g1307.7782,tetracycline,,4.0,mg/L,MIC,CLSI,[34493269]
g1307.7782,tiamulin,,1.0,mg/L,MIC,CLSI,[34493269]
g1307.7782,tilmicosin,,4.0,mg/L,MIC,CLSI,[34493269]
g1307.7782,trimethoprim,,0.06,mg/L,MIC,CLSI,[34493269]
g1307.7782,tylosin,,0.5,mg/L,MIC,CLSI,[34493269]
g1307.7783,amoxicillin,,0.03,mg/L,MIC,CLSI,[34493269]
g1307.7783,cefquinome,,0.015,mg/L,MIC,CLSI,[34493269]
g1307.7783,ceftiofur,,0.12,mg/L,MIC,CLSI,[34493269]
g1307.7783,doxycycline,,8.0,mg/L,MIC,CLSI,[34493269]
g1307.7783,enrofloxacin,,0.5,mg/L,MIC,CLSI,[34493269]
g1307.7783,erythromycin,,32.0,mg/L,MIC,CLSI,[34493269]
g1307.7783,florfenicol,,4.0,mg/L,MIC,CLSI,[34493269]
g1307.7783,lincomycin,,128.0,mg/L,MIC,CLSI,[34493269]
g1307.7783,marbofloxacin,,1.0,mg/L,MIC,CLSI,[34493269]
g1307.7783,penicillin,,0.03,mg/L,MIC,CLSI,[34493269]
g1307.7783,spectinomycin,,16.0,mg/L,MIC,CLSI,[34493269]
g1307.7783,tetracycline,,64.0,mg/L,MIC,CLSI,[34493269]
g1307.7783,tiamulin,,1.0,mg/L,MIC,CLSI,[34493269]
g1307.7783,tilmicosin,,128.0,mg/L,MIC,CLSI,[34493269]
g1307.7783,trimethoprim,,0.12,mg/L,MIC,CLSI,[34493269]
g1307.7783,tylosin,,256.0,mg/L,MIC,CLSI,[34493269]
g1307.7784,amoxicillin,,0.03,mg/L,MIC,CLSI,[34493269]
g1307.7784,cefquinome,,0.03,mg/L,MIC,CLSI,[34493269]
g1307.7784,ceftiofur,,0.12,mg/L,MIC,CLSI,[34493269]
g1307.7784,doxycycline,,16.0,mg/L,MIC,CLSI,[34493269]
g1307.7784,enrofloxacin,,0.5,mg/L,MIC,CLSI,[34493269]
g1307.7784,erythromycin,,32.0,mg/L,MIC,CLSI,[34493269]
g1307.7784,florfenicol,,2.0,mg/L,MIC,CLSI,[34493269]
g1307.7784,lincomycin,,128.0,mg/L,MIC,CLSI,[34493269]
g1307.7784,marbofloxacin,,1.0,mg/L,MIC,CLSI,[34493269]
g1307.7784,penicillin,,0.03,mg/L,MIC,CLSI,[34493269]
g1307.7784,spectinomycin,,32.0,mg/L,MIC,CLSI,[34493269]
g1307.7784,tetracycline,,64.0,mg/L,MIC,CLSI,[34493269]
g1307.7784,tiamulin,,1.0,mg/L,MIC,CLSI,[34493269]
g1307.7784,tilmicosin,,128.0,mg/L,MIC,CLSI,[34493269]
g1307.7784,trimethoprim,,0.25,mg/L,MIC,CLSI,[34493269]
g1307.7784,tylosin,,256.0,mg/L,MIC,CLSI,[34493269]
g1307.7785,amoxicillin,,0.03,mg/L,MIC,CLSI,[34493269]
g1307.7785,cefquinome,,0.015,mg/L,MIC,CLSI,[34493269]
g1307.7785,ceftiofur,,0.06,mg/L,MIC,CLSI,[34493269]
g1307.7785,doxycycline,,4.0,mg/L,MIC,CLSI,[34493269]
g1307.7785,enrofloxacin,,0.25,mg/L,MIC,CLSI,[34493269]
g1307.7785,erythromycin,,0.03,mg/L,MIC,CLSI,[34493269]
g1307.7785,florfenicol,,0.5,mg/L,MIC,CLSI,[34493269]
g1307.7785,lincomycin,,0.12,mg/L,MIC,CLSI,[34493269]
g1307.7785,marbofloxacin,,0.5,mg/L,MIC,CLSI,[34493269]
g1307.7785,penicillin,,0.03,mg/L,MIC,CLSI,[34493269]
g1307.7785,spectinomycin,,16.0,mg/L,MIC,CLSI,[34493269]
g1307.7785,tetracycline,,16.0,mg/L,MIC,CLSI,[34493269]
g1307.7785,tiamulin,,1.0,mg/L,MIC,CLSI,[34493269]
g1307.7785,tilmicosin,,2.0,mg/L,MIC,CLSI,[34493269]
g1307.7785,trimethoprim,,0.12,mg/L,MIC,CLSI,[34493269]
g1307.7785,tylosin,,0.5,mg/L,MIC,CLSI,[34493269]
g1307.7786,amoxicillin,,0.12,mg/L,MIC,CLSI,[34493269]
g1307.7786,cefquinome,,0.12,mg/L,MIC,CLSI,[34493269]
g1307.7786,ceftiofur,,1.0,mg/L,MIC,CLSI,[34493269]
g1307.7786,doxycycline,,16.0,mg/L,MIC,CLSI,[34493269]
g1307.7786,enrofloxacin,,0.5,mg/L,MIC,CLSI,[34493269]
g1307.7786,erythromycin,,32.0,mg/L,MIC,CLSI,[34493269]
g1307.7786,florfenicol,,2.0,mg/L,MIC,CLSI,[34493269]
g1307.7786,lincomycin,,128.0,mg/L,MIC,CLSI,[34493269]
g1307.7786,marbofloxacin,,1.0,mg/L,MIC,CLSI,[34493269]
g1307.7786,penicillin,,2.0,mg/L,MIC,CLSI,[34493269]
g1307.7786,spectinomycin,,512.0,mg/L,MIC,CLSI,[34493269]
g1307.7786,tetracycline,,128.0,mg/L,MIC,CLSI,[34493269]
g1307.7786,tiamulin,,2.0,mg/L,MIC,CLSI,[34493269]
g1307.7786,tilmicosin,,128.0,mg/L,MIC,CLSI,[34493269]
g1307.7786,trimethoprim,,0.06,mg/L,MIC,CLSI,[34493269]
g1307.7786,tylosin,,256.0,mg/L,MIC,CLSI,[34493269]
g1307.7787,amoxicillin,,0.03,mg/L,MIC,CLSI,[34493269]
g1307.7787,cefquinome,,0.03,mg/L,MIC,CLSI,[34493269]
g1307.7787,ceftiofur,,0.12,mg/L,MIC,CLSI,[34493269]
g1307.7787,doxycycline,,4.0,mg/L,MIC,CLSI,[34493269]
g1307.7787,enrofloxacin,,0.25,mg/L,MIC,CLSI,[34493269]
g1307.7787,erythromycin,,2.0,mg/L,MIC,CLSI,[34493269]
g1307.7787,florfenicol,,2.0,mg/L,MIC,CLSI,[34493269]
g1307.7787,lincomycin,,128.0,mg/L,MIC,CLSI,[34493269]
g1307.7787,marbofloxacin,,1.0,mg/L,MIC,CLSI,[34493269]
g1307.7787,penicillin,,0.03,mg/L,MIC,CLSI,[34493269]
g1307.7787,spectinomycin,,16.0,mg/L,MIC,CLSI,[34493269]
g1307.7787,tetracycline,,32.0,mg/L,MIC,CLSI,[34493269]
g1307.7787,tiamulin,,1.0,mg/L,MIC,CLSI,[34493269]
g1307.7787,tilmicosin,,128.0,mg/L,MIC,CLSI,[34493269]
g1307.7787,trimethoprim,,0.12,mg/L,MIC,CLSI,[34493269]
g1307.7787,tylosin,,256.0,mg/L,MIC,CLSI,[34493269]
g1307.7788,amoxicillin,,0.03,mg/L,MIC,CLSI,[34493269]
g1307.7788,cefquinome,,0.03,mg/L,MIC,CLSI,[34493269]
g1307.7788,ceftiofur,,0.12,mg/L,MIC,CLSI,[34493269]
g1307.7788,doxycycline,,16.0,mg/L,MIC,CLSI,[34493269]
g1307.7788,enrofloxacin,,0.5,mg/L,MIC,CLSI,[34493269]
g1307.7788,erythromycin,,0.06,mg/L,MIC,CLSI,[34493269]
g1307.7788,florfenicol,,2.0,mg/L,MIC,CLSI,[34493269]
g1307.7788,lincomycin,,2.0,mg/L,MIC,CLSI,[34493269]
g1307.7788,marbofloxacin,,1.0,mg/L,MIC,CLSI,[34493269]
g1307.7788,penicillin,,0.03,mg/L,MIC,CLSI,[34493269]
g1307.7788,spectinomycin,,32.0,mg/L,MIC,CLSI,[34493269]
g1307.7788,tetracycline,,64.0,mg/L,MIC,CLSI,[34493269]
g1307.7788,tiamulin,,4.0,mg/L,MIC,CLSI,[34493269]
g1307.7788,tilmicosin,,8.0,mg/L,MIC,CLSI,[34493269]
g1307.7788,trimethoprim,,0.5,mg/L,MIC,CLSI,[34493269]
g1307.7788,tylosin,,1.0,mg/L,MIC,CLSI,[34493269]
g1307.7789,amoxicillin,,0.03,mg/L,MIC,CLSI,[34493269]
g1307.7789,cefquinome,,0.03,mg/L,MIC,CLSI,[34493269]
g1307.7789,ceftiofur,,0.12,mg/L,MIC,CLSI,[34493269]
g1307.7789,doxycycline,,16.0,mg/L,MIC,CLSI,[34493269]
g1307.7789,enrofloxacin,,0.25,mg/L,MIC,CLSI,[34493269]
g1307.7789,erythromycin,,16.0,mg/L,MIC,CLSI,[34493269]
g1307.7789,florfenicol,,2.0,mg/L,MIC,CLSI,[34493269]
g1307.7789,lincomycin,,128.0,mg/L,MIC,CLSI,[34493269]
g1307.7789,marbofloxacin,,1.0,mg/L,MIC,CLSI,[34493269]
g1307.7789,penicillin,,0.03,mg/L,MIC,CLSI,[34493269]
g1307.7789,spectinomycin,,16.0,mg/L,MIC,CLSI,[34493269]
g1307.7789,tetracycline,,64.0,mg/L,MIC,CLSI,[34493269]
g1307.7789,tiamulin,,1.0,mg/L,MIC,CLSI,[34493269]
g1307.7789,tilmicosin,,128.0,mg/L,MIC,CLSI,[34493269]
g1307.7789,trimethoprim,,0.5,mg/L,MIC,CLSI,[34493269]
g1307.7789,tylosin,,256.0,mg/L,MIC,CLSI,[34493269]
g1307.7790,amoxicillin,,0.03,mg/L,MIC,CLSI,[34493269]
g1307.7790,cefquinome,,0.015,mg/L,MIC,CLSI,[34493269]
g1307.7790,ceftiofur,,0.12,mg/L,MIC,CLSI,[34493269]
g1307.7790,doxycycline,,4.0,mg/L,MIC,CLSI,[34493269]
g1307.7790,enrofloxacin,,0.25,mg/L,MIC,CLSI,[34493269]
g1307.7790,erythromycin,,32.0,mg/L,MIC,CLSI,[34493269]
g1307.7790,florfenicol,,1.0,mg/L,MIC,CLSI,[34493269]
g1307.7790,lincomycin,,128.0,mg/L,MIC,CLSI,[34493269]
g1307.7790,marbofloxacin,,1.0,mg/L,MIC,CLSI,[34493269]
g1307.7790,penicillin,,0.03,mg/L,MIC,CLSI,[34493269]
g1307.7790,spectinomycin,,8.0,mg/L,MIC,CLSI,[34493269]
g1307.7790,tetracycline,,32.0,mg/L,MIC,CLSI,[34493269]
g1307.7790,tiamulin,,0.5,mg/L,MIC,CLSI,[34493269]
g1307.7790,tilmicosin,,128.0,mg/L,MIC,CLSI,[34493269]
g1307.7790,trimethoprim,,0.06,mg/L,MIC,CLSI,[34493269]
g1307.7790,tylosin,,256.0,mg/L,MIC,CLSI,[34493269]
g1307.7791,amoxicillin,,0.03,mg/L,MIC,CLSI,[34493269]
g1307.7791,cefquinome,,0.015,mg/L,MIC,CLSI,[34493269]
g1307.7791,ceftiofur,,0.12,mg/L,MIC,CLSI,[34493269]
g1307.7791,doxycycline,,16.0,mg/L,MIC,CLSI,[34493269]
g1307.7791,enrofloxacin,,0.25,mg/L,MIC,CLSI,[34493269]
g1307.7791,erythromycin,,4.0,mg/L,MIC,CLSI,[34493269]
g1307.7791,florfenicol,,2.0,mg/L,MIC,CLSI,[34493269]
g1307.7791,lincomycin,,128.0,mg/L,MIC,CLSI,[34493269]
g1307.7791,marbofloxacin,,1.0,mg/L,MIC,CLSI,[34493269]
g1307.7791,penicillin,,0.03,mg/L,MIC,CLSI,[34493269]
g1307.7791,spectinomycin,,16.0,mg/L,MIC,CLSI,[34493269]
g1307.7791,tetracycline,,64.0,mg/L,MIC,CLSI,[34493269]
g1307.7791,tiamulin,,0.5,mg/L,MIC,CLSI,[34493269]
g1307.7791,tilmicosin,,128.0,mg/L,MIC,CLSI,[34493269]
g1307.7791,trimethoprim,,0.12,mg/L,MIC,CLSI,[34493269]
g1307.7791,tylosin,,256.0,mg/L,MIC,CLSI,[34493269]
g1307.7792,amoxicillin,,0.03,mg/L,MIC,CLSI,[34493269]
g1307.7792,cefquinome,,0.015,mg/L,MIC,CLSI,[34493269]
g1307.7792,ceftiofur,,0.06,mg/L,MIC,CLSI,[34493269]
g1307.7792,doxycycline,,4.0,mg/L,MIC,CLSI,[34493269]
g1307.7792,enrofloxacin,,0.25,mg/L,MIC,CLSI,[34493269]
g1307.7792,erythromycin,,0.03,mg/L,MIC,CLSI,[34493269]
g1307.7792,florfenicol,,1.0,mg/L,MIC,CLSI,[34493269]
g1307.7792,lincomycin,,128.0,mg/L,MIC,CLSI,[34493269]
g1307.7792,marbofloxacin,,0.5,mg/L,MIC,CLSI,[34493269]
g1307.7792,penicillin,,0.03,mg/L,MIC,CLSI,[34493269]
g1307.7792,spectinomycin,,256.0,mg/L,MIC,CLSI,[34493269]
g1307.7792,tetracycline,,32.0,mg/L,MIC,CLSI,[34493269]
g1307.7792,tiamulin,,16.0,mg/L,MIC,CLSI,[34493269]
g1307.7792,tilmicosin,,4.0,mg/L,MIC,CLSI,[34493269]
g1307.7792,trimethoprim,,0.12,mg/L,MIC,CLSI,[34493269]
g1307.7792,tylosin,,0.5,mg/L,MIC,CLSI,[34493269]
g1307.7793,amoxicillin,,0.03,mg/L,MIC,CLSI,[34493269]
g1307.7793,cefquinome,,0.03,mg/L,MIC,CLSI,[34493269]
g1307.7793,ceftiofur,,0.12,mg/L,MIC,CLSI,[34493269]
g1307.7793,doxycycline,,0.12,mg/L,MIC,CLSI,[34493269]
g1307.7793,enrofloxacin,,0.25,mg/L,MIC,CLSI,[34493269]
g1307.7793,erythromycin,,0.06,mg/L,MIC,CLSI,[34493269]
g1307.7793,florfenicol,,2.0,mg/L,MIC,CLSI,[34493269]
g1307.7793,lincomycin,,1.0,mg/L,MIC,CLSI,[34493269]
g1307.7793,marbofloxacin,,0.5,mg/L,MIC,CLSI,[34493269]
g1307.7793,penicillin,,0.03,mg/L,MIC,CLSI,[34493269]
g1307.7793,spectinomycin,,16.0,mg/L,MIC,CLSI,[34493269]
g1307.7793,tetracycline,,2.0,mg/L,MIC,CLSI,[34493269]
g1307.7793,tiamulin,,2.0,mg/L,MIC,CLSI,[34493269]
g1307.7793,tilmicosin,,8.0,mg/L,MIC,CLSI,[34493269]
g1307.7793,trimethoprim,,0.03,mg/L,MIC,CLSI,[34493269]
g1307.7793,tylosin,,1.0,mg/L,MIC,CLSI,[34493269]
g1307.7794,amoxicillin,,0.03,mg/L,MIC,CLSI,[34493269]
g1307.7794,cefquinome,,0.03,mg/L,MIC,CLSI,[34493269]
g1307.7794,ceftiofur,,0.12,mg/L,MIC,CLSI,[34493269]
g1307.7794,doxycycline,,0.06,mg/L,MIC,CLSI,[34493269]
g1307.7794,enrofloxacin,,0.5,mg/L,MIC,CLSI,[34493269]
g1307.7794,erythromycin,,0.03,mg/L,MIC,CLSI,[34493269]
g1307.7794,florfenicol,,2.0,mg/L,MIC,CLSI,[34493269]
g1307.7794,lincomycin,,2.0,mg/L,MIC,CLSI,[34493269]
g1307.7794,marbofloxacin,,1.0,mg/L,MIC,CLSI,[34493269]
g1307.7794,penicillin,,0.03,mg/L,MIC,CLSI,[34493269]
g1307.7794,spectinomycin,,16.0,mg/L,MIC,CLSI,[34493269]
g1307.7794,tetracycline,,1.0,mg/L,MIC,CLSI,[34493269]
g1307.7794,tiamulin,,2.0,mg/L,MIC,CLSI,[34493269]
g1307.7794,tilmicosin,,8.0,mg/L,MIC,CLSI,[34493269]
g1307.7794,trimethoprim,,0.5,mg/L,MIC,CLSI,[34493269]
g1307.7794,tylosin,,0.5,mg/L,MIC,CLSI,[34493269]
g1307.7795,amoxicillin,,0.03,mg/L,MIC,CLSI,[34493269]
g1307.7795,cefquinome,,0.03,mg/L,MIC,CLSI,[34493269]
g1307.7795,ceftiofur,,0.12,mg/L,MIC,CLSI,[34493269]
g1307.7795,doxycycline,,8.0,mg/L,MIC,CLSI,[34493269]
g1307.7795,enrofloxacin,,0.25,mg/L,MIC,CLSI,[34493269]
g1307.7795,erythromycin,,32.0,mg/L,MIC,CLSI,[34493269]
g1307.7795,florfenicol,,2.0,mg/L,MIC,CLSI,[34493269]
g1307.7795,lincomycin,,128.0,mg/L,MIC,CLSI,[34493269]
g1307.7795,marbofloxacin,,0.5,mg/L,MIC,CLSI,[34493269]
g1307.7795,penicillin,,0.03,mg/L,MIC,CLSI,[34493269]
g1307.7795,spectinomycin,,16.0,mg/L,MIC,CLSI,[34493269]
g1307.7795,tetracycline,,32.0,mg/L,MIC,CLSI,[34493269]
g1307.7795,tiamulin,,2.0,mg/L,MIC,CLSI,[34493269]
g1307.7795,tilmicosin,,128.0,mg/L,MIC,CLSI,[34493269]
g1307.7795,trimethoprim,,0.25,mg/L,MIC,CLSI,[34493269]
g1307.7795,tylosin,,256.0,mg/L,MIC,CLSI,[34493269]
g1307.7796,amoxicillin,,0.03,mg/L,MIC,CLSI,[34493269]
g1307.7796,cefquinome,,0.06,mg/L,MIC,CLSI,[34493269]
g1307.7796,ceftiofur,,0.12,mg/L,MIC,CLSI,[34493269]
g1307.7796,doxycycline,,8.0,mg/L,MIC,CLSI,[34493269]
g1307.7796,enrofloxacin,,0.25,mg/L,MIC,CLSI,[34493269]
g1307.7796,erythromycin,,32.0,mg/L,MIC,CLSI,[34493269]
g1307.7796,florfenicol,,2.0,mg/L,MIC,CLSI,[34493269]
g1307.7796,lincomycin,,128.0,mg/L,MIC,CLSI,[34493269]
g1307.7796,marbofloxacin,,0.5,mg/L,MIC,CLSI,[34493269]
g1307.7796,penicillin,,0.03,mg/L,MIC,CLSI,[34493269]
g1307.7796,spectinomycin,,16.0,mg/L,MIC,CLSI,[34493269]
g1307.7796,tetracycline,,32.0,mg/L,MIC,CLSI,[34493269]
g1307.7796,tiamulin,,1.0,mg/L,MIC,CLSI,[34493269]
g1307.7796,tilmicosin,,128.0,mg/L,MIC,CLSI,[34493269]
g1307.7796,trimethoprim,,0.12,mg/L,MIC,CLSI,[34493269]
g1307.7796,tylosin,,256.0,mg/L,MIC,CLSI,[34493269]
g1307.7797,amoxicillin,,0.03,mg/L,MIC,CLSI,[34493269]
g1307.7797,cefquinome,,0.06,mg/L,MIC,CLSI,[34493269]
g1307.7797,ceftiofur,,2.0,mg/L,MIC,CLSI,[34493269]
g1307.7797,doxycycline,,16.0,mg/L,MIC,CLSI,[34493269]
g1307.7797,enrofloxacin,,0.5,mg/L,MIC,CLSI,[34493269]
g1307.7797,erythromycin,,0.06,mg/L,MIC,CLSI,[34493269]
g1307.7797,florfenicol,,2.0,mg/L,MIC,CLSI,[34493269]
g1307.7797,lincomycin,,128.0,mg/L,MIC,CLSI,[34493269]
g1307.7797,marbofloxacin,,1.0,mg/L,MIC,CLSI,[34493269]
g1307.7797,penicillin,,0.12,mg/L,MIC,CLSI,[34493269]
g1307.7797,spectinomycin,,32.0,mg/L,MIC,CLSI,[34493269]
g1307.7797,tetracycline,,64.0,mg/L,MIC,CLSI,[34493269]
g1307.7797,tiamulin,,64.0,mg/L,MIC,CLSI,[34493269]
g1307.7797,tilmicosin,,8.0,mg/L,MIC,CLSI,[34493269]
g1307.7797,trimethoprim,,0.06,mg/L,MIC,CLSI,[34493269]
g1307.7797,tylosin,,1.0,mg/L,MIC,CLSI,[34493269]
g1307.7798,amoxicillin,,0.06,mg/L,MIC,CLSI,[34493269]
g1307.7798,cefquinome,,1.0,mg/L,MIC,CLSI,[34493269]
g1307.7798,ceftiofur,,4.0,mg/L,MIC,CLSI,[34493269]
g1307.7798,doxycycline,,8.0,mg/L,MIC,CLSI,[34493269]
g1307.7798,enrofloxacin,,0.25,mg/L,MIC,CLSI,[34493269]
g1307.7798,erythromycin,,16.0,mg/L,MIC,CLSI,[34493269]
g1307.7798,florfenicol,,2.0,mg/L,MIC,CLSI,[34493269]
g1307.7798,lincomycin,,128.0,mg/L,MIC,CLSI,[34493269]
g1307.7798,marbofloxacin,,1.0,mg/L,MIC,CLSI,[34493269]
g1307.7798,penicillin,,0.12,mg/L,MIC,CLSI,[34493269]
g1307.7798,spectinomycin,,16.0,mg/L,MIC,CLSI,[34493269]
g1307.7798,tetracycline,,64.0,mg/L,MIC,CLSI,[34493269]
g1307.7798,tiamulin,,1.0,mg/L,MIC,CLSI,[34493269]
g1307.7798,tilmicosin,,128.0,mg/L,MIC,CLSI,[34493269]
g1307.7798,trimethoprim,,0.5,mg/L,MIC,CLSI,[34493269]
g1307.7798,tylosin,,256.0,mg/L,MIC,CLSI,[34493269]
g1307.7799,amoxicillin,,0.03,mg/L,MIC,CLSI,[34493269]
g1307.7799,cefquinome,,0.03,mg/L,MIC,CLSI,[34493269]
g1307.7799,ceftiofur,,0.12,mg/L,MIC,CLSI,[34493269]
g1307.7799,doxycycline,,8.0,mg/L,MIC,CLSI,[34493269]
g1307.7799,enrofloxacin,,0.25,mg/L,MIC,CLSI,[34493269]
g1307.7799,erythromycin,,16.0,mg/L,MIC,CLSI,[34493269]
g1307.7799,florfenicol,,2.0,mg/L,MIC,CLSI,[34493269]
g1307.7799,lincomycin,,128.0,mg/L,MIC,CLSI,[34493269]
g1307.7799,marbofloxacin,,0.5,mg/L,MIC,CLSI,[34493269]
g1307.7799,penicillin,,0.03,mg/L,MIC,CLSI,[34493269]
g1307.7799,spectinomycin,,16.0,mg/L,MIC,CLSI,[34493269]
g1307.7799,tetracycline,,64.0,mg/L,MIC,CLSI,[34493269]
g1307.7799,tiamulin,,1.0,mg/L,MIC,CLSI,[34493269]
g1307.7799,tilmicosin,,128.0,mg/L,MIC,CLSI,[34493269]
g1307.7799,trimethoprim,,0.06,mg/L,MIC,CLSI,[34493269]
g1307.7799,tylosin,,256.0,mg/L,MIC,CLSI,[34493269]
g1307.7800,amoxicillin,,0.03,mg/L,MIC,CLSI,[34493269]
g1307.7800,cefquinome,,0.03,mg/L,MIC,CLSI,[34493269]
g1307.7800,ceftiofur,,0.12,mg/L,MIC,CLSI,[34493269]
g1307.7800,doxycycline,,16.0,mg/L,MIC,CLSI,[34493269]
g1307.7800,enrofloxacin,,0.25,mg/L,MIC,CLSI,[34493269]
g1307.7800,erythromycin,,2.0,mg/L,MIC,CLSI,[34493269]
g1307.7800,florfenicol,,2.0,mg/L,MIC,CLSI,[34493269]
g1307.7800,lincomycin,,128.0,mg/L,MIC,CLSI,[34493269]
g1307.7800,marbofloxacin,,0.5,mg/L,MIC,CLSI,[34493269]
g1307.7800,penicillin,,0.03,mg/L,MIC,CLSI,[34493269]
g1307.7800,spectinomycin,,16.0,mg/L,MIC,CLSI,[34493269]
g1307.7800,tetracycline,,64.0,mg/L,MIC,CLSI,[34493269]
g1307.7800,tiamulin,,2.0,mg/L,MIC,CLSI,[34493269]
g1307.7800,tilmicosin,,128.0,mg/L,MIC,CLSI,[34493269]
g1307.7800,trimethoprim,,0.12,mg/L,MIC,CLSI,[34493269]
g1307.7800,tylosin,,256.0,mg/L,MIC,CLSI,[34493269]
g1307.7801,amoxicillin,,0.03,mg/L,MIC,CLSI,[34493269]
g1307.7801,cefquinome,,0.015,mg/L,MIC,CLSI,[34493269]
g1307.7801,ceftiofur,,0.03,mg/L,MIC,CLSI,[34493269]
g1307.7801,doxycycline,,8.0,mg/L,MIC,CLSI,[34493269]
g1307.7801,enrofloxacin,,0.25,mg/L,MIC,CLSI,[34493269]
g1307.7801,erythromycin,,0.015,mg/L,MIC,CLSI,[34493269]
g1307.7801,florfenicol,,0.5,mg/L,MIC,CLSI,[34493269]
g1307.7801,lincomycin,,128.0,mg/L,MIC,CLSI,[34493269]
g1307.7801,marbofloxacin,,0.5,mg/L,MIC,CLSI,[34493269]
g1307.7801,penicillin,,0.03,mg/L,MIC,CLSI,[34493269]
g1307.7801,spectinomycin,,256.0,mg/L,MIC,CLSI,[34493269]
g1307.7801,tetracycline,,32.0,mg/L,MIC,CLSI,[34493269]
g1307.7801,tiamulin,,16.0,mg/L,MIC,CLSI,[34493269]
g1307.7801,tilmicosin,,4.0,mg/L,MIC,CLSI,[34493269]
g1307.7801,trimethoprim,,0.12,mg/L,MIC,CLSI,[34493269]
g1307.7801,tylosin,,0.5,mg/L,MIC,CLSI,[34493269]
g1307.7802,amoxicillin,,0.03,mg/L,MIC,CLSI,[34493269]
g1307.7802,cefquinome,,0.015,mg/L,MIC,CLSI,[34493269]
g1307.7802,ceftiofur,,0.12,mg/L,MIC,CLSI,[34493269]
g1307.7802,doxycycline,,8.0,mg/L,MIC,CLSI,[34493269]
g1307.7802,enrofloxacin,,0.25,mg/L,MIC,CLSI,[34493269]
g1307.7802,erythromycin,,0.06,mg/L,MIC,CLSI,[34493269]
g1307.7802,florfenicol,,1.0,mg/L,MIC,CLSI,[34493269]
g1307.7802,lincomycin,,0.25,mg/L,MIC,CLSI,[34493269]
g1307.7802,marbofloxacin,,1.0,mg/L,MIC,CLSI,[34493269]
g1307.7802,penicillin,,0.03,mg/L,MIC,CLSI,[34493269]
g1307.7802,spectinomycin,,16.0,mg/L,MIC,CLSI,[34493269]
g1307.7802,tetracycline,,32.0,mg/L,MIC,CLSI,[34493269]
g1307.7802,tiamulin,,1.0,mg/L,MIC,CLSI,[34493269]
g1307.7802,tilmicosin,,4.0,mg/L,MIC,CLSI,[34493269]
g1307.7802,trimethoprim,,0.06,mg/L,MIC,CLSI,[34493269]
g1307.7802,tylosin,,1.0,mg/L,MIC,CLSI,[34493269]
g1307.7803,amoxicillin,,0.03,mg/L,MIC,CLSI,[34493269]
g1307.7803,cefquinome,,0.03,mg/L,MIC,CLSI,[34493269]
g1307.7803,ceftiofur,,0.12,mg/L,MIC,CLSI,[34493269]
g1307.7803,doxycycline,,16.0,mg/L,MIC,CLSI,[34493269]
g1307.7803,enrofloxacin,,0.25,mg/L,MIC,CLSI,[34493269]
g1307.7803,erythromycin,,2.0,mg/L,MIC,CLSI,[34493269]
g1307.7803,florfenicol,,2.0,mg/L,MIC,CLSI,[34493269]
g1307.7803,lincomycin,,128.0,mg/L,MIC,CLSI,[34493269]
g1307.7803,marbofloxacin,,0.5,mg/L,MIC,CLSI,[34493269]
g1307.7803,penicillin,,0.03,mg/L,MIC,CLSI,[34493269]
g1307.7803,spectinomycin,,16.0,mg/L,MIC,CLSI,[34493269]
g1307.7803,tetracycline,,64.0,mg/L,MIC,CLSI,[34493269]
g1307.7803,tiamulin,,1.0,mg/L,MIC,CLSI,[34493269]
g1307.7803,tilmicosin,,128.0,mg/L,MIC,CLSI,[34493269]
g1307.7803,trimethoprim,,0.12,mg/L,MIC,CLSI,[34493269]
g1307.7803,tylosin,,256.0,mg/L,MIC,CLSI,[34493269]
g1307.7804,amoxicillin,,0.03,mg/L,MIC,CLSI,[34493269]
g1307.7804,cefquinome,,0.015,mg/L,MIC,CLSI,[34493269]
g1307.7804,ceftiofur,,0.12,mg/L,MIC,CLSI,[34493269]
g1307.7804,doxycycline,,8.0,mg/L,MIC,CLSI,[34493269]
g1307.7804,enrofloxacin,,0.25,mg/L,MIC,CLSI,[34493269]
g1307.7804,erythromycin,,32.0,mg/L,MIC,CLSI,[34493269]
g1307.7804,florfenicol,,2.0,mg/L,MIC,CLSI,[34493269]
g1307.7804,lincomycin,,128.0,mg/L,MIC,CLSI,[34493269]
g1307.7804,marbofloxacin,,1.0,mg/L,MIC,CLSI,[34493269]
g1307.7804,penicillin,,0.03,mg/L,MIC,CLSI,[34493269]
g1307.7804,spectinomycin,,16.0,mg/L,MIC,CLSI,[34493269]
g1307.7804,tetracycline,,64.0,mg/L,MIC,CLSI,[34493269]
g1307.7804,tiamulin,,1.0,mg/L,MIC,CLSI,[34493269]
g1307.7804,tilmicosin,,128.0,mg/L,MIC,CLSI,[34493269]
g1307.7804,trimethoprim,,0.06,mg/L,MIC,CLSI,[34493269]
g1307.7804,tylosin,,256.0,mg/L,MIC,CLSI,[34493269]
g1307.7805,amoxicillin,,0.03,mg/L,MIC,CLSI,[34493269]
g1307.7805,cefquinome,,0.03,mg/L,MIC,CLSI,[34493269]
g1307.7805,ceftiofur,,0.12,mg/L,MIC,CLSI,[34493269]
g1307.7805,doxycycline,,16.0,mg/L,MIC,CLSI,[34493269]
g1307.7805,enrofloxacin,,0.5,mg/L,MIC,CLSI,[34493269]
g1307.7805,erythromycin,,32.0,mg/L,MIC,CLSI,[34493269]
g1307.7805,florfenicol,,2.0,mg/L,MIC,CLSI,[34493269]
g1307.7805,lincomycin,,128.0,mg/L,MIC,CLSI,[34493269]
g1307.7805,marbofloxacin,,1.0,mg/L,MIC,CLSI,[34493269]
g1307.7805,penicillin,,0.03,mg/L,MIC,CLSI,[34493269]
g1307.7805,spectinomycin,,16.0,mg/L,MIC,CLSI,[34493269]
g1307.7805,tetracycline,,64.0,mg/L,MIC,CLSI,[34493269]
g1307.7805,tiamulin,,2.0,mg/L,MIC,CLSI,[34493269]
g1307.7805,tilmicosin,,128.0,mg/L,MIC,CLSI,[34493269]
g1307.7805,trimethoprim,,0.25,mg/L,MIC,CLSI,[34493269]
g1307.7805,tylosin,,256.0,mg/L,MIC,CLSI,[34493269]
g1307.7806,amoxicillin,,0.25,mg/L,MIC,CLSI,[34493269]
g1307.7806,cefquinome,,0.12,mg/L,MIC,CLSI,[34493269]
g1307.7806,ceftiofur,,0.25,mg/L,MIC,CLSI,[34493269]
g1307.7806,doxycycline,,16.0,mg/L,MIC,CLSI,[34493269]
g1307.7806,enrofloxacin,,2.0,mg/L,MIC,CLSI,[34493269]
g1307.7806,erythromycin,,32.0,mg/L,MIC,CLSI,[34493269]
g1307.7806,florfenicol,,2.0,mg/L,MIC,CLSI,[34493269]
g1307.7806,lincomycin,,128.0,mg/L,MIC,CLSI,[34493269]
g1307.7806,marbofloxacin,,1.0,mg/L,MIC,CLSI,[34493269]
g1307.7806,penicillin,,0.06,mg/L,MIC,CLSI,[34493269]
g1307.7806,spectinomycin,,16.0,mg/L,MIC,CLSI,[34493269]
g1307.7806,tetracycline,,64.0,mg/L,MIC,CLSI,[34493269]
g1307.7806,tiamulin,,2.0,mg/L,MIC,CLSI,[34493269]
g1307.7806,tilmicosin,,128.0,mg/L,MIC,CLSI,[34493269]
g1307.7806,trimethoprim,,0.5,mg/L,MIC,CLSI,[34493269]
g1307.7806,tylosin,,256.0,mg/L,MIC,CLSI,[34493269]
g1307.7807,amoxicillin,,0.03,mg/L,MIC,CLSI,[34493269]
g1307.7807,cefquinome,,0.015,mg/L,MIC,CLSI,[34493269]
g1307.7807,ceftiofur,,0.12,mg/L,MIC,CLSI,[34493269]
g1307.7807,doxycycline,,16.0,mg/L,MIC,CLSI,[34493269]
g1307.7807,enrofloxacin,,0.03,mg/L,MIC,CLSI,[34493269]
g1307.7807,erythromycin,,32.0,mg/L,MIC,CLSI,[34493269]
g1307.7807,florfenicol,,2.0,mg/L,MIC,CLSI,[34493269]
g1307.7807,lincomycin,,128.0,mg/L,MIC,CLSI,[34493269]
g1307.7807,marbofloxacin,,0.25,mg/L,MIC,CLSI,[34493269]
g1307.7807,penicillin,,0.03,mg/L,MIC,CLSI,[34493269]
g1307.7807,spectinomycin,,16.0,mg/L,MIC,CLSI,[34493269]
g1307.7807,tetracycline,,64.0,mg/L,MIC,CLSI,[34493269]
g1307.7807,tiamulin,,0.5,mg/L,MIC,CLSI,[34493269]
g1307.7807,tilmicosin,,128.0,mg/L,MIC,CLSI,[34493269]
g1307.7807,trimethoprim,,0.03,mg/L,MIC,CLSI,[34493269]
g1307.7807,tylosin,,256.0,mg/L,MIC,CLSI,[34493269]
g1307.7808,amoxicillin,,0.03,mg/L,MIC,CLSI,[34493269]
g1307.7808,cefquinome,,0.06,mg/L,MIC,CLSI,[34493269]
g1307.7808,ceftiofur,,0.5,mg/L,MIC,CLSI,[34493269]
g1307.7808,doxycycline,,8.0,mg/L,MIC,CLSI,[34493269]
g1307.7808,enrofloxacin,,0.25,mg/L,MIC,CLSI,[34493269]
g1307.7808,erythromycin,,32.0,mg/L,MIC,CLSI,[34493269]
g1307.7808,florfenicol,,2.0,mg/L,MIC,CLSI,[34493269]
g1307.7808,lincomycin,,128.0,mg/L,MIC,CLSI,[34493269]
g1307.7808,marbofloxacin,,1.0,mg/L,MIC,CLSI,[34493269]
g1307.7808,penicillin,,0.12,mg/L,MIC,CLSI,[34493269]
g1307.7808,spectinomycin,,32.0,mg/L,MIC,CLSI,[34493269]
g1307.7808,tetracycline,,32.0,mg/L,MIC,CLSI,[34493269]
g1307.7808,tiamulin,,1.0,mg/L,MIC,CLSI,[34493269]
g1307.7808,tilmicosin,,128.0,mg/L,MIC,CLSI,[34493269]
g1307.7808,trimethoprim,,0.5,mg/L,MIC,CLSI,[34493269]
g1307.7808,tylosin,,256.0,mg/L,MIC,CLSI,[34493269]
g1307.7809,amoxicillin,,0.03,mg/L,MIC,CLSI,[34493269]
g1307.7809,cefquinome,,0.015,mg/L,MIC,CLSI,[34493269]
g1307.7809,ceftiofur,,0.12,mg/L,MIC,CLSI,[34493269]
g1307.7809,doxycycline,,16.0,mg/L,MIC,CLSI,[34493269]
g1307.7809,enrofloxacin,,0.25,mg/L,MIC,CLSI,[34493269]
g1307.7809,erythromycin,,32.0,mg/L,MIC,CLSI,[34493269]
g1307.7809,florfenicol,,2.0,mg/L,MIC,CLSI,[34493269]
g1307.7809,lincomycin,,128.0,mg/L,MIC,CLSI,[34493269]
g1307.7809,marbofloxacin,,0.5,mg/L,MIC,CLSI,[34493269]
g1307.7809,penicillin,,0.03,mg/L,MIC,CLSI,[34493269]
g1307.7809,spectinomycin,,8.0,mg/L,MIC,CLSI,[34493269]
g1307.7809,tetracycline,,64.0,mg/L,MIC,CLSI,[34493269]
g1307.7809,tiamulin,,1.0,mg/L,MIC,CLSI,[34493269]
g1307.7809,tilmicosin,,128.0,mg/L,MIC,CLSI,[34493269]
g1307.7809,trimethoprim,,0.12,mg/L,MIC,CLSI,[34493269]
g1307.7809,tylosin,,256.0,mg/L,MIC,CLSI,[34493269]
g1307.7810,amoxicillin,,0.03,mg/L,MIC,CLSI,[34493269]
g1307.7810,cefquinome,,0.03,mg/L,MIC,CLSI,[34493269]
g1307.7810,ceftiofur,,0.12,mg/L,MIC,CLSI,[34493269]
g1307.7810,doxycycline,,8.0,mg/L,MIC,CLSI,[34493269]
g1307.7810,enrofloxacin,,0.5,mg/L,MIC,CLSI,[34493269]
g1307.7810,erythromycin,,32.0,mg/L,MIC,CLSI,[34493269]
g1307.7810,florfenicol,,2.0,mg/L,MIC,CLSI,[34493269]
g1307.7810,lincomycin,,128.0,mg/L,MIC,CLSI,[34493269]
g1307.7810,marbofloxacin,,1.0,mg/L,MIC,CLSI,[34493269]
g1307.7810,penicillin,,0.03,mg/L,MIC,CLSI,[34493269]
g1307.7810,spectinomycin,,16.0,mg/L,MIC,CLSI,[34493269]
g1307.7810,tetracycline,,64.0,mg/L,MIC,CLSI,[34493269]
g1307.7810,tiamulin,,2.0,mg/L,MIC,CLSI,[34493269]
g1307.7810,tilmicosin,,128.0,mg/L,MIC,CLSI,[34493269]
g1307.7810,trimethoprim,,0.12,mg/L,MIC,CLSI,[34493269]
g1307.7810,tylosin,,256.0,mg/L,MIC,CLSI,[34493269]
g1307.7811,amoxicillin,,0.03,mg/L,MIC,CLSI,[34493269]
g1307.7811,cefquinome,,0.03,mg/L,MIC,CLSI,[34493269]
g1307.7811,ceftiofur,,0.12,mg/L,MIC,CLSI,[34493269]
g1307.7811,doxycycline,,8.0,mg/L,MIC,CLSI,[34493269]
g1307.7811,enrofloxacin,,0.5,mg/L,MIC,CLSI,[34493269]
g1307.7811,erythromycin,,32.0,mg/L,MIC,CLSI,[34493269]
g1307.7811,florfenicol,,2.0,mg/L,MIC,CLSI,[34493269]
g1307.7811,lincomycin,,128.0,mg/L,MIC,CLSI,[34493269]
g1307.7811,marbofloxacin,,1.0,mg/L,MIC,CLSI,[34493269]
g1307.7811,penicillin,,0.03,mg/L,MIC,CLSI,[34493269]
g1307.7811,spectinomycin,,32.0,mg/L,MIC,CLSI,[34493269]
g1307.7811,tetracycline,,64.0,mg/L,MIC,CLSI,[34493269]
g1307.7811,tiamulin,,1.0,mg/L,MIC,CLSI,[34493269]
g1307.7811,tilmicosin,,128.0,mg/L,MIC,CLSI,[34493269]
g1307.7811,trimethoprim,,0.12,mg/L,MIC,CLSI,[34493269]
g1307.7811,tylosin,,256.0,mg/L,MIC,CLSI,[34493269]
g1307.7812,amoxicillin,,4.0,mg/L,MIC,CLSI,[34493269]
g1307.7812,cefquinome,,0.5,mg/L,MIC,CLSI,[34493269]
g1307.7812,ceftiofur,,0.5,mg/L,MIC,CLSI,[34493269]
g1307.7812,doxycycline,,8.0,mg/L,MIC,CLSI,[34493269]
g1307.7812,enrofloxacin,,0.5,mg/L,MIC,CLSI,[34493269]
g1307.7812,erythromycin,,32.0,mg/L,MIC,CLSI,[34493269]
g1307.7812,florfenicol,,2.0,mg/L,MIC,CLSI,[34493269]
g1307.7812,lincomycin,,128.0,mg/L,MIC,CLSI,[34493269]
g1307.7812,marbofloxacin,,1.0,mg/L,MIC,CLSI,[34493269]
g1307.7812,penicillin,,2.0,mg/L,MIC,CLSI,[34493269]
g1307.7812,spectinomycin,,16.0,mg/L,MIC,CLSI,[34493269]
g1307.7812,tetracycline,,64.0,mg/L,MIC,CLSI,[34493269]
g1307.7812,tiamulin,,2.0,mg/L,MIC,CLSI,[34493269]
g1307.7812,tilmicosin,,128.0,mg/L,MIC,CLSI,[34493269]
g1307.7812,trimethoprim,,0.25,mg/L,MIC,CLSI,[34493269]
g1307.7812,tylosin,,256.0,mg/L,MIC,CLSI,[34493269]
g1307.7813,amoxicillin,,0.06,mg/L,MIC,CLSI,[34493269]
g1307.7813,cefquinome,,0.12,mg/L,MIC,CLSI,[34493269]
g1307.7813,ceftiofur,,0.25,mg/L,MIC,CLSI,[34493269]
g1307.7813,doxycycline,,16.0,mg/L,MIC,CLSI,[34493269]
g1307.7813,enrofloxacin,,8.0,mg/L,MIC,CLSI,[34493269]
g1307.7813,erythromycin,,32.0,mg/L,MIC,CLSI,[34493269]
g1307.7813,florfenicol,,2.0,mg/L,MIC,CLSI,[34493269]
g1307.7813,lincomycin,,128.0,mg/L,MIC,CLSI,[34493269]
g1307.7813,marbofloxacin,,16.0,mg/L,MIC,CLSI,[34493269]
g1307.7813,penicillin,,0.06,mg/L,MIC,CLSI,[34493269]
g1307.7813,spectinomycin,,16.0,mg/L,MIC,CLSI,[34493269]
g1307.7813,tetracycline,,64.0,mg/L,MIC,CLSI,[34493269]
g1307.7813,tiamulin,,2.0,mg/L,MIC,CLSI,[34493269]
g1307.7813,tilmicosin,,128.0,mg/L,MIC,CLSI,[34493269]
g1307.7813,trimethoprim,,0.5,mg/L,MIC,CLSI,[34493269]
g1307.7813,tylosin,,256.0,mg/L,MIC,CLSI,[34493269]
g1307.7814,amoxicillin,,0.03,mg/L,MIC,CLSI,[34493269]
g1307.7814,cefquinome,,0.015,mg/L,MIC,CLSI,[34493269]
g1307.7814,ceftiofur,,0.12,mg/L,MIC,CLSI,[34493269]
g1307.7814,doxycycline,,8.0,mg/L,MIC,CLSI,[34493269]
g1307.7814,enrofloxacin,,0.25,mg/L,MIC,CLSI,[34493269]
g1307.7814,erythromycin,,32.0,mg/L,MIC,CLSI,[34493269]
g1307.7814,florfenicol,,2.0,mg/L,MIC,CLSI,[34493269]
g1307.7814,lincomycin,,128.0,mg/L,MIC,CLSI,[34493269]
g1307.7814,marbofloxacin,,0.5,mg/L,MIC,CLSI,[34493269]
g1307.7814,penicillin,,0.03,mg/L,MIC,CLSI,[34493269]
g1307.7814,spectinomycin,,32.0,mg/L,MIC,CLSI,[34493269]
g1307.7814,tetracycline,,32.0,mg/L,MIC,CLSI,[34493269]
g1307.7814,tiamulin,,4.0,mg/L,MIC,CLSI,[34493269]
g1307.7814,tilmicosin,,128.0,mg/L,MIC,CLSI,[34493269]
g1307.7814,trimethoprim,,0.12,mg/L,MIC,CLSI,[34493269]
g1307.7814,tylosin,,256.0,mg/L,MIC,CLSI,[34493269]
g1307.7815,amoxicillin,,0.03,mg/L,MIC,CLSI,[34493269]
g1307.7815,cefquinome,,0.06,mg/L,MIC,CLSI,[34493269]
g1307.7815,ceftiofur,,0.5,mg/L,MIC,CLSI,[34493269]
g1307.7815,doxycycline,,16.0,mg/L,MIC,CLSI,[34493269]
g1307.7815,enrofloxacin,,0.25,mg/L,MIC,CLSI,[34493269]
g1307.7815,erythromycin,,32.0,mg/L,MIC,CLSI,[34493269]
g1307.7815,florfenicol,,2.0,mg/L,MIC,CLSI,[34493269]
g1307.7815,lincomycin,,128.0,mg/L,MIC,CLSI,[34493269]
g1307.7815,marbofloxacin,,0.5,mg/L,MIC,CLSI,[34493269]
g1307.7815,penicillin,,0.12,mg/L,MIC,CLSI,[34493269]
g1307.7815,spectinomycin,,4.0,mg/L,MIC,CLSI,[34493269]
g1307.7815,tetracycline,,32.0,mg/L,MIC,CLSI,[34493269]
g1307.7815,tiamulin,,1.0,mg/L,MIC,CLSI,[34493269]
g1307.7815,tilmicosin,,128.0,mg/L,MIC,CLSI,[34493269]
g1307.7815,trimethoprim,,0.03,mg/L,MIC,CLSI,[34493269]
g1307.7815,tylosin,,256.0,mg/L,MIC,CLSI,[34493269]
g1307.7816,amoxicillin,,4.0,mg/L,MIC,CLSI,[34493269]
g1307.7816,cefquinome,,1.0,mg/L,MIC,CLSI,[34493269]
g1307.7816,ceftiofur,,16.0,mg/L,MIC,CLSI,[34493269]
g1307.7816,doxycycline,,16.0,mg/L,MIC,CLSI,[34493269]
g1307.7816,enrofloxacin,,1.0,mg/L,MIC,CLSI,[34493269]
g1307.7816,erythromycin,,32.0,mg/L,MIC,CLSI,[34493269]
g1307.7816,florfenicol,,2.0,mg/L,MIC,CLSI,[34493269]
g1307.7816,lincomycin,,128.0,mg/L,MIC,CLSI,[34493269]
g1307.7816,marbofloxacin,,2.0,mg/L,MIC,CLSI,[34493269]
g1307.7816,penicillin,,8.0,mg/L,MIC,CLSI,[34493269]
g1307.7816,spectinomycin,,512.0,mg/L,MIC,CLSI,[34493269]
g1307.7816,tetracycline,,64.0,mg/L,MIC,CLSI,[34493269]
g1307.7816,tiamulin,,64.0,mg/L,MIC,CLSI,[34493269]
g1307.7816,tilmicosin,,128.0,mg/L,MIC,CLSI,[34493269]
g1307.7816,trimethoprim,,32.0,mg/L,MIC,CLSI,[34493269]
g1307.7816,tylosin,,256.0,mg/L,MIC,CLSI,[34493269]
g1307.7817,amoxicillin,,0.03,mg/L,MIC,CLSI,[34493269]
g1307.7817,cefquinome,,0.03,mg/L,MIC,CLSI,[34493269]
g1307.7817,ceftiofur,,0.12,mg/L,MIC,CLSI,[34493269]
g1307.7817,doxycycline,,16.0,mg/L,MIC,CLSI,[34493269]
g1307.7817,enrofloxacin,,0.25,mg/L,MIC,CLSI,[34493269]
g1307.7817,erythromycin,,32.0,mg/L,MIC,CLSI,[34493269]
g1307.7817,florfenicol,,2.0,mg/L,MIC,CLSI,[34493269]
g1307.7817,lincomycin,,128.0,mg/L,MIC,CLSI,[34493269]
g1307.7817,marbofloxacin,,0.5,mg/L,MIC,CLSI,[34493269]
g1307.7817,penicillin,,0.03,mg/L,MIC,CLSI,[34493269]
g1307.7817,spectinomycin,,16.0,mg/L,MIC,CLSI,[34493269]
g1307.7817,tetracycline,,64.0,mg/L,MIC,CLSI,[34493269]
g1307.7817,tiamulin,,2.0,mg/L,MIC,CLSI,[34493269]
g1307.7817,tilmicosin,,128.0,mg/L,MIC,CLSI,[34493269]
g1307.7817,trimethoprim,,0.12,mg/L,MIC,CLSI,[34493269]
g1307.7817,tylosin,,256.0,mg/L,MIC,CLSI,[34493269]
g1307.7818,amoxicillin,,0.06,mg/L,MIC,CLSI,[34493269]
g1307.7818,cefquinome,,0.06,mg/L,MIC,CLSI,[34493269]
g1307.7818,ceftiofur,,0.5,mg/L,MIC,CLSI,[34493269]
g1307.7818,doxycycline,,0.5,mg/L,MIC,CLSI,[34493269]
g1307.7818,enrofloxacin,,0.25,mg/L,MIC,CLSI,[34493269]
g1307.7818,erythromycin,,32.0,mg/L,MIC,CLSI,[34493269]
g1307.7818,florfenicol,,2.0,mg/L,MIC,CLSI,[34493269]
g1307.7818,lincomycin,,128.0,mg/L,MIC,CLSI,[34493269]
g1307.7818,marbofloxacin,,1.0,mg/L,MIC,CLSI,[34493269]
g1307.7818,penicillin,,1.0,mg/L,MIC,CLSI,[34493269]
g1307.7818,spectinomycin,,32.0,mg/L,MIC,CLSI,[34493269]
g1307.7818,tetracycline,,8.0,mg/L,MIC,CLSI,[34493269]
g1307.7818,tiamulin,,2.0,mg/L,MIC,CLSI,[34493269]
g1307.7818,tilmicosin,,128.0,mg/L,MIC,CLSI,[34493269]
g1307.7818,trimethoprim,,16.0,mg/L,MIC,CLSI,[34493269]
g1307.7818,tylosin,,256.0,mg/L,MIC,CLSI,[34493269]
g1307.7819,amoxicillin,,0.03,mg/L,MIC,CLSI,[34493269]
g1307.7819,cefquinome,,0.03,mg/L,MIC,CLSI,[34493269]
g1307.7819,ceftiofur,,0.12,mg/L,MIC,CLSI,[34493269]
g1307.7819,doxycycline,,16.0,mg/L,MIC,CLSI,[34493269]
g1307.7819,enrofloxacin,,0.5,mg/L,MIC,CLSI,[34493269]
g1307.7819,erythromycin,,32.0,mg/L,MIC,CLSI,[34493269]
g1307.7819,florfenicol,,2.0,mg/L,MIC,CLSI,[34493269]
g1307.7819,lincomycin,,128.0,mg/L,MIC,CLSI,[34493269]
g1307.7819,marbofloxacin,,1.0,mg/L,MIC,CLSI,[34493269]
g1307.7819,penicillin,,0.03,mg/L,MIC,CLSI,[34493269]
g1307.7819,spectinomycin,,32.0,mg/L,MIC,CLSI,[34493269]
g1307.7819,tetracycline,,64.0,mg/L,MIC,CLSI,[34493269]
g1307.7819,tiamulin,,2.0,mg/L,MIC,CLSI,[34493269]
g1307.7819,tilmicosin,,128.0,mg/L,MIC,CLSI,[34493269]
g1307.7819,trimethoprim,,0.12,mg/L,MIC,CLSI,[34493269]
g1307.7819,tylosin,,256.0,mg/L,MIC,CLSI,[34493269]
g1307.7820,amoxicillin,,0.03,mg/L,MIC,CLSI,[34493269]
g1307.7820,cefquinome,,0.06,mg/L,MIC,CLSI,[34493269]
g1307.7820,ceftiofur,,0.5,mg/L,MIC,CLSI,[34493269]
g1307.7820,doxycycline,,8.0,mg/L,MIC,CLSI,[34493269]
g1307.7820,enrofloxacin,,0.25,mg/L,MIC,CLSI,[34493269]
g1307.7820,erythromycin,,2.0,mg/L,MIC,CLSI,[34493269]
g1307.7820,florfenicol,,2.0,mg/L,MIC,CLSI,[34493269]
g1307.7820,lincomycin,,128.0,mg/L,MIC,CLSI,[34493269]
g1307.7820,marbofloxacin,,1.0,mg/L,MIC,CLSI,[34493269]
g1307.7820,penicillin,,0.03,mg/L,MIC,CLSI,[34493269]
g1307.7820,spectinomycin,,512.0,mg/L,MIC,CLSI,[34493269]
g1307.7820,tetracycline,,64.0,mg/L,MIC,CLSI,[34493269]
g1307.7820,tiamulin,,64.0,mg/L,MIC,CLSI,[34493269]
g1307.7820,tilmicosin,,128.0,mg/L,MIC,CLSI,[34493269]
g1307.7820,trimethoprim,,0.03,mg/L,MIC,CLSI,[34493269]
g1307.7820,tylosin,,256.0,mg/L,MIC,CLSI,[34493269]
g1307.7821,amoxicillin,,0.03,mg/L,MIC,CLSI,[34493269]
g1307.7821,cefquinome,,0.03,mg/L,MIC,CLSI,[34493269]
g1307.7821,ceftiofur,,0.25,mg/L,MIC,CLSI,[34493269]
g1307.7821,doxycycline,,4.0,mg/L,MIC,CLSI,[34493269]
g1307.7821,enrofloxacin,,0.5,mg/L,MIC,CLSI,[34493269]
g1307.7821,erythromycin,,4.0,mg/L,MIC,CLSI,[34493269]
g1307.7821,florfenicol,,2.0,mg/L,MIC,CLSI,[34493269]
g1307.7821,lincomycin,,128.0,mg/L,MIC,CLSI,[34493269]
g1307.7821,marbofloxacin,,2.0,mg/L,MIC,CLSI,[34493269]
g1307.7821,penicillin,,0.03,mg/L,MIC,CLSI,[34493269]
g1307.7821,spectinomycin,,16.0,mg/L,MIC,CLSI,[34493269]
g1307.7821,tetracycline,,16.0,mg/L,MIC,CLSI,[34493269]
g1307.7821,tiamulin,,1.0,mg/L,MIC,CLSI,[34493269]
g1307.7821,tilmicosin,,128.0,mg/L,MIC,CLSI,[34493269]
g1307.7821,trimethoprim,,0.015,mg/L,MIC,CLSI,[34493269]
g1307.7821,tylosin,,256.0,mg/L,MIC,CLSI,[34493269]
g1307.7822,amoxicillin,,0.03,mg/L,MIC,CLSI,[34493269]
g1307.7822,cefquinome,,0.06,mg/L,MIC,CLSI,[34493269]
g1307.7822,ceftiofur,,0.25,mg/L,MIC,CLSI,[34493269]
g1307.7822,doxycycline,,8.0,mg/L,MIC,CLSI,[34493269]
g1307.7822,enrofloxacin,,0.25,mg/L,MIC,CLSI,[34493269]
g1307.7822,erythromycin,,16.0,mg/L,MIC,CLSI,[34493269]
g1307.7822,florfenicol,,2.0,mg/L,MIC,CLSI,[34493269]
g1307.7822,lincomycin,,128.0,mg/L,MIC,CLSI,[34493269]
g1307.7822,marbofloxacin,,1.0,mg/L,MIC,CLSI,[34493269]
g1307.7822,penicillin,,0.03,mg/L,MIC,CLSI,[34493269]
g1307.7822,spectinomycin,,16.0,mg/L,MIC,CLSI,[34493269]
g1307.7822,tetracycline,,64.0,mg/L,MIC,CLSI,[34493269]
g1307.7822,tiamulin,,1.0,mg/L,MIC,CLSI,[34493269]
g1307.7822,tilmicosin,,128.0,mg/L,MIC,CLSI,[34493269]
g1307.7822,trimethoprim,,0.03,mg/L,MIC,CLSI,[34493269]
g1307.7822,tylosin,,256.0,mg/L,MIC,CLSI,[34493269]
g1307.7823,amoxicillin,,0.03,mg/L,MIC,CLSI,[34493269]
g1307.7823,cefquinome,,0.03,mg/L,MIC,CLSI,[34493269]
g1307.7823,ceftiofur,,0.12,mg/L,MIC,CLSI,[34493269]
g1307.7823,doxycycline,,8.0,mg/L,MIC,CLSI,[34493269]
g1307.7823,enrofloxacin,,0.25,mg/L,MIC,CLSI,[34493269]
g1307.7823,erythromycin,,8.0,mg/L,MIC,CLSI,[34493269]
g1307.7823,florfenicol,,1.0,mg/L,MIC,CLSI,[34493269]
g1307.7823,lincomycin,,128.0,mg/L,MIC,CLSI,[34493269]
g1307.7823,marbofloxacin,,0.5,mg/L,MIC,CLSI,[34493269]
g1307.7823,penicillin,,0.03,mg/L,MIC,CLSI,[34493269]
g1307.7823,spectinomycin,,16.0,mg/L,MIC,CLSI,[34493269]
g1307.7823,tetracycline,,32.0,mg/L,MIC,CLSI,[34493269]
g1307.7823,tiamulin,,1.0,mg/L,MIC,CLSI,[34493269]
g1307.7823,tilmicosin,,128.0,mg/L,MIC,CLSI,[34493269]
g1307.7823,trimethoprim,,0.06,mg/L,MIC,CLSI,[34493269]
g1307.7823,tylosin,,256.0,mg/L,MIC,CLSI,[34493269]
g1307.7824,amoxicillin,,0.03,mg/L,MIC,CLSI,[34493269]
g1307.7824,cefquinome,,0.015,mg/L,MIC,CLSI,[34493269]
g1307.7824,ceftiofur,,0.12,mg/L,MIC,CLSI,[34493269]
g1307.7824,doxycycline,,16.0,mg/L,MIC,CLSI,[34493269]
g1307.7824,enrofloxacin,,0.5,mg/L,MIC,CLSI,[34493269]
g1307.7824,erythromycin,,0.06,mg/L,MIC,CLSI,[34493269]
g1307.7824,florfenicol,,2.0,mg/L,MIC,CLSI,[34493269]
g1307.7824,lincomycin,,0.25,mg/L,MIC,CLSI,[34493269]
g1307.7824,marbofloxacin,,1.0,mg/L,MIC,CLSI,[34493269]
g1307.7824,penicillin,,0.03,mg/L,MIC,CLSI,[34493269]
g1307.7824,spectinomycin,,16.0,mg/L,MIC,CLSI,[34493269]
g1307.7824,tetracycline,,64.0,mg/L,MIC,CLSI,[34493269]
g1307.7824,tiamulin,,1.0,mg/L,MIC,CLSI,[34493269]
g1307.7824,tilmicosin,,4.0,mg/L,MIC,CLSI,[34493269]
g1307.7824,trimethoprim,,0.03,mg/L,MIC,CLSI,[34493269]
g1307.7824,tylosin,,1.0,mg/L,MIC,CLSI,[34493269]
g1307.7825,amoxicillin,,0.06,mg/L,MIC,CLSI,[34493269]
g1307.7825,cefquinome,,0.06,mg/L,MIC,CLSI,[34493269]
g1307.7825,ceftiofur,,0.5,mg/L,MIC,CLSI,[34493269]
g1307.7825,doxycycline,,16.0,mg/L,MIC,CLSI,[34493269]
g1307.7825,enrofloxacin,,0.5,mg/L,MIC,CLSI,[34493269]
g1307.7825,erythromycin,,0.03,mg/L,MIC,CLSI,[34493269]
g1307.7825,florfenicol,,2.0,mg/L,MIC,CLSI,[34493269]
g1307.7825,lincomycin,,8.0,mg/L,MIC,CLSI,[34493269]
g1307.7825,marbofloxacin,,1.0,mg/L,MIC,CLSI,[34493269]
g1307.7825,penicillin,,1.0,mg/L,MIC,CLSI,[34493269]
g1307.7825,spectinomycin,,64.0,mg/L,MIC,CLSI,[34493269]
g1307.7825,tetracycline,,64.0,mg/L,MIC,CLSI,[34493269]
g1307.7825,tiamulin,,32.0,mg/L,MIC,CLSI,[34493269]
g1307.7825,tilmicosin,,4.0,mg/L,MIC,CLSI,[34493269]
g1307.7825,trimethoprim,,0.12,mg/L,MIC,CLSI,[34493269]
g1307.7825,tylosin,,1.0,mg/L,MIC,CLSI,[34493269]
g1307.7826,amoxicillin,,0.03,mg/L,MIC,CLSI,[34493269]
g1307.7826,cefquinome,,0.03,mg/L,MIC,CLSI,[34493269]
g1307.7826,ceftiofur,,0.25,mg/L,MIC,CLSI,[34493269]
g1307.7826,doxycycline,,8.0,mg/L,MIC,CLSI,[34493269]
g1307.7826,enrofloxacin,,0.25,mg/L,MIC,CLSI,[34493269]
g1307.7826,erythromycin,,32.0,mg/L,MIC,CLSI,[34493269]
g1307.7826,florfenicol,,2.0,mg/L,MIC,CLSI,[34493269]
g1307.7826,lincomycin,,128.0,mg/L,MIC,CLSI,[34493269]
g1307.7826,marbofloxacin,,0.5,mg/L,MIC,CLSI,[34493269]
g1307.7826,penicillin,,0.03,mg/L,MIC,CLSI,[34493269]
g1307.7826,spectinomycin,,32.0,mg/L,MIC,CLSI,[34493269]
g1307.7826,tetracycline,,64.0,mg/L,MIC,CLSI,[34493269]
g1307.7826,tiamulin,,1.0,mg/L,MIC,CLSI,[34493269]
g1307.7826,tilmicosin,,128.0,mg/L,MIC,CLSI,[34493269]
g1307.7826,trimethoprim,,0.03,mg/L,MIC,CLSI,[34493269]
g1307.7826,tylosin,,256.0,mg/L,MIC,CLSI,[34493269]
g1307.7827,amoxicillin,,0.06,mg/L,MIC,CLSI,[34493269]
g1307.7827,cefquinome,,0.25,mg/L,MIC,CLSI,[34493269]
g1307.7827,ceftiofur,,1.0,mg/L,MIC,CLSI,[34493269]
g1307.7827,doxycycline,,16.0,mg/L,MIC,CLSI,[34493269]
g1307.7827,enrofloxacin,,0.5,mg/L,MIC,CLSI,[34493269]
g1307.7827,erythromycin,,32.0,mg/L,MIC,CLSI,[34493269]
g1307.7827,florfenicol,,2.0,mg/L,MIC,CLSI,[34493269]
g1307.7827,lincomycin,,128.0,mg/L,MIC,CLSI,[34493269]
g1307.7827,marbofloxacin,,1.0,mg/L,MIC,CLSI,[34493269]
g1307.7827,penicillin,,1.0,mg/L,MIC,CLSI,[34493269]
g1307.7827,spectinomycin,,16.0,mg/L,MIC,CLSI,[34493269]
g1307.7827,tetracycline,,64.0,mg/L,MIC,CLSI,[34493269]
g1307.7827,tiamulin,,32.0,mg/L,MIC,CLSI,[34493269]
g1307.7827,tilmicosin,,256.0,mg/L,MIC,CLSI,[34493269]
g1307.7827,trimethoprim,,2.0,mg/L,MIC,CLSI,[34493269]
g1307.7827,tylosin,,128.0,mg/L,MIC,CLSI,[34493269]
g1307.7828,amoxicillin,,0.03,mg/L,MIC,CLSI,[34493269]
g1307.7828,cefquinome,,0.06,mg/L,MIC,CLSI,[34493269]
g1307.7828,ceftiofur,,0.25,mg/L,MIC,CLSI,[34493269]
g1307.7828,doxycycline,,8.0,mg/L,MIC,CLSI,[34493269]
g1307.7828,enrofloxacin,,0.25,mg/L,MIC,CLSI,[34493269]
g1307.7828,erythromycin,,32.0,mg/L,MIC,CLSI,[34493269]
g1307.7828,florfenicol,,2.0,mg/L,MIC,CLSI,[34493269]
g1307.7828,lincomycin,,128.0,mg/L,MIC,CLSI,[34493269]
g1307.7828,marbofloxacin,,1.0,mg/L,MIC,CLSI,[34493269]
g1307.7828,penicillin,,0.06,mg/L,MIC,CLSI,[34493269]
g1307.7828,spectinomycin,,16.0,mg/L,MIC,CLSI,[34493269]
g1307.7828,tetracycline,,64.0,mg/L,MIC,CLSI,[34493269]
g1307.7828,tiamulin,,1.0,mg/L,MIC,CLSI,[34493269]
g1307.7828,tilmicosin,,128.0,mg/L,MIC,CLSI,[34493269]
g1307.7828,trimethoprim,,0.03,mg/L,MIC,CLSI,[34493269]
g1307.7828,tylosin,,256.0,mg/L,MIC,CLSI,[34493269]
g1307.7829,amoxicillin,,0.03,mg/L,MIC,CLSI,[34493269]
g1307.7829,cefquinome,,0.03,mg/L,MIC,CLSI,[34493269]
g1307.7829,ceftiofur,,0.12,mg/L,MIC,CLSI,[34493269]
g1307.7829,doxycycline,,8.0,mg/L,MIC,CLSI,[34493269]
g1307.7829,enrofloxacin,,0.5,mg/L,MIC,CLSI,[34493269]
g1307.7829,erythromycin,,32.0,mg/L,MIC,CLSI,[34493269]
g1307.7829,florfenicol,,2.0,mg/L,MIC,CLSI,[34493269]
g1307.7829,lincomycin,,128.0,mg/L,MIC,CLSI,[34493269]
g1307.7829,marbofloxacin,,1.0,mg/L,MIC,CLSI,[34493269]
g1307.7829,penicillin,,0.03,mg/L,MIC,CLSI,[34493269]
g1307.7829,spectinomycin,,16.0,mg/L,MIC,CLSI,[34493269]
g1307.7829,tetracycline,,32.0,mg/L,MIC,CLSI,[34493269]
g1307.7829,tiamulin,,2.0,mg/L,MIC,CLSI,[34493269]
g1307.7829,tilmicosin,,128.0,mg/L,MIC,CLSI,[34493269]
g1307.7829,trimethoprim,,0.12,mg/L,MIC,CLSI,[34493269]
g1307.7829,tylosin,,256.0,mg/L,MIC,CLSI,[34493269]
g1307.7830,amoxicillin,,0.03,mg/L,MIC,CLSI,[34493269]
g1307.7830,cefquinome,,0.03,mg/L,MIC,CLSI,[34493269]
g1307.7830,ceftiofur,,0.25,mg/L,MIC,CLSI,[34493269]
g1307.7830,doxycycline,,16.0,mg/L,MIC,CLSI,[34493269]
g1307.7830,enrofloxacin,,0.5,mg/L,MIC,CLSI,[34493269]
g1307.7830,erythromycin,,32.0,mg/L,MIC,CLSI,[34493269]
g1307.7830,florfenicol,,4.0,mg/L,MIC,CLSI,[34493269]
g1307.7830,lincomycin,,128.0,mg/L,MIC,CLSI,[34493269]
g1307.7830,marbofloxacin,,1.0,mg/L,MIC,CLSI,[34493269]
g1307.7830,penicillin,,0.03,mg/L,MIC,CLSI,[34493269]
g1307.7830,spectinomycin,,16.0,mg/L,MIC,CLSI,[34493269]
g1307.7830,tetracycline,,64.0,mg/L,MIC,CLSI,[34493269]
g1307.7830,tiamulin,,2.0,mg/L,MIC,CLSI,[34493269]
g1307.7830,tilmicosin,,128.0,mg/L,MIC,CLSI,[34493269]
g1307.7830,trimethoprim,,0.12,mg/L,MIC,CLSI,[34493269]
g1307.7830,tylosin,,256.0,mg/L,MIC,CLSI,[34493269]
g1307.7831,amoxicillin,,0.06,mg/L,MIC,CLSI,[34493269]
g1307.7831,cefquinome,,0.06,mg/L,MIC,CLSI,[34493269]
g1307.7831,ceftiofur,,4.0,mg/L,MIC,CLSI,[34493269]
g1307.7831,doxycycline,,16.0,mg/L,MIC,CLSI,[34493269]
g1307.7831,enrofloxacin,,0.12,mg/L,MIC,CLSI,[34493269]
g1307.7831,erythromycin,,2.0,mg/L,MIC,CLSI,[34493269]
g1307.7831,florfenicol,,2.0,mg/L,MIC,CLSI,[34493269]
g1307.7831,lincomycin,,128.0,mg/L,MIC,CLSI,[34493269]
g1307.7831,marbofloxacin,,0.5,mg/L,MIC,CLSI,[34493269]
g1307.7831,penicillin,,4.0,mg/L,MIC,CLSI,[34493269]
g1307.7831,spectinomycin,,8.0,mg/L,MIC,CLSI,[34493269]
g1307.7831,tetracycline,,128.0,mg/L,MIC,CLSI,[34493269]
g1307.7831,tiamulin,,64.0,mg/L,MIC,CLSI,[34493269]
g1307.7831,tilmicosin,,128.0,mg/L,MIC,CLSI,[34493269]
g1307.7831,trimethoprim,,4.0,mg/L,MIC,CLSI,[34493269]
g1307.7831,tylosin,,256.0,mg/L,MIC,CLSI,[34493269]
g1307.7832,amoxicillin,,0.03,mg/L,MIC,CLSI,[34493269]
g1307.7832,cefquinome,,0.03,mg/L,MIC,CLSI,[34493269]
g1307.7832,ceftiofur,,0.25,mg/L,MIC,CLSI,[34493269]
g1307.7832,doxycycline,,0.12,mg/L,MIC,CLSI,[34493269]
g1307.7832,enrofloxacin,,0.25,mg/L,MIC,CLSI,[34493269]
g1307.7832,erythromycin,,0.06,mg/L,MIC,CLSI,[34493269]
g1307.7832,florfenicol,,2.0,mg/L,MIC,CLSI,[34493269]
g1307.7832,lincomycin,,128.0,mg/L,MIC,CLSI,[34493269]
g1307.7832,marbofloxacin,,1.0,mg/L,MIC,CLSI,[34493269]
g1307.7832,penicillin,,0.03,mg/L,MIC,CLSI,[34493269]
g1307.7832,spectinomycin,,512.0,mg/L,MIC,CLSI,[34493269]
g1307.7832,tetracycline,,2.0,mg/L,MIC,CLSI,[34493269]
g1307.7832,tiamulin,,64.0,mg/L,MIC,CLSI,[34493269]
g1307.7832,tilmicosin,,4.0,mg/L,MIC,CLSI,[34493269]
g1307.7832,trimethoprim,,2.0,mg/L,MIC,CLSI,[34493269]
g1307.7832,tylosin,,0.5,mg/L,MIC,CLSI,[34493269]
g1307.7833,amoxicillin,,0.12,mg/L,MIC,CLSI,[34493269]
g1307.7833,cefquinome,,0.12,mg/L,MIC,CLSI,[34493269]
g1307.7833,ceftiofur,,4.0,mg/L,MIC,CLSI,[34493269]
g1307.7833,doxycycline,,16.0,mg/L,MIC,CLSI,[34493269]
g1307.7833,enrofloxacin,,0.25,mg/L,MIC,CLSI,[34493269]
g1307.7833,erythromycin,,32.0,mg/L,MIC,CLSI,[34493269]
g1307.7833,florfenicol,,2.0,mg/L,MIC,CLSI,[34493269]
g1307.7833,lincomycin,,128.0,mg/L,MIC,CLSI,[34493269]
g1307.7833,marbofloxacin,,0.5,mg/L,MIC,CLSI,[34493269]
g1307.7833,penicillin,,4.0,mg/L,MIC,CLSI,[34493269]
g1307.7833,spectinomycin,,8.0,mg/L,MIC,CLSI,[34493269]
g1307.7833,tetracycline,,64.0,mg/L,MIC,CLSI,[34493269]
g1307.7833,tiamulin,,16.0,mg/L,MIC,CLSI,[34493269]
g1307.7833,tilmicosin,,128.0,mg/L,MIC,CLSI,[34493269]
g1307.7833,trimethoprim,,0.5,mg/L,MIC,CLSI,[34493269]
g1307.7833,tylosin,,256.0,mg/L,MIC,CLSI,[34493269]
g1307.7834,amoxicillin,,0.06,mg/L,MIC,CLSI,[34493269]
g1307.7834,cefquinome,,0.06,mg/L,MIC,CLSI,[34493269]
g1307.7834,ceftiofur,,0.5,mg/L,MIC,CLSI,[34493269]
g1307.7834,doxycycline,,16.0,mg/L,MIC,CLSI,[34493269]
g1307.7834,enrofloxacin,,0.25,mg/L,MIC,CLSI,[34493269]
g1307.7834,erythromycin,,32.0,mg/L,MIC,CLSI,[34493269]
g1307.7834,florfenicol,,2.0,mg/L,MIC,CLSI,[34493269]
g1307.7834,lincomycin,,128.0,mg/L,MIC,CLSI,[34493269]
g1307.7834,marbofloxacin,,0.5,mg/L,MIC,CLSI,[34493269]
g1307.7834,penicillin,,0.5,mg/L,MIC,CLSI,[34493269]
g1307.7834,spectinomycin,,8.0,mg/L,MIC,CLSI,[34493269]
g1307.7834,tetracycline,,64.0,mg/L,MIC,CLSI,[34493269]
g1307.7834,tiamulin,,1.0,mg/L,MIC,CLSI,[34493269]
g1307.7834,tilmicosin,,128.0,mg/L,MIC,CLSI,[34493269]
g1307.7834,trimethoprim,,0.12,mg/L,MIC,CLSI,[34493269]
g1307.7834,tylosin,,256.0,mg/L,MIC,CLSI,[34493269]
g1307.7835,amoxicillin,,0.03,mg/L,MIC,CLSI,[34493269]
g1307.7835,cefquinome,,0.12,mg/L,MIC,CLSI,[34493269]
g1307.7835,ceftiofur,,0.5,mg/L,MIC,CLSI,[34493269]
g1307.7835,doxycycline,,16.0,mg/L,MIC,CLSI,[34493269]
g1307.7835,enrofloxacin,,0.12,mg/L,MIC,CLSI,[34493269]
g1307.7835,erythromycin,,32.0,mg/L,MIC,CLSI,[34493269]
g1307.7835,florfenicol,,2.0,mg/L,MIC,CLSI,[34493269]
g1307.7835,lincomycin,,128.0,mg/L,MIC,CLSI,[34493269]
g1307.7835,marbofloxacin,,0.5,mg/L,MIC,CLSI,[34493269]
g1307.7835,penicillin,,0.12,mg/L,MIC,CLSI,[34493269]
g1307.7835,spectinomycin,,8.0,mg/L,MIC,CLSI,[34493269]
g1307.7835,tetracycline,,64.0,mg/L,MIC,CLSI,[34493269]
g1307.7835,tiamulin,,16.0,mg/L,MIC,CLSI,[34493269]
g1307.7835,tilmicosin,,128.0,mg/L,MIC,CLSI,[34493269]
g1307.7835,trimethoprim,,32.0,mg/L,MIC,CLSI,[34493269]
g1307.7835,tylosin,,256.0,mg/L,MIC,CLSI,[34493269]
g1307.7836,amoxicillin,,0.06,mg/L,MIC,CLSI,[34493269]
g1307.7836,cefquinome,,0.06,mg/L,MIC,CLSI,[34493269]
g1307.7836,ceftiofur,,0.25,mg/L,MIC,CLSI,[34493269]
g1307.7836,doxycycline,,16.0,mg/L,MIC,CLSI,[34493269]
g1307.7836,enrofloxacin,,0.5,mg/L,MIC,CLSI,[34493269]
g1307.7836,erythromycin,,32.0,mg/L,MIC,CLSI,[34493269]
g1307.7836,florfenicol,,2.0,mg/L,MIC,CLSI,[34493269]
g1307.7836,lincomycin,,128.0,mg/L,MIC,CLSI,[34493269]
g1307.7836,marbofloxacin,,1.0,mg/L,MIC,CLSI,[34493269]
g1307.7836,penicillin,,0.03,mg/L,MIC,CLSI,[34493269]
g1307.7836,spectinomycin,,16.0,mg/L,MIC,CLSI,[34493269]
g1307.7836,tetracycline,,128.0,mg/L,MIC,CLSI,[34493269]
g1307.7836,tiamulin,,8.0,mg/L,MIC,CLSI,[34493269]
g1307.7836,tilmicosin,,128.0,mg/L,MIC,CLSI,[34493269]
g1307.7836,trimethoprim,,0.06,mg/L,MIC,CLSI,[34493269]
g1307.7836,tylosin,,256.0,mg/L,MIC,CLSI,[34493269]
g1307.7837,amoxicillin,,0.03,mg/L,MIC,CLSI,[34493269]
g1307.7837,cefquinome,,0.03,mg/L,MIC,CLSI,[34493269]
g1307.7837,ceftiofur,,0.12,mg/L,MIC,CLSI,[34493269]
g1307.7837,doxycycline,,16.0,mg/L,MIC,CLSI,[34493269]
g1307.7837,enrofloxacin,,0.5,mg/L,MIC,CLSI,[34493269]
g1307.7837,erythromycin,,0.06,mg/L,MIC,CLSI,[34493269]
g1307.7837,florfenicol,,2.0,mg/L,MIC,CLSI,[34493269]
g1307.7837,lincomycin,,8.0,mg/L,MIC,CLSI,[34493269]
g1307.7837,marbofloxacin,,1.0,mg/L,MIC,CLSI,[34493269]
g1307.7837,penicillin,,0.03,mg/L,MIC,CLSI,[34493269]
g1307.7837,spectinomycin,,16.0,mg/L,MIC,CLSI,[34493269]
g1307.7837,tetracycline,,64.0,mg/L,MIC,CLSI,[34493269]
g1307.7837,tiamulin,,8.0,mg/L,MIC,CLSI,[34493269]
g1307.7837,tilmicosin,,4.0,mg/L,MIC,CLSI,[34493269]
g1307.7837,trimethoprim,,0.06,mg/L,MIC,CLSI,[34493269]
g1307.7837,tylosin,,1.0,mg/L,MIC,CLSI,[34493269]
g1307.7838,amoxicillin,,0.06,mg/L,MIC,CLSI,[34493269]
g1307.7838,cefquinome,,0.03,mg/L,MIC,CLSI,[34493269]
g1307.7838,ceftiofur,,0.25,mg/L,MIC,CLSI,[34493269]
g1307.7838,doxycycline,,16.0,mg/L,MIC,CLSI,[34493269]
g1307.7838,enrofloxacin,,0.25,mg/L,MIC,CLSI,[34493269]
g1307.7838,erythromycin,,32.0,mg/L,MIC,CLSI,[34493269]
g1307.7838,florfenicol,,2.0,mg/L,MIC,CLSI,[34493269]
g1307.7838,lincomycin,,128.0,mg/L,MIC,CLSI,[34493269]
g1307.7838,marbofloxacin,,0.5,mg/L,MIC,CLSI,[34493269]
g1307.7838,penicillin,,1.0,mg/L,MIC,CLSI,[34493269]
g1307.7838,spectinomycin,,512.0,mg/L,MIC,CLSI,[34493269]
g1307.7838,tetracycline,,64.0,mg/L,MIC,CLSI,[34493269]
g1307.7838,tiamulin,,64.0,mg/L,MIC,CLSI,[34493269]
g1307.7838,tilmicosin,,128.0,mg/L,MIC,CLSI,[34493269]
g1307.7838,trimethoprim,,0.25,mg/L,MIC,CLSI,[34493269]
g1307.7838,tylosin,,256.0,mg/L,MIC,CLSI,[34493269]
g1307.7839,amoxicillin,,0.03,mg/L,MIC,CLSI,[34493269]
g1307.7839,cefquinome,,0.06,mg/L,MIC,CLSI,[34493269]
g1307.7839,ceftiofur,,0.25,mg/L,MIC,CLSI,[34493269]
g1307.7839,doxycycline,,16.0,mg/L,MIC,CLSI,[34493269]
g1307.7839,enrofloxacin,,0.25,mg/L,MIC,CLSI,[34493269]
g1307.7839,erythromycin,,32.0,mg/L,MIC,CLSI,[34493269]
g1307.7839,florfenicol,,2.0,mg/L,MIC,CLSI,[34493269]
g1307.7839,lincomycin,,128.0,mg/L,MIC,CLSI,[34493269]
g1307.7839,marbofloxacin,,1.0,mg/L,MIC,CLSI,[34493269]
g1307.7839,penicillin,,0.25,mg/L,MIC,CLSI,[34493269]
g1307.7839,spectinomycin,,32.0,mg/L,MIC,CLSI,[34493269]
g1307.7839,tetracycline,,64.0,mg/L,MIC,CLSI,[34493269]
g1307.7839,tiamulin,,0.5,mg/L,MIC,CLSI,[34493269]
g1307.7839,tilmicosin,,128.0,mg/L,MIC,CLSI,[34493269]
g1307.7839,trimethoprim,,0.06,mg/L,MIC,CLSI,[34493269]
g1307.7839,tylosin,,256.0,mg/L,MIC,CLSI,[34493269]
g1307.7840,amoxicillin,,0.12,mg/L,MIC,CLSI,[34493269]
g1307.7840,cefquinome,,0.25,mg/L,MIC,CLSI,[34493269]
g1307.7840,ceftiofur,,1.0,mg/L,MIC,CLSI,[34493269]
g1307.7840,doxycycline,,16.0,mg/L,MIC,CLSI,[34493269]
g1307.7840,enrofloxacin,,0.25,mg/L,MIC,CLSI,[34493269]
g1307.7840,erythromycin,,32.0,mg/L,MIC,CLSI,[34493269]
g1307.7840,florfenicol,,2.0,mg/L,MIC,CLSI,[34493269]
g1307.7840,lincomycin,,128.0,mg/L,MIC,CLSI,[34493269]
g1307.7840,marbofloxacin,,0.5,mg/L,MIC,CLSI,[34493269]
g1307.7840,penicillin,,4.0,mg/L,MIC,CLSI,[34493269]
g1307.7840,spectinomycin,,8.0,mg/L,MIC,CLSI,[34493269]
g1307.7840,tetracycline,,64.0,mg/L,MIC,CLSI,[34493269]
g1307.7840,tiamulin,,0.25,mg/L,MIC,CLSI,[34493269]
g1307.7840,tilmicosin,,128.0,mg/L,MIC,CLSI,[34493269]
g1307.7840,trimethoprim,,0.03,mg/L,MIC,CLSI,[34493269]
g1307.7840,tylosin,,256.0,mg/L,MIC,CLSI,[34493269]
g1307.7841,amoxicillin,,0.03,mg/L,MIC,CLSI,[34493269]
g1307.7841,cefquinome,,0.03,mg/L,MIC,CLSI,[34493269]
g1307.7841,ceftiofur,,0.12,mg/L,MIC,CLSI,[34493269]
g1307.7841,doxycycline,,16.0,mg/L,MIC,CLSI,[34493269]
g1307.7841,enrofloxacin,,0.5,mg/L,MIC,CLSI,[34493269]
g1307.7841,erythromycin,,16.0,mg/L,MIC,CLSI,[34493269]
g1307.7841,florfenicol,,2.0,mg/L,MIC,CLSI,[34493269]
g1307.7841,lincomycin,,128.0,mg/L,MIC,CLSI,[34493269]
g1307.7841,marbofloxacin,,1.0,mg/L,MIC,CLSI,[34493269]
g1307.7841,penicillin,,0.03,mg/L,MIC,CLSI,[34493269]
g1307.7841,spectinomycin,,16.0,mg/L,MIC,CLSI,[34493269]
g1307.7841,tetracycline,,64.0,mg/L,MIC,CLSI,[34493269]
g1307.7841,tiamulin,,1.0,mg/L,MIC,CLSI,[34493269]
g1307.7841,tilmicosin,,128.0,mg/L,MIC,CLSI,[34493269]
g1307.7841,trimethoprim,,0.25,mg/L,MIC,CLSI,[34493269]
g1307.7841,tylosin,,256.0,mg/L,MIC,CLSI,[34493269]
g1307.7842,amoxicillin,,0.03,mg/L,MIC,CLSI,[34493269]
g1307.7842,cefquinome,,0.06,mg/L,MIC,CLSI,[34493269]
g1307.7842,ceftiofur,,0.5,mg/L,MIC,CLSI,[34493269]
g1307.7842,doxycycline,,16.0,mg/L,MIC,CLSI,[34493269]
g1307.7842,enrofloxacin,,0.5,mg/L,MIC,CLSI,[34493269]
g1307.7842,erythromycin,,0.06,mg/L,MIC,CLSI,[34493269]
g1307.7842,florfenicol,,2.0,mg/L,MIC,CLSI,[34493269]
g1307.7842,lincomycin,,64.0,mg/L,MIC,CLSI,[34493269]
g1307.7842,marbofloxacin,,1.0,mg/L,MIC,CLSI,[34493269]
g1307.7842,penicillin,,0.12,mg/L,MIC,CLSI,[34493269]
g1307.7842,spectinomycin,,16.0,mg/L,MIC,CLSI,[34493269]
g1307.7842,tetracycline,,64.0,mg/L,MIC,CLSI,[34493269]
g1307.7842,tiamulin,,2.0,mg/L,MIC,CLSI,[34493269]
g1307.7842,tilmicosin,,4.0,mg/L,MIC,CLSI,[34493269]
g1307.7842,trimethoprim,,0.06,mg/L,MIC,CLSI,[34493269]
g1307.7842,tylosin,,0.5,mg/L,MIC,CLSI,[34493269]
g1307.7843,amoxicillin,,0.12,mg/L,MIC,CLSI,[34493269]
g1307.7843,cefquinome,,0.12,mg/L,MIC,CLSI,[34493269]
g1307.7843,ceftiofur,,1.0,mg/L,MIC,CLSI,[34493269]
g1307.7843,doxycycline,,16.0,mg/L,MIC,CLSI,[34493269]
g1307.7843,enrofloxacin,,0.25,mg/L,MIC,CLSI,[34493269]
g1307.7843,erythromycin,,4.0,mg/L,MIC,CLSI,[34493269]
g1307.7843,florfenicol,,1.0,mg/L,MIC,CLSI,[34493269]
g1307.7843,lincomycin,,128.0,mg/L,MIC,CLSI,[34493269]
g1307.7843,marbofloxacin,,0.5,mg/L,MIC,CLSI,[34493269]
g1307.7843,penicillin,,0.5,mg/L,MIC,CLSI,[34493269]
g1307.7843,spectinomycin,,8.0,mg/L,MIC,CLSI,[34493269]
g1307.7843,tetracycline,,128.0,mg/L,MIC,CLSI,[34493269]
g1307.7843,tiamulin,,16.0,mg/L,MIC,CLSI,[34493269]
g1307.7843,tilmicosin,,128.0,mg/L,MIC,CLSI,[34493269]
g1307.7843,trimethoprim,,16.0,mg/L,MIC,CLSI,[34493269]
g1307.7843,tylosin,,256.0,mg/L,MIC,CLSI,[34493269]
g1307.7844,amoxicillin,,0.03,mg/L,MIC,CLSI,[34493269]
g1307.7844,cefquinome,,0.12,mg/L,MIC,CLSI,[34493269]
g1307.7844,ceftiofur,,1.0,mg/L,MIC,CLSI,[34493269]
g1307.7844,doxycycline,,16.0,mg/L,MIC,CLSI,[34493269]
g1307.7844,enrofloxacin,,0.5,mg/L,MIC,CLSI,[34493269]
g1307.7844,erythromycin,,32.0,mg/L,MIC,CLSI,[34493269]
g1307.7844,florfenicol,,4.0,mg/L,MIC,CLSI,[34493269]
g1307.7844,lincomycin,,128.0,mg/L,MIC,CLSI,[34493269]
g1307.7844,marbofloxacin,,1.0,mg/L,MIC,CLSI,[34493269]
g1307.7844,penicillin,,0.5,mg/L,MIC,CLSI,[34493269]
g1307.7844,spectinomycin,,16.0,mg/L,MIC,CLSI,[34493269]
g1307.7844,tetracycline,,64.0,mg/L,MIC,CLSI,[34493269]
g1307.7844,tiamulin,,2.0,mg/L,MIC,CLSI,[34493269]
g1307.7844,tilmicosin,,128.0,mg/L,MIC,CLSI,[34493269]
g1307.7844,trimethoprim,,0.12,mg/L,MIC,CLSI,[34493269]
g1307.7844,tylosin,,256.0,mg/L,MIC,CLSI,[34493269]
g1307.7845,amoxicillin,,2.0,mg/L,MIC,CLSI,[34493269]
g1307.7845,cefquinome,,2.0,mg/L,MIC,CLSI,[34493269]
g1307.7845,ceftiofur,,16.0,mg/L,MIC,CLSI,[34493269]
g1307.7845,doxycycline,,16.0,mg/L,MIC,CLSI,[34493269]
g1307.7845,enrofloxacin,,0.5,mg/L,MIC,CLSI,[34493269]
g1307.7845,erythromycin,,0.03,mg/L,MIC,CLSI,[34493269]
g1307.7845,florfenicol,,1.0,mg/L,MIC,CLSI,[34493269]
g1307.7845,lincomycin,,128.0,mg/L,MIC,CLSI,[34493269]
g1307.7845,marbofloxacin,,1.0,mg/L,MIC,CLSI,[34493269]
g1307.7845,penicillin,,8.0,mg/L,MIC,CLSI,[34493269]
g1307.7845,spectinomycin,,512.0,mg/L,MIC,CLSI,[34493269]
g1307.7845,tetracycline,,128.0,mg/L,MIC,CLSI,[34493269]
g1307.7845,tiamulin,,64.0,mg/L,MIC,CLSI,[34493269]
g1307.7845,tilmicosin,,8.0,mg/L,MIC,CLSI,[34493269]
g1307.7845,trimethoprim,,8.0,mg/L,MIC,CLSI,[34493269]
g1307.7845,tylosin,,0.5,mg/L,MIC,CLSI,[34493269]
g1307.7846,amoxicillin,,0.03,mg/L,MIC,CLSI,[34493269]
g1307.7846,cefquinome,,0.06,mg/L,MIC,CLSI,[34493269]
g1307.7846,ceftiofur,,0.12,mg/L,MIC,CLSI,[34493269]
g1307.7846,doxycycline,,16.0,mg/L,MIC,CLSI,[34493269]
g1307.7846,enrofloxacin,,0.5,mg/L,MIC,CLSI,[34493269]
g1307.7846,erythromycin,,0.03,mg/L,MIC,CLSI,[34493269]
g1307.7846,florfenicol,,2.0,mg/L,MIC,CLSI,[34493269]
g1307.7846,lincomycin,,2.0,mg/L,MIC,CLSI,[34493269]
g1307.7846,marbofloxacin,,1.0,mg/L,MIC,CLSI,[34493269]
g1307.7846,penicillin,,0.06,mg/L,MIC,CLSI,[34493269]
g1307.7846,spectinomycin,,16.0,mg/L,MIC,CLSI,[34493269]
g1307.7846,tetracycline,,64.0,mg/L,MIC,CLSI,[34493269]
g1307.7846,tiamulin,,4.0,mg/L,MIC,CLSI,[34493269]
g1307.7846,tilmicosin,,8.0,mg/L,MIC,CLSI,[34493269]
g1307.7846,trimethoprim,,0.06,mg/L,MIC,CLSI,[34493269]
g1307.7846,tylosin,,1.0,mg/L,MIC,CLSI,[34493269]
g1307.7847,amoxicillin,,0.03,mg/L,MIC,CLSI,[34493269]
g1307.7847,cefquinome,,0.03,mg/L,MIC,CLSI,[34493269]
g1307.7847,ceftiofur,,0.25,mg/L,MIC,CLSI,[34493269]
g1307.7847,doxycycline,,16.0,mg/L,MIC,CLSI,[34493269]
g1307.7847,enrofloxacin,,0.5,mg/L,MIC,CLSI,[34493269]
g1307.7847,erythromycin,,32.0,mg/L,MIC,CLSI,[34493269]
g1307.7847,florfenicol,,2.0,mg/L,MIC,CLSI,[34493269]
g1307.7847,lincomycin,,128.0,mg/L,MIC,CLSI,[34493269]
g1307.7847,marbofloxacin,,1.0,mg/L,MIC,CLSI,[34493269]
g1307.7847,penicillin,,0.06,mg/L,MIC,CLSI,[34493269]
g1307.7847,spectinomycin,,512.0,mg/L,MIC,CLSI,[34493269]
g1307.7847,tetracycline,,128.0,mg/L,MIC,CLSI,[34493269]
g1307.7847,tiamulin,,64.0,mg/L,MIC,CLSI,[34493269]
g1307.7847,tilmicosin,,128.0,mg/L,MIC,CLSI,[34493269]
g1307.7847,trimethoprim,,0.25,mg/L,MIC,CLSI,[34493269]
g1307.7847,tylosin,,256.0,mg/L,MIC,CLSI,[34493269]
g1307.7848,amoxicillin,,0.03,mg/L,MIC,CLSI,[34493269]
g1307.7848,cefquinome,,0.06,mg/L,MIC,CLSI,[34493269]
g1307.7848,ceftiofur,,0.5,mg/L,MIC,CLSI,[34493269]
g1307.7848,doxycycline,,8.0,mg/L,MIC,CLSI,[34493269]
g1307.7848,enrofloxacin,,0.25,mg/L,MIC,CLSI,[34493269]
g1307.7848,erythromycin,,0.03,mg/L,MIC,CLSI,[34493269]
g1307.7848,florfenicol,,1.0,mg/L,MIC,CLSI,[34493269]
g1307.7848,lincomycin,,128.0,mg/L,MIC,CLSI,[34493269]
g1307.7848,marbofloxacin,,0.5,mg/L,MIC,CLSI,[34493269]
g1307.7848,penicillin,,0.25,mg/L,MIC,CLSI,[34493269]
g1307.7848,spectinomycin,,16.0,mg/L,MIC,CLSI,[34493269]
g1307.7848,tetracycline,,128.0,mg/L,MIC,CLSI,[34493269]
g1307.7848,tiamulin,,64.0,mg/L,MIC,CLSI,[34493269]
g1307.7848,tilmicosin,,8.0,mg/L,MIC,CLSI,[34493269]
g1307.7848,trimethoprim,,8.0,mg/L,MIC,CLSI,[34493269]
g1307.7848,tylosin,,1.0,mg/L,MIC,CLSI,[34493269]
g1307.7849,amoxicillin,,0.12,mg/L,MIC,CLSI,[34493269]
g1307.7849,cefquinome,,0.12,mg/L,MIC,CLSI,[34493269]
g1307.7849,ceftiofur,,0.5,mg/L,MIC,CLSI,[34493269]
g1307.7849,doxycycline,,16.0,mg/L,MIC,CLSI,[34493269]
g1307.7849,enrofloxacin,,0.25,mg/L,MIC,CLSI,[34493269]
g1307.7849,erythromycin,,32.0,mg/L,MIC,CLSI,[34493269]
g1307.7849,florfenicol,,2.0,mg/L,MIC,CLSI,[34493269]
g1307.7849,lincomycin,,128.0,mg/L,MIC,CLSI,[34493269]
g1307.7849,marbofloxacin,,0.5,mg/L,MIC,CLSI,[34493269]
g1307.7849,penicillin,,1.0,mg/L,MIC,CLSI,[34493269]
g1307.7849,spectinomycin,,8.0,mg/L,MIC,CLSI,[34493269]
g1307.7849,tetracycline,,64.0,mg/L,MIC,CLSI,[34493269]
g1307.7849,tiamulin,,1.0,mg/L,MIC,CLSI,[34493269]
g1307.7849,tilmicosin,,128.0,mg/L,MIC,CLSI,[34493269]
g1307.7849,trimethoprim,,0.12,mg/L,MIC,CLSI,[34493269]
g1307.7849,tylosin,,256.0,mg/L,MIC,CLSI,[34493269]
g1307.7850,amoxicillin,,0.06,mg/L,MIC,CLSI,[34493269]
g1307.7850,cefquinome,,0.12,mg/L,MIC,CLSI,[34493269]
g1307.7850,ceftiofur,,1.0,mg/L,MIC,CLSI,[34493269]
g1307.7850,doxycycline,,8.0,mg/L,MIC,CLSI,[34493269]
g1307.7850,enrofloxacin,,0.25,mg/L,MIC,CLSI,[34493269]
g1307.7850,erythromycin,,32.0,mg/L,MIC,CLSI,[34493269]
g1307.7850,florfenicol,,2.0,mg/L,MIC,CLSI,[34493269]
g1307.7850,lincomycin,,128.0,mg/L,MIC,CLSI,[34493269]
g1307.7850,marbofloxacin,,1.0,mg/L,MIC,CLSI,[34493269]
g1307.7850,penicillin,,2.0,mg/L,MIC,CLSI,[34493269]
g1307.7850,spectinomycin,,512.0,mg/L,MIC,CLSI,[34493269]
g1307.7850,tetracycline,,64.0,mg/L,MIC,CLSI,[34493269]
g1307.7850,tiamulin,,1.0,mg/L,MIC,CLSI,[34493269]
g1307.7850,tilmicosin,,128.0,mg/L,MIC,CLSI,[34493269]
g1307.7850,trimethoprim,,0.03,mg/L,MIC,CLSI,[34493269]
g1307.7850,tylosin,,256.0,mg/L,MIC,CLSI,[34493269]
g1307.7851,amoxicillin,,0.03,mg/L,MIC,CLSI,[34493269]
g1307.7851,cefquinome,,0.03,mg/L,MIC,CLSI,[34493269]
g1307.7851,ceftiofur,,0.12,mg/L,MIC,CLSI,[34493269]
g1307.7851,doxycycline,,8.0,mg/L,MIC,CLSI,[34493269]
g1307.7851,enrofloxacin,,0.5,mg/L,MIC,CLSI,[34493269]
g1307.7851,erythromycin,,16.0,mg/L,MIC,CLSI,[34493269]
g1307.7851,florfenicol,,2.0,mg/L,MIC,CLSI,[34493269]
g1307.7851,lincomycin,,128.0,mg/L,MIC,CLSI,[34493269]
g1307.7851,marbofloxacin,,1.0,mg/L,MIC,CLSI,[34493269]
g1307.7851,penicillin,,0.03,mg/L,MIC,CLSI,[34493269]
g1307.7851,spectinomycin,,64.0,mg/L,MIC,CLSI,[34493269]
g1307.7851,tetracycline,,64.0,mg/L,MIC,CLSI,[34493269]
g1307.7851,tiamulin,,32.0,mg/L,MIC,CLSI,[34493269]
g1307.7851,tilmicosin,,128.0,mg/L,MIC,CLSI,[34493269]
g1307.7851,trimethoprim,,0.03,mg/L,MIC,CLSI,[34493269]
g1307.7851,tylosin,,256.0,mg/L,MIC,CLSI,[34493269]
g1307.7852,amoxicillin,,0.03,mg/L,MIC,CLSI,[34493269]
g1307.7852,cefquinome,,0.03,mg/L,MIC,CLSI,[34493269]
g1307.7852,ceftiofur,,0.25,mg/L,MIC,CLSI,[34493269]
g1307.7852,doxycycline,,8.0,mg/L,MIC,CLSI,[34493269]
g1307.7852,enrofloxacin,,0.06,mg/L,MIC,CLSI,[34493269]
g1307.7852,erythromycin,,32.0,mg/L,MIC,CLSI,[34493269]
g1307.7852,florfenicol,,2.0,mg/L,MIC,CLSI,[34493269]
g1307.7852,lincomycin,,128.0,mg/L,MIC,CLSI,[34493269]
g1307.7852,marbofloxacin,,0.25,mg/L,MIC,CLSI,[34493269]
g1307.7852,penicillin,,0.06,mg/L,MIC,CLSI,[34493269]
g1307.7852,spectinomycin,,8.0,mg/L,MIC,CLSI,[34493269]
g1307.7852,tetracycline,,64.0,mg/L,MIC,CLSI,[34493269]
g1307.7852,tiamulin,,64.0,mg/L,MIC,CLSI,[34493269]
g1307.7852,tilmicosin,,128.0,mg/L,MIC,CLSI,[34493269]
g1307.7852,trimethoprim,,0.5,mg/L,MIC,CLSI,[34493269]
g1307.7852,tylosin,,256.0,mg/L,MIC,CLSI,[34493269]
g1307.7853,amoxicillin,,0.015,mg/L,MIC,CLSI,[34493269]
g1307.7853,cefquinome,,0.03,mg/L,MIC,CLSI,[34493269]
g1307.7853,ceftiofur,,0.125,mg/L,MIC,CLSI,[34493269]
g1307.7853,doxycycline,,8.0,mg/L,MIC,CLSI,[34493269]
g1307.7853,enrofloxacin,,1.0,mg/L,MIC,CLSI,[34493269]
g1307.7853,erythromycin,,0.015,mg/L,MIC,CLSI,[34493269]
g1307.7853,florfenicol,,1.0,mg/L,MIC,CLSI,[34493269]
g1307.7853,lincomycin,,0.5,mg/L,MIC,CLSI,[34493269]
g1307.7853,marbofloxacin,,0.5,mg/L,MIC,CLSI,[34493269]
g1307.7853,penicillin,,0.031,mg/L,MIC,CLSI,[34493269]
g1307.7853,spectinomycin,,16.0,mg/L,MIC,CLSI,[34493269]
g1307.7853,tetracycline,,64.0,mg/L,MIC,CLSI,[34493269]
g1307.7853,tiamulin,,1.0,mg/L,MIC,CLSI,[34493269]
g1307.7853,tilmicosin,,4.0,mg/L,MIC,CLSI,[34493269]
g1307.7853,trimethoprim,,0.125,mg/L,MIC,CLSI,[34493269]
g1307.7853,tylosin,,0.25,mg/L,MIC,CLSI,[34493269]
g1307.7854,amoxicillin,,0.03,mg/L,MIC,CLSI,[34493269]
g1307.7854,cefquinome,,0.03,mg/L,MIC,CLSI,[34493269]
g1307.7854,ceftiofur,,0.12,mg/L,MIC,CLSI,[34493269]
g1307.7854,doxycycline,,8.0,mg/L,MIC,CLSI,[34493269]
g1307.7854,enrofloxacin,,0.25,mg/L,MIC,CLSI,[34493269]
g1307.7854,erythromycin,,32.0,mg/L,MIC,CLSI,[34493269]
g1307.7854,florfenicol,,2.0,mg/L,MIC,CLSI,[34493269]
g1307.7854,lincomycin,,128.0,mg/L,MIC,CLSI,[34493269]
g1307.7854,marbofloxacin,,0.5,mg/L,MIC,CLSI,[34493269]
g1307.7854,penicillin,,0.03,mg/L,MIC,CLSI,[34493269]
g1307.7854,spectinomycin,,16.0,mg/L,MIC,CLSI,[34493269]
g1307.7854,tetracycline,,64.0,mg/L,MIC,CLSI,[34493269]
g1307.7854,tiamulin,,2.0,mg/L,MIC,CLSI,[34493269]
g1307.7854,tilmicosin,,128.0,mg/L,MIC,CLSI,[34493269]
g1307.7854,trimethoprim,,0.03,mg/L,MIC,CLSI,[34493269]
g1307.7854,tylosin,,256.0,mg/L,MIC,CLSI,[34493269]
g1307.7855,amoxicillin,,0.015,mg/L,MIC,CLSI,[34493269]
g1307.7855,cefquinome,,0.03,mg/L,MIC,CLSI,[34493269]
g1307.7855,ceftiofur,,0.125,mg/L,MIC,CLSI,[34493269]
g1307.7855,doxycycline,,0.03,mg/L,MIC,CLSI,[34493269]
g1307.7855,enrofloxacin,,1.0,mg/L,MIC,CLSI,[34493269]
g1307.7855,erythromycin,,32.0,mg/L,MIC,CLSI,[34493269]
g1307.7855,florfenicol,,1.0,mg/L,MIC,CLSI,[34493269]
g1307.7855,lincomycin,,2.0,mg/L,MIC,CLSI,[34493269]
g1307.7855,marbofloxacin,,0.5,mg/L,MIC,CLSI,[34493269]
g1307.7855,penicillin,,0.031,mg/L,MIC,CLSI,[34493269]
g1307.7855,spectinomycin,,16.0,mg/L,MIC,CLSI,[34493269]
g1307.7855,tetracycline,,0.5,mg/L,MIC,CLSI,[34493269]
g1307.7855,tiamulin,,0.5,mg/L,MIC,CLSI,[34493269]
g1307.7855,tilmicosin,,1024.0,mg/L,MIC,CLSI,[34493269]
g1307.7855,trimethoprim,,0.125,mg/L,MIC,CLSI,[34493269]
g1307.7855,tylosin,,256.0,mg/L,MIC,CLSI,[34493269]
g1307.7856,amoxicillin,,0.015,mg/L,MIC,CLSI,[34493269]
g1307.7856,cefquinome,,0.03,mg/L,MIC,CLSI,[34493269]
g1307.7856,ceftiofur,,0.125,mg/L,MIC,CLSI,[34493269]
g1307.7856,doxycycline,,4.0,mg/L,MIC,CLSI,[34493269]
g1307.7856,enrofloxacin,,1.0,mg/L,MIC,CLSI,[34493269]
g1307.7856,erythromycin,,0.015,mg/L,MIC,CLSI,[34493269]
g1307.7856,florfenicol,,1.0,mg/L,MIC,CLSI,[34493269]
g1307.7856,lincomycin,,0.25,mg/L,MIC,CLSI,[34493269]
g1307.7856,marbofloxacin,,0.5,mg/L,MIC,CLSI,[34493269]
g1307.7856,penicillin,,0.031,mg/L,MIC,CLSI,[34493269]
g1307.7856,spectinomycin,,16.0,mg/L,MIC,CLSI,[34493269]
g1307.7856,tetracycline,,8.0,mg/L,MIC,CLSI,[34493269]
g1307.7856,tiamulin,,1.0,mg/L,MIC,CLSI,[34493269]
g1307.7856,tilmicosin,,1.0,mg/L,MIC,CLSI,[34493269]
g1307.7856,trimethoprim,,0.125,mg/L,MIC,CLSI,[34493269]
g1307.7856,tylosin,,0.25,mg/L,MIC,CLSI,[34493269]
g1307.7857,amoxicillin,,0.015,mg/L,MIC,CLSI,[34493269]
g1307.7857,cefquinome,,0.03,mg/L,MIC,CLSI,[34493269]
g1307.7857,ceftiofur,,0.125,mg/L,MIC,CLSI,[34493269]
g1307.7857,doxycycline,,4.0,mg/L,MIC,CLSI,[34493269]
g1307.7857,enrofloxacin,,0.5,mg/L,MIC,CLSI,[34493269]
g1307.7857,erythromycin,,1.0,mg/L,MIC,CLSI,[34493269]
g1307.7857,florfenicol,,0.5,mg/L,MIC,CLSI,[34493269]
g1307.7857,lincomycin,,0.5,mg/L,MIC,CLSI,[34493269]
g1307.7857,marbofloxacin,,0.5,mg/L,MIC,CLSI,[34493269]
g1307.7857,penicillin,,0.031,mg/L,MIC,CLSI,[34493269]
g1307.7857,spectinomycin,,16.0,mg/L,MIC,CLSI,[34493269]
g1307.7857,tetracycline,,32.0,mg/L,MIC,CLSI,[34493269]
g1307.7857,tiamulin,,0.5,mg/L,MIC,CLSI,[34493269]
g1307.7857,tilmicosin,,1024.0,mg/L,MIC,CLSI,[34493269]
g1307.7857,trimethoprim,,0.125,mg/L,MIC,CLSI,[34493269]
g1307.7857,tylosin,,128.0,mg/L,MIC,CLSI,[34493269]
g1307.7858,amoxicillin,,0.03,mg/L,MIC,CLSI,[34493269]
g1307.7858,cefquinome,,0.06,mg/L,MIC,CLSI,[34493269]
g1307.7858,ceftiofur,,0.25,mg/L,MIC,CLSI,[34493269]
g1307.7858,doxycycline,,16.0,mg/L,MIC,CLSI,[34493269]
g1307.7858,enrofloxacin,,0.5,mg/L,MIC,CLSI,[34493269]
g1307.7858,erythromycin,,0.06,mg/L,MIC,CLSI,[34493269]
g1307.7858,florfenicol,,2.0,mg/L,MIC,CLSI,[34493269]
g1307.7858,lincomycin,,16.0,mg/L,MIC,CLSI,[34493269]
g1307.7858,marbofloxacin,,1.0,mg/L,MIC,CLSI,[34493269]
g1307.7858,penicillin,,0.06,mg/L,MIC,CLSI,[34493269]
g1307.7858,spectinomycin,,16.0,mg/L,MIC,CLSI,[34493269]
g1307.7858,tetracycline,,128.0,mg/L,MIC,CLSI,[34493269]
g1307.7858,tiamulin,,32.0,mg/L,MIC,CLSI,[34493269]
g1307.7858,tilmicosin,,4.0,mg/L,MIC,CLSI,[34493269]
g1307.7858,trimethoprim,,0.03,mg/L,MIC,CLSI,[34493269]
g1307.7858,tylosin,,0.5,mg/L,MIC,CLSI,[34493269]
g1307.7859,amoxicillin,,0.015,mg/L,MIC,CLSI,[34493269]
g1307.7859,cefquinome,,0.03,mg/L,MIC,CLSI,[34493269]
g1307.7859,ceftiofur,,0.125,mg/L,MIC,CLSI,[34493269]
g1307.7859,doxycycline,,4.0,mg/L,MIC,CLSI,[34493269]
g1307.7859,enrofloxacin,,0.5,mg/L,MIC,CLSI,[34493269]
g1307.7859,erythromycin,,2.0,mg/L,MIC,CLSI,[34493269]
g1307.7859,florfenicol,,0.5,mg/L,MIC,CLSI,[34493269]
g1307.7859,lincomycin,,0.5,mg/L,MIC,CLSI,[34493269]
g1307.7859,marbofloxacin,,0.5,mg/L,MIC,CLSI,[34493269]
g1307.7859,penicillin,,0.031,mg/L,MIC,CLSI,[34493269]
g1307.7859,spectinomycin,,16.0,mg/L,MIC,CLSI,[34493269]
g1307.7859,tetracycline,,32.0,mg/L,MIC,CLSI,[34493269]
g1307.7859,tiamulin,,0.5,mg/L,MIC,CLSI,[34493269]
g1307.7859,tilmicosin,,1024.0,mg/L,MIC,CLSI,[34493269]
g1307.7859,trimethoprim,,0.125,mg/L,MIC,CLSI,[34493269]
g1307.7859,tylosin,,128.0,mg/L,MIC,CLSI,[34493269]
g1307.7860,amoxicillin,,0.015,mg/L,MIC,CLSI,[34493269]
g1307.7860,cefquinome,,0.015,mg/L,MIC,CLSI,[34493269]
g1307.7860,ceftiofur,,0.125,mg/L,MIC,CLSI,[34493269]
g1307.7860,doxycycline,,8.0,mg/L,MIC,CLSI,[34493269]
g1307.7860,enrofloxacin,,1.0,mg/L,MIC,CLSI,[34493269]
g1307.7860,erythromycin,,32.0,mg/L,MIC,CLSI,[34493269]
g1307.7860,florfenicol,,1.0,mg/L,MIC,CLSI,[34493269]
g1307.7860,lincomycin,,128.0,mg/L,MIC,CLSI,[34493269]
g1307.7860,marbofloxacin,,1.0,mg/L,MIC,CLSI,[34493269]
g1307.7860,penicillin,,0.031,mg/L,MIC,CLSI,[34493269]
g1307.7860,spectinomycin,,16.0,mg/L,MIC,CLSI,[34493269]
g1307.7860,tetracycline,,128.0,mg/L,MIC,CLSI,[34493269]
g1307.7860,tiamulin,,1.0,mg/L,MIC,CLSI,[34493269]
g1307.7860,tilmicosin,,1024.0,mg/L,MIC,CLSI,[34493269]
g1307.7860,trimethoprim,,8.0,mg/L,MIC,CLSI,[34493269]
g1307.7860,tylosin,,256.0,mg/L,MIC,CLSI,[34493269]
g1307.7861,amoxicillin,,0.015,mg/L,MIC,CLSI,[34493269]
g1307.7861,cefquinome,,0.015,mg/L,MIC,CLSI,[34493269]
g1307.7861,ceftiofur,,0.125,mg/L,MIC,CLSI,[34493269]
g1307.7861,doxycycline,,4.0,mg/L,MIC,CLSI,[34493269]
g1307.7861,enrofloxacin,,2.0,mg/L,MIC,CLSI,[34493269]
g1307.7861,erythromycin,,0.015,mg/L,MIC,CLSI,[34493269]
g1307.7861,florfenicol,,2.0,mg/L,MIC,CLSI,[34493269]
g1307.7861,lincomycin,,0.25,mg/L,MIC,CLSI,[34493269]
g1307.7861,marbofloxacin,,0.5,mg/L,MIC,CLSI,[34493269]
g1307.7861,penicillin,,0.031,mg/L,MIC,CLSI,[34493269]
g1307.7861,spectinomycin,,16.0,mg/L,MIC,CLSI,[34493269]
g1307.7861,tetracycline,,32.0,mg/L,MIC,CLSI,[34493269]
g1307.7861,tiamulin,,1.0,mg/L,MIC,CLSI,[34493269]
g1307.7861,tilmicosin,,4.0,mg/L,MIC,CLSI,[34493269]
g1307.7861,trimethoprim,,0.125,mg/L,MIC,CLSI,[34493269]
g1307.7861,tylosin,,1.0,mg/L,MIC,CLSI,[34493269]
g1307.7862,amoxicillin,,0.015,mg/L,MIC,CLSI,[34493269]
g1307.7862,cefquinome,,0.03,mg/L,MIC,CLSI,[34493269]
g1307.7862,ceftiofur,,0.125,mg/L,MIC,CLSI,[34493269]
g1307.7862,doxycycline,,4.0,mg/L,MIC,CLSI,[34493269]
g1307.7862,enrofloxacin,,1.0,mg/L,MIC,CLSI,[34493269]
g1307.7862,erythromycin,,0.015,mg/L,MIC,CLSI,[34493269]
g1307.7862,florfenicol,,1.0,mg/L,MIC,CLSI,[34493269]
g1307.7862,lincomycin,,0.25,mg/L,MIC,CLSI,[34493269]
g1307.7862,marbofloxacin,,0.5,mg/L,MIC,CLSI,[34493269]
g1307.7862,penicillin,,0.031,mg/L,MIC,CLSI,[34493269]
g1307.7862,spectinomycin,,16.0,mg/L,MIC,CLSI,[34493269]
g1307.7862,tetracycline,,8.0,mg/L,MIC,CLSI,[34493269]
g1307.7862,tiamulin,,1.0,mg/L,MIC,CLSI,[34493269]
g1307.7862,tilmicosin,,2.0,mg/L,MIC,CLSI,[34493269]
g1307.7862,trimethoprim,,0.125,mg/L,MIC,CLSI,[34493269]
g1307.7862,tylosin,,0.25,mg/L,MIC,CLSI,[34493269]
g1307.7863,amoxicillin,,0.015,mg/L,MIC,CLSI,[34493269]
g1307.7863,cefquinome,,0.03,mg/L,MIC,CLSI,[34493269]
g1307.7863,ceftiofur,,0.125,mg/L,MIC,CLSI,[34493269]
g1307.7863,doxycycline,,4.0,mg/L,MIC,CLSI,[34493269]
g1307.7863,enrofloxacin,,0.5,mg/L,MIC,CLSI,[34493269]
g1307.7863,erythromycin,,0.015,mg/L,MIC,CLSI,[34493269]
g1307.7863,florfenicol,,0.5,mg/L,MIC,CLSI,[34493269]
g1307.7863,lincomycin,,0.25,mg/L,MIC,CLSI,[34493269]
g1307.7863,marbofloxacin,,0.5,mg/L,MIC,CLSI,[34493269]
g1307.7863,penicillin,,0.031,mg/L,MIC,CLSI,[34493269]
g1307.7863,spectinomycin,,16.0,mg/L,MIC,CLSI,[34493269]
g1307.7863,tetracycline,,32.0,mg/L,MIC,CLSI,[34493269]
g1307.7863,tiamulin,,0.5,mg/L,MIC,CLSI,[34493269]
g1307.7863,tilmicosin,,2.0,mg/L,MIC,CLSI,[34493269]
g1307.7863,trimethoprim,,0.125,mg/L,MIC,CLSI,[34493269]
g1307.7863,tylosin,,0.25,mg/L,MIC,CLSI,[34493269]
g1307.7864,amoxicillin,,0.015,mg/L,MIC,CLSI,[34493269]
g1307.7864,cefquinome,,0.008,mg/L,MIC,CLSI,[34493269]
g1307.7864,ceftiofur,,0.125,mg/L,MIC,CLSI,[34493269]
g1307.7864,doxycycline,,4.0,mg/L,MIC,CLSI,[34493269]
g1307.7864,enrofloxacin,,0.5,mg/L,MIC,CLSI,[34493269]
g1307.7864,erythromycin,,0.015,mg/L,MIC,CLSI,[34493269]
g1307.7864,florfenicol,,0.5,mg/L,MIC,CLSI,[34493269]
g1307.7864,lincomycin,,0.125,mg/L,MIC,CLSI,[34493269]
g1307.7864,marbofloxacin,,0.25,mg/L,MIC,CLSI,[34493269]
g1307.7864,penicillin,,0.031,mg/L,MIC,CLSI,[34493269]
g1307.7864,spectinomycin,,8.0,mg/L,MIC,CLSI,[34493269]
g1307.7864,tetracycline,,32.0,mg/L,MIC,CLSI,[34493269]
g1307.7864,tiamulin,,1.0,mg/L,MIC,CLSI,[34493269]
g1307.7864,tilmicosin,,2.0,mg/L,MIC,CLSI,[34493269]
g1307.7864,trimethoprim,,0.125,mg/L,MIC,CLSI,[34493269]
g1307.7864,tylosin,,0.25,mg/L,MIC,CLSI,[34493269]
g1307.7865,amoxicillin,,0.015,mg/L,MIC,CLSI,[34493269]
g1307.7865,cefquinome,,0.03,mg/L,MIC,CLSI,[34493269]
g1307.7865,ceftiofur,,0.125,mg/L,MIC,CLSI,[34493269]
g1307.7865,doxycycline,,0.03,mg/L,MIC,CLSI,[34493269]
g1307.7865,enrofloxacin,,0.5,mg/L,MIC,CLSI,[34493269]
g1307.7865,erythromycin,,0.015,mg/L,MIC,CLSI,[34493269]
g1307.7865,florfenicol,,0.5,mg/L,MIC,CLSI,[34493269]
g1307.7865,lincomycin,,0.25,mg/L,MIC,CLSI,[34493269]
g1307.7865,marbofloxacin,,0.5,mg/L,MIC,CLSI,[34493269]
g1307.7865,penicillin,,0.031,mg/L,MIC,CLSI,[34493269]
g1307.7865,spectinomycin,,32.0,mg/L,MIC,CLSI,[34493269]
g1307.7865,tetracycline,,1.0,mg/L,MIC,CLSI,[34493269]
g1307.7865,tiamulin,,0.25,mg/L,MIC,CLSI,[34493269]
g1307.7865,tilmicosin,,2.0,mg/L,MIC,CLSI,[34493269]
g1307.7865,trimethoprim,,0.25,mg/L,MIC,CLSI,[34493269]
g1307.7865,tylosin,,0.25,mg/L,MIC,CLSI,[34493269]
g1307.7866,amoxicillin,,0.015,mg/L,MIC,CLSI,[34493269]
g1307.7866,cefquinome,,0.03,mg/L,MIC,CLSI,[34493269]
g1307.7866,ceftiofur,,0.125,mg/L,MIC,CLSI,[34493269]
g1307.7866,doxycycline,,4.0,mg/L,MIC,CLSI,[34493269]
g1307.7866,enrofloxacin,,1.0,mg/L,MIC,CLSI,[34493269]
g1307.7866,erythromycin,,0.015,mg/L,MIC,CLSI,[34493269]
g1307.7866,florfenicol,,1.0,mg/L,MIC,CLSI,[34493269]
g1307.7866,lincomycin,,0.25,mg/L,MIC,CLSI,[34493269]
g1307.7866,marbofloxacin,,0.5,mg/L,MIC,CLSI,[34493269]
g1307.7866,penicillin,,0.031,mg/L,MIC,CLSI,[34493269]
g1307.7866,spectinomycin,,16.0,mg/L,MIC,CLSI,[34493269]
g1307.7866,tetracycline,,64.0,mg/L,MIC,CLSI,[34493269]
g1307.7866,tiamulin,,0.5,mg/L,MIC,CLSI,[34493269]
g1307.7866,tilmicosin,,2.0,mg/L,MIC,CLSI,[34493269]
g1307.7866,trimethoprim,,0.125,mg/L,MIC,CLSI,[34493269]
g1307.7866,tylosin,,0.25,mg/L,MIC,CLSI,[34493269]
g1307.7867,amoxicillin,,0.015,mg/L,MIC,CLSI,[34493269]
g1307.7867,cefquinome,,0.015,mg/L,MIC,CLSI,[34493269]
g1307.7867,ceftiofur,,0.125,mg/L,MIC,CLSI,[34493269]
g1307.7867,doxycycline,,4.0,mg/L,MIC,CLSI,[34493269]
g1307.7867,enrofloxacin,,0.25,mg/L,MIC,CLSI,[34493269]
g1307.7867,erythromycin,,0.015,mg/L,MIC,CLSI,[34493269]
g1307.7867,florfenicol,,0.25,mg/L,MIC,CLSI,[34493269]
g1307.7867,lincomycin,,0.125,mg/L,MIC,CLSI,[34493269]
g1307.7867,marbofloxacin,,0.5,mg/L,MIC,CLSI,[34493269]
g1307.7867,penicillin,,0.031,mg/L,MIC,CLSI,[34493269]
g1307.7867,spectinomycin,,2.0,mg/L,MIC,CLSI,[34493269]
g1307.7867,tetracycline,,64.0,mg/L,MIC,CLSI,[34493269]
g1307.7867,tiamulin,,0.5,mg/L,MIC,CLSI,[34493269]
g1307.7867,tilmicosin,,0.5,mg/L,MIC,CLSI,[34493269]
g1307.7867,trimethoprim,,0.125,mg/L,MIC,CLSI,[34493269]
g1307.7867,tylosin,,0.125,mg/L,MIC,CLSI,[34493269]
g1307.7868,amoxicillin,,0.015,mg/L,MIC,CLSI,[34493269]
g1307.7868,cefquinome,,0.03,mg/L,MIC,CLSI,[34493269]
g1307.7868,ceftiofur,,0.125,mg/L,MIC,CLSI,[34493269]
g1307.7868,doxycycline,,4.0,mg/L,MIC,CLSI,[34493269]
g1307.7868,enrofloxacin,,1.0,mg/L,MIC,CLSI,[34493269]
g1307.7868,erythromycin,,0.015,mg/L,MIC,CLSI,[34493269]
g1307.7868,florfenicol,,1.0,mg/L,MIC,CLSI,[34493269]
g1307.7868,lincomycin,,0.25,mg/L,MIC,CLSI,[34493269]
g1307.7868,marbofloxacin,,0.5,mg/L,MIC,CLSI,[34493269]
g1307.7868,penicillin,,0.031,mg/L,MIC,CLSI,[34493269]
g1307.7868,spectinomycin,,16.0,mg/L,MIC,CLSI,[34493269]
g1307.7868,tetracycline,,32.0,mg/L,MIC,CLSI,[34493269]
g1307.7868,tiamulin,,0.5,mg/L,MIC,CLSI,[34493269]
g1307.7868,tilmicosin,,1.0,mg/L,MIC,CLSI,[34493269]
g1307.7868,trimethoprim,,0.125,mg/L,MIC,CLSI,[34493269]
g1307.7868,tylosin,,0.25,mg/L,MIC,CLSI,[34493269]
g1307.7869,amoxicillin,,0.015,mg/L,MIC,CLSI,[34493269]
g1307.7869,cefquinome,,0.015,mg/L,MIC,CLSI,[34493269]
g1307.7869,ceftiofur,,0.125,mg/L,MIC,CLSI,[34493269]
g1307.7869,doxycycline,,4.0,mg/L,MIC,CLSI,[34493269]
g1307.7869,enrofloxacin,,4.0,mg/L,MIC,CLSI,[34493269]
g1307.7869,erythromycin,,16.0,mg/L,MIC,CLSI,[34493269]
g1307.7869,florfenicol,,4.0,mg/L,MIC,CLSI,[34493269]
g1307.7869,lincomycin,,128.0,mg/L,MIC,CLSI,[34493269]
g1307.7869,marbofloxacin,,0.5,mg/L,MIC,CLSI,[34493269]
g1307.7869,penicillin,,0.031,mg/L,MIC,CLSI,[34493269]
g1307.7869,spectinomycin,,16.0,mg/L,MIC,CLSI,[34493269]
g1307.7869,tetracycline,,128.0,mg/L,MIC,CLSI,[34493269]
g1307.7869,tiamulin,,1.0,mg/L,MIC,CLSI,[34493269]
g1307.7869,tilmicosin,,1024.0,mg/L,MIC,CLSI,[34493269]
g1307.7869,trimethoprim,,0.125,mg/L,MIC,CLSI,[34493269]
g1307.7869,tylosin,,256.0,mg/L,MIC,CLSI,[34493269]
g1307.7870,amoxicillin,,0.015,mg/L,MIC,CLSI,[34493269]
g1307.7870,cefquinome,,0.015,mg/L,MIC,CLSI,[34493269]
g1307.7870,ceftiofur,,0.125,mg/L,MIC,CLSI,[34493269]
g1307.7870,doxycycline,,8.0,mg/L,MIC,CLSI,[34493269]
g1307.7870,enrofloxacin,,1.0,mg/L,MIC,CLSI,[34493269]
g1307.7870,erythromycin,,0.015,mg/L,MIC,CLSI,[34493269]
g1307.7870,florfenicol,,1.0,mg/L,MIC,CLSI,[34493269]
g1307.7870,lincomycin,,0.06,mg/L,MIC,CLSI,[34493269]
g1307.7870,marbofloxacin,,0.5,mg/L,MIC,CLSI,[34493269]
g1307.7870,penicillin,,0.031,mg/L,MIC,CLSI,[34493269]
g1307.7870,spectinomycin,,16.0,mg/L,MIC,CLSI,[34493269]
g1307.7870,tetracycline,,32.0,mg/L,MIC,CLSI,[34493269]
g1307.7870,tiamulin,,0.5,mg/L,MIC,CLSI,[34493269]
g1307.7870,tilmicosin,,1.0,mg/L,MIC,CLSI,[34493269]
g1307.7870,trimethoprim,,0.06,mg/L,MIC,CLSI,[34493269]
g1307.7870,tylosin,,0.125,mg/L,MIC,CLSI,[34493269]
g1307.7871,amoxicillin,,0.03,mg/L,MIC,CLSI,[34493269]
g1307.7871,cefquinome,,0.12,mg/L,MIC,CLSI,[34493269]
g1307.7871,ceftiofur,,1.0,mg/L,MIC,CLSI,[34493269]
g1307.7871,doxycycline,,16.0,mg/L,MIC,CLSI,[34493269]
g1307.7871,enrofloxacin,,0.25,mg/L,MIC,CLSI,[34493269]
g1307.7871,erythromycin,,32.0,mg/L,MIC,CLSI,[34493269]
g1307.7871,florfenicol,,2.0,mg/L,MIC,CLSI,[34493269]
g1307.7871,lincomycin,,128.0,mg/L,MIC,CLSI,[34493269]
g1307.7871,marbofloxacin,,0.5,mg/L,MIC,CLSI,[34493269]
g1307.7871,penicillin,,0.25,mg/L,MIC,CLSI,[34493269]
g1307.7871,spectinomycin,,32.0,mg/L,MIC,CLSI,[34493269]
g1307.7871,tetracycline,,128.0,mg/L,MIC,CLSI,[34493269]
g1307.7871,tiamulin,,32.0,mg/L,MIC,CLSI,[34493269]
g1307.7871,tilmicosin,,128.0,mg/L,MIC,CLSI,[34493269]
g1307.7871,trimethoprim,,0.5,mg/L,MIC,CLSI,[34493269]
g1307.7871,tylosin,,256.0,mg/L,MIC,CLSI,[34493269]
g1307.7872,amoxicillin,,0.015,mg/L,MIC,CLSI,[34493269]
g1307.7872,cefquinome,,0.015,mg/L,MIC,CLSI,[34493269]
g1307.7872,ceftiofur,,0.125,mg/L,MIC,CLSI,[34493269]
g1307.7872,doxycycline,,8.0,mg/L,MIC,CLSI,[34493269]
g1307.7872,enrofloxacin,,1.0,mg/L,MIC,CLSI,[34493269]
g1307.7872,erythromycin,,0.03,mg/L,MIC,CLSI,[34493269]
g1307.7872,florfenicol,,1.0,mg/L,MIC,CLSI,[34493269]
g1307.7872,lincomycin,,0.25,mg/L,MIC,CLSI,[34493269]
g1307.7872,marbofloxacin,,0.5,mg/L,MIC,CLSI,[34493269]
g1307.7872,penicillin,,0.031,mg/L,MIC,CLSI,[34493269]
g1307.7872,spectinomycin,,16.0,mg/L,MIC,CLSI,[34493269]
g1307.7872,tetracycline,,32.0,mg/L,MIC,CLSI,[34493269]
g1307.7872,tiamulin,,0.5,mg/L,MIC,CLSI,[34493269]
g1307.7872,tilmicosin,,2.0,mg/L,MIC,CLSI,[34493269]
g1307.7872,trimethoprim,,0.125,mg/L,MIC,CLSI,[34493269]
g1307.7872,tylosin,,256.0,mg/L,MIC,CLSI,[34493269]
g1307.7873,amoxicillin,,0.015,mg/L,MIC,CLSI,[34493269]
g1307.7873,cefquinome,,0.03,mg/L,MIC,CLSI,[34493269]
g1307.7873,ceftiofur,,0.125,mg/L,MIC,CLSI,[34493269]
g1307.7873,doxycycline,,4.0,mg/L,MIC,CLSI,[34493269]
g1307.7873,enrofloxacin,,2.0,mg/L,MIC,CLSI,[34493269]
g1307.7873,erythromycin,,0.015,mg/L,MIC,CLSI,[34493269]
g1307.7873,florfenicol,,2.0,mg/L,MIC,CLSI,[34493269]
g1307.7873,lincomycin,,0.25,mg/L,MIC,CLSI,[34493269]
g1307.7873,marbofloxacin,,0.5,mg/L,MIC,CLSI,[34493269]
g1307.7873,penicillin,,0.031,mg/L,MIC,CLSI,[34493269]
g1307.7873,spectinomycin,,16.0,mg/L,MIC,CLSI,[34493269]
g1307.7873,tetracycline,,32.0,mg/L,MIC,CLSI,[34493269]
g1307.7873,tiamulin,,0.5,mg/L,MIC,CLSI,[34493269]
g1307.7873,tilmicosin,,2.0,mg/L,MIC,CLSI,[34493269]
g1307.7873,trimethoprim,,0.125,mg/L,MIC,CLSI,[34493269]
g1307.7873,tylosin,,0.25,mg/L,MIC,CLSI,[34493269]
g1307.7874,amoxicillin,,0.015,mg/L,MIC,CLSI,[34493269]
g1307.7874,cefquinome,,0.015,mg/L,MIC,CLSI,[34493269]
g1307.7874,ceftiofur,,0.125,mg/L,MIC,CLSI,[34493269]
g1307.7874,doxycycline,,4.0,mg/L,MIC,CLSI,[34493269]
g1307.7874,enrofloxacin,,1.0,mg/L,MIC,CLSI,[34493269]
g1307.7874,erythromycin,,0.015,mg/L,MIC,CLSI,[34493269]
g1307.7874,florfenicol,,1.0,mg/L,MIC,CLSI,[34493269]
g1307.7874,lincomycin,,0.5,mg/L,MIC,CLSI,[34493269]
g1307.7874,marbofloxacin,,1.0,mg/L,MIC,CLSI,[34493269]
g1307.7874,penicillin,,0.031,mg/L,MIC,CLSI,[34493269]
g1307.7874,spectinomycin,,16.0,mg/L,MIC,CLSI,[34493269]
g1307.7874,tetracycline,,32.0,mg/L,MIC,CLSI,[34493269]
g1307.7874,tiamulin,,1.0,mg/L,MIC,CLSI,[34493269]
g1307.7874,tilmicosin,,2.0,mg/L,MIC,CLSI,[34493269]
g1307.7874,trimethoprim,,0.125,mg/L,MIC,CLSI,[34493269]
g1307.7874,tylosin,,0.25,mg/L,MIC,CLSI,[34493269]
g1307.7875,amoxicillin,,0.015,mg/L,MIC,CLSI,[34493269]
g1307.7875,cefquinome,,0.03,mg/L,MIC,CLSI,[34493269]
g1307.7875,ceftiofur,,0.125,mg/L,MIC,CLSI,[34493269]
g1307.7875,doxycycline,,4.0,mg/L,MIC,CLSI,[34493269]
g1307.7875,enrofloxacin,,0.5,mg/L,MIC,CLSI,[34493269]
g1307.7875,erythromycin,,4.0,mg/L,MIC,CLSI,[34493269]
g1307.7875,florfenicol,,0.5,mg/L,MIC,CLSI,[34493269]
g1307.7875,lincomycin,,1.0,mg/L,MIC,CLSI,[34493269]
g1307.7875,marbofloxacin,,0.5,mg/L,MIC,CLSI,[34493269]
g1307.7875,penicillin,,0.031,mg/L,MIC,CLSI,[34493269]
g1307.7875,spectinomycin,,16.0,mg/L,MIC,CLSI,[34493269]
g1307.7875,tetracycline,,128.0,mg/L,MIC,CLSI,[34493269]
g1307.7875,tiamulin,,1.0,mg/L,MIC,CLSI,[34493269]
g1307.7875,tilmicosin,,1024.0,mg/L,MIC,CLSI,[34493269]
g1307.7875,trimethoprim,,0.125,mg/L,MIC,CLSI,[34493269]
g1307.7875,tylosin,,256.0,mg/L,MIC,CLSI,[34493269]
g1307.7876,amoxicillin,,0.015,mg/L,MIC,CLSI,[34493269]
g1307.7876,cefquinome,,0.015,mg/L,MIC,CLSI,[34493269]
g1307.7876,ceftiofur,,0.125,mg/L,MIC,CLSI,[34493269]
g1307.7876,doxycycline,,0.031,mg/L,MIC,CLSI,[34493269]
g1307.7876,enrofloxacin,,0.5,mg/L,MIC,CLSI,[34493269]
g1307.7876,erythromycin,,0.015,mg/L,MIC,CLSI,[34493269]
g1307.7876,florfenicol,,0.5,mg/L,MIC,CLSI,[34493269]
g1307.7876,lincomycin,,0.5,mg/L,MIC,CLSI,[34493269]
g1307.7876,marbofloxacin,,0.5,mg/L,MIC,CLSI,[34493269]
g1307.7876,penicillin,,0.031,mg/L,MIC,CLSI,[34493269]
g1307.7876,spectinomycin,,16.0,mg/L,MIC,CLSI,[34493269]
g1307.7876,tetracycline,,0.5,mg/L,MIC,CLSI,[34493269]
g1307.7876,tiamulin,,1.0,mg/L,MIC,CLSI,[34493269]
g1307.7876,tilmicosin,,4.0,mg/L,MIC,CLSI,[34493269]
g1307.7876,trimethoprim,,0.125,mg/L,MIC,CLSI,[34493269]
g1307.7876,tylosin,,0.25,mg/L,MIC,CLSI,[34493269]
g1307.7877,amoxicillin,,0.015,mg/L,MIC,CLSI,[34493269]
g1307.7877,cefquinome,,0.03,mg/L,MIC,CLSI,[34493269]
g1307.7877,ceftiofur,,0.125,mg/L,MIC,CLSI,[34493269]
g1307.7877,doxycycline,,4.0,mg/L,MIC,CLSI,[34493269]
g1307.7877,enrofloxacin,,0.5,mg/L,MIC,CLSI,[34493269]
g1307.7877,erythromycin,,0.015,mg/L,MIC,CLSI,[34493269]
g1307.7877,florfenicol,,0.5,mg/L,MIC,CLSI,[34493269]
g1307.7877,lincomycin,,0.25,mg/L,MIC,CLSI,[34493269]
g1307.7877,marbofloxacin,,0.5,mg/L,MIC,CLSI,[34493269]
g1307.7877,penicillin,,0.031,mg/L,MIC,CLSI,[34493269]
g1307.7877,spectinomycin,,16.0,mg/L,MIC,CLSI,[34493269]
g1307.7877,tetracycline,,128.0,mg/L,MIC,CLSI,[34493269]
g1307.7877,tiamulin,,1.0,mg/L,MIC,CLSI,[34493269]
g1307.7877,tilmicosin,,1.0,mg/L,MIC,CLSI,[34493269]
g1307.7877,trimethoprim,,0.125,mg/L,MIC,CLSI,[34493269]
g1307.7877,tylosin,,0.25,mg/L,MIC,CLSI,[34493269]
g1307.7878,amoxicillin,,0.015,mg/L,MIC,CLSI,[34493269]
g1307.7878,cefquinome,,0.03,mg/L,MIC,CLSI,[34493269]
g1307.7878,ceftiofur,,0.125,mg/L,MIC,CLSI,[34493269]
g1307.7878,doxycycline,,4.0,mg/L,MIC,CLSI,[34493269]
g1307.7878,enrofloxacin,,0.5,mg/L,MIC,CLSI,[34493269]
g1307.7878,erythromycin,,0.015,mg/L,MIC,CLSI,[34493269]
g1307.7878,florfenicol,,0.5,mg/L,MIC,CLSI,[34493269]
g1307.7878,lincomycin,,0.125,mg/L,MIC,CLSI,[34493269]
g1307.7878,marbofloxacin,,0.5,mg/L,MIC,CLSI,[34493269]
g1307.7878,penicillin,,0.031,mg/L,MIC,CLSI,[34493269]
g1307.7878,spectinomycin,,16.0,mg/L,MIC,CLSI,[34493269]
g1307.7878,tetracycline,,32.0,mg/L,MIC,CLSI,[34493269]
g1307.7878,tiamulin,,0.5,mg/L,MIC,CLSI,[34493269]
g1307.7878,tilmicosin,,4.0,mg/L,MIC,CLSI,[34493269]
g1307.7878,trimethoprim,,0.06,mg/L,MIC,CLSI,[34493269]
g1307.7878,tylosin,,0.25,mg/L,MIC,CLSI,[34493269]
g1307.7879,amoxicillin,,0.015,mg/L,MIC,CLSI,[34493269]
g1307.7879,cefquinome,,0.03,mg/L,MIC,CLSI,[34493269]
g1307.7879,ceftiofur,,0.125,mg/L,MIC,CLSI,[34493269]
g1307.7879,doxycycline,,4.0,mg/L,MIC,CLSI,[34493269]
g1307.7879,enrofloxacin,,1.0,mg/L,MIC,CLSI,[34493269]
g1307.7879,erythromycin,,0.015,mg/L,MIC,CLSI,[34493269]
g1307.7879,florfenicol,,1.0,mg/L,MIC,CLSI,[34493269]
g1307.7879,lincomycin,,0.25,mg/L,MIC,CLSI,[34493269]
g1307.7879,marbofloxacin,,0.5,mg/L,MIC,CLSI,[34493269]
g1307.7879,penicillin,,0.031,mg/L,MIC,CLSI,[34493269]
g1307.7879,spectinomycin,,16.0,mg/L,MIC,CLSI,[34493269]
g1307.7879,tetracycline,,16.0,mg/L,MIC,CLSI,[34493269]
g1307.7879,tiamulin,,1.0,mg/L,MIC,CLSI,[34493269]
g1307.7879,tilmicosin,,2.0,mg/L,MIC,CLSI,[34493269]
g1307.7879,trimethoprim,,0.125,mg/L,MIC,CLSI,[34493269]
g1307.7879,tylosin,,0.25,mg/L,MIC,CLSI,[34493269]
g1307.7880,amoxicillin,,0.03,mg/L,MIC,CLSI,[34493269]
g1307.7880,cefquinome,,0.06,mg/L,MIC,CLSI,[34493269]
g1307.7880,ceftiofur,,0.25,mg/L,MIC,CLSI,[34493269]
g1307.7880,doxycycline,,16.0,mg/L,MIC,CLSI,[34493269]
g1307.7880,enrofloxacin,,0.5,mg/L,MIC,CLSI,[34493269]
g1307.7880,erythromycin,,32.0,mg/L,MIC,CLSI,[34493269]
g1307.7880,florfenicol,,2.0,mg/L,MIC,CLSI,[34493269]
g1307.7880,lincomycin,,128.0,mg/L,MIC,CLSI,[34493269]
g1307.7880,marbofloxacin,,1.0,mg/L,MIC,CLSI,[34493269]
g1307.7880,penicillin,,0.03,mg/L,MIC,CLSI,[34493269]
g1307.7880,spectinomycin,,512.0,mg/L,MIC,CLSI,[34493269]
g1307.7880,tetracycline,,64.0,mg/L,MIC,CLSI,[34493269]
g1307.7880,tiamulin,,8.0,mg/L,MIC,CLSI,[34493269]
g1307.7880,tilmicosin,,128.0,mg/L,MIC,CLSI,[34493269]
g1307.7880,trimethoprim,,2.0,mg/L,MIC,CLSI,[34493269]
g1307.7880,tylosin,,256.0,mg/L,MIC,CLSI,[34493269]
g1307.7881,amoxicillin,,0.015,mg/L,MIC,CLSI,[34493269]
g1307.7881,cefquinome,,0.03,mg/L,MIC,CLSI,[34493269]
g1307.7881,ceftiofur,,0.125,mg/L,MIC,CLSI,[34493269]
g1307.7881,doxycycline,,4.0,mg/L,MIC,CLSI,[34493269]
g1307.7881,enrofloxacin,,1.0,mg/L,MIC,CLSI,[34493269]
g1307.7881,erythromycin,,0.015,mg/L,MIC,CLSI,[34493269]
g1307.7881,florfenicol,,1.0,mg/L,MIC,CLSI,[34493269]
g1307.7881,lincomycin,,0.25,mg/L,MIC,CLSI,[34493269]
g1307.7881,marbofloxacin,,0.5,mg/L,MIC,CLSI,[34493269]
g1307.7881,penicillin,,0.031,mg/L,MIC,CLSI,[34493269]
g1307.7881,spectinomycin,,16.0,mg/L,MIC,CLSI,[34493269]
g1307.7881,tetracycline,,32.0,mg/L,MIC,CLSI,[34493269]
g1307.7881,tiamulin,,1.0,mg/L,MIC,CLSI,[34493269]
g1307.7881,tilmicosin,,1.0,mg/L,MIC,CLSI,[34493269]
g1307.7881,trimethoprim,,0.125,mg/L,MIC,CLSI,[34493269]
g1307.7881,tylosin,,0.25,mg/L,MIC,CLSI,[34493269]
g1307.7882,amoxicillin,,0.015,mg/L,MIC,CLSI,[34493269]
g1307.7882,cefquinome,,0.03,mg/L,MIC,CLSI,[34493269]
g1307.7882,ceftiofur,,0.125,mg/L,MIC,CLSI,[34493269]
g1307.7882,doxycycline,,0.031,mg/L,MIC,CLSI,[34493269]
g1307.7882,enrofloxacin,,1.0,mg/L,MIC,CLSI,[34493269]
g1307.7882,erythromycin,,32.0,mg/L,MIC,CLSI,[34493269]
g1307.7882,florfenicol,,1.0,mg/L,MIC,CLSI,[34493269]
g1307.7882,lincomycin,,0.5,mg/L,MIC,CLSI,[34493269]
g1307.7882,marbofloxacin,,0.5,mg/L,MIC,CLSI,[34493269]
g1307.7882,penicillin,,0.031,mg/L,MIC,CLSI,[34493269]
g1307.7882,spectinomycin,,16.0,mg/L,MIC,CLSI,[34493269]
g1307.7882,tetracycline,,0.5,mg/L,MIC,CLSI,[34493269]
g1307.7882,tiamulin,,1.0,mg/L,MIC,CLSI,[34493269]
g1307.7882,tilmicosin,,0.5,mg/L,MIC,CLSI,[34493269]
g1307.7882,trimethoprim,,0.125,mg/L,MIC,CLSI,[34493269]
g1307.7882,tylosin,,128.0,mg/L,MIC,CLSI,[34493269]
g1307.7883,amoxicillin,,0.015,mg/L,MIC,CLSI,[34493269]
g1307.7883,cefquinome,,0.03,mg/L,MIC,CLSI,[34493269]
g1307.7883,ceftiofur,,0.125,mg/L,MIC,CLSI,[34493269]
g1307.7883,doxycycline,,4.0,mg/L,MIC,CLSI,[34493269]
g1307.7883,enrofloxacin,,0.5,mg/L,MIC,CLSI,[34493269]
g1307.7883,erythromycin,,0.015,mg/L,MIC,CLSI,[34493269]
g1307.7883,florfenicol,,0.5,mg/L,MIC,CLSI,[34493269]
g1307.7883,lincomycin,,0.25,mg/L,MIC,CLSI,[34493269]
g1307.7883,marbofloxacin,,0.5,mg/L,MIC,CLSI,[34493269]
g1307.7883,penicillin,,0.031,mg/L,MIC,CLSI,[34493269]
g1307.7883,spectinomycin,,16.0,mg/L,MIC,CLSI,[34493269]
g1307.7883,tetracycline,,16.0,mg/L,MIC,CLSI,[34493269]
g1307.7883,tiamulin,,0.5,mg/L,MIC,CLSI,[34493269]
g1307.7883,tilmicosin,,2.0,mg/L,MIC,CLSI,[34493269]
g1307.7883,trimethoprim,,0.125,mg/L,MIC,CLSI,[34493269]
g1307.7883,tylosin,,0.25,mg/L,MIC,CLSI,[34493269]
g1307.7884,amoxicillin,,0.015,mg/L,MIC,CLSI,[34493269]
g1307.7884,cefquinome,,0.03,mg/L,MIC,CLSI,[34493269]
g1307.7884,ceftiofur,,0.125,mg/L,MIC,CLSI,[34493269]
g1307.7884,doxycycline,,0.063,mg/L,MIC,CLSI,[34493269]
g1307.7884,enrofloxacin,,0.5,mg/L,MIC,CLSI,[34493269]
g1307.7884,erythromycin,,0.03,mg/L,MIC,CLSI,[34493269]
g1307.7884,florfenicol,,0.5,mg/L,MIC,CLSI,[34493269]
g1307.7884,lincomycin,,0.25,mg/L,MIC,CLSI,[34493269]
g1307.7884,marbofloxacin,,0.5,mg/L,MIC,CLSI,[34493269]
g1307.7884,penicillin,,0.031,mg/L,MIC,CLSI,[34493269]
g1307.7884,spectinomycin,,16.0,mg/L,MIC,CLSI,[34493269]
g1307.7884,tetracycline,,0.5,mg/L,MIC,CLSI,[34493269]
g1307.7884,tiamulin,,1.0,mg/L,MIC,CLSI,[34493269]
g1307.7884,tilmicosin,,1.0,mg/L,MIC,CLSI,[34493269]
g1307.7884,trimethoprim,,0.125,mg/L,MIC,CLSI,[34493269]
g1307.7884,tylosin,,0.25,mg/L,MIC,CLSI,[34493269]
g1307.7885,amoxicillin,,0.015,mg/L,MIC,CLSI,[34493269]
g1307.7885,cefquinome,,0.015,mg/L,MIC,CLSI,[34493269]
g1307.7885,ceftiofur,,0.125,mg/L,MIC,CLSI,[34493269]
g1307.7885,doxycycline,,0.063,mg/L,MIC,CLSI,[34493269]
g1307.7885,enrofloxacin,,0.5,mg/L,MIC,CLSI,[34493269]
g1307.7885,erythromycin,,0.015,mg/L,MIC,CLSI,[34493269]
g1307.7885,florfenicol,,0.5,mg/L,MIC,CLSI,[34493269]
g1307.7885,lincomycin,,0.5,mg/L,MIC,CLSI,[34493269]
g1307.7885,marbofloxacin,,0.5,mg/L,MIC,CLSI,[34493269]
g1307.7885,penicillin,,0.031,mg/L,MIC,CLSI,[34493269]
g1307.7885,spectinomycin,,16.0,mg/L,MIC,CLSI,[34493269]
g1307.7885,tetracycline,,0.5,mg/L,MIC,CLSI,[34493269]
g1307.7885,tiamulin,,1.0,mg/L,MIC,CLSI,[34493269]
g1307.7885,tilmicosin,,4.0,mg/L,MIC,CLSI,[34493269]
g1307.7885,trimethoprim,,0.125,mg/L,MIC,CLSI,[34493269]
g1307.7885,tylosin,,0.25,mg/L,MIC,CLSI,[34493269]
g1307.7886,amoxicillin,,0.03,mg/L,MIC,CLSI,[34493269]
g1307.7886,cefquinome,,0.06,mg/L,MIC,CLSI,[34493269]
g1307.7886,ceftiofur,,0.5,mg/L,MIC,CLSI,[34493269]
g1307.7886,doxycycline,,16.0,mg/L,MIC,CLSI,[34493269]
g1307.7886,enrofloxacin,,0.25,mg/L,MIC,CLSI,[34493269]
g1307.7886,erythromycin,,32.0,mg/L,MIC,CLSI,[34493269]
g1307.7886,florfenicol,,2.0,mg/L,MIC,CLSI,[34493269]
g1307.7886,lincomycin,,128.0,mg/L,MIC,CLSI,[34493269]
g1307.7886,marbofloxacin,,0.5,mg/L,MIC,CLSI,[34493269]
g1307.7886,penicillin,,0.5,mg/L,MIC,CLSI,[34493269]
g1307.7886,spectinomycin,,8.0,mg/L,MIC,CLSI,[34493269]
g1307.7886,tetracycline,,64.0,mg/L,MIC,CLSI,[34493269]
g1307.7886,tiamulin,,16.0,mg/L,MIC,CLSI,[34493269]
g1307.7886,tilmicosin,,128.0,mg/L,MIC,CLSI,[34493269]
g1307.7886,trimethoprim,,16.0,mg/L,MIC,CLSI,[34493269]
g1307.7886,tylosin,,256.0,mg/L,MIC,CLSI,[34493269]
g1307.7887,amoxicillin,,0.03,mg/L,MIC,CLSI,[34493269]
g1307.7887,cefquinome,,0.015,mg/L,MIC,CLSI,[34493269]
g1307.7887,ceftiofur,,0.12,mg/L,MIC,CLSI,[34493269]
g1307.7887,doxycycline,,0.12,mg/L,MIC,CLSI,[34493269]
g1307.7887,enrofloxacin,,0.5,mg/L,MIC,CLSI,[34493269]
g1307.7887,erythromycin,,0.015,mg/L,MIC,CLSI,[34493269]
g1307.7887,florfenicol,,2.0,mg/L,MIC,CLSI,[34493269]
g1307.7887,lincomycin,,0.06,mg/L,MIC,CLSI,[34493269]
g1307.7887,marbofloxacin,,1.0,mg/L,MIC,CLSI,[34493269]
g1307.7887,penicillin,,0.03,mg/L,MIC,CLSI,[34493269]
g1307.7887,spectinomycin,,16.0,mg/L,MIC,CLSI,[34493269]
g1307.7887,tetracycline,,2.0,mg/L,MIC,CLSI,[34493269]
g1307.7887,tiamulin,,0.25,mg/L,MIC,CLSI,[34493269]
g1307.7887,tilmicosin,,4.0,mg/L,MIC,CLSI,[34493269]
g1307.7887,trimethoprim,,0.015,mg/L,MIC,CLSI,[34493269]
g1307.7887,tylosin,,0.5,mg/L,MIC,CLSI,[34493269]
g1307.7888,amoxicillin,,0.03,mg/L,MIC,CLSI,[34493269]
g1307.7888,cefquinome,,0.06,mg/L,MIC,CLSI,[34493269]
g1307.7888,ceftiofur,,0.25,mg/L,MIC,CLSI,[34493269]
g1307.7888,doxycycline,,8.0,mg/L,MIC,CLSI,[34493269]
g1307.7888,enrofloxacin,,0.5,mg/L,MIC,CLSI,[34493269]
g1307.7888,erythromycin,,0.03,mg/L,MIC,CLSI,[34493269]
g1307.7888,florfenicol,,1.0,mg/L,MIC,CLSI,[34493269]
g1307.7888,lincomycin,,1.0,mg/L,MIC,CLSI,[34493269]
g1307.7888,marbofloxacin,,0.5,mg/L,MIC,CLSI,[34493269]
g1307.7888,penicillin,,0.03,mg/L,MIC,CLSI,[34493269]
g1307.7888,spectinomycin,,16.0,mg/L,MIC,CLSI,[34493269]
g1307.7888,tetracycline,,64.0,mg/L,MIC,CLSI,[34493269]
g1307.7888,tiamulin,,2.0,mg/L,MIC,CLSI,[34493269]
g1307.7888,tilmicosin,,4.0,mg/L,MIC,CLSI,[34493269]
g1307.7888,trimethoprim,,0.25,mg/L,MIC,CLSI,[34493269]
g1307.7888,tylosin,,0.5,mg/L,MIC,CLSI,[34493269]
g1307.7889,amoxicillin,,0.015,mg/L,MIC,CLSI,[34493269]
g1307.7889,cefquinome,,0.03,mg/L,MIC,CLSI,[34493269]
g1307.7889,ceftiofur,,0.125,mg/L,MIC,CLSI,[34493269]
g1307.7889,doxycycline,,4.0,mg/L,MIC,CLSI,[34493269]
g1307.7889,enrofloxacin,,1.0,mg/L,MIC,CLSI,[34493269]
g1307.7889,erythromycin,,2.0,mg/L,MIC,CLSI,[34493269]
g1307.7889,florfenicol,,1.0,mg/L,MIC,CLSI,[34493269]
g1307.7889,lincomycin,,128.0,mg/L,MIC,CLSI,[34493269]
g1307.7889,marbofloxacin,,1.0,mg/L,MIC,CLSI,[34493269]
g1307.7889,penicillin,,0.031,mg/L,MIC,CLSI,[34493269]
g1307.7889,spectinomycin,,16.0,mg/L,MIC,CLSI,[34493269]
g1307.7889,tetracycline,,128.0,mg/L,MIC,CLSI,[34493269]
g1307.7889,tiamulin,,0.5,mg/L,MIC,CLSI,[34493269]
g1307.7889,tilmicosin,,1024.0,mg/L,MIC,CLSI,[34493269]
g1307.7889,trimethoprim,,0.125,mg/L,MIC,CLSI,[34493269]
g1307.7889,tylosin,,256.0,mg/L,MIC,CLSI,[34493269]
g1307.7890,amoxicillin,,0.03,mg/L,MIC,CLSI,[34493269]
g1307.7890,cefquinome,,0.015,mg/L,MIC,CLSI,[34493269]
g1307.7890,ceftiofur,,0.12,mg/L,MIC,CLSI,[34493269]
g1307.7890,doxycycline,,0.25,mg/L,MIC,CLSI,[34493269]
g1307.7890,enrofloxacin,,0.5,mg/L,MIC,CLSI,[34493269]
g1307.7890,erythromycin,,0.03,mg/L,MIC,CLSI,[34493269]
g1307.7890,florfenicol,,2.0,mg/L,MIC,CLSI,[34493269]
g1307.7890,lincomycin,,8.0,mg/L,MIC,CLSI,[34493269]
g1307.7890,marbofloxacin,,1.0,mg/L,MIC,CLSI,[34493269]
g1307.7890,penicillin,,0.03,mg/L,MIC,CLSI,[34493269]
g1307.7890,spectinomycin,,16.0,mg/L,MIC,CLSI,[34493269]
g1307.7890,tetracycline,,2.0,mg/L,MIC,CLSI,[34493269]
g1307.7890,tiamulin,,8.0,mg/L,MIC,CLSI,[34493269]
g1307.7890,tilmicosin,,4.0,mg/L,MIC,CLSI,[34493269]
g1307.7890,trimethoprim,,8.0,mg/L,MIC,CLSI,[34493269]
g1307.7890,tylosin,,1.0,mg/L,MIC,CLSI,[34493269]
g1307.7891,amoxicillin,,0.03,mg/L,MIC,CLSI,[34493269]
g1307.7891,cefquinome,,0.015,mg/L,MIC,CLSI,[34493269]
g1307.7891,ceftiofur,,0.12,mg/L,MIC,CLSI,[34493269]
g1307.7891,doxycycline,,8.0,mg/L,MIC,CLSI,[34493269]
g1307.7891,enrofloxacin,,0.25,mg/L,MIC,CLSI,[34493269]
g1307.7891,erythromycin,,0.03,mg/L,MIC,CLSI,[34493269]
g1307.7891,florfenicol,,1.0,mg/L,MIC,CLSI,[34493269]
g1307.7891,lincomycin,,1.0,mg/L,MIC,CLSI,[34493269]
g1307.7891,marbofloxacin,,0.5,mg/L,MIC,CLSI,[34493269]
g1307.7891,penicillin,,0.03,mg/L,MIC,CLSI,[34493269]
g1307.7891,spectinomycin,,8.0,mg/L,MIC,CLSI,[34493269]
g1307.7891,tetracycline,,32.0,mg/L,MIC,CLSI,[34493269]
g1307.7891,tiamulin,,2.0,mg/L,MIC,CLSI,[34493269]
g1307.7891,tilmicosin,,2.0,mg/L,MIC,CLSI,[34493269]
g1307.7891,trimethoprim,,0.5,mg/L,MIC,CLSI,[34493269]
g1307.7891,tylosin,,1.0,mg/L,MIC,CLSI,[34493269]
g1307.7892,amoxicillin,,0.03,mg/L,MIC,CLSI,[34493269]
g1307.7892,cefquinome,,0.008,mg/L,MIC,CLSI,[34493269]
g1307.7892,ceftiofur,,0.06,mg/L,MIC,CLSI,[34493269]
g1307.7892,doxycycline,,8.0,mg/L,MIC,CLSI,[34493269]
g1307.7892,enrofloxacin,,0.25,mg/L,MIC,CLSI,[34493269]
g1307.7892,erythromycin,,0.015,mg/L,MIC,CLSI,[34493269]
g1307.7892,florfenicol,,1.0,mg/L,MIC,CLSI,[34493269]
g1307.7892,lincomycin,,2.0,mg/L,MIC,CLSI,[34493269]
g1307.7892,marbofloxacin,,0.5,mg/L,MIC,CLSI,[34493269]
g1307.7892,penicillin,,0.03,mg/L,MIC,CLSI,[34493269]
g1307.7892,spectinomycin,,16.0,mg/L,MIC,CLSI,[34493269]
g1307.7892,tetracycline,,32.0,mg/L,MIC,CLSI,[34493269]
g1307.7892,tiamulin,,2.0,mg/L,MIC,CLSI,[34493269]
g1307.7892,tilmicosin,,8.0,mg/L,MIC,CLSI,[34493269]
g1307.7892,trimethoprim,,0.5,mg/L,MIC,CLSI,[34493269]
g1307.7892,tylosin,,0.5,mg/L,MIC,CLSI,[34493269]
g1307.7893,amoxicillin,,0.03,mg/L,MIC,CLSI,[34493269]
g1307.7893,cefquinome,,0.008,mg/L,MIC,CLSI,[34493269]
g1307.7893,ceftiofur,,0.25,mg/L,MIC,CLSI,[34493269]
g1307.7893,doxycycline,,8.0,mg/L,MIC,CLSI,[34493269]
g1307.7893,enrofloxacin,,0.25,mg/L,MIC,CLSI,[34493269]
g1307.7893,erythromycin,,0.03,mg/L,MIC,CLSI,[34493269]
g1307.7893,florfenicol,,2.0,mg/L,MIC,CLSI,[34493269]
g1307.7893,lincomycin,,1.0,mg/L,MIC,CLSI,[34493269]
g1307.7893,marbofloxacin,,0.5,mg/L,MIC,CLSI,[34493269]
g1307.7893,penicillin,,0.03,mg/L,MIC,CLSI,[34493269]
g1307.7893,spectinomycin,,32.0,mg/L,MIC,CLSI,[34493269]
g1307.7893,tetracycline,,16.0,mg/L,MIC,CLSI,[34493269]
g1307.7893,tiamulin,,2.0,mg/L,MIC,CLSI,[34493269]
g1307.7893,tilmicosin,,2.0,mg/L,MIC,CLSI,[34493269]
g1307.7893,trimethoprim,,0.5,mg/L,MIC,CLSI,[34493269]
g1307.7893,tylosin,,0.5,mg/L,MIC,CLSI,[34493269]
g1307.7894,amoxicillin,,0.03,mg/L,MIC,CLSI,[34493269]
g1307.7894,cefquinome,,0.03,mg/L,MIC,CLSI,[34493269]
g1307.7894,ceftiofur,,0.12,mg/L,MIC,CLSI,[34493269]
g1307.7894,doxycycline,,16.0,mg/L,MIC,CLSI,[34493269]
g1307.7894,enrofloxacin,,0.5,mg/L,MIC,CLSI,[34493269]
g1307.7894,erythromycin,,32.0,mg/L,MIC,CLSI,[34493269]
g1307.7894,florfenicol,,2.0,mg/L,MIC,CLSI,[34493269]
g1307.7894,lincomycin,,128.0,mg/L,MIC,CLSI,[34493269]
g1307.7894,marbofloxacin,,1.0,mg/L,MIC,CLSI,[34493269]
g1307.7894,penicillin,,0.03,mg/L,MIC,CLSI,[34493269]
g1307.7894,spectinomycin,,16.0,mg/L,MIC,CLSI,[34493269]
g1307.7894,tetracycline,,64.0,mg/L,MIC,CLSI,[34493269]
g1307.7894,tiamulin,,1.0,mg/L,MIC,CLSI,[34493269]
g1307.7894,tilmicosin,,128.0,mg/L,MIC,CLSI,[34493269]
g1307.7894,trimethoprim,,0.03,mg/L,MIC,CLSI,[34493269]
g1307.7894,tylosin,,256.0,mg/L,MIC,CLSI,[34493269]
g1307.7895,amoxicillin,,0.03,mg/L,MIC,CLSI,[34493269]
g1307.7895,cefquinome,,0.015,mg/L,MIC,CLSI,[34493269]
g1307.7895,ceftiofur,,0.25,mg/L,MIC,CLSI,[34493269]
g1307.7895,doxycycline,,0.12,mg/L,MIC,CLSI,[34493269]
g1307.7895,enrofloxacin,,0.5,mg/L,MIC,CLSI,[34493269]
g1307.7895,erythromycin,,0.06,mg/L,MIC,CLSI,[34493269]
g1307.7895,florfenicol,,2.0,mg/L,MIC,CLSI,[34493269]
g1307.7895,lincomycin,,0.12,mg/L,MIC,CLSI,[34493269]
g1307.7895,marbofloxacin,,1.0,mg/L,MIC,CLSI,[34493269]
g1307.7895,penicillin,,0.03,mg/L,MIC,CLSI,[34493269]
g1307.7895,spectinomycin,,16.0,mg/L,MIC,CLSI,[34493269]
g1307.7895,tetracycline,,2.0,mg/L,MIC,CLSI,[34493269]
g1307.7895,tiamulin,,0.25,mg/L,MIC,CLSI,[34493269]
g1307.7895,tilmicosin,,4.0,mg/L,MIC,CLSI,[34493269]
g1307.7895,trimethoprim,,0.03,mg/L,MIC,CLSI,[34493269]
g1307.7895,tylosin,,1.0,mg/L,MIC,CLSI,[34493269]
g1307.7896,amoxicillin,,0.06,mg/L,MIC,CLSI,[34493269]
g1307.7896,cefquinome,,0.06,mg/L,MIC,CLSI,[34493269]
g1307.7896,ceftiofur,,1.0,mg/L,MIC,CLSI,[34493269]
g1307.7896,doxycycline,,16.0,mg/L,MIC,CLSI,[34493269]
g1307.7896,enrofloxacin,,0.12,mg/L,MIC,CLSI,[34493269]
g1307.7896,erythromycin,,2.0,mg/L,MIC,CLSI,[34493269]
g1307.7896,florfenicol,,2.0,mg/L,MIC,CLSI,[34493269]
g1307.7896,lincomycin,,128.0,mg/L,MIC,CLSI,[34493269]
g1307.7896,marbofloxacin,,0.5,mg/L,MIC,CLSI,[34493269]
g1307.7896,penicillin,,1.0,mg/L,MIC,CLSI,[34493269]
g1307.7896,spectinomycin,,8.0,mg/L,MIC,CLSI,[34493269]
g1307.7896,tetracycline,,128.0,mg/L,MIC,CLSI,[34493269]
g1307.7896,tiamulin,,8.0,mg/L,MIC,CLSI,[34493269]
g1307.7896,tilmicosin,,128.0,mg/L,MIC,CLSI,[34493269]
g1307.7896,trimethoprim,,0.5,mg/L,MIC,CLSI,[34493269]
g1307.7896,tylosin,,256.0,mg/L,MIC,CLSI,[34493269]
g1307.7897,amoxicillin,,0.03,mg/L,MIC,CLSI,[34493269]
g1307.7897,cefquinome,,0.015,mg/L,MIC,CLSI,[34493269]
g1307.7897,ceftiofur,,0.12,mg/L,MIC,CLSI,[34493269]
g1307.7897,doxycycline,,8.0,mg/L,MIC,CLSI,[34493269]
g1307.7897,enrofloxacin,,0.25,mg/L,MIC,CLSI,[34493269]
g1307.7897,erythromycin,,0.03,mg/L,MIC,CLSI,[34493269]
g1307.7897,florfenicol,,2.0,mg/L,MIC,CLSI,[34493269]
g1307.7897,lincomycin,,0.12,mg/L,MIC,CLSI,[34493269]
g1307.7897,marbofloxacin,,0.5,mg/L,MIC,CLSI,[34493269]
g1307.7897,penicillin,,0.03,mg/L,MIC,CLSI,[34493269]
g1307.7897,spectinomycin,,16.0,mg/L,MIC,CLSI,[34493269]
g1307.7897,tetracycline,,32.0,mg/L,MIC,CLSI,[34493269]
g1307.7897,tiamulin,,0.25,mg/L,MIC,CLSI,[34493269]
g1307.7897,tilmicosin,,4.0,mg/L,MIC,CLSI,[34493269]
g1307.7897,trimethoprim,,0.015,mg/L,MIC,CLSI,[34493269]
g1307.7897,tylosin,,0.5,mg/L,MIC,CLSI,[34493269]
g1307.7898,amoxicillin,,0.03,mg/L,MIC,CLSI,[34493269]
g1307.7898,cefquinome,,0.03,mg/L,MIC,CLSI,[34493269]
g1307.7898,ceftiofur,,0.25,mg/L,MIC,CLSI,[34493269]
g1307.7898,doxycycline,,16.0,mg/L,MIC,CLSI,[34493269]
g1307.7898,enrofloxacin,,0.5,mg/L,MIC,CLSI,[34493269]
g1307.7898,erythromycin,,8.0,mg/L,MIC,CLSI,[34493269]
g1307.7898,florfenicol,,2.0,mg/L,MIC,CLSI,[34493269]
g1307.7898,lincomycin,,128.0,mg/L,MIC,CLSI,[34493269]
g1307.7898,marbofloxacin,,1.0,mg/L,MIC,CLSI,[34493269]
g1307.7898,penicillin,,0.03,mg/L,MIC,CLSI,[34493269]
g1307.7898,spectinomycin,,512.0,mg/L,MIC,CLSI,[34493269]
g1307.7898,tetracycline,,64.0,mg/L,MIC,CLSI,[34493269]
g1307.7898,tiamulin,,64.0,mg/L,MIC,CLSI,[34493269]
g1307.7898,tilmicosin,,128.0,mg/L,MIC,CLSI,[34493269]
g1307.7898,trimethoprim,,0.5,mg/L,MIC,CLSI,[34493269]
g1307.7898,tylosin,,256.0,mg/L,MIC,CLSI,[34493269]
g1307.7899,amoxicillin,,0.12,mg/L,MIC,CLSI,[34493269]
g1307.7899,cefquinome,,0.06,mg/L,MIC,CLSI,[34493269]
g1307.7899,ceftiofur,,1.0,mg/L,MIC,CLSI,[34493269]
g1307.7899,doxycycline,,16.0,mg/L,MIC,CLSI,[34493269]
g1307.7899,enrofloxacin,,0.25,mg/L,MIC,CLSI,[34493269]
g1307.7899,erythromycin,,32.0,mg/L,MIC,CLSI,[34493269]
g1307.7899,florfenicol,,1.0,mg/L,MIC,CLSI,[34493269]
g1307.7899,lincomycin,,128.0,mg/L,MIC,CLSI,[34493269]
g1307.7899,marbofloxacin,,0.5,mg/L,MIC,CLSI,[34493269]
g1307.7899,penicillin,,1.0,mg/L,MIC,CLSI,[34493269]
g1307.7899,spectinomycin,,16.0,mg/L,MIC,CLSI,[34493269]
g1307.7899,tetracycline,,64.0,mg/L,MIC,CLSI,[34493269]
g1307.7899,tiamulin,,8.0,mg/L,MIC,CLSI,[34493269]
g1307.7899,tilmicosin,,128.0,mg/L,MIC,CLSI,[34493269]
g1307.7899,trimethoprim,,0.5,mg/L,MIC,CLSI,[34493269]
g1307.7899,tylosin,,256.0,mg/L,MIC,CLSI,[34493269]
g1307.7900,amoxicillin,,0.03,mg/L,MIC,CLSI,[34493269]
g1307.7900,cefquinome,,0.03,mg/L,MIC,CLSI,[34493269]
g1307.7900,ceftiofur,,1.0,mg/L,MIC,CLSI,[34493269]
g1307.7900,doxycycline,,16.0,mg/L,MIC,CLSI,[34493269]
g1307.7900,enrofloxacin,,0.25,mg/L,MIC,CLSI,[34493269]
g1307.7900,erythromycin,,0.03,mg/L,MIC,CLSI,[34493269]
g1307.7900,florfenicol,,2.0,mg/L,MIC,CLSI,[34493269]
g1307.7900,lincomycin,,8.0,mg/L,MIC,CLSI,[34493269]
g1307.7900,marbofloxacin,,0.5,mg/L,MIC,CLSI,[34493269]
g1307.7900,penicillin,,0.5,mg/L,MIC,CLSI,[34493269]
g1307.7900,spectinomycin,,16.0,mg/L,MIC,CLSI,[34493269]
g1307.7900,tetracycline,,64.0,mg/L,MIC,CLSI,[34493269]
g1307.7900,tiamulin,,8.0,mg/L,MIC,CLSI,[34493269]
g1307.7900,tilmicosin,,4.0,mg/L,MIC,CLSI,[34493269]
g1307.7900,trimethoprim,,2.0,mg/L,MIC,CLSI,[34493269]
g1307.7900,tylosin,,1.0,mg/L,MIC,CLSI,[34493269]
g1307.7901,amoxicillin,,0.03,mg/L,MIC,CLSI,[34493269]
g1307.7901,cefquinome,,0.015,mg/L,MIC,CLSI,[34493269]
g1307.7901,ceftiofur,,0.12,mg/L,MIC,CLSI,[34493269]
g1307.7901,doxycycline,,4.0,mg/L,MIC,CLSI,[34493269]
g1307.7901,enrofloxacin,,0.25,mg/L,MIC,CLSI,[34493269]
g1307.7901,erythromycin,,0.06,mg/L,MIC,CLSI,[34493269]
g1307.7901,florfenicol,,2.0,mg/L,MIC,CLSI,[34493269]
g1307.7901,lincomycin,,1.0,mg/L,MIC,CLSI,[34493269]
g1307.7901,marbofloxacin,,0.5,mg/L,MIC,CLSI,[34493269]
g1307.7901,penicillin,,0.03,mg/L,MIC,CLSI,[34493269]
g1307.7901,spectinomycin,,32.0,mg/L,MIC,CLSI,[34493269]
g1307.7901,tetracycline,,16.0,mg/L,MIC,CLSI,[34493269]
g1307.7901,tiamulin,,2.0,mg/L,MIC,CLSI,[34493269]
g1307.7901,tilmicosin,,4.0,mg/L,MIC,CLSI,[34493269]
g1307.7901,trimethoprim,,0.5,mg/L,MIC,CLSI,[34493269]
g1307.7901,tylosin,,0.5,mg/L,MIC,CLSI,[34493269]
g1307.7902,amoxicillin,,0.03,mg/L,MIC,CLSI,[34493269]
g1307.7902,cefquinome,,0.015,mg/L,MIC,CLSI,[34493269]
g1307.7902,ceftiofur,,0.12,mg/L,MIC,CLSI,[34493269]
g1307.7902,doxycycline,,4.0,mg/L,MIC,CLSI,[34493269]
g1307.7902,enrofloxacin,,0.25,mg/L,MIC,CLSI,[34493269]
g1307.7902,erythromycin,,0.03,mg/L,MIC,CLSI,[34493269]
g1307.7902,florfenicol,,2.0,mg/L,MIC,CLSI,[34493269]
g1307.7902,lincomycin,,1.0,mg/L,MIC,CLSI,[34493269]
g1307.7902,marbofloxacin,,0.5,mg/L,MIC,CLSI,[34493269]
g1307.7902,penicillin,,0.03,mg/L,MIC,CLSI,[34493269]
g1307.7902,spectinomycin,,32.0,mg/L,MIC,CLSI,[34493269]
g1307.7902,tetracycline,,16.0,mg/L,MIC,CLSI,[34493269]
g1307.7902,tiamulin,,2.0,mg/L,MIC,CLSI,[34493269]
g1307.7902,tilmicosin,,4.0,mg/L,MIC,CLSI,[34493269]
g1307.7902,trimethoprim,,0.25,mg/L,MIC,CLSI,[34493269]
g1307.7902,tylosin,,0.5,mg/L,MIC,CLSI,[34493269]
g1307.7903,amoxicillin,,0.03,mg/L,MIC,CLSI,[34493269]
g1307.7903,cefquinome,,0.03,mg/L,MIC,CLSI,[34493269]
g1307.7903,ceftiofur,,0.12,mg/L,MIC,CLSI,[34493269]
g1307.7903,doxycycline,,8.0,mg/L,MIC,CLSI,[34493269]
g1307.7903,enrofloxacin,,0.25,mg/L,MIC,CLSI,[34493269]
g1307.7903,erythromycin,,0.015,mg/L,MIC,CLSI,[34493269]
g1307.7903,florfenicol,,2.0,mg/L,MIC,CLSI,[34493269]
g1307.7903,lincomycin,,4.0,mg/L,MIC,CLSI,[34493269]
g1307.7903,marbofloxacin,,0.5,mg/L,MIC,CLSI,[34493269]
g1307.7903,penicillin,,0.03,mg/L,MIC,CLSI,[34493269]
g1307.7903,spectinomycin,,16.0,mg/L,MIC,CLSI,[34493269]
g1307.7903,tetracycline,,32.0,mg/L,MIC,CLSI,[34493269]
g1307.7903,tiamulin,,16.0,mg/L,MIC,CLSI,[34493269]
g1307.7903,tilmicosin,,4.0,mg/L,MIC,CLSI,[34493269]
g1307.7903,trimethoprim,,0.06,mg/L,MIC,CLSI,[34493269]
g1307.7903,tylosin,,0.5,mg/L,MIC,CLSI,[34493269]
g1307.7904,amoxicillin,,0.03,mg/L,MIC,CLSI,[34493269]
g1307.7904,cefquinome,,0.03,mg/L,MIC,CLSI,[34493269]
g1307.7904,ceftiofur,,0.25,mg/L,MIC,CLSI,[34493269]
g1307.7904,doxycycline,,0.12,mg/L,MIC,CLSI,[34493269]
g1307.7904,enrofloxacin,,1.0,mg/L,MIC,CLSI,[34493269]
g1307.7904,erythromycin,,32.0,mg/L,MIC,CLSI,[34493269]
g1307.7904,florfenicol,,2.0,mg/L,MIC,CLSI,[34493269]
g1307.7904,lincomycin,,128.0,mg/L,MIC,CLSI,[34493269]
g1307.7904,marbofloxacin,,1.0,mg/L,MIC,CLSI,[34493269]
g1307.7904,penicillin,,0.03,mg/L,MIC,CLSI,[34493269]
g1307.7904,spectinomycin,,32.0,mg/L,MIC,CLSI,[34493269]
g1307.7904,tetracycline,,4.0,mg/L,MIC,CLSI,[34493269]
g1307.7904,tiamulin,,32.0,mg/L,MIC,CLSI,[34493269]
g1307.7904,tilmicosin,,128.0,mg/L,MIC,CLSI,[34493269]
g1307.7904,trimethoprim,,0.25,mg/L,MIC,CLSI,[34493269]
g1307.7904,tylosin,,256.0,mg/L,MIC,CLSI,[34493269]
g1307.7905,amoxicillin,,0.03,mg/L,MIC,CLSI,[34493269]
g1307.7905,cefquinome,,0.03,mg/L,MIC,CLSI,[34493269]
g1307.7905,ceftiofur,,0.5,mg/L,MIC,CLSI,[34493269]
g1307.7905,doxycycline,,8.0,mg/L,MIC,CLSI,[34493269]
g1307.7905,enrofloxacin,,0.25,mg/L,MIC,CLSI,[34493269]
g1307.7905,erythromycin,,0.03,mg/L,MIC,CLSI,[34493269]
g1307.7905,florfenicol,,1.0,mg/L,MIC,CLSI,[34493269]
g1307.7905,lincomycin,,2.0,mg/L,MIC,CLSI,[34493269]
g1307.7905,marbofloxacin,,1.0,mg/L,MIC,CLSI,[34493269]
g1307.7905,penicillin,,0.06,mg/L,MIC,CLSI,[34493269]
g1307.7905,spectinomycin,,16.0,mg/L,MIC,CLSI,[34493269]
g1307.7905,tetracycline,,32.0,mg/L,MIC,CLSI,[34493269]
g1307.7905,tiamulin,,2.0,mg/L,MIC,CLSI,[34493269]
g1307.7905,tilmicosin,,4.0,mg/L,MIC,CLSI,[34493269]
g1307.7905,trimethoprim,,0.015,mg/L,MIC,CLSI,[34493269]
g1307.7905,tylosin,,0.5,mg/L,MIC,CLSI,[34493269]
g1307.7906,amoxicillin,,0.03,mg/L,MIC,CLSI,[34493269]
g1307.7906,cefquinome,,0.03,mg/L,MIC,CLSI,[34493269]
g1307.7906,ceftiofur,,0.5,mg/L,MIC,CLSI,[34493269]
g1307.7906,doxycycline,,0.12,mg/L,MIC,CLSI,[34493269]
g1307.7906,enrofloxacin,,0.5,mg/L,MIC,CLSI,[34493269]
g1307.7906,erythromycin,,0.03,mg/L,MIC,CLSI,[34493269]
g1307.7906,florfenicol,,1.0,mg/L,MIC,CLSI,[34493269]
g1307.7906,lincomycin,,16.0,mg/L,MIC,CLSI,[34493269]
g1307.7906,marbofloxacin,,1.0,mg/L,MIC,CLSI,[34493269]
g1307.7906,penicillin,,0.12,mg/L,MIC,CLSI,[34493269]
g1307.7906,spectinomycin,,8.0,mg/L,MIC,CLSI,[34493269]
g1307.7906,tetracycline,,2.0,mg/L,MIC,CLSI,[34493269]
g1307.7906,tiamulin,,64.0,mg/L,MIC,CLSI,[34493269]
g1307.7906,tilmicosin,,1.0,mg/L,MIC,CLSI,[34493269]
g1307.7906,trimethoprim,,4.0,mg/L,MIC,CLSI,[34493269]
g1307.7906,tylosin,,0.5,mg/L,MIC,CLSI,[34493269]
g1307.7907,amoxicillin,,0.06,mg/L,MIC,CLSI,[34493269]
g1307.7907,cefquinome,,0.06,mg/L,MIC,CLSI,[34493269]
g1307.7907,ceftiofur,,2.0,mg/L,MIC,CLSI,[34493269]
g1307.7907,doxycycline,,16.0,mg/L,MIC,CLSI,[34493269]
g1307.7907,enrofloxacin,,0.5,mg/L,MIC,CLSI,[34493269]
g1307.7907,erythromycin,,0.03,mg/L,MIC,CLSI,[34493269]
g1307.7907,florfenicol,,1.0,mg/L,MIC,CLSI,[34493269]
g1307.7907,lincomycin,,128.0,mg/L,MIC,CLSI,[34493269]
g1307.7907,marbofloxacin,,1.0,mg/L,MIC,CLSI,[34493269]
g1307.7907,penicillin,,0.25,mg/L,MIC,CLSI,[34493269]
g1307.7907,spectinomycin,,32.0,mg/L,MIC,CLSI,[34493269]
g1307.7907,tetracycline,,64.0,mg/L,MIC,CLSI,[34493269]
g1307.7907,tiamulin,,16.0,mg/L,MIC,CLSI,[34493269]
g1307.7907,tilmicosin,,4.0,mg/L,MIC,CLSI,[34493269]
g1307.7907,trimethoprim,,1.0,mg/L,MIC,CLSI,[34493269]
g1307.7907,tylosin,,0.5,mg/L,MIC,CLSI,[34493269]
g1307.7908,amoxicillin,,0.06,mg/L,MIC,CLSI,[34493269]
g1307.7908,cefquinome,,0.06,mg/L,MIC,CLSI,[34493269]
g1307.7908,ceftiofur,,1.0,mg/L,MIC,CLSI,[34493269]
g1307.7908,doxycycline,,0.12,mg/L,MIC,CLSI,[34493269]
g1307.7908,enrofloxacin,,1.0,mg/L,MIC,CLSI,[34493269]
g1307.7908,erythromycin,,0.015,mg/L,MIC,CLSI,[34493269]
g1307.7908,florfenicol,,2.0,mg/L,MIC,CLSI,[34493269]
g1307.7908,lincomycin,,4.0,mg/L,MIC,CLSI,[34493269]
g1307.7908,marbofloxacin,,2.0,mg/L,MIC,CLSI,[34493269]
g1307.7908,penicillin,,0.25,mg/L,MIC,CLSI,[34493269]
g1307.7908,spectinomycin,,4.0,mg/L,MIC,CLSI,[34493269]
g1307.7908,tetracycline,,2.0,mg/L,MIC,CLSI,[34493269]
g1307.7908,tiamulin,,8.0,mg/L,MIC,CLSI,[34493269]
g1307.7908,tilmicosin,,2.0,mg/L,MIC,CLSI,[34493269]
g1307.7908,trimethoprim,,0.03,mg/L,MIC,CLSI,[34493269]
g1307.7908,tylosin,,0.5,mg/L,MIC,CLSI,[34493269]
g1307.7909,amoxicillin,,0.03,mg/L,MIC,CLSI,[34493269]
g1307.7909,cefquinome,,0.008,mg/L,MIC,CLSI,[34493269]
g1307.7909,ceftiofur,,0.06,mg/L,MIC,CLSI,[34493269]
g1307.7909,doxycycline,,0.12,mg/L,MIC,CLSI,[34493269]
g1307.7909,enrofloxacin,,0.5,mg/L,MIC,CLSI,[34493269]
g1307.7909,erythromycin,,0.03,mg/L,MIC,CLSI,[34493269]
g1307.7909,florfenicol,,1.0,mg/L,MIC,CLSI,[34493269]
g1307.7909,lincomycin,,4.0,mg/L,MIC,CLSI,[34493269]
g1307.7909,marbofloxacin,,1.0,mg/L,MIC,CLSI,[34493269]
g1307.7909,penicillin,,0.03,mg/L,MIC,CLSI,[34493269]
g1307.7909,spectinomycin,,32.0,mg/L,MIC,CLSI,[34493269]
g1307.7909,tetracycline,,2.0,mg/L,MIC,CLSI,[34493269]
g1307.7909,tiamulin,,4.0,mg/L,MIC,CLSI,[34493269]
g1307.7909,tilmicosin,,4.0,mg/L,MIC,CLSI,[34493269]
g1307.7909,trimethoprim,,0.12,mg/L,MIC,CLSI,[34493269]
g1307.7909,tylosin,,1.0,mg/L,MIC,CLSI,[34493269]
g1307.7910,amoxicillin,,0.03,mg/L,MIC,CLSI,[34493269]
g1307.7910,cefquinome,,0.015,mg/L,MIC,CLSI,[34493269]
g1307.7910,ceftiofur,,0.12,mg/L,MIC,CLSI,[34493269]
g1307.7910,doxycycline,,0.12,mg/L,MIC,CLSI,[34493269]
g1307.7910,enrofloxacin,,0.5,mg/L,MIC,CLSI,[34493269]
g1307.7910,erythromycin,,0.03,mg/L,MIC,CLSI,[34493269]
g1307.7910,florfenicol,,2.0,mg/L,MIC,CLSI,[34493269]
g1307.7910,lincomycin,,0.06,mg/L,MIC,CLSI,[34493269]
g1307.7910,marbofloxacin,,1.0,mg/L,MIC,CLSI,[34493269]
g1307.7910,penicillin,,0.03,mg/L,MIC,CLSI,[34493269]
g1307.7910,spectinomycin,,16.0,mg/L,MIC,CLSI,[34493269]
g1307.7910,tetracycline,,2.0,mg/L,MIC,CLSI,[34493269]
g1307.7910,tiamulin,,0.25,mg/L,MIC,CLSI,[34493269]
g1307.7910,tilmicosin,,4.0,mg/L,MIC,CLSI,[34493269]
g1307.7910,trimethoprim,,0.03,mg/L,MIC,CLSI,[34493269]
g1307.7910,tylosin,,0.5,mg/L,MIC,CLSI,[34493269]
g1307.7911,amoxicillin,,0.03,mg/L,MIC,CLSI,[34493269]
g1307.7911,cefquinome,,0.015,mg/L,MIC,CLSI,[34493269]
g1307.7911,ceftiofur,,0.12,mg/L,MIC,CLSI,[34493269]
g1307.7911,doxycycline,,8.0,mg/L,MIC,CLSI,[34493269]
g1307.7911,enrofloxacin,,0.25,mg/L,MIC,CLSI,[34493269]
g1307.7911,erythromycin,,0.015,mg/L,MIC,CLSI,[34493269]
g1307.7911,florfenicol,,1.0,mg/L,MIC,CLSI,[34493269]
g1307.7911,lincomycin,,2.0,mg/L,MIC,CLSI,[34493269]
g1307.7911,marbofloxacin,,0.5,mg/L,MIC,CLSI,[34493269]
g1307.7911,penicillin,,0.03,mg/L,MIC,CLSI,[34493269]
g1307.7911,spectinomycin,,8.0,mg/L,MIC,CLSI,[34493269]
g1307.7911,tetracycline,,32.0,mg/L,MIC,CLSI,[34493269]
g1307.7911,tiamulin,,2.0,mg/L,MIC,CLSI,[34493269]
g1307.7911,tilmicosin,,2.0,mg/L,MIC,CLSI,[34493269]
g1307.7911,trimethoprim,,0.015,mg/L,MIC,CLSI,[34493269]
g1307.7911,tylosin,,0.5,mg/L,MIC,CLSI,[34493269]
g1307.7912,amoxicillin,,0.03,mg/L,MIC,CLSI,[34493269]
g1307.7912,cefquinome,,0.015,mg/L,MIC,CLSI,[34493269]
g1307.7912,ceftiofur,,0.12,mg/L,MIC,CLSI,[34493269]
g1307.7912,doxycycline,,8.0,mg/L,MIC,CLSI,[34493269]
g1307.7912,enrofloxacin,,0.5,mg/L,MIC,CLSI,[34493269]
g1307.7912,erythromycin,,0.03,mg/L,MIC,CLSI,[34493269]
g1307.7912,florfenicol,,2.0,mg/L,MIC,CLSI,[34493269]
g1307.7912,lincomycin,,0.12,mg/L,MIC,CLSI,[34493269]
g1307.7912,marbofloxacin,,1.0,mg/L,MIC,CLSI,[34493269]
g1307.7912,penicillin,,0.03,mg/L,MIC,CLSI,[34493269]
g1307.7912,spectinomycin,,16.0,mg/L,MIC,CLSI,[34493269]
g1307.7912,tetracycline,,32.0,mg/L,MIC,CLSI,[34493269]
g1307.7912,tiamulin,,0.25,mg/L,MIC,CLSI,[34493269]
g1307.7912,tilmicosin,,4.0,mg/L,MIC,CLSI,[34493269]
g1307.7912,trimethoprim,,0.03,mg/L,MIC,CLSI,[34493269]
g1307.7912,tylosin,,0.5,mg/L,MIC,CLSI,[34493269]
g1307.7913,amoxicillin,,0.06,mg/L,MIC,CLSI,[34493269]
g1307.7913,cefquinome,,0.06,mg/L,MIC,CLSI,[34493269]
g1307.7913,ceftiofur,,1.0,mg/L,MIC,CLSI,[34493269]
g1307.7913,doxycycline,,16.0,mg/L,MIC,CLSI,[34493269]
g1307.7913,enrofloxacin,,0.25,mg/L,MIC,CLSI,[34493269]
g1307.7913,erythromycin,,0.03,mg/L,MIC,CLSI,[34493269]
g1307.7913,florfenicol,,1.0,mg/L,MIC,CLSI,[34493269]
g1307.7913,lincomycin,,8.0,mg/L,MIC,CLSI,[34493269]
g1307.7913,marbofloxacin,,0.5,mg/L,MIC,CLSI,[34493269]
g1307.7913,penicillin,,0.5,mg/L,MIC,CLSI,[34493269]
g1307.7913,spectinomycin,,16.0,mg/L,MIC,CLSI,[34493269]
g1307.7913,tetracycline,,64.0,mg/L,MIC,CLSI,[34493269]
g1307.7913,tiamulin,,16.0,mg/L,MIC,CLSI,[34493269]
g1307.7913,tilmicosin,,4.0,mg/L,MIC,CLSI,[34493269]
g1307.7913,trimethoprim,,2.0,mg/L,MIC,CLSI,[34493269]
g1307.7913,tylosin,,1.0,mg/L,MIC,CLSI,[34493269]
g1307.7914,amoxicillin,,0.03,mg/L,MIC,CLSI,[34493269]
g1307.7914,cefquinome,,0.06,mg/L,MIC,CLSI,[34493269]
g1307.7914,ceftiofur,,0.5,mg/L,MIC,CLSI,[34493269]
g1307.7914,doxycycline,,16.0,mg/L,MIC,CLSI,[34493269]
g1307.7914,enrofloxacin,,0.5,mg/L,MIC,CLSI,[34493269]
g1307.7914,erythromycin,,32.0,mg/L,MIC,CLSI,[34493269]
g1307.7914,florfenicol,,2.0,mg/L,MIC,CLSI,[34493269]
g1307.7914,lincomycin,,128.0,mg/L,MIC,CLSI,[34493269]
g1307.7914,marbofloxacin,,1.0,mg/L,MIC,CLSI,[34493269]
g1307.7914,penicillin,,0.25,mg/L,MIC,CLSI,[34493269]
g1307.7914,spectinomycin,,512.0,mg/L,MIC,CLSI,[34493269]
g1307.7914,tetracycline,,64.0,mg/L,MIC,CLSI,[34493269]
g1307.7914,tiamulin,,16.0,mg/L,MIC,CLSI,[34493269]
g1307.7914,tilmicosin,,128.0,mg/L,MIC,CLSI,[34493269]
g1307.7914,trimethoprim,,8.0,mg/L,MIC,CLSI,[34493269]
g1307.7914,tylosin,,256.0,mg/L,MIC,CLSI,[34493269]
g1307.7915,amoxicillin,,0.03,mg/L,MIC,CLSI,[34493269]
g1307.7915,cefquinome,,0.015,mg/L,MIC,CLSI,[34493269]
g1307.7915,ceftiofur,,0.12,mg/L,MIC,CLSI,[34493269]
g1307.7915,doxycycline,,0.12,mg/L,MIC,CLSI,[34493269]
g1307.7915,enrofloxacin,,0.5,mg/L,MIC,CLSI,[34493269]
g1307.7915,erythromycin,,0.03,mg/L,MIC,CLSI,[34493269]
g1307.7915,florfenicol,,2.0,mg/L,MIC,CLSI,[34493269]
g1307.7915,lincomycin,,0.12,mg/L,MIC,CLSI,[34493269]
g1307.7915,marbofloxacin,,1.0,mg/L,MIC,CLSI,[34493269]
g1307.7915,penicillin,,0.03,mg/L,MIC,CLSI,[34493269]
g1307.7915,spectinomycin,,16.0,mg/L,MIC,CLSI,[34493269]
g1307.7915,tetracycline,,2.0,mg/L,MIC,CLSI,[34493269]
g1307.7915,tiamulin,,0.25,mg/L,MIC,CLSI,[34493269]
g1307.7915,tilmicosin,,4.0,mg/L,MIC,CLSI,[34493269]
g1307.7915,trimethoprim,,0.25,mg/L,MIC,CLSI,[34493269]
g1307.7915,tylosin,,1.0,mg/L,MIC,CLSI,[34493269]
g1307.7916,amoxicillin,,0.03,mg/L,MIC,CLSI,[34493269]
g1307.7916,cefquinome,,0.03,mg/L,MIC,CLSI,[34493269]
g1307.7916,ceftiofur,,0.25,mg/L,MIC,CLSI,[34493269]
g1307.7916,doxycycline,,0.12,mg/L,MIC,CLSI,[34493269]
g1307.7916,enrofloxacin,,0.5,mg/L,MIC,CLSI,[34493269]
g1307.7916,erythromycin,,0.03,mg/L,MIC,CLSI,[34493269]
g1307.7916,florfenicol,,2.0,mg/L,MIC,CLSI,[34493269]
g1307.7916,lincomycin,,1.0,mg/L,MIC,CLSI,[34493269]
g1307.7916,marbofloxacin,,1.0,mg/L,MIC,CLSI,[34493269]
g1307.7916,penicillin,,0.03,mg/L,MIC,CLSI,[34493269]
g1307.7916,spectinomycin,,16.0,mg/L,MIC,CLSI,[34493269]
g1307.7916,tetracycline,,2.0,mg/L,MIC,CLSI,[34493269]
g1307.7916,tiamulin,,2.0,mg/L,MIC,CLSI,[34493269]
g1307.7916,tilmicosin,,4.0,mg/L,MIC,CLSI,[34493269]
g1307.7916,trimethoprim,,0.06,mg/L,MIC,CLSI,[34493269]
g1307.7916,tylosin,,1.0,mg/L,MIC,CLSI,[34493269]
g1307.7917,amoxicillin,,0.03,mg/L,MIC,CLSI,[34493269]
g1307.7917,cefquinome,,0.008,mg/L,MIC,CLSI,[34493269]
g1307.7917,ceftiofur,,0.06,mg/L,MIC,CLSI,[34493269]
g1307.7917,doxycycline,,0.06,mg/L,MIC,CLSI,[34493269]
g1307.7917,enrofloxacin,,0.25,mg/L,MIC,CLSI,[34493269]
g1307.7917,erythromycin,,32.0,mg/L,MIC,CLSI,[34493269]
g1307.7917,florfenicol,,2.0,mg/L,MIC,CLSI,[34493269]
g1307.7917,lincomycin,,128.0,mg/L,MIC,CLSI,[34493269]
g1307.7917,marbofloxacin,,0.5,mg/L,MIC,CLSI,[34493269]
g1307.7917,penicillin,,0.03,mg/L,MIC,CLSI,[34493269]
g1307.7917,spectinomycin,,8.0,mg/L,MIC,CLSI,[34493269]
g1307.7917,tetracycline,,2.0,mg/L,MIC,CLSI,[34493269]
g1307.7917,tiamulin,,1.0,mg/L,MIC,CLSI,[34493269]
g1307.7917,tilmicosin,,128.0,mg/L,MIC,CLSI,[34493269]
g1307.7917,trimethoprim,,0.5,mg/L,MIC,CLSI,[34493269]
g1307.7917,tylosin,,256.0,mg/L,MIC,CLSI,[34493269]
g1307.7918,amoxicillin,,0.5,mg/L,MIC,CLSI,[34493269]
g1307.7918,cefquinome,,0.25,mg/L,MIC,CLSI,[34493269]
g1307.7918,ceftiofur,,4.0,mg/L,MIC,CLSI,[34493269]
g1307.7918,doxycycline,,16.0,mg/L,MIC,CLSI,[34493269]
g1307.7918,enrofloxacin,,0.25,mg/L,MIC,CLSI,[34493269]
g1307.7918,erythromycin,,32.0,mg/L,MIC,CLSI,[34493269]
g1307.7918,florfenicol,,2.0,mg/L,MIC,CLSI,[34493269]
g1307.7918,lincomycin,,128.0,mg/L,MIC,CLSI,[34493269]
g1307.7918,marbofloxacin,,1.0,mg/L,MIC,CLSI,[34493269]
g1307.7918,penicillin,,1.0,mg/L,MIC,CLSI,[34493269]
g1307.7918,spectinomycin,,8.0,mg/L,MIC,CLSI,[34493269]
g1307.7918,tetracycline,,64.0,mg/L,MIC,CLSI,[34493269]
g1307.7918,tiamulin,,64.0,mg/L,MIC,CLSI,[34493269]
g1307.7918,tilmicosin,,128.0,mg/L,MIC,CLSI,[34493269]
g1307.7918,trimethoprim,,16.0,mg/L,MIC,CLSI,[34493269]
g1307.7918,tylosin,,256.0,mg/L,MIC,CLSI,[34493269]
g1307.7919,amoxicillin,,0.03,mg/L,MIC,CLSI,[34493269]
g1307.7919,cefquinome,,0.015,mg/L,MIC,CLSI,[34493269]
g1307.7919,ceftiofur,,0.12,mg/L,MIC,CLSI,[34493269]
g1307.7919,doxycycline,,0.12,mg/L,MIC,CLSI,[34493269]
g1307.7919,enrofloxacin,,0.5,mg/L,MIC,CLSI,[34493269]
g1307.7919,erythromycin,,0.03,mg/L,MIC,CLSI,[34493269]
g1307.7919,florfenicol,,2.0,mg/L,MIC,CLSI,[34493269]
g1307.7919,lincomycin,,4.0,mg/L,MIC,CLSI,[34493269]
g1307.7919,marbofloxacin,,0.5,mg/L,MIC,CLSI,[34493269]
g1307.7919,penicillin,,0.03,mg/L,MIC,CLSI,[34493269]
g1307.7919,spectinomycin,,16.0,mg/L,MIC,CLSI,[34493269]
g1307.7919,tetracycline,,2.0,mg/L,MIC,CLSI,[34493269]
g1307.7919,tiamulin,,2.0,mg/L,MIC,CLSI,[34493269]
g1307.7919,tilmicosin,,4.0,mg/L,MIC,CLSI,[34493269]
g1307.7919,trimethoprim,,1.0,mg/L,MIC,CLSI,[34493269]
g1307.7919,tylosin,,0.5,mg/L,MIC,CLSI,[34493269]
g1307.7920,amoxicillin,,0.03,mg/L,MIC,CLSI,[34493269]
g1307.7920,cefquinome,,0.015,mg/L,MIC,CLSI,[34493269]
g1307.7920,ceftiofur,,0.12,mg/L,MIC,CLSI,[34493269]
g1307.7920,doxycycline,,8.0,mg/L,MIC,CLSI,[34493269]
g1307.7920,enrofloxacin,,0.25,mg/L,MIC,CLSI,[34493269]
g1307.7920,erythromycin,,0.03,mg/L,MIC,CLSI,[34493269]
g1307.7920,florfenicol,,2.0,mg/L,MIC,CLSI,[34493269]
g1307.7920,lincomycin,,0.12,mg/L,MIC,CLSI,[34493269]
g1307.7920,marbofloxacin,,0.5,mg/L,MIC,CLSI,[34493269]
g1307.7920,penicillin,,0.03,mg/L,MIC,CLSI,[34493269]
g1307.7920,spectinomycin,,16.0,mg/L,MIC,CLSI,[34493269]
g1307.7920,tetracycline,,32.0,mg/L,MIC,CLSI,[34493269]
g1307.7920,tiamulin,,0.25,mg/L,MIC,CLSI,[34493269]
g1307.7920,tilmicosin,,4.0,mg/L,MIC,CLSI,[34493269]
g1307.7920,trimethoprim,,0.03,mg/L,MIC,CLSI,[34493269]
g1307.7920,tylosin,,0.5,mg/L,MIC,CLSI,[34493269]
g1307.7921,amoxicillin,,0.03,mg/L,MIC,CLSI,[34493269]
g1307.7921,cefquinome,,0.03,mg/L,MIC,CLSI,[34493269]
g1307.7921,ceftiofur,,0.5,mg/L,MIC,CLSI,[34493269]
g1307.7921,doxycycline,,16.0,mg/L,MIC,CLSI,[34493269]
g1307.7921,enrofloxacin,,0.5,mg/L,MIC,CLSI,[34493269]
g1307.7921,erythromycin,,0.03,mg/L,MIC,CLSI,[34493269]
g1307.7921,florfenicol,,2.0,mg/L,MIC,CLSI,[34493269]
g1307.7921,lincomycin,,8.0,mg/L,MIC,CLSI,[34493269]
g1307.7921,marbofloxacin,,1.0,mg/L,MIC,CLSI,[34493269]
g1307.7921,penicillin,,0.5,mg/L,MIC,CLSI,[34493269]
g1307.7921,spectinomycin,,32.0,mg/L,MIC,CLSI,[34493269]
g1307.7921,tetracycline,,64.0,mg/L,MIC,CLSI,[34493269]
g1307.7921,tiamulin,,8.0,mg/L,MIC,CLSI,[34493269]
g1307.7921,tilmicosin,,4.0,mg/L,MIC,CLSI,[34493269]
g1307.7921,trimethoprim,,16.0,mg/L,MIC,CLSI,[34493269]
g1307.7921,tylosin,,1.0,mg/L,MIC,CLSI,[34493269]
g1307.7922,amoxicillin,,0.03,mg/L,MIC,CLSI,[34493269]
g1307.7922,cefquinome,,0.03,mg/L,MIC,CLSI,[34493269]
g1307.7922,ceftiofur,,0.12,mg/L,MIC,CLSI,[34493269]
g1307.7922,doxycycline,,4.0,mg/L,MIC,CLSI,[34493269]
g1307.7922,enrofloxacin,,0.25,mg/L,MIC,CLSI,[34493269]
g1307.7922,erythromycin,,0.03,mg/L,MIC,CLSI,[34493269]
g1307.7922,florfenicol,,1.0,mg/L,MIC,CLSI,[34493269]
g1307.7922,lincomycin,,4.0,mg/L,MIC,CLSI,[34493269]
g1307.7922,marbofloxacin,,0.5,mg/L,MIC,CLSI,[34493269]
g1307.7922,penicillin,,0.03,mg/L,MIC,CLSI,[34493269]
g1307.7922,spectinomycin,,16.0,mg/L,MIC,CLSI,[34493269]
g1307.7922,tetracycline,,32.0,mg/L,MIC,CLSI,[34493269]
g1307.7922,tiamulin,,8.0,mg/L,MIC,CLSI,[34493269]
g1307.7922,tilmicosin,,4.0,mg/L,MIC,CLSI,[34493269]
g1307.7922,trimethoprim,,0.06,mg/L,MIC,CLSI,[34493269]
g1307.7922,tylosin,,0.5,mg/L,MIC,CLSI,[34493269]
g1307.7923,amoxicillin,,0.03,mg/L,MIC,CLSI,[34493269]
g1307.7923,cefquinome,,0.015,mg/L,MIC,CLSI,[34493269]
g1307.7923,ceftiofur,,0.12,mg/L,MIC,CLSI,[34493269]
g1307.7923,doxycycline,,0.12,mg/L,MIC,CLSI,[34493269]
g1307.7923,enrofloxacin,,0.5,mg/L,MIC,CLSI,[34493269]
g1307.7923,erythromycin,,0.06,mg/L,MIC,CLSI,[34493269]
g1307.7923,florfenicol,,2.0,mg/L,MIC,CLSI,[34493269]
g1307.7923,lincomycin,,0.12,mg/L,MIC,CLSI,[34493269]
g1307.7923,marbofloxacin,,0.5,mg/L,MIC,CLSI,[34493269]
g1307.7923,penicillin,,0.03,mg/L,MIC,CLSI,[34493269]
g1307.7923,spectinomycin,,16.0,mg/L,MIC,CLSI,[34493269]
g1307.7923,tetracycline,,2.0,mg/L,MIC,CLSI,[34493269]
g1307.7923,tiamulin,,0.25,mg/L,MIC,CLSI,[34493269]
g1307.7923,tilmicosin,,4.0,mg/L,MIC,CLSI,[34493269]
g1307.7923,trimethoprim,,0.03,mg/L,MIC,CLSI,[34493269]
g1307.7923,tylosin,,1.0,mg/L,MIC,CLSI,[34493269]
g1307.7924,amoxicillin,,0.03,mg/L,MIC,CLSI,[34493269]
g1307.7924,cefquinome,,0.03,mg/L,MIC,CLSI,[34493269]
g1307.7924,ceftiofur,,1.0,mg/L,MIC,CLSI,[34493269]
g1307.7924,doxycycline,,16.0,mg/L,MIC,CLSI,[34493269]
g1307.7924,enrofloxacin,,0.25,mg/L,MIC,CLSI,[34493269]
g1307.7924,erythromycin,,0.03,mg/L,MIC,CLSI,[34493269]
g1307.7924,florfenicol,,2.0,mg/L,MIC,CLSI,[34493269]
g1307.7924,lincomycin,,8.0,mg/L,MIC,CLSI,[34493269]
g1307.7924,marbofloxacin,,0.5,mg/L,MIC,CLSI,[34493269]
g1307.7924,penicillin,,0.25,mg/L,MIC,CLSI,[34493269]
g1307.7924,spectinomycin,,16.0,mg/L,MIC,CLSI,[34493269]
g1307.7924,tetracycline,,64.0,mg/L,MIC,CLSI,[34493269]
g1307.7924,tiamulin,,8.0,mg/L,MIC,CLSI,[34493269]
g1307.7924,tilmicosin,,4.0,mg/L,MIC,CLSI,[34493269]
g1307.7924,trimethoprim,,1.0,mg/L,MIC,CLSI,[34493269]
g1307.7924,tylosin,,1.0,mg/L,MIC,CLSI,[34493269]
g1307.7925,amoxicillin,,0.03,mg/L,MIC,CLSI,[34493269]
g1307.7925,cefquinome,,0.015,mg/L,MIC,CLSI,[34493269]
g1307.7925,ceftiofur,,0.25,mg/L,MIC,CLSI,[34493269]
g1307.7925,doxycycline,,16.0,mg/L,MIC,CLSI,[34493269]
g1307.7925,enrofloxacin,,0.5,mg/L,MIC,CLSI,[34493269]
g1307.7925,erythromycin,,32.0,mg/L,MIC,CLSI,[34493269]
g1307.7925,florfenicol,,2.0,mg/L,MIC,CLSI,[34493269]
g1307.7925,lincomycin,,128.0,mg/L,MIC,CLSI,[34493269]
g1307.7925,marbofloxacin,,1.0,mg/L,MIC,CLSI,[34493269]
g1307.7925,penicillin,,0.12,mg/L,MIC,CLSI,[34493269]
g1307.7925,spectinomycin,,16.0,mg/L,MIC,CLSI,[34493269]
g1307.7925,tetracycline,,128.0,mg/L,MIC,CLSI,[34493269]
g1307.7925,tiamulin,,64.0,mg/L,MIC,CLSI,[34493269]
g1307.7925,tilmicosin,,128.0,mg/L,MIC,CLSI,[34493269]
g1307.7925,trimethoprim,,4.0,mg/L,MIC,CLSI,[34493269]
g1307.7925,tylosin,,256.0,mg/L,MIC,CLSI,[34493269]
g1307.7926,amoxicillin,,0.03,mg/L,MIC,CLSI,[34493269]
g1307.7926,cefquinome,,0.015,mg/L,MIC,CLSI,[34493269]
g1307.7926,ceftiofur,,0.12,mg/L,MIC,CLSI,[34493269]
g1307.7926,doxycycline,,16.0,mg/L,MIC,CLSI,[34493269]
g1307.7926,enrofloxacin,,0.5,mg/L,MIC,CLSI,[34493269]
g1307.7926,erythromycin,,32.0,mg/L,MIC,CLSI,[34493269]
g1307.7926,florfenicol,,2.0,mg/L,MIC,CLSI,[34493269]
g1307.7926,lincomycin,,128.0,mg/L,MIC,CLSI,[34493269]
g1307.7926,marbofloxacin,,0.5,mg/L,MIC,CLSI,[34493269]
g1307.7926,penicillin,,0.03,mg/L,MIC,CLSI,[34493269]
g1307.7926,spectinomycin,,16.0,mg/L,MIC,CLSI,[34493269]
g1307.7926,tetracycline,,64.0,mg/L,MIC,CLSI,[34493269]
g1307.7926,tiamulin,,4.0,mg/L,MIC,CLSI,[34493269]
g1307.7926,tilmicosin,,128.0,mg/L,MIC,CLSI,[34493269]
g1307.7926,trimethoprim,,0.015,mg/L,MIC,CLSI,[34493269]
g1307.7926,tylosin,,256.0,mg/L,MIC,CLSI,[34493269]
g1307.7927,amoxicillin,,0.03,mg/L,MIC,CLSI,[34493269]
g1307.7927,cefquinome,,0.03,mg/L,MIC,CLSI,[34493269]
g1307.7927,ceftiofur,,0.5,mg/L,MIC,CLSI,[34493269]
g1307.7927,doxycycline,,16.0,mg/L,MIC,CLSI,[34493269]
g1307.7927,enrofloxacin,,0.12,mg/L,MIC,CLSI,[34493269]
g1307.7927,erythromycin,,8.0,mg/L,MIC,CLSI,[34493269]
g1307.7927,florfenicol,,2.0,mg/L,MIC,CLSI,[34493269]
g1307.7927,lincomycin,,128.0,mg/L,MIC,CLSI,[34493269]
g1307.7927,marbofloxacin,,0.25,mg/L,MIC,CLSI,[34493269]
g1307.7927,penicillin,,1.0,mg/L,MIC,CLSI,[34493269]
g1307.7927,spectinomycin,,8.0,mg/L,MIC,CLSI,[34493269]
g1307.7927,tetracycline,,128.0,mg/L,MIC,CLSI,[34493269]
g1307.7927,tiamulin,,8.0,mg/L,MIC,CLSI,[34493269]
g1307.7927,tilmicosin,,128.0,mg/L,MIC,CLSI,[34493269]
g1307.7927,trimethoprim,,1.0,mg/L,MIC,CLSI,[34493269]
g1307.7927,tylosin,,256.0,mg/L,MIC,CLSI,[34493269]
g1307.7928,amoxicillin,,0.03,mg/L,MIC,CLSI,[34493269]
g1307.7928,cefquinome,,0.03,mg/L,MIC,CLSI,[34493269]
g1307.7928,ceftiofur,,1.0,mg/L,MIC,CLSI,[34493269]
g1307.7928,doxycycline,,16.0,mg/L,MIC,CLSI,[34493269]
g1307.7928,enrofloxacin,,0.5,mg/L,MIC,CLSI,[34493269]
g1307.7928,erythromycin,,0.015,mg/L,MIC,CLSI,[34493269]
g1307.7928,florfenicol,,1.0,mg/L,MIC,CLSI,[34493269]
g1307.7928,lincomycin,,8.0,mg/L,MIC,CLSI,[34493269]
g1307.7928,marbofloxacin,,1.0,mg/L,MIC,CLSI,[34493269]
g1307.7928,penicillin,,1.0,mg/L,MIC,CLSI,[34493269]
g1307.7928,spectinomycin,,8.0,mg/L,MIC,CLSI,[34493269]
g1307.7928,tetracycline,,128.0,mg/L,MIC,CLSI,[34493269]
g1307.7928,tiamulin,,32.0,mg/L,MIC,CLSI,[34493269]
g1307.7928,tilmicosin,,2.0,mg/L,MIC,CLSI,[34493269]
g1307.7928,trimethoprim,,0.5,mg/L,MIC,CLSI,[34493269]
g1307.7928,tylosin,,0.5,mg/L,MIC,CLSI,[34493269]
g1307.7929,amoxicillin,,0.12,mg/L,MIC,CLSI,[34493269]
g1307.7929,cefquinome,,0.06,mg/L,MIC,CLSI,[34493269]
g1307.7929,ceftiofur,,1.0,mg/L,MIC,CLSI,[34493269]
g1307.7929,doxycycline,,16.0,mg/L,MIC,CLSI,[34493269]
g1307.7929,enrofloxacin,,0.25,mg/L,MIC,CLSI,[34493269]
g1307.7929,erythromycin,,32.0,mg/L,MIC,CLSI,[34493269]
g1307.7929,florfenicol,,1.0,mg/L,MIC,CLSI,[34493269]
g1307.7929,lincomycin,,128.0,mg/L,MIC,CLSI,[34493269]
g1307.7929,marbofloxacin,,0.5,mg/L,MIC,CLSI,[34493269]
g1307.7929,penicillin,,2.0,mg/L,MIC,CLSI,[34493269]
g1307.7929,spectinomycin,,8.0,mg/L,MIC,CLSI,[34493269]
g1307.7929,tetracycline,,64.0,mg/L,MIC,CLSI,[34493269]
g1307.7929,tiamulin,,16.0,mg/L,MIC,CLSI,[34493269]
g1307.7929,tilmicosin,,128.0,mg/L,MIC,CLSI,[34493269]
g1307.7929,trimethoprim,,0.25,mg/L,MIC,CLSI,[34493269]
g1307.7929,tylosin,,256.0,mg/L,MIC,CLSI,[34493269]
g1307.7930,amoxicillin,,0.03,mg/L,MIC,CLSI,[34493269]
g1307.7930,cefquinome,,0.03,mg/L,MIC,CLSI,[34493269]
g1307.7930,ceftiofur,,0.5,mg/L,MIC,CLSI,[34493269]
g1307.7930,doxycycline,,16.0,mg/L,MIC,CLSI,[34493269]
g1307.7930,enrofloxacin,,0.25,mg/L,MIC,CLSI,[34493269]
g1307.7930,erythromycin,,32.0,mg/L,MIC,CLSI,[34493269]
g1307.7930,florfenicol,,2.0,mg/L,MIC,CLSI,[34493269]
g1307.7930,lincomycin,,128.0,mg/L,MIC,CLSI,[34493269]
g1307.7930,marbofloxacin,,2.0,mg/L,MIC,CLSI,[34493269]
g1307.7930,penicillin,,0.25,mg/L,MIC,CLSI,[34493269]
g1307.7930,spectinomycin,,32.0,mg/L,MIC,CLSI,[34493269]
g1307.7930,tetracycline,,64.0,mg/L,MIC,CLSI,[34493269]
g1307.7930,tiamulin,,8.0,mg/L,MIC,CLSI,[34493269]
g1307.7930,tilmicosin,,128.0,mg/L,MIC,CLSI,[34493269]
g1307.7930,trimethoprim,,0.25,mg/L,MIC,CLSI,[34493269]
g1307.7930,tylosin,,256.0,mg/L,MIC,CLSI,[34493269]
g1307.7931,amoxicillin,,0.12,mg/L,MIC,CLSI,[34493269]
g1307.7931,cefquinome,,0.06,mg/L,MIC,CLSI,[34493269]
g1307.7931,ceftiofur,,2.0,mg/L,MIC,CLSI,[34493269]
g1307.7931,doxycycline,,16.0,mg/L,MIC,CLSI,[34493269]
g1307.7931,enrofloxacin,,0.25,mg/L,MIC,CLSI,[34493269]
g1307.7931,erythromycin,,4.0,mg/L,MIC,CLSI,[34493269]
g1307.7931,florfenicol,,2.0,mg/L,MIC,CLSI,[34493269]
g1307.7931,lincomycin,,128.0,mg/L,MIC,CLSI,[34493269]
g1307.7931,marbofloxacin,,0.5,mg/L,MIC,CLSI,[34493269]
g1307.7931,penicillin,,2.0,mg/L,MIC,CLSI,[34493269]
g1307.7931,spectinomycin,,16.0,mg/L,MIC,CLSI,[34493269]
g1307.7931,tetracycline,,128.0,mg/L,MIC,CLSI,[34493269]
g1307.7931,tiamulin,,8.0,mg/L,MIC,CLSI,[34493269]
g1307.7931,tilmicosin,,128.0,mg/L,MIC,CLSI,[34493269]
g1307.7931,trimethoprim,,0.5,mg/L,MIC,CLSI,[34493269]
g1307.7931,tylosin,,256.0,mg/L,MIC,CLSI,[34493269]
g1307.7932,amoxicillin,,0.03,mg/L,MIC,CLSI,[34493269]
g1307.7932,cefquinome,,0.004,mg/L,MIC,CLSI,[34493269]
g1307.7932,ceftiofur,,0.06,mg/L,MIC,CLSI,[34493269]
g1307.7932,doxycycline,,4.0,mg/L,MIC,CLSI,[34493269]
g1307.7932,enrofloxacin,,0.25,mg/L,MIC,CLSI,[34493269]
g1307.7932,erythromycin,,0.03,mg/L,MIC,CLSI,[34493269]
g1307.7932,florfenicol,,1.0,mg/L,MIC,CLSI,[34493269]
g1307.7932,lincomycin,,2.0,mg/L,MIC,CLSI,[34493269]
g1307.7932,marbofloxacin,,0.5,mg/L,MIC,CLSI,[34493269]
g1307.7932,penicillin,,0.03,mg/L,MIC,CLSI,[34493269]
g1307.7932,spectinomycin,,16.0,mg/L,MIC,CLSI,[34493269]
g1307.7932,tetracycline,,32.0,mg/L,MIC,CLSI,[34493269]
g1307.7932,tiamulin,,2.0,mg/L,MIC,CLSI,[34493269]
g1307.7932,tilmicosin,,4.0,mg/L,MIC,CLSI,[34493269]
g1307.7932,trimethoprim,,2.0,mg/L,MIC,CLSI,[34493269]
g1307.7932,tylosin,,0.5,mg/L,MIC,CLSI,[34493269]
g1307.7933,amoxicillin,,0.03,mg/L,MIC,CLSI,[34493269]
g1307.7933,cefquinome,,0.12,mg/L,MIC,CLSI,[34493269]
g1307.7933,ceftiofur,,2.0,mg/L,MIC,CLSI,[34493269]
g1307.7933,doxycycline,,8.0,mg/L,MIC,CLSI,[34493269]
g1307.7933,enrofloxacin,,0.5,mg/L,MIC,CLSI,[34493269]
g1307.7933,erythromycin,,32.0,mg/L,MIC,CLSI,[34493269]
g1307.7933,florfenicol,,2.0,mg/L,MIC,CLSI,[34493269]
g1307.7933,lincomycin,,128.0,mg/L,MIC,CLSI,[34493269]
g1307.7933,marbofloxacin,,1.0,mg/L,MIC,CLSI,[34493269]
g1307.7933,penicillin,,0.5,mg/L,MIC,CLSI,[34493269]
g1307.7933,spectinomycin,,8.0,mg/L,MIC,CLSI,[34493269]
g1307.7933,tetracycline,,64.0,mg/L,MIC,CLSI,[34493269]
g1307.7933,tiamulin,,0.12,mg/L,MIC,CLSI,[34493269]
g1307.7933,tilmicosin,,128.0,mg/L,MIC,CLSI,[34493269]
g1307.7933,trimethoprim,,0.03,mg/L,MIC,CLSI,[34493269]
g1307.7933,tylosin,,256.0,mg/L,MIC,CLSI,[34493269]
g1307.7934,amoxicillin,,0.03,mg/L,MIC,CLSI,[34493269]
g1307.7934,cefquinome,,0.06,mg/L,MIC,CLSI,[34493269]
g1307.7934,ceftiofur,,0.5,mg/L,MIC,CLSI,[34493269]
g1307.7934,doxycycline,,16.0,mg/L,MIC,CLSI,[34493269]
g1307.7934,enrofloxacin,,0.12,mg/L,MIC,CLSI,[34493269]
g1307.7934,erythromycin,,32.0,mg/L,MIC,CLSI,[34493269]
g1307.7934,florfenicol,,2.0,mg/L,MIC,CLSI,[34493269]
g1307.7934,lincomycin,,128.0,mg/L,MIC,CLSI,[34493269]
g1307.7934,marbofloxacin,,0.5,mg/L,MIC,CLSI,[34493269]
g1307.7934,penicillin,,0.5,mg/L,MIC,CLSI,[34493269]
g1307.7934,spectinomycin,,8.0,mg/L,MIC,CLSI,[34493269]
g1307.7934,tetracycline,,64.0,mg/L,MIC,CLSI,[34493269]
g1307.7934,tiamulin,,16.0,mg/L,MIC,CLSI,[34493269]
g1307.7934,tilmicosin,,128.0,mg/L,MIC,CLSI,[34493269]
g1307.7934,trimethoprim,,0.06,mg/L,MIC,CLSI,[34493269]
g1307.7934,tylosin,,256.0,mg/L,MIC,CLSI,[34493269]
g1307.7935,amoxicillin,,0.03,mg/L,MIC,CLSI,[34493269]
g1307.7935,cefquinome,,0.015,mg/L,MIC,CLSI,[34493269]
g1307.7935,ceftiofur,,0.5,mg/L,MIC,CLSI,[34493269]
g1307.7935,doxycycline,,16.0,mg/L,MIC,CLSI,[34493269]
g1307.7935,enrofloxacin,,0.25,mg/L,MIC,CLSI,[34493269]
g1307.7935,erythromycin,,32.0,mg/L,MIC,CLSI,[34493269]
g1307.7935,florfenicol,,2.0,mg/L,MIC,CLSI,[34493269]
g1307.7935,lincomycin,,128.0,mg/L,MIC,CLSI,[34493269]
g1307.7935,marbofloxacin,,0.5,mg/L,MIC,CLSI,[34493269]
g1307.7935,penicillin,,0.25,mg/L,MIC,CLSI,[34493269]
g1307.7935,spectinomycin,,8.0,mg/L,MIC,CLSI,[34493269]
g1307.7935,tetracycline,,64.0,mg/L,MIC,CLSI,[34493269]
g1307.7935,tiamulin,,2.0,mg/L,MIC,CLSI,[34493269]
g1307.7935,tilmicosin,,128.0,mg/L,MIC,CLSI,[34493269]
g1307.7935,trimethoprim,,4.0,mg/L,MIC,CLSI,[34493269]
g1307.7935,tylosin,,256.0,mg/L,MIC,CLSI,[34493269]
g1307.7936,amoxicillin,,0.03,mg/L,MIC,CLSI,[34493269]
g1307.7936,cefquinome,,0.015,mg/L,MIC,CLSI,[34493269]
g1307.7936,ceftiofur,,0.12,mg/L,MIC,CLSI,[34493269]
g1307.7936,doxycycline,,8.0,mg/L,MIC,CLSI,[34493269]
g1307.7936,enrofloxacin,,0.25,mg/L,MIC,CLSI,[34493269]
g1307.7936,erythromycin,,0.03,mg/L,MIC,CLSI,[34493269]
g1307.7936,florfenicol,,2.0,mg/L,MIC,CLSI,[34493269]
g1307.7936,lincomycin,,0.12,mg/L,MIC,CLSI,[34493269]
g1307.7936,marbofloxacin,,0.5,mg/L,MIC,CLSI,[34493269]
g1307.7936,penicillin,,0.03,mg/L,MIC,CLSI,[34493269]
g1307.7936,spectinomycin,,32.0,mg/L,MIC,CLSI,[34493269]
g1307.7936,tetracycline,,32.0,mg/L,MIC,CLSI,[34493269]
g1307.7936,tiamulin,,0.25,mg/L,MIC,CLSI,[34493269]
g1307.7936,tilmicosin,,8.0,mg/L,MIC,CLSI,[34493269]
g1307.7936,trimethoprim,,0.015,mg/L,MIC,CLSI,[34493269]
g1307.7936,tylosin,,0.5,mg/L,MIC,CLSI,[34493269]
g1307.7937,amoxicillin,,0.03,mg/L,MIC,CLSI,[34493269]
g1307.7937,cefquinome,,0.06,mg/L,MIC,CLSI,[34493269]
g1307.7937,ceftiofur,,0.5,mg/L,MIC,CLSI,[34493269]
g1307.7937,doxycycline,,16.0,mg/L,MIC,CLSI,[34493269]
g1307.7937,enrofloxacin,,0.12,mg/L,MIC,CLSI,[34493269]
g1307.7937,erythromycin,,32.0,mg/L,MIC,CLSI,[34493269]
g1307.7937,florfenicol,,2.0,mg/L,MIC,CLSI,[34493269]
g1307.7937,lincomycin,,128.0,mg/L,MIC,CLSI,[34493269]
g1307.7937,marbofloxacin,,0.5,mg/L,MIC,CLSI,[34493269]
g1307.7937,penicillin,,0.5,mg/L,MIC,CLSI,[34493269]
g1307.7937,spectinomycin,,8.0,mg/L,MIC,CLSI,[34493269]
g1307.7937,tetracycline,,64.0,mg/L,MIC,CLSI,[34493269]
g1307.7937,tiamulin,,8.0,mg/L,MIC,CLSI,[34493269]
g1307.7937,tilmicosin,,128.0,mg/L,MIC,CLSI,[34493269]
g1307.7937,trimethoprim,,0.25,mg/L,MIC,CLSI,[34493269]
g1307.7937,tylosin,,256.0,mg/L,MIC,CLSI,[34493269]
g1307.7938,amoxicillin,,0.03,mg/L,MIC,CLSI,[34493269]
g1307.7938,cefquinome,,0.03,mg/L,MIC,CLSI,[34493269]
g1307.7938,ceftiofur,,0.5,mg/L,MIC,CLSI,[34493269]
g1307.7938,doxycycline,,32.0,mg/L,MIC,CLSI,[34493269]
g1307.7938,enrofloxacin,,0.5,mg/L,MIC,CLSI,[34493269]
g1307.7938,erythromycin,,32.0,mg/L,MIC,CLSI,[34493269]
g1307.7938,florfenicol,,2.0,mg/L,MIC,CLSI,[34493269]
g1307.7938,lincomycin,,128.0,mg/L,MIC,CLSI,[34493269]
g1307.7938,marbofloxacin,,1.0,mg/L,MIC,CLSI,[34493269]
g1307.7938,penicillin,,0.12,mg/L,MIC,CLSI,[34493269]
g1307.7938,spectinomycin,,8.0,mg/L,MIC,CLSI,[34493269]
g1307.7938,tetracycline,,64.0,mg/L,MIC,CLSI,[34493269]
g1307.7938,tiamulin,,4.0,mg/L,MIC,CLSI,[34493269]
g1307.7938,tilmicosin,,128.0,mg/L,MIC,CLSI,[34493269]
g1307.7938,trimethoprim,,2.0,mg/L,MIC,CLSI,[34493269]
g1307.7938,tylosin,,256.0,mg/L,MIC,CLSI,[34493269]
g1307.7939,amoxicillin,,0.03,mg/L,MIC,CLSI,[34493269]
g1307.7939,cefquinome,,0.03,mg/L,MIC,CLSI,[34493269]
g1307.7939,ceftiofur,,0.25,mg/L,MIC,CLSI,[34493269]
g1307.7939,doxycycline,,8.0,mg/L,MIC,CLSI,[34493269]
g1307.7939,enrofloxacin,,0.5,mg/L,MIC,CLSI,[34493269]
g1307.7939,erythromycin,,0.03,mg/L,MIC,CLSI,[34493269]
g1307.7939,florfenicol,,1.0,mg/L,MIC,CLSI,[34493269]
g1307.7939,lincomycin,,1.0,mg/L,MIC,CLSI,[34493269]
g1307.7939,marbofloxacin,,0.5,mg/L,MIC,CLSI,[34493269]
g1307.7939,penicillin,,0.03,mg/L,MIC,CLSI,[34493269]
g1307.7939,spectinomycin,,16.0,mg/L,MIC,CLSI,[34493269]
g1307.7939,tetracycline,,64.0,mg/L,MIC,CLSI,[34493269]
g1307.7939,tiamulin,,2.0,mg/L,MIC,CLSI,[34493269]
g1307.7939,tilmicosin,,4.0,mg/L,MIC,CLSI,[34493269]
g1307.7939,trimethoprim,,0.25,mg/L,MIC,CLSI,[34493269]
g1307.7939,tylosin,,0.5,mg/L,MIC,CLSI,[34493269]
g1307.7940,amoxicillin,,0.03,mg/L,MIC,CLSI,[34493269]
g1307.7940,cefquinome,,0.06,mg/L,MIC,CLSI,[34493269]
g1307.7940,ceftiofur,,0.5,mg/L,MIC,CLSI,[34493269]
g1307.7940,doxycycline,,16.0,mg/L,MIC,CLSI,[34493269]
g1307.7940,enrofloxacin,,0.25,mg/L,MIC,CLSI,[34493269]
g1307.7940,erythromycin,,32.0,mg/L,MIC,CLSI,[34493269]
g1307.7940,florfenicol,,2.0,mg/L,MIC,CLSI,[34493269]
g1307.7940,lincomycin,,128.0,mg/L,MIC,CLSI,[34493269]
g1307.7940,marbofloxacin,,0.5,mg/L,MIC,CLSI,[34493269]
g1307.7940,penicillin,,0.5,mg/L,MIC,CLSI,[34493269]
g1307.7940,spectinomycin,,16.0,mg/L,MIC,CLSI,[34493269]
g1307.7940,tetracycline,,64.0,mg/L,MIC,CLSI,[34493269]
g1307.7940,tiamulin,,8.0,mg/L,MIC,CLSI,[34493269]
g1307.7940,tilmicosin,,128.0,mg/L,MIC,CLSI,[34493269]
g1307.7940,trimethoprim,,2.0,mg/L,MIC,CLSI,[34493269]
g1307.7940,tylosin,,256.0,mg/L,MIC,CLSI,[34493269]
g1307.7941,amoxicillin,,0.03,mg/L,MIC,CLSI,[34493269]
g1307.7941,cefquinome,,0.06,mg/L,MIC,CLSI,[34493269]
g1307.7941,ceftiofur,,0.12,mg/L,MIC,CLSI,[34493269]
g1307.7941,doxycycline,,8.0,mg/L,MIC,CLSI,[34493269]
g1307.7941,enrofloxacin,,0.5,mg/L,MIC,CLSI,[34493269]
g1307.7941,erythromycin,,32.0,mg/L,MIC,CLSI,[34493269]
g1307.7941,florfenicol,,2.0,mg/L,MIC,CLSI,[34493269]
g1307.7941,lincomycin,,128.0,mg/L,MIC,CLSI,[34493269]
g1307.7941,marbofloxacin,,1.0,mg/L,MIC,CLSI,[34493269]
g1307.7941,penicillin,,0.03,mg/L,MIC,CLSI,[34493269]
g1307.7941,spectinomycin,,16.0,mg/L,MIC,CLSI,[34493269]
g1307.7941,tetracycline,,64.0,mg/L,MIC,CLSI,[34493269]
g1307.7941,tiamulin,,1.0,mg/L,MIC,CLSI,[34493269]
g1307.7941,tilmicosin,,128.0,mg/L,MIC,CLSI,[34493269]
g1307.7941,trimethoprim,,0.06,mg/L,MIC,CLSI,[34493269]
g1307.7941,tylosin,,256.0,mg/L,MIC,CLSI,[34493269]
g1307.7942,amoxicillin,,0.03,mg/L,MIC,CLSI,[34493269]
g1307.7942,cefquinome,,0.015,mg/L,MIC,CLSI,[34493269]
g1307.7942,ceftiofur,,0.12,mg/L,MIC,CLSI,[34493269]
g1307.7942,doxycycline,,8.0,mg/L,MIC,CLSI,[34493269]
g1307.7942,enrofloxacin,,0.25,mg/L,MIC,CLSI,[34493269]
g1307.7942,erythromycin,,0.03,mg/L,MIC,CLSI,[34493269]
g1307.7942,florfenicol,,2.0,mg/L,MIC,CLSI,[34493269]
g1307.7942,lincomycin,,0.12,mg/L,MIC,CLSI,[34493269]
g1307.7942,marbofloxacin,,0.5,mg/L,MIC,CLSI,[34493269]
g1307.7942,penicillin,,0.03,mg/L,MIC,CLSI,[34493269]
g1307.7942,spectinomycin,,32.0,mg/L,MIC,CLSI,[34493269]
g1307.7942,tetracycline,,32.0,mg/L,MIC,CLSI,[34493269]
g1307.7942,tiamulin,,0.25,mg/L,MIC,CLSI,[34493269]
g1307.7942,tilmicosin,,4.0,mg/L,MIC,CLSI,[34493269]
g1307.7942,trimethoprim,,0.015,mg/L,MIC,CLSI,[34493269]
g1307.7942,tylosin,,0.5,mg/L,MIC,CLSI,[34493269]
g1307.7943,amoxicillin,,0.03,mg/L,MIC,CLSI,[34493269]
g1307.7943,cefquinome,,0.008,mg/L,MIC,CLSI,[34493269]
g1307.7943,ceftiofur,,0.12,mg/L,MIC,CLSI,[34493269]
g1307.7943,doxycycline,,8.0,mg/L,MIC,CLSI,[34493269]
g1307.7943,enrofloxacin,,0.25,mg/L,MIC,CLSI,[34493269]
g1307.7943,erythromycin,,0.06,mg/L,MIC,CLSI,[34493269]
g1307.7943,florfenicol,,2.0,mg/L,MIC,CLSI,[34493269]
g1307.7943,lincomycin,,1.0,mg/L,MIC,CLSI,[34493269]
g1307.7943,marbofloxacin,,0.5,mg/L,MIC,CLSI,[34493269]
g1307.7943,penicillin,,0.03,mg/L,MIC,CLSI,[34493269]
g1307.7943,spectinomycin,,16.0,mg/L,MIC,CLSI,[34493269]
g1307.7943,tetracycline,,32.0,mg/L,MIC,CLSI,[34493269]
g1307.7943,tiamulin,,2.0,mg/L,MIC,CLSI,[34493269]
g1307.7943,tilmicosin,,4.0,mg/L,MIC,CLSI,[34493269]
g1307.7943,trimethoprim,,32.0,mg/L,MIC,CLSI,[34493269]
g1307.7943,tylosin,,0.5,mg/L,MIC,CLSI,[34493269]
g1307.7944,amoxicillin,,0.03,mg/L,MIC,CLSI,[34493269]
g1307.7944,cefquinome,,0.015,mg/L,MIC,CLSI,[34493269]
g1307.7944,ceftiofur,,0.12,mg/L,MIC,CLSI,[34493269]
g1307.7944,doxycycline,,16.0,mg/L,MIC,CLSI,[34493269]
g1307.7944,enrofloxacin,,0.5,mg/L,MIC,CLSI,[34493269]
g1307.7944,erythromycin,,32.0,mg/L,MIC,CLSI,[34493269]
g1307.7944,florfenicol,,2.0,mg/L,MIC,CLSI,[34493269]
g1307.7944,lincomycin,,128.0,mg/L,MIC,CLSI,[34493269]
g1307.7944,marbofloxacin,,1.0,mg/L,MIC,CLSI,[34493269]
g1307.7944,penicillin,,0.03,mg/L,MIC,CLSI,[34493269]
g1307.7944,spectinomycin,,16.0,mg/L,MIC,CLSI,[34493269]
g1307.7944,tetracycline,,64.0,mg/L,MIC,CLSI,[34493269]
g1307.7944,tiamulin,,1.0,mg/L,MIC,CLSI,[34493269]
g1307.7944,tilmicosin,,128.0,mg/L,MIC,CLSI,[34493269]
g1307.7944,trimethoprim,,0.12,mg/L,MIC,CLSI,[34493269]
g1307.7944,tylosin,,256.0,mg/L,MIC,CLSI,[34493269]
g1307.7945,amoxicillin,,0.03,mg/L,MIC,CLSI,[34493269]
g1307.7945,cefquinome,,0.015,mg/L,MIC,CLSI,[34493269]
g1307.7945,ceftiofur,,0.25,mg/L,MIC,CLSI,[34493269]
g1307.7945,doxycycline,,16.0,mg/L,MIC,CLSI,[34493269]
g1307.7945,enrofloxacin,,0.5,mg/L,MIC,CLSI,[34493269]
g1307.7945,erythromycin,,0.03,mg/L,MIC,CLSI,[34493269]
g1307.7945,florfenicol,,2.0,mg/L,MIC,CLSI,[34493269]
g1307.7945,lincomycin,,0.12,mg/L,MIC,CLSI,[34493269]
g1307.7945,marbofloxacin,,1.0,mg/L,MIC,CLSI,[34493269]
g1307.7945,penicillin,,0.03,mg/L,MIC,CLSI,[34493269]
g1307.7945,spectinomycin,,32.0,mg/L,MIC,CLSI,[34493269]
g1307.7945,tetracycline,,32.0,mg/L,MIC,CLSI,[34493269]
g1307.7945,tiamulin,,0.25,mg/L,MIC,CLSI,[34493269]
g1307.7945,tilmicosin,,4.0,mg/L,MIC,CLSI,[34493269]
g1307.7945,trimethoprim,,0.015,mg/L,MIC,CLSI,[34493269]
g1307.7945,tylosin,,1.0,mg/L,MIC,CLSI,[34493269]
g1307.7946,amoxicillin,,0.03,mg/L,MIC,CLSI,[34493269]
g1307.7946,cefquinome,,0.015,mg/L,MIC,CLSI,[34493269]
g1307.7946,ceftiofur,,0.12,mg/L,MIC,CLSI,[34493269]
g1307.7946,doxycycline,,4.0,mg/L,MIC,CLSI,[34493269]
g1307.7946,enrofloxacin,,0.25,mg/L,MIC,CLSI,[34493269]
g1307.7946,erythromycin,,0.03,mg/L,MIC,CLSI,[34493269]
g1307.7946,florfenicol,,1.0,mg/L,MIC,CLSI,[34493269]
g1307.7946,lincomycin,,1.0,mg/L,MIC,CLSI,[34493269]
g1307.7946,marbofloxacin,,0.5,mg/L,MIC,CLSI,[34493269]
g1307.7946,penicillin,,0.03,mg/L,MIC,CLSI,[34493269]
g1307.7946,spectinomycin,,8.0,mg/L,MIC,CLSI,[34493269]
g1307.7946,tetracycline,,32.0,mg/L,MIC,CLSI,[34493269]
g1307.7946,tiamulin,,2.0,mg/L,MIC,CLSI,[34493269]
g1307.7946,tilmicosin,,2.0,mg/L,MIC,CLSI,[34493269]
g1307.7946,trimethoprim,,0.25,mg/L,MIC,CLSI,[34493269]
g1307.7946,tylosin,,0.5,mg/L,MIC,CLSI,[34493269]
g1307.7947,amoxicillin,,0.03,mg/L,MIC,CLSI,[34493269]
g1307.7947,cefquinome,,0.015,mg/L,MIC,CLSI,[34493269]
g1307.7947,ceftiofur,,0.12,mg/L,MIC,CLSI,[34493269]
g1307.7947,doxycycline,,8.0,mg/L,MIC,CLSI,[34493269]
g1307.7947,enrofloxacin,,0.25,mg/L,MIC,CLSI,[34493269]
g1307.7947,erythromycin,,0.03,mg/L,MIC,CLSI,[34493269]
g1307.7947,florfenicol,,1.0,mg/L,MIC,CLSI,[34493269]
g1307.7947,lincomycin,,0.12,mg/L,MIC,CLSI,[34493269]
g1307.7947,marbofloxacin,,0.5,mg/L,MIC,CLSI,[34493269]
g1307.7947,penicillin,,0.03,mg/L,MIC,CLSI,[34493269]
g1307.7947,spectinomycin,,32.0,mg/L,MIC,CLSI,[34493269]
g1307.7947,tetracycline,,32.0,mg/L,MIC,CLSI,[34493269]
g1307.7947,tiamulin,,0.25,mg/L,MIC,CLSI,[34493269]
g1307.7947,tilmicosin,,4.0,mg/L,MIC,CLSI,[34493269]
g1307.7947,trimethoprim,,0.015,mg/L,MIC,CLSI,[34493269]
g1307.7947,tylosin,,0.5,mg/L,MIC,CLSI,[34493269]
g1307.7948,amoxicillin,,0.03,mg/L,MIC,CLSI,[34493269]
g1307.7948,cefquinome,,0.015,mg/L,MIC,CLSI,[34493269]
g1307.7948,ceftiofur,,0.12,mg/L,MIC,CLSI,[34493269]
g1307.7948,doxycycline,,8.0,mg/L,MIC,CLSI,[34493269]
g1307.7948,enrofloxacin,,0.5,mg/L,MIC,CLSI,[34493269]
g1307.7948,erythromycin,,32.0,mg/L,MIC,CLSI,[34493269]
g1307.7948,florfenicol,,2.0,mg/L,MIC,CLSI,[34493269]
g1307.7948,lincomycin,,128.0,mg/L,MIC,CLSI,[34493269]
g1307.7948,marbofloxacin,,1.0,mg/L,MIC,CLSI,[34493269]
g1307.7948,penicillin,,0.03,mg/L,MIC,CLSI,[34493269]
g1307.7948,spectinomycin,,16.0,mg/L,MIC,CLSI,[34493269]
g1307.7948,tetracycline,,64.0,mg/L,MIC,CLSI,[34493269]
g1307.7948,tiamulin,,1.0,mg/L,MIC,CLSI,[34493269]
g1307.7948,tilmicosin,,128.0,mg/L,MIC,CLSI,[34493269]
g1307.7948,trimethoprim,,0.12,mg/L,MIC,CLSI,[34493269]
g1307.7948,tylosin,,256.0,mg/L,MIC,CLSI,[34493269]
g1307.7949,amoxicillin,,0.03,mg/L,MIC,CLSI,[34493269]
g1307.7949,cefquinome,,0.015,mg/L,MIC,CLSI,[34493269]
g1307.7949,ceftiofur,,0.12,mg/L,MIC,CLSI,[34493269]
g1307.7949,doxycycline,,4.0,mg/L,MIC,CLSI,[34493269]
g1307.7949,enrofloxacin,,0.25,mg/L,MIC,CLSI,[34493269]
g1307.7949,erythromycin,,0.03,mg/L,MIC,CLSI,[34493269]
g1307.7949,florfenicol,,1.0,mg/L,MIC,CLSI,[34493269]
g1307.7949,lincomycin,,1.0,mg/L,MIC,CLSI,[34493269]
g1307.7949,marbofloxacin,,0.5,mg/L,MIC,CLSI,[34493269]
g1307.7949,penicillin,,0.03,mg/L,MIC,CLSI,[34493269]
g1307.7949,spectinomycin,,32.0,mg/L,MIC,CLSI,[34493269]
g1307.7949,tetracycline,,32.0,mg/L,MIC,CLSI,[34493269]
g1307.7949,tiamulin,,1.0,mg/L,MIC,CLSI,[34493269]
g1307.7949,tilmicosin,,2.0,mg/L,MIC,CLSI,[34493269]
g1307.7949,trimethoprim,,0.25,mg/L,MIC,CLSI,[34493269]
g1307.7949,tylosin,,0.5,mg/L,MIC,CLSI,[34493269]
g1307.7950,amoxicillin,,0.03,mg/L,MIC,CLSI,[34493269]
g1307.7950,cefquinome,,0.03,mg/L,MIC,CLSI,[34493269]
g1307.7950,ceftiofur,,0.12,mg/L,MIC,CLSI,[34493269]
g1307.7950,doxycycline,,8.0,mg/L,MIC,CLSI,[34493269]
g1307.7950,enrofloxacin,,0.25,mg/L,MIC,CLSI,[34493269]
g1307.7950,erythromycin,,0.03,mg/L,MIC,CLSI,[34493269]
g1307.7950,florfenicol,,1.0,mg/L,MIC,CLSI,[34493269]
g1307.7950,lincomycin,,1.0,mg/L,MIC,CLSI,[34493269]
g1307.7950,marbofloxacin,,0.5,mg/L,MIC,CLSI,[34493269]
g1307.7950,penicillin,,0.12,mg/L,MIC,CLSI,[34493269]
g1307.7950,spectinomycin,,16.0,mg/L,MIC,CLSI,[34493269]
g1307.7950,tetracycline,,64.0,mg/L,MIC,CLSI,[34493269]
g1307.7950,tiamulin,,1.0,mg/L,MIC,CLSI,[34493269]
g1307.7950,tilmicosin,,4.0,mg/L,MIC,CLSI,[34493269]
g1307.7950,trimethoprim,,1.0,mg/L,MIC,CLSI,[34493269]
g1307.7950,tylosin,,0.5,mg/L,MIC,CLSI,[34493269]
g1307.7951,amoxicillin,,0.03,mg/L,MIC,CLSI,[34493269]
g1307.7951,cefquinome,,0.12,mg/L,MIC,CLSI,[34493269]
g1307.7951,ceftiofur,,2.0,mg/L,MIC,CLSI,[34493269]
g1307.7951,doxycycline,,16.0,mg/L,MIC,CLSI,[34493269]
g1307.7951,enrofloxacin,,0.5,mg/L,MIC,CLSI,[34493269]
g1307.7951,erythromycin,,32.0,mg/L,MIC,CLSI,[34493269]
g1307.7951,florfenicol,,2.0,mg/L,MIC,CLSI,[34493269]
g1307.7951,lincomycin,,128.0,mg/L,MIC,CLSI,[34493269]
g1307.7951,marbofloxacin,,1.0,mg/L,MIC,CLSI,[34493269]
g1307.7951,penicillin,,0.12,mg/L,MIC,CLSI,[34493269]
g1307.7951,spectinomycin,,32.0,mg/L,MIC,CLSI,[34493269]
g1307.7951,tetracycline,,64.0,mg/L,MIC,CLSI,[34493269]
g1307.7951,tiamulin,,32.0,mg/L,MIC,CLSI,[34493269]
g1307.7951,tilmicosin,,128.0,mg/L,MIC,CLSI,[34493269]
g1307.7951,trimethoprim,,1.0,mg/L,MIC,CLSI,[34493269]
g1307.7951,tylosin,,256.0,mg/L,MIC,CLSI,[34493269]
g1307.7952,amoxicillin,,0.03,mg/L,MIC,CLSI,[34493269]
g1307.7952,cefquinome,,0.015,mg/L,MIC,CLSI,[34493269]
g1307.7952,ceftiofur,,0.12,mg/L,MIC,CLSI,[34493269]
g1307.7952,doxycycline,,8.0,mg/L,MIC,CLSI,[34493269]
g1307.7952,enrofloxacin,,0.25,mg/L,MIC,CLSI,[34493269]
g1307.7952,erythromycin,,0.03,mg/L,MIC,CLSI,[34493269]
g1307.7952,florfenicol,,2.0,mg/L,MIC,CLSI,[34493269]
g1307.7952,lincomycin,,0.12,mg/L,MIC,CLSI,[34493269]
g1307.7952,marbofloxacin,,0.5,mg/L,MIC,CLSI,[34493269]
g1307.7952,penicillin,,0.03,mg/L,MIC,CLSI,[34493269]
g1307.7952,spectinomycin,,16.0,mg/L,MIC,CLSI,[34493269]
g1307.7952,tetracycline,,64.0,mg/L,MIC,CLSI,[34493269]
g1307.7952,tiamulin,,0.25,mg/L,MIC,CLSI,[34493269]
g1307.7952,tilmicosin,,4.0,mg/L,MIC,CLSI,[34493269]
g1307.7952,trimethoprim,,0.015,mg/L,MIC,CLSI,[34493269]
g1307.7952,tylosin,,0.5,mg/L,MIC,CLSI,[34493269]
g1307.7953,amoxicillin,,0.03,mg/L,MIC,CLSI,[34493269]
g1307.7953,cefquinome,,0.03,mg/L,MIC,CLSI,[34493269]
g1307.7953,ceftiofur,,0.12,mg/L,MIC,CLSI,[34493269]
g1307.7953,doxycycline,,8.0,mg/L,MIC,CLSI,[34493269]
g1307.7953,enrofloxacin,,0.25,mg/L,MIC,CLSI,[34493269]
g1307.7953,erythromycin,,0.015,mg/L,MIC,CLSI,[34493269]
g1307.7953,florfenicol,,1.0,mg/L,MIC,CLSI,[34493269]
g1307.7953,lincomycin,,1.0,mg/L,MIC,CLSI,[34493269]
g1307.7953,marbofloxacin,,0.5,mg/L,MIC,CLSI,[34493269]
g1307.7953,penicillin,,0.03,mg/L,MIC,CLSI,[34493269]
g1307.7953,spectinomycin,,8.0,mg/L,MIC,CLSI,[34493269]
g1307.7953,tetracycline,,32.0,mg/L,MIC,CLSI,[34493269]
g1307.7953,tiamulin,,2.0,mg/L,MIC,CLSI,[34493269]
g1307.7953,tilmicosin,,2.0,mg/L,MIC,CLSI,[34493269]
g1307.7953,trimethoprim,,0.25,mg/L,MIC,CLSI,[34493269]
g1307.7953,tylosin,,1.0,mg/L,MIC,CLSI,[34493269]
g1307.7954,amoxicillin,,0.03,mg/L,MIC,CLSI,[34493269]
g1307.7954,cefquinome,,0.015,mg/L,MIC,CLSI,[34493269]
g1307.7954,ceftiofur,,0.12,mg/L,MIC,CLSI,[34493269]
g1307.7954,doxycycline,,8.0,mg/L,MIC,CLSI,[34493269]
g1307.7954,enrofloxacin,,0.25,mg/L,MIC,CLSI,[34493269]
g1307.7954,erythromycin,,0.03,mg/L,MIC,CLSI,[34493269]
g1307.7954,florfenicol,,1.0,mg/L,MIC,CLSI,[34493269]
g1307.7954,lincomycin,,0.12,mg/L,MIC,CLSI,[34493269]
g1307.7954,marbofloxacin,,0.5,mg/L,MIC,CLSI,[34493269]
g1307.7954,penicillin,,0.03,mg/L,MIC,CLSI,[34493269]
g1307.7954,spectinomycin,,16.0,mg/L,MIC,CLSI,[34493269]
g1307.7954,tetracycline,,32.0,mg/L,MIC,CLSI,[34493269]
g1307.7954,tiamulin,,0.25,mg/L,MIC,CLSI,[34493269]
g1307.7954,tilmicosin,,4.0,mg/L,MIC,CLSI,[34493269]
g1307.7954,trimethoprim,,0.03,mg/L,MIC,CLSI,[34493269]
g1307.7954,tylosin,,0.5,mg/L,MIC,CLSI,[34493269]
g1307.7955,amoxicillin,,0.03,mg/L,MIC,CLSI,[34493269]
g1307.7955,cefquinome,,0.06,mg/L,MIC,CLSI,[34493269]
g1307.7955,ceftiofur,,0.5,mg/L,MIC,CLSI,[34493269]
g1307.7955,doxycycline,,16.0,mg/L,MIC,CLSI,[34493269]
g1307.7955,enrofloxacin,,0.25,mg/L,MIC,CLSI,[34493269]
g1307.7955,erythromycin,,32.0,mg/L,MIC,CLSI,[34493269]
g1307.7955,florfenicol,,2.0,mg/L,MIC,CLSI,[34493269]
g1307.7955,lincomycin,,128.0,mg/L,MIC,CLSI,[34493269]
g1307.7955,marbofloxacin,,0.5,mg/L,MIC,CLSI,[34493269]
g1307.7955,penicillin,,2.0,mg/L,MIC,CLSI,[34493269]
g1307.7955,spectinomycin,,16.0,mg/L,MIC,CLSI,[34493269]
g1307.7955,tetracycline,,128.0,mg/L,MIC,CLSI,[34493269]
g1307.7955,tiamulin,,16.0,mg/L,MIC,CLSI,[34493269]
g1307.7955,tilmicosin,,128.0,mg/L,MIC,CLSI,[34493269]
g1307.7955,trimethoprim,,1.0,mg/L,MIC,CLSI,[34493269]
g1307.7955,tylosin,,256.0,mg/L,MIC,CLSI,[34493269]
g1307.7956,amoxicillin,,0.03,mg/L,MIC,CLSI,[34493269]
g1307.7956,cefquinome,,0.06,mg/L,MIC,CLSI,[34493269]
g1307.7956,ceftiofur,,0.5,mg/L,MIC,CLSI,[34493269]
g1307.7956,doxycycline,,8.0,mg/L,MIC,CLSI,[34493269]
g1307.7956,enrofloxacin,,0.25,mg/L,MIC,CLSI,[34493269]
g1307.7956,erythromycin,,32.0,mg/L,MIC,CLSI,[34493269]
g1307.7956,florfenicol,,1.0,mg/L,MIC,CLSI,[34493269]
g1307.7956,lincomycin,,128.0,mg/L,MIC,CLSI,[34493269]
g1307.7956,marbofloxacin,,0.5,mg/L,MIC,CLSI,[34493269]
g1307.7956,penicillin,,0.25,mg/L,MIC,CLSI,[34493269]
g1307.7956,spectinomycin,,8.0,mg/L,MIC,CLSI,[34493269]
g1307.7956,tetracycline,,64.0,mg/L,MIC,CLSI,[34493269]
g1307.7956,tiamulin,,8.0,mg/L,MIC,CLSI,[34493269]
g1307.7956,tilmicosin,,128.0,mg/L,MIC,CLSI,[34493269]
g1307.7956,trimethoprim,,0.25,mg/L,MIC,CLSI,[34493269]
g1307.7956,tylosin,,256.0,mg/L,MIC,CLSI,[34493269]
g1307.7957,amoxicillin,,0.03,mg/L,MIC,CLSI,[34493269]
g1307.7957,cefquinome,,0.03,mg/L,MIC,CLSI,[34493269]
g1307.7957,ceftiofur,,0.12,mg/L,MIC,CLSI,[34493269]
g1307.7957,doxycycline,,8.0,mg/L,MIC,CLSI,[34493269]
g1307.7957,enrofloxacin,,0.25,mg/L,MIC,CLSI,[34493269]
g1307.7957,erythromycin,,0.015,mg/L,MIC,CLSI,[34493269]
g1307.7957,florfenicol,,1.0,mg/L,MIC,CLSI,[34493269]
g1307.7957,lincomycin,,0.5,mg/L,MIC,CLSI,[34493269]
g1307.7957,marbofloxacin,,0.5,mg/L,MIC,CLSI,[34493269]
g1307.7957,penicillin,,0.06,mg/L,MIC,CLSI,[34493269]
g1307.7957,spectinomycin,,16.0,mg/L,MIC,CLSI,[34493269]
g1307.7957,tetracycline,,32.0,mg/L,MIC,CLSI,[34493269]
g1307.7957,tiamulin,,2.0,mg/L,MIC,CLSI,[34493269]
g1307.7957,tilmicosin,,4.0,mg/L,MIC,CLSI,[34493269]
g1307.7957,trimethoprim,,0.25,mg/L,MIC,CLSI,[34493269]
g1307.7957,tylosin,,0.5,mg/L,MIC,CLSI,[34493269]
g1307.7958,amoxicillin,,0.03,mg/L,MIC,CLSI,[34493269]
g1307.7958,cefquinome,,0.015,mg/L,MIC,CLSI,[34493269]
g1307.7958,ceftiofur,,0.12,mg/L,MIC,CLSI,[34493269]
g1307.7958,doxycycline,,8.0,mg/L,MIC,CLSI,[34493269]
g1307.7958,enrofloxacin,,1.0,mg/L,MIC,CLSI,[34493269]
g1307.7958,erythromycin,,0.015,mg/L,MIC,CLSI,[34493269]
g1307.7958,florfenicol,,1.0,mg/L,MIC,CLSI,[34493269]
g1307.7958,lincomycin,,1.0,mg/L,MIC,CLSI,[34493269]
g1307.7958,marbofloxacin,,1.0,mg/L,MIC,CLSI,[34493269]
g1307.7958,penicillin,,0.03,mg/L,MIC,CLSI,[34493269]
g1307.7958,spectinomycin,,16.0,mg/L,MIC,CLSI,[34493269]
g1307.7958,tetracycline,,32.0,mg/L,MIC,CLSI,[34493269]
g1307.7958,tiamulin,,1.0,mg/L,MIC,CLSI,[34493269]
g1307.7958,tilmicosin,,2.0,mg/L,MIC,CLSI,[34493269]
g1307.7958,trimethoprim,,0.03,mg/L,MIC,CLSI,[34493269]
g1307.7958,tylosin,,0.5,mg/L,MIC,CLSI,[34493269]
g1307.7959,amoxicillin,,0.03,mg/L,MIC,CLSI,[34493269]
g1307.7959,cefquinome,,0.06,mg/L,MIC,CLSI,[34493269]
g1307.7959,ceftiofur,,1.0,mg/L,MIC,CLSI,[34493269]
g1307.7959,doxycycline,,8.0,mg/L,MIC,CLSI,[34493269]
g1307.7959,enrofloxacin,,0.5,mg/L,MIC,CLSI,[34493269]
g1307.7959,erythromycin,,4.0,mg/L,MIC,CLSI,[34493269]
g1307.7959,florfenicol,,2.0,mg/L,MIC,CLSI,[34493269]
g1307.7959,lincomycin,,128.0,mg/L,MIC,CLSI,[34493269]
g1307.7959,marbofloxacin,,1.0,mg/L,MIC,CLSI,[34493269]
g1307.7959,penicillin,,0.25,mg/L,MIC,CLSI,[34493269]
g1307.7959,spectinomycin,,16.0,mg/L,MIC,CLSI,[34493269]
g1307.7959,tetracycline,,64.0,mg/L,MIC,CLSI,[34493269]
g1307.7959,tiamulin,,16.0,mg/L,MIC,CLSI,[34493269]
g1307.7959,tilmicosin,,128.0,mg/L,MIC,CLSI,[34493269]
g1307.7959,trimethoprim,,0.5,mg/L,MIC,CLSI,[34493269]
g1307.7959,tylosin,,256.0,mg/L,MIC,CLSI,[34493269]
g1307.7960,amoxicillin,,0.03,mg/L,MIC,CLSI,[34493269]
g1307.7960,cefquinome,,0.015,mg/L,MIC,CLSI,[34493269]
g1307.7960,ceftiofur,,0.12,mg/L,MIC,CLSI,[34493269]
g1307.7960,doxycycline,,8.0,mg/L,MIC,CLSI,[34493269]
g1307.7960,enrofloxacin,,0.5,mg/L,MIC,CLSI,[34493269]
g1307.7960,erythromycin,,32.0,mg/L,MIC,CLSI,[34493269]
g1307.7960,florfenicol,,2.0,mg/L,MIC,CLSI,[34493269]
g1307.7960,lincomycin,,128.0,mg/L,MIC,CLSI,[34493269]
g1307.7960,marbofloxacin,,1.0,mg/L,MIC,CLSI,[34493269]
g1307.7960,penicillin,,0.03,mg/L,MIC,CLSI,[34493269]
g1307.7960,spectinomycin,,16.0,mg/L,MIC,CLSI,[34493269]
g1307.7960,tetracycline,,64.0,mg/L,MIC,CLSI,[34493269]
g1307.7960,tiamulin,,0.5,mg/L,MIC,CLSI,[34493269]
g1307.7960,tilmicosin,,128.0,mg/L,MIC,CLSI,[34493269]
g1307.7960,trimethoprim,,0.12,mg/L,MIC,CLSI,[34493269]
g1307.7960,tylosin,,256.0,mg/L,MIC,CLSI,[34493269]
g1307.7961,amoxicillin,,0.03,mg/L,MIC,CLSI,[34493269]
g1307.7961,cefquinome,,0.03,mg/L,MIC,CLSI,[34493269]
g1307.7961,ceftiofur,,0.12,mg/L,MIC,CLSI,[34493269]
g1307.7961,doxycycline,,16.0,mg/L,MIC,CLSI,[34493269]
g1307.7961,enrofloxacin,,0.5,mg/L,MIC,CLSI,[34493269]
g1307.7961,erythromycin,,0.03,mg/L,MIC,CLSI,[34493269]
g1307.7961,florfenicol,,2.0,mg/L,MIC,CLSI,[34493269]
g1307.7961,lincomycin,,8.0,mg/L,MIC,CLSI,[34493269]
g1307.7961,marbofloxacin,,1.0,mg/L,MIC,CLSI,[34493269]
g1307.7961,penicillin,,0.03,mg/L,MIC,CLSI,[34493269]
g1307.7961,spectinomycin,,32.0,mg/L,MIC,CLSI,[34493269]
g1307.7961,tetracycline,,64.0,mg/L,MIC,CLSI,[34493269]
g1307.7961,tiamulin,,32.0,mg/L,MIC,CLSI,[34493269]
g1307.7961,tilmicosin,,4.0,mg/L,MIC,CLSI,[34493269]
g1307.7961,trimethoprim,,1.0,mg/L,MIC,CLSI,[34493269]
g1307.7961,tylosin,,0.5,mg/L,MIC,CLSI,[34493269]
g1307.7962,amoxicillin,,0.03,mg/L,MIC,CLSI,[34493269]
g1307.7962,cefquinome,,0.06,mg/L,MIC,CLSI,[34493269]
g1307.7962,ceftiofur,,1.0,mg/L,MIC,CLSI,[34493269]
g1307.7962,doxycycline,,16.0,mg/L,MIC,CLSI,[34493269]
g1307.7962,enrofloxacin,,0.25,mg/L,MIC,CLSI,[34493269]
g1307.7962,erythromycin,,2.0,mg/L,MIC,CLSI,[34493269]
g1307.7962,florfenicol,,2.0,mg/L,MIC,CLSI,[34493269]
g1307.7962,lincomycin,,128.0,mg/L,MIC,CLSI,[34493269]
g1307.7962,marbofloxacin,,0.5,mg/L,MIC,CLSI,[34493269]
g1307.7962,penicillin,,0.25,mg/L,MIC,CLSI,[34493269]
g1307.7962,spectinomycin,,32.0,mg/L,MIC,CLSI,[34493269]
g1307.7962,tetracycline,,128.0,mg/L,MIC,CLSI,[34493269]
g1307.7962,tiamulin,,16.0,mg/L,MIC,CLSI,[34493269]
g1307.7962,tilmicosin,,128.0,mg/L,MIC,CLSI,[34493269]
g1307.7962,trimethoprim,,8.0,mg/L,MIC,CLSI,[34493269]
g1307.7962,tylosin,,128.0,mg/L,MIC,CLSI,[34493269]
g1307.7963,amoxicillin,,0.03,mg/L,MIC,CLSI,[34493269]
g1307.7963,cefquinome,,0.06,mg/L,MIC,CLSI,[34493269]
g1307.7963,ceftiofur,,0.5,mg/L,MIC,CLSI,[34493269]
g1307.7963,doxycycline,,8.0,mg/L,MIC,CLSI,[34493269]
g1307.7963,enrofloxacin,,0.25,mg/L,MIC,CLSI,[34493269]
g1307.7963,erythromycin,,4.0,mg/L,MIC,CLSI,[34493269]
g1307.7963,florfenicol,,1.0,mg/L,MIC,CLSI,[34493269]
g1307.7963,lincomycin,,128.0,mg/L,MIC,CLSI,[34493269]
g1307.7963,marbofloxacin,,0.5,mg/L,MIC,CLSI,[34493269]
g1307.7963,penicillin,,0.5,mg/L,MIC,CLSI,[34493269]
g1307.7963,spectinomycin,,8.0,mg/L,MIC,CLSI,[34493269]
g1307.7963,tetracycline,,64.0,mg/L,MIC,CLSI,[34493269]
g1307.7963,tiamulin,,8.0,mg/L,MIC,CLSI,[34493269]
g1307.7963,tilmicosin,,128.0,mg/L,MIC,CLSI,[34493269]
g1307.7963,trimethoprim,,0.5,mg/L,MIC,CLSI,[34493269]
g1307.7963,tylosin,,256.0,mg/L,MIC,CLSI,[34493269]
g1307.7964,amoxicillin,,0.03,mg/L,MIC,CLSI,[34493269]
g1307.7964,cefquinome,,0.06,mg/L,MIC,CLSI,[34493269]
g1307.7964,ceftiofur,,1.0,mg/L,MIC,CLSI,[34493269]
g1307.7964,doxycycline,,16.0,mg/L,MIC,CLSI,[34493269]
g1307.7964,enrofloxacin,,0.12,mg/L,MIC,CLSI,[34493269]
g1307.7964,erythromycin,,0.03,mg/L,MIC,CLSI,[34493269]
g1307.7964,florfenicol,,1.0,mg/L,MIC,CLSI,[34493269]
g1307.7964,lincomycin,,8.0,mg/L,MIC,CLSI,[34493269]
g1307.7964,marbofloxacin,,0.5,mg/L,MIC,CLSI,[34493269]
g1307.7964,penicillin,,0.5,mg/L,MIC,CLSI,[34493269]
g1307.7964,spectinomycin,,8.0,mg/L,MIC,CLSI,[34493269]
g1307.7964,tetracycline,,64.0,mg/L,MIC,CLSI,[34493269]
g1307.7964,tiamulin,,16.0,mg/L,MIC,CLSI,[34493269]
g1307.7964,tilmicosin,,4.0,mg/L,MIC,CLSI,[34493269]
g1307.7964,trimethoprim,,2.0,mg/L,MIC,CLSI,[34493269]
g1307.7964,tylosin,,1.0,mg/L,MIC,CLSI,[34493269]
g1307.7965,amoxicillin,,0.03,mg/L,MIC,CLSI,[34493269]
g1307.7965,cefquinome,,0.03,mg/L,MIC,CLSI,[34493269]
g1307.7965,ceftiofur,,0.12,mg/L,MIC,CLSI,[34493269]
g1307.7965,doxycycline,,0.12,mg/L,MIC,CLSI,[34493269]
g1307.7965,enrofloxacin,,0.5,mg/L,MIC,CLSI,[34493269]
g1307.7965,erythromycin,,0.03,mg/L,MIC,CLSI,[34493269]
g1307.7965,florfenicol,,2.0,mg/L,MIC,CLSI,[34493269]
g1307.7965,lincomycin,,0.12,mg/L,MIC,CLSI,[34493269]
g1307.7965,marbofloxacin,,1.0,mg/L,MIC,CLSI,[34493269]
g1307.7965,penicillin,,0.03,mg/L,MIC,CLSI,[34493269]
g1307.7965,spectinomycin,,16.0,mg/L,MIC,CLSI,[34493269]
g1307.7965,tetracycline,,4.0,mg/L,MIC,CLSI,[34493269]
g1307.7965,tiamulin,,0.25,mg/L,MIC,CLSI,[34493269]
g1307.7965,tilmicosin,,2.0,mg/L,MIC,CLSI,[34493269]
g1307.7965,trimethoprim,,0.015,mg/L,MIC,CLSI,[34493269]
g1307.7965,tylosin,,0.5,mg/L,MIC,CLSI,[34493269]
g1307.7966,amoxicillin,,0.03,mg/L,MIC,CLSI,[34493269]
g1307.7966,cefquinome,,0.03,mg/L,MIC,CLSI,[34493269]
g1307.7966,ceftiofur,,0.5,mg/L,MIC,CLSI,[34493269]
g1307.7966,doxycycline,,16.0,mg/L,MIC,CLSI,[34493269]
g1307.7966,enrofloxacin,,0.12,mg/L,MIC,CLSI,[34493269]
g1307.7966,erythromycin,,32.0,mg/L,MIC,CLSI,[34493269]
g1307.7966,florfenicol,,1.0,mg/L,MIC,CLSI,[34493269]
g1307.7966,lincomycin,,128.0,mg/L,MIC,CLSI,[34493269]
g1307.7966,marbofloxacin,,0.25,mg/L,MIC,CLSI,[34493269]
g1307.7966,penicillin,,1.0,mg/L,MIC,CLSI,[34493269]
g1307.7966,spectinomycin,,16.0,mg/L,MIC,CLSI,[34493269]
g1307.7966,tetracycline,,64.0,mg/L,MIC,CLSI,[34493269]
g1307.7966,tiamulin,,8.0,mg/L,MIC,CLSI,[34493269]
g1307.7966,tilmicosin,,128.0,mg/L,MIC,CLSI,[34493269]
g1307.7966,trimethoprim,,4.0,mg/L,MIC,CLSI,[34493269]
g1307.7966,tylosin,,256.0,mg/L,MIC,CLSI,[34493269]
g1307.7967,amoxicillin,,0.03,mg/L,MIC,CLSI,[34493269]
g1307.7967,cefquinome,,0.03,mg/L,MIC,CLSI,[34493269]
g1307.7967,ceftiofur,,0.5,mg/L,MIC,CLSI,[34493269]
g1307.7967,doxycycline,,0.12,mg/L,MIC,CLSI,[34493269]
g1307.7967,enrofloxacin,,0.25,mg/L,MIC,CLSI,[34493269]
g1307.7967,erythromycin,,32.0,mg/L,MIC,CLSI,[34493269]
g1307.7967,florfenicol,,2.0,mg/L,MIC,CLSI,[34493269]
g1307.7967,lincomycin,,128.0,mg/L,MIC,CLSI,[34493269]
g1307.7967,marbofloxacin,,0.5,mg/L,MIC,CLSI,[34493269]
g1307.7967,penicillin,,0.03,mg/L,MIC,CLSI,[34493269]
g1307.7967,spectinomycin,,8.0,mg/L,MIC,CLSI,[34493269]
g1307.7967,tetracycline,,4.0,mg/L,MIC,CLSI,[34493269]
g1307.7967,tiamulin,,64.0,mg/L,MIC,CLSI,[34493269]
g1307.7967,tilmicosin,,128.0,mg/L,MIC,CLSI,[34493269]
g1307.7967,trimethoprim,,0.25,mg/L,MIC,CLSI,[34493269]
g1307.7967,tylosin,,256.0,mg/L,MIC,CLSI,[34493269]
g1307.7968,amoxicillin,,0.03,mg/L,MIC,CLSI,[34493269]
g1307.7968,cefquinome,,0.015,mg/L,MIC,CLSI,[34493269]
g1307.7968,ceftiofur,,0.12,mg/L,MIC,CLSI,[34493269]
g1307.7968,doxycycline,,0.12,mg/L,MIC,CLSI,[34493269]
g1307.7968,enrofloxacin,,0.5,mg/L,MIC,CLSI,[34493269]
g1307.7968,erythromycin,,0.03,mg/L,MIC,CLSI,[34493269]
g1307.7968,florfenicol,,2.0,mg/L,MIC,CLSI,[34493269]
g1307.7968,lincomycin,,0.12,mg/L,MIC,CLSI,[34493269]
g1307.7968,marbofloxacin,,1.0,mg/L,MIC,CLSI,[34493269]
g1307.7968,penicillin,,0.03,mg/L,MIC,CLSI,[34493269]
g1307.7968,spectinomycin,,32.0,mg/L,MIC,CLSI,[34493269]
g1307.7968,tetracycline,,4.0,mg/L,MIC,CLSI,[34493269]
g1307.7968,tiamulin,,0.25,mg/L,MIC,CLSI,[34493269]
g1307.7968,tilmicosin,,4.0,mg/L,MIC,CLSI,[34493269]
g1307.7968,trimethoprim,,0.015,mg/L,MIC,CLSI,[34493269]
g1307.7968,tylosin,,1.0,mg/L,MIC,CLSI,[34493269]
g1307.7969,amoxicillin,,0.03,mg/L,MIC,CLSI,[34493269]
g1307.7969,cefquinome,,0.015,mg/L,MIC,CLSI,[34493269]
g1307.7969,ceftiofur,,0.12,mg/L,MIC,CLSI,[34493269]
g1307.7969,doxycycline,,16.0,mg/L,MIC,CLSI,[34493269]
g1307.7969,enrofloxacin,,0.5,mg/L,MIC,CLSI,[34493269]
g1307.7969,erythromycin,,32.0,mg/L,MIC,CLSI,[34493269]
g1307.7969,florfenicol,,2.0,mg/L,MIC,CLSI,[34493269]
g1307.7969,lincomycin,,128.0,mg/L,MIC,CLSI,[34493269]
g1307.7969,marbofloxacin,,1.0,mg/L,MIC,CLSI,[34493269]
g1307.7969,penicillin,,0.03,mg/L,MIC,CLSI,[34493269]
g1307.7969,spectinomycin,,16.0,mg/L,MIC,CLSI,[34493269]
g1307.7969,tetracycline,,64.0,mg/L,MIC,CLSI,[34493269]
g1307.7969,tiamulin,,1.0,mg/L,MIC,CLSI,[34493269]
g1307.7969,tilmicosin,,128.0,mg/L,MIC,CLSI,[34493269]
g1307.7969,trimethoprim,,0.03,mg/L,MIC,CLSI,[34493269]
g1307.7969,tylosin,,256.0,mg/L,MIC,CLSI,[34493269]
g1307.7970,amoxicillin,,0.03,mg/L,MIC,CLSI,[34493269]
g1307.7970,cefquinome,,0.015,mg/L,MIC,CLSI,[34493269]
g1307.7970,ceftiofur,,0.12,mg/L,MIC,CLSI,[34493269]
g1307.7970,doxycycline,,8.0,mg/L,MIC,CLSI,[34493269]
g1307.7970,enrofloxacin,,0.25,mg/L,MIC,CLSI,[34493269]
g1307.7970,erythromycin,,0.03,mg/L,MIC,CLSI,[34493269]
g1307.7970,florfenicol,,1.0,mg/L,MIC,CLSI,[34493269]
g1307.7970,lincomycin,,1.0,mg/L,MIC,CLSI,[34493269]
g1307.7970,marbofloxacin,,0.5,mg/L,MIC,CLSI,[34493269]
g1307.7970,penicillin,,0.03,mg/L,MIC,CLSI,[34493269]
g1307.7970,spectinomycin,,32.0,mg/L,MIC,CLSI,[34493269]
g1307.7970,tetracycline,,64.0,mg/L,MIC,CLSI,[34493269]
g1307.7970,tiamulin,,2.0,mg/L,MIC,CLSI,[34493269]
g1307.7970,tilmicosin,,2.0,mg/L,MIC,CLSI,[34493269]
g1307.7970,trimethoprim,,0.25,mg/L,MIC,CLSI,[34493269]
g1307.7970,tylosin,,1.0,mg/L,MIC,CLSI,[34493269]
g1307.7971,amoxicillin,,0.03,mg/L,MIC,CLSI,[34493269]
g1307.7971,cefquinome,,0.015,mg/L,MIC,CLSI,[34493269]
g1307.7971,ceftiofur,,0.12,mg/L,MIC,CLSI,[34493269]
g1307.7971,doxycycline,,8.0,mg/L,MIC,CLSI,[34493269]
g1307.7971,enrofloxacin,,0.5,mg/L,MIC,CLSI,[34493269]
g1307.7971,erythromycin,,0.03,mg/L,MIC,CLSI,[34493269]
g1307.7971,florfenicol,,2.0,mg/L,MIC,CLSI,[34493269]
g1307.7971,lincomycin,,1.0,mg/L,MIC,CLSI,[34493269]
g1307.7971,marbofloxacin,,1.0,mg/L,MIC,CLSI,[34493269]
g1307.7971,penicillin,,0.03,mg/L,MIC,CLSI,[34493269]
g1307.7971,spectinomycin,,16.0,mg/L,MIC,CLSI,[34493269]
g1307.7971,tetracycline,,32.0,mg/L,MIC,CLSI,[34493269]
g1307.7971,tiamulin,,2.0,mg/L,MIC,CLSI,[34493269]
g1307.7971,tilmicosin,,2.0,mg/L,MIC,CLSI,[34493269]
g1307.7971,trimethoprim,,0.25,mg/L,MIC,CLSI,[34493269]
g1307.7971,tylosin,,0.5,mg/L,MIC,CLSI,[34493269]
g1307.7972,amoxicillin,,0.03,mg/L,MIC,CLSI,[34493269]
g1307.7972,cefquinome,,0.015,mg/L,MIC,CLSI,[34493269]
g1307.7972,ceftiofur,,0.12,mg/L,MIC,CLSI,[34493269]
g1307.7972,doxycycline,,4.0,mg/L,MIC,CLSI,[34493269]
g1307.7972,enrofloxacin,,0.5,mg/L,MIC,CLSI,[34493269]
g1307.7972,erythromycin,,0.12,mg/L,MIC,CLSI,[34493269]
g1307.7972,florfenicol,,2.0,mg/L,MIC,CLSI,[34493269]
g1307.7972,lincomycin,,128.0,mg/L,MIC,CLSI,[34493269]
g1307.7972,marbofloxacin,,1.0,mg/L,MIC,CLSI,[34493269]
g1307.7972,penicillin,,0.03,mg/L,MIC,CLSI,[34493269]
g1307.7972,spectinomycin,,512.0,mg/L,MIC,CLSI,[34493269]
g1307.7972,tetracycline,,64.0,mg/L,MIC,CLSI,[34493269]
g1307.7972,tiamulin,,64.0,mg/L,MIC,CLSI,[34493269]
g1307.7972,tilmicosin,,8.0,mg/L,MIC,CLSI,[34493269]
g1307.7972,trimethoprim,,0.25,mg/L,MIC,CLSI,[34493269]
g1307.7972,tylosin,,4.0,mg/L,MIC,CLSI,[34493269]
g1307.7973,amoxicillin,,0.03,mg/L,MIC,CLSI,[34493269]
g1307.7973,cefquinome,,0.06,mg/L,MIC,CLSI,[34493269]
g1307.7973,ceftiofur,,0.25,mg/L,MIC,CLSI,[34493269]
g1307.7973,doxycycline,,8.0,mg/L,MIC,CLSI,[34493269]
g1307.7973,enrofloxacin,,0.5,mg/L,MIC,CLSI,[34493269]
g1307.7973,erythromycin,,0.03,mg/L,MIC,CLSI,[34493269]
g1307.7973,florfenicol,,2.0,mg/L,MIC,CLSI,[34493269]
g1307.7973,lincomycin,,0.12,mg/L,MIC,CLSI,[34493269]
g1307.7973,marbofloxacin,,1.0,mg/L,MIC,CLSI,[34493269]
g1307.7973,penicillin,,0.03,mg/L,MIC,CLSI,[34493269]
g1307.7973,spectinomycin,,16.0,mg/L,MIC,CLSI,[34493269]
g1307.7973,tetracycline,,64.0,mg/L,MIC,CLSI,[34493269]
g1307.7973,tiamulin,,0.25,mg/L,MIC,CLSI,[34493269]
g1307.7973,tilmicosin,,4.0,mg/L,MIC,CLSI,[34493269]
g1307.7973,trimethoprim,,0.03,mg/L,MIC,CLSI,[34493269]
g1307.7973,tylosin,,1.0,mg/L,MIC,CLSI,[34493269]
g1307.7974,amoxicillin,,0.03,mg/L,MIC,CLSI,[34493269]
g1307.7974,cefquinome,,0.03,mg/L,MIC,CLSI,[34493269]
g1307.7974,ceftiofur,,0.25,mg/L,MIC,CLSI,[34493269]
g1307.7974,doxycycline,,16.0,mg/L,MIC,CLSI,[34493269]
g1307.7974,enrofloxacin,,0.5,mg/L,MIC,CLSI,[34493269]
g1307.7974,erythromycin,,8.0,mg/L,MIC,CLSI,[34493269]
g1307.7974,florfenicol,,2.0,mg/L,MIC,CLSI,[34493269]
g1307.7974,lincomycin,,128.0,mg/L,MIC,CLSI,[34493269]
g1307.7974,marbofloxacin,,1.0,mg/L,MIC,CLSI,[34493269]
g1307.7974,penicillin,,0.03,mg/L,MIC,CLSI,[34493269]
g1307.7974,spectinomycin,,512.0,mg/L,MIC,CLSI,[34493269]
g1307.7974,tetracycline,,64.0,mg/L,MIC,CLSI,[34493269]
g1307.7974,tiamulin,,64.0,mg/L,MIC,CLSI,[34493269]
g1307.7974,tilmicosin,,128.0,mg/L,MIC,CLSI,[34493269]
g1307.7974,trimethoprim,,0.5,mg/L,MIC,CLSI,[34493269]
g1307.7974,tylosin,,256.0,mg/L,MIC,CLSI,[34493269]
g1307.7975,amoxicillin,,0.03,mg/L,MIC,CLSI,[34493269]
g1307.7975,cefquinome,,0.03,mg/L,MIC,CLSI,[34493269]
g1307.7975,ceftiofur,,0.5,mg/L,MIC,CLSI,[34493269]
g1307.7975,doxycycline,,16.0,mg/L,MIC,CLSI,[34493269]
g1307.7975,enrofloxacin,,0.25,mg/L,MIC,CLSI,[34493269]
g1307.7975,erythromycin,,32.0,mg/L,MIC,CLSI,[34493269]
g1307.7975,florfenicol,,2.0,mg/L,MIC,CLSI,[34493269]
g1307.7975,lincomycin,,128.0,mg/L,MIC,CLSI,[34493269]
g1307.7975,marbofloxacin,,0.5,mg/L,MIC,CLSI,[34493269]
g1307.7975,penicillin,,0.12,mg/L,MIC,CLSI,[34493269]
g1307.7975,spectinomycin,,4.0,mg/L,MIC,CLSI,[34493269]
g1307.7975,tetracycline,,64.0,mg/L,MIC,CLSI,[34493269]
g1307.7975,tiamulin,,0.5,mg/L,MIC,CLSI,[34493269]
g1307.7975,tilmicosin,,128.0,mg/L,MIC,CLSI,[34493269]
g1307.7975,trimethoprim,,0.5,mg/L,MIC,CLSI,[34493269]
g1307.7975,tylosin,,256.0,mg/L,MIC,CLSI,[34493269]
g1307.7976,amoxicillin,,0.03,mg/L,MIC,CLSI,[34493269]
g1307.7976,cefquinome,,0.015,mg/L,MIC,CLSI,[34493269]
g1307.7976,ceftiofur,,0.12,mg/L,MIC,CLSI,[34493269]
g1307.7976,doxycycline,,8.0,mg/L,MIC,CLSI,[34493269]
g1307.7976,enrofloxacin,,0.5,mg/L,MIC,CLSI,[34493269]
g1307.7976,erythromycin,,0.03,mg/L,MIC,CLSI,[34493269]
g1307.7976,florfenicol,,2.0,mg/L,MIC,CLSI,[34493269]
g1307.7976,lincomycin,,1.0,mg/L,MIC,CLSI,[34493269]
g1307.7976,marbofloxacin,,1.0,mg/L,MIC,CLSI,[34493269]
g1307.7976,penicillin,,0.03,mg/L,MIC,CLSI,[34493269]
g1307.7976,spectinomycin,,32.0,mg/L,MIC,CLSI,[34493269]
g1307.7976,tetracycline,,32.0,mg/L,MIC,CLSI,[34493269]
g1307.7976,tiamulin,,2.0,mg/L,MIC,CLSI,[34493269]
g1307.7976,tilmicosin,,4.0,mg/L,MIC,CLSI,[34493269]
g1307.7976,trimethoprim,,0.5,mg/L,MIC,CLSI,[34493269]
g1307.7976,tylosin,,0.5,mg/L,MIC,CLSI,[34493269]
g1307.7977,amoxicillin,,0.03,mg/L,MIC,CLSI,[34493269]
g1307.7977,cefquinome,,0.03,mg/L,MIC,CLSI,[34493269]
g1307.7977,ceftiofur,,0.12,mg/L,MIC,CLSI,[34493269]
g1307.7977,doxycycline,,8.0,mg/L,MIC,CLSI,[34493269]
g1307.7977,enrofloxacin,,0.25,mg/L,MIC,CLSI,[34493269]
g1307.7977,erythromycin,,0.03,mg/L,MIC,CLSI,[34493269]
g1307.7977,florfenicol,,2.0,mg/L,MIC,CLSI,[34493269]
g1307.7977,lincomycin,,0.12,mg/L,MIC,CLSI,[34493269]
g1307.7977,marbofloxacin,,0.5,mg/L,MIC,CLSI,[34493269]
g1307.7977,penicillin,,0.03,mg/L,MIC,CLSI,[34493269]
g1307.7977,spectinomycin,,64.0,mg/L,MIC,CLSI,[34493269]
g1307.7977,tetracycline,,32.0,mg/L,MIC,CLSI,[34493269]
g1307.7977,tiamulin,,0.5,mg/L,MIC,CLSI,[34493269]
g1307.7977,tilmicosin,,4.0,mg/L,MIC,CLSI,[34493269]
g1307.7977,trimethoprim,,0.03,mg/L,MIC,CLSI,[34493269]
g1307.7977,tylosin,,1.0,mg/L,MIC,CLSI,[34493269]
g1307.7978,amoxicillin,,0.03,mg/L,MIC,CLSI,[34493269]
g1307.7978,cefquinome,,0.03,mg/L,MIC,CLSI,[34493269]
g1307.7978,ceftiofur,,0.5,mg/L,MIC,CLSI,[34493269]
g1307.7978,doxycycline,,4.0,mg/L,MIC,CLSI,[34493269]
g1307.7978,enrofloxacin,,4.0,mg/L,MIC,CLSI,[34493269]
g1307.7978,erythromycin,,32.0,mg/L,MIC,CLSI,[34493269]
g1307.7978,florfenicol,,2.0,mg/L,MIC,CLSI,[34493269]
g1307.7978,lincomycin,,128.0,mg/L,MIC,CLSI,[34493269]
g1307.7978,marbofloxacin,,16.0,mg/L,MIC,CLSI,[34493269]
g1307.7978,penicillin,,0.12,mg/L,MIC,CLSI,[34493269]
g1307.7978,spectinomycin,,4.0,mg/L,MIC,CLSI,[34493269]
g1307.7978,tetracycline,,64.0,mg/L,MIC,CLSI,[34493269]
g1307.7978,tiamulin,,0.5,mg/L,MIC,CLSI,[34493269]
g1307.7978,tilmicosin,,128.0,mg/L,MIC,CLSI,[34493269]
g1307.7978,trimethoprim,,16.0,mg/L,MIC,CLSI,[34493269]
g1307.7978,tylosin,,256.0,mg/L,MIC,CLSI,[34493269]
g1307.7979,amoxicillin,,0.03,mg/L,MIC,CLSI,[34493269]
g1307.7979,cefquinome,,0.015,mg/L,MIC,CLSI,[34493269]
g1307.7979,ceftiofur,,0.12,mg/L,MIC,CLSI,[34493269]
g1307.7979,doxycycline,,8.0,mg/L,MIC,CLSI,[34493269]
g1307.7979,enrofloxacin,,0.25,mg/L,MIC,CLSI,[34493269]
g1307.7979,erythromycin,,0.03,mg/L,MIC,CLSI,[34493269]
g1307.7979,florfenicol,,2.0,mg/L,MIC,CLSI,[34493269]
g1307.7979,lincomycin,,0.12,mg/L,MIC,CLSI,[34493269]
g1307.7979,marbofloxacin,,0.5,mg/L,MIC,CLSI,[34493269]
g1307.7979,penicillin,,0.03,mg/L,MIC,CLSI,[34493269]
g1307.7979,spectinomycin,,32.0,mg/L,MIC,CLSI,[34493269]
g1307.7979,tetracycline,,32.0,mg/L,MIC,CLSI,[34493269]
g1307.7979,tiamulin,,0.25,mg/L,MIC,CLSI,[34493269]
g1307.7979,tilmicosin,,4.0,mg/L,MIC,CLSI,[34493269]
g1307.7979,trimethoprim,,0.03,mg/L,MIC,CLSI,[34493269]
g1307.7979,tylosin,,1.0,mg/L,MIC,CLSI,[34493269]
g1307.7980,amoxicillin,,0.03,mg/L,MIC,CLSI,[34493269]
g1307.7980,cefquinome,,0.03,mg/L,MIC,CLSI,[34493269]
g1307.7980,ceftiofur,,0.12,mg/L,MIC,CLSI,[34493269]
g1307.7980,doxycycline,,0.12,mg/L,MIC,CLSI,[34493269]
g1307.7980,enrofloxacin,,0.5,mg/L,MIC,CLSI,[34493269]
g1307.7980,erythromycin,,0.03,mg/L,MIC,CLSI,[34493269]
g1307.7980,florfenicol,,1.0,mg/L,MIC,CLSI,[34493269]
g1307.7980,lincomycin,,4.0,mg/L,MIC,CLSI,[34493269]
g1307.7980,marbofloxacin,,0.5,mg/L,MIC,CLSI,[34493269]
g1307.7980,penicillin,,0.03,mg/L,MIC,CLSI,[34493269]
g1307.7980,spectinomycin,,16.0,mg/L,MIC,CLSI,[34493269]
g1307.7980,tetracycline,,2.0,mg/L,MIC,CLSI,[34493269]
g1307.7980,tiamulin,,16.0,mg/L,MIC,CLSI,[34493269]
g1307.7980,tilmicosin,,2.0,mg/L,MIC,CLSI,[34493269]
g1307.7980,trimethoprim,,0.03,mg/L,MIC,CLSI,[34493269]
g1307.7980,tylosin,,0.5,mg/L,MIC,CLSI,[34493269]
g1307.7981,amoxicillin,,0.03,mg/L,MIC,CLSI,[34493269]
g1307.7981,cefquinome,,0.03,mg/L,MIC,CLSI,[34493269]
g1307.7981,ceftiofur,,0.5,mg/L,MIC,CLSI,[34493269]
g1307.7981,doxycycline,,32.0,mg/L,MIC,CLSI,[34493269]
g1307.7981,enrofloxacin,,0.5,mg/L,MIC,CLSI,[34493269]
g1307.7981,erythromycin,,32.0,mg/L,MIC,CLSI,[34493269]
g1307.7981,florfenicol,,2.0,mg/L,MIC,CLSI,[34493269]
g1307.7981,lincomycin,,128.0,mg/L,MIC,CLSI,[34493269]
g1307.7981,marbofloxacin,,2.0,mg/L,MIC,CLSI,[34493269]
g1307.7981,penicillin,,0.12,mg/L,MIC,CLSI,[34493269]
g1307.7981,spectinomycin,,512.0,mg/L,MIC,CLSI,[34493269]
g1307.7981,tetracycline,,64.0,mg/L,MIC,CLSI,[34493269]
g1307.7981,tiamulin,,16.0,mg/L,MIC,CLSI,[34493269]
g1307.7981,tilmicosin,,128.0,mg/L,MIC,CLSI,[34493269]
g1307.7981,trimethoprim,,8.0,mg/L,MIC,CLSI,[34493269]
g1307.7981,tylosin,,256.0,mg/L,MIC,CLSI,[34493269]
g1307.7982,amoxicillin,,0.03,mg/L,MIC,CLSI,[34493269]
g1307.7982,cefquinome,,0.06,mg/L,MIC,CLSI,[34493269]
g1307.7982,ceftiofur,,0.5,mg/L,MIC,CLSI,[34493269]
g1307.7982,doxycycline,,8.0,mg/L,MIC,CLSI,[34493269]
g1307.7982,enrofloxacin,,0.5,mg/L,MIC,CLSI,[34493269]
g1307.7982,erythromycin,,0.03,mg/L,MIC,CLSI,[34493269]
g1307.7982,florfenicol,,2.0,mg/L,MIC,CLSI,[34493269]
g1307.7982,lincomycin,,4.0,mg/L,MIC,CLSI,[34493269]
g1307.7982,marbofloxacin,,1.0,mg/L,MIC,CLSI,[34493269]
g1307.7982,penicillin,,0.06,mg/L,MIC,CLSI,[34493269]
g1307.7982,spectinomycin,,16.0,mg/L,MIC,CLSI,[34493269]
g1307.7982,tetracycline,,64.0,mg/L,MIC,CLSI,[34493269]
g1307.7982,tiamulin,,8.0,mg/L,MIC,CLSI,[34493269]
g1307.7982,tilmicosin,,4.0,mg/L,MIC,CLSI,[34493269]
g1307.7982,trimethoprim,,4.0,mg/L,MIC,CLSI,[34493269]
g1307.7982,tylosin,,0.5,mg/L,MIC,CLSI,[34493269]
g1307.7983,amoxicillin,,0.03,mg/L,MIC,CLSI,[34493269]
g1307.7983,cefquinome,,0.03,mg/L,MIC,CLSI,[34493269]
g1307.7983,ceftiofur,,0.12,mg/L,MIC,CLSI,[34493269]
g1307.7983,doxycycline,,32.0,mg/L,MIC,CLSI,[34493269]
g1307.7983,enrofloxacin,,0.5,mg/L,MIC,CLSI,[34493269]
g1307.7983,erythromycin,,32.0,mg/L,MIC,CLSI,[34493269]
g1307.7983,florfenicol,,2.0,mg/L,MIC,CLSI,[34493269]
g1307.7983,lincomycin,,128.0,mg/L,MIC,CLSI,[34493269]
g1307.7983,marbofloxacin,,1.0,mg/L,MIC,CLSI,[34493269]
g1307.7983,penicillin,,0.03,mg/L,MIC,CLSI,[34493269]
g1307.7983,spectinomycin,,32.0,mg/L,MIC,CLSI,[34493269]
g1307.7983,tetracycline,,64.0,mg/L,MIC,CLSI,[34493269]
g1307.7983,tiamulin,,1.0,mg/L,MIC,CLSI,[34493269]
g1307.7983,tilmicosin,,128.0,mg/L,MIC,CLSI,[34493269]
g1307.7983,trimethoprim,,0.25,mg/L,MIC,CLSI,[34493269]
g1307.7983,tylosin,,256.0,mg/L,MIC,CLSI,[34493269]
g1307.7984,amoxicillin,,0.03,mg/L,MIC,CLSI,[34493269]
g1307.7984,cefquinome,,0.015,mg/L,MIC,CLSI,[34493269]
g1307.7984,ceftiofur,,0.12,mg/L,MIC,CLSI,[34493269]
g1307.7984,doxycycline,,8.0,mg/L,MIC,CLSI,[34493269]
g1307.7984,enrofloxacin,,0.25,mg/L,MIC,CLSI,[34493269]
g1307.7984,erythromycin,,0.03,mg/L,MIC,CLSI,[34493269]
g1307.7984,florfenicol,,2.0,mg/L,MIC,CLSI,[34493269]
g1307.7984,lincomycin,,0.12,mg/L,MIC,CLSI,[34493269]
g1307.7984,marbofloxacin,,0.5,mg/L,MIC,CLSI,[34493269]
g1307.7984,penicillin,,0.03,mg/L,MIC,CLSI,[34493269]
g1307.7984,spectinomycin,,16.0,mg/L,MIC,CLSI,[34493269]
g1307.7984,tetracycline,,32.0,mg/L,MIC,CLSI,[34493269]
g1307.7984,tiamulin,,0.25,mg/L,MIC,CLSI,[34493269]
g1307.7984,tilmicosin,,4.0,mg/L,MIC,CLSI,[34493269]
g1307.7984,trimethoprim,,0.03,mg/L,MIC,CLSI,[34493269]
g1307.7984,tylosin,,0.5,mg/L,MIC,CLSI,[34493269]
g1307.7985,amoxicillin,,0.03,mg/L,MIC,CLSI,[34493269]
g1307.7985,cefquinome,,0.03,mg/L,MIC,CLSI,[34493269]
g1307.7985,ceftiofur,,0.12,mg/L,MIC,CLSI,[34493269]
g1307.7985,doxycycline,,8.0,mg/L,MIC,CLSI,[34493269]
g1307.7985,enrofloxacin,,0.5,mg/L,MIC,CLSI,[34493269]
g1307.7985,erythromycin,,0.03,mg/L,MIC,CLSI,[34493269]
g1307.7985,florfenicol,,1.0,mg/L,MIC,CLSI,[34493269]
g1307.7985,lincomycin,,1.0,mg/L,MIC,CLSI,[34493269]
g1307.7985,marbofloxacin,,0.5,mg/L,MIC,CLSI,[34493269]
g1307.7985,penicillin,,0.03,mg/L,MIC,CLSI,[34493269]
g1307.7985,spectinomycin,,32.0,mg/L,MIC,CLSI,[34493269]
g1307.7985,tetracycline,,32.0,mg/L,MIC,CLSI,[34493269]
g1307.7985,tiamulin,,2.0,mg/L,MIC,CLSI,[34493269]
g1307.7985,tilmicosin,,4.0,mg/L,MIC,CLSI,[34493269]
g1307.7985,trimethoprim,,0.25,mg/L,MIC,CLSI,[34493269]
g1307.7985,tylosin,,0.5,mg/L,MIC,CLSI,[34493269]
g1307.7986,amoxicillin,,0.03,mg/L,MIC,CLSI,[34493269]
g1307.7986,cefquinome,,0.015,mg/L,MIC,CLSI,[34493269]
g1307.7986,ceftiofur,,0.06,mg/L,MIC,CLSI,[34493269]
g1307.7986,doxycycline,,8.0,mg/L,MIC,CLSI,[34493269]
g1307.7986,enrofloxacin,,0.5,mg/L,MIC,CLSI,[34493269]
g1307.7986,erythromycin,,32.0,mg/L,MIC,CLSI,[34493269]
g1307.7986,florfenicol,,2.0,mg/L,MIC,CLSI,[34493269]
g1307.7986,lincomycin,,128.0,mg/L,MIC,CLSI,[34493269]
g1307.7986,marbofloxacin,,1.0,mg/L,MIC,CLSI,[34493269]
g1307.7986,penicillin,,0.03,mg/L,MIC,CLSI,[34493269]
g1307.7986,spectinomycin,,8.0,mg/L,MIC,CLSI,[34493269]
g1307.7986,tetracycline,,64.0,mg/L,MIC,CLSI,[34493269]
g1307.7986,tiamulin,,4.0,mg/L,MIC,CLSI,[34493269]
g1307.7986,tilmicosin,,128.0,mg/L,MIC,CLSI,[34493269]
g1307.7986,trimethoprim,,0.5,mg/L,MIC,CLSI,[34493269]
g1307.7986,tylosin,,256.0,mg/L,MIC,CLSI,[34493269]
g1307.7987,amoxicillin,,0.03,mg/L,MIC,CLSI,[34493269]
g1307.7987,cefquinome,,0.008,mg/L,MIC,CLSI,[34493269]
g1307.7987,ceftiofur,,0.06,mg/L,MIC,CLSI,[34493269]
g1307.7987,doxycycline,,16.0,mg/L,MIC,CLSI,[34493269]
g1307.7987,enrofloxacin,,0.5,mg/L,MIC,CLSI,[34493269]
g1307.7987,erythromycin,,0.03,mg/L,MIC,CLSI,[34493269]
g1307.7987,florfenicol,,1.0,mg/L,MIC,CLSI,[34493269]
g1307.7987,lincomycin,,0.25,mg/L,MIC,CLSI,[34493269]
g1307.7987,marbofloxacin,,1.0,mg/L,MIC,CLSI,[34493269]
g1307.7987,penicillin,,0.03,mg/L,MIC,CLSI,[34493269]
g1307.7987,spectinomycin,,8.0,mg/L,MIC,CLSI,[34493269]
g1307.7987,tetracycline,,64.0,mg/L,MIC,CLSI,[34493269]
g1307.7987,tiamulin,,1.0,mg/L,MIC,CLSI,[34493269]
g1307.7987,tilmicosin,,4.0,mg/L,MIC,CLSI,[34493269]
g1307.7987,trimethoprim,,0.03,mg/L,MIC,CLSI,[34493269]
g1307.7987,tylosin,,0.5,mg/L,MIC,CLSI,[34493269]
g1307.7988,amoxicillin,,0.03,mg/L,MIC,CLSI,[34493269]
g1307.7988,cefquinome,,0.03,mg/L,MIC,CLSI,[34493269]
g1307.7988,ceftiofur,,0.12,mg/L,MIC,CLSI,[34493269]
g1307.7988,doxycycline,,16.0,mg/L,MIC,CLSI,[34493269]
g1307.7988,enrofloxacin,,0.5,mg/L,MIC,CLSI,[34493269]
g1307.7988,erythromycin,,32.0,mg/L,MIC,CLSI,[34493269]
g1307.7988,florfenicol,,2.0,mg/L,MIC,CLSI,[34493269]
g1307.7988,lincomycin,,128.0,mg/L,MIC,CLSI,[34493269]
g1307.7988,marbofloxacin,,1.0,mg/L,MIC,CLSI,[34493269]
g1307.7988,penicillin,,0.03,mg/L,MIC,CLSI,[34493269]
g1307.7988,spectinomycin,,16.0,mg/L,MIC,CLSI,[34493269]
g1307.7988,tetracycline,,64.0,mg/L,MIC,CLSI,[34493269]
g1307.7988,tiamulin,,1.0,mg/L,MIC,CLSI,[34493269]
g1307.7988,tilmicosin,,128.0,mg/L,MIC,CLSI,[34493269]
g1307.7988,trimethoprim,,0.12,mg/L,MIC,CLSI,[34493269]
g1307.7988,tylosin,,256.0,mg/L,MIC,CLSI,[34493269]
g1307.7989,amoxicillin,,0.03,mg/L,MIC,CLSI,[34493269]
g1307.7989,cefquinome,,0.015,mg/L,MIC,CLSI,[34493269]
g1307.7989,ceftiofur,,0.12,mg/L,MIC,CLSI,[34493269]
g1307.7989,doxycycline,,8.0,mg/L,MIC,CLSI,[34493269]
g1307.7989,enrofloxacin,,0.5,mg/L,MIC,CLSI,[34493269]
g1307.7989,erythromycin,,8.0,mg/L,MIC,CLSI,[34493269]
g1307.7989,florfenicol,,1.0,mg/L,MIC,CLSI,[34493269]
g1307.7989,lincomycin,,128.0,mg/L,MIC,CLSI,[34493269]
g1307.7989,marbofloxacin,,1.0,mg/L,MIC,CLSI,[34493269]
g1307.7989,penicillin,,0.03,mg/L,MIC,CLSI,[34493269]
g1307.7989,spectinomycin,,16.0,mg/L,MIC,CLSI,[34493269]
g1307.7989,tetracycline,,64.0,mg/L,MIC,CLSI,[34493269]
g1307.7989,tiamulin,,4.0,mg/L,MIC,CLSI,[34493269]
g1307.7989,tilmicosin,,128.0,mg/L,MIC,CLSI,[34493269]
g1307.7989,trimethoprim,,0.03,mg/L,MIC,CLSI,[34493269]
g1307.7989,tylosin,,256.0,mg/L,MIC,CLSI,[34493269]
g1307.7990,amoxicillin,,0.03,mg/L,MIC,CLSI,[34493269]
g1307.7990,cefquinome,,0.06,mg/L,MIC,CLSI,[34493269]
g1307.7990,ceftiofur,,0.5,mg/L,MIC,CLSI,[34493269]
g1307.7990,doxycycline,,0.12,mg/L,MIC,CLSI,[34493269]
g1307.7990,enrofloxacin,,0.5,mg/L,MIC,CLSI,[34493269]
g1307.7990,erythromycin,,0.03,mg/L,MIC,CLSI,[34493269]
g1307.7990,florfenicol,,2.0,mg/L,MIC,CLSI,[34493269]
g1307.7990,lincomycin,,8.0,mg/L,MIC,CLSI,[34493269]
g1307.7990,marbofloxacin,,0.5,mg/L,MIC,CLSI,[34493269]
g1307.7990,penicillin,,0.06,mg/L,MIC,CLSI,[34493269]
g1307.7990,spectinomycin,,8.0,mg/L,MIC,CLSI,[34493269]
g1307.7990,tetracycline,,2.0,mg/L,MIC,CLSI,[34493269]
g1307.7990,tiamulin,,32.0,mg/L,MIC,CLSI,[34493269]
g1307.7990,tilmicosin,,4.0,mg/L,MIC,CLSI,[34493269]
g1307.7990,trimethoprim,,0.25,mg/L,MIC,CLSI,[34493269]
g1307.7990,tylosin,,0.5,mg/L,MIC,CLSI,[34493269]
g1307.7991,amoxicillin,,0.03,mg/L,MIC,CLSI,[34493269]
g1307.7991,cefquinome,,0.03,mg/L,MIC,CLSI,[34493269]
g1307.7991,ceftiofur,,0.25,mg/L,MIC,CLSI,[34493269]
g1307.7991,doxycycline,,16.0,mg/L,MIC,CLSI,[34493269]
g1307.7991,enrofloxacin,,0.25,mg/L,MIC,CLSI,[34493269]
g1307.7991,erythromycin,,32.0,mg/L,MIC,CLSI,[34493269]
g1307.7991,florfenicol,,2.0,mg/L,MIC,CLSI,[34493269]
g1307.7991,lincomycin,,128.0,mg/L,MIC,CLSI,[34493269]
g1307.7991,marbofloxacin,,0.5,mg/L,MIC,CLSI,[34493269]
g1307.7991,penicillin,,0.03,mg/L,MIC,CLSI,[34493269]
g1307.7991,spectinomycin,,32.0,mg/L,MIC,CLSI,[34493269]
g1307.7991,tetracycline,,64.0,mg/L,MIC,CLSI,[34493269]
g1307.7991,tiamulin,,0.12,mg/L,MIC,CLSI,[34493269]
g1307.7991,tilmicosin,,128.0,mg/L,MIC,CLSI,[34493269]
g1307.7991,trimethoprim,,0.12,mg/L,MIC,CLSI,[34493269]
g1307.7991,tylosin,,256.0,mg/L,MIC,CLSI,[34493269]
g1307.7992,amoxicillin,,0.03,mg/L,MIC,CLSI,[34493269]
g1307.7992,cefquinome,,0.008,mg/L,MIC,CLSI,[34493269]
g1307.7992,ceftiofur,,0.06,mg/L,MIC,CLSI,[34493269]
g1307.7992,doxycycline,,16.0,mg/L,MIC,CLSI,[34493269]
g1307.7992,enrofloxacin,,1.0,mg/L,MIC,CLSI,[34493269]
g1307.7992,erythromycin,,32.0,mg/L,MIC,CLSI,[34493269]
g1307.7992,florfenicol,,2.0,mg/L,MIC,CLSI,[34493269]
g1307.7992,lincomycin,,128.0,mg/L,MIC,CLSI,[34493269]
g1307.7992,marbofloxacin,,1.0,mg/L,MIC,CLSI,[34493269]
g1307.7992,penicillin,,0.03,mg/L,MIC,CLSI,[34493269]
g1307.7992,spectinomycin,,16.0,mg/L,MIC,CLSI,[34493269]
g1307.7992,tetracycline,,128.0,mg/L,MIC,CLSI,[34493269]
g1307.7992,tiamulin,,0.12,mg/L,MIC,CLSI,[34493269]
g1307.7992,tilmicosin,,128.0,mg/L,MIC,CLSI,[34493269]
g1307.7992,trimethoprim,,0.03,mg/L,MIC,CLSI,[34493269]
g1307.7992,tylosin,,256.0,mg/L,MIC,CLSI,[34493269]
g1307.7993,amoxicillin,,0.5,mg/L,MIC,CLSI,[34493269]
g1307.7993,cefquinome,,0.25,mg/L,MIC,CLSI,[34493269]
g1307.7993,ceftiofur,,1.0,mg/L,MIC,CLSI,[34493269]
g1307.7993,doxycycline,,16.0,mg/L,MIC,CLSI,[34493269]
g1307.7993,enrofloxacin,,1.0,mg/L,MIC,CLSI,[34493269]
g1307.7993,erythromycin,,32.0,mg/L,MIC,CLSI,[34493269]
g1307.7993,florfenicol,,1.0,mg/L,MIC,CLSI,[34493269]
g1307.7993,lincomycin,,128.0,mg/L,MIC,CLSI,[34493269]
g1307.7993,marbofloxacin,,2.0,mg/L,MIC,CLSI,[34493269]
g1307.7993,penicillin,,1.0,mg/L,MIC,CLSI,[34493269]
g1307.7993,spectinomycin,,16.0,mg/L,MIC,CLSI,[34493269]
g1307.7993,tetracycline,,64.0,mg/L,MIC,CLSI,[34493269]
g1307.7993,tiamulin,,0.12,mg/L,MIC,CLSI,[34493269]
g1307.7993,tilmicosin,,128.0,mg/L,MIC,CLSI,[34493269]
g1307.7993,trimethoprim,,0.06,mg/L,MIC,CLSI,[34493269]
g1307.7993,tylosin,,256.0,mg/L,MIC,CLSI,[34493269]
g1307.7994,amoxicillin,,0.03,mg/L,MIC,CLSI,[34493269]
g1307.7994,cefquinome,,0.015,mg/L,MIC,CLSI,[34493269]
g1307.7994,ceftiofur,,0.12,mg/L,MIC,CLSI,[34493269]
g1307.7994,doxycycline,,16.0,mg/L,MIC,CLSI,[34493269]
g1307.7994,enrofloxacin,,0.5,mg/L,MIC,CLSI,[34493269]
g1307.7994,erythromycin,,32.0,mg/L,MIC,CLSI,[34493269]
g1307.7994,florfenicol,,2.0,mg/L,MIC,CLSI,[34493269]
g1307.7994,lincomycin,,128.0,mg/L,MIC,CLSI,[34493269]
g1307.7994,marbofloxacin,,1.0,mg/L,MIC,CLSI,[34493269]
g1307.7994,penicillin,,0.03,mg/L,MIC,CLSI,[34493269]
g1307.7994,spectinomycin,,16.0,mg/L,MIC,CLSI,[34493269]
g1307.7994,tetracycline,,64.0,mg/L,MIC,CLSI,[34493269]
g1307.7994,tiamulin,,0.12,mg/L,MIC,CLSI,[34493269]
g1307.7994,tilmicosin,,128.0,mg/L,MIC,CLSI,[34493269]
g1307.7994,trimethoprim,,0.03,mg/L,MIC,CLSI,[34493269]
g1307.7994,tylosin,,256.0,mg/L,MIC,CLSI,[34493269]
g1307.7995,amoxicillin,,0.03,mg/L,MIC,CLSI,[34493269]
g1307.7995,cefquinome,,0.015,mg/L,MIC,CLSI,[34493269]
g1307.7995,ceftiofur,,0.12,mg/L,MIC,CLSI,[34493269]
g1307.7995,doxycycline,,8.0,mg/L,MIC,CLSI,[34493269]
g1307.7995,enrofloxacin,,0.25,mg/L,MIC,CLSI,[34493269]
g1307.7995,erythromycin,,0.03,mg/L,MIC,CLSI,[34493269]
g1307.7995,florfenicol,,2.0,mg/L,MIC,CLSI,[34493269]
g1307.7995,lincomycin,,0.12,mg/L,MIC,CLSI,[34493269]
g1307.7995,marbofloxacin,,0.5,mg/L,MIC,CLSI,[34493269]
g1307.7995,penicillin,,0.03,mg/L,MIC,CLSI,[34493269]
g1307.7995,spectinomycin,,16.0,mg/L,MIC,CLSI,[34493269]
g1307.7995,tetracycline,,32.0,mg/L,MIC,CLSI,[34493269]
g1307.7995,tiamulin,,0.25,mg/L,MIC,CLSI,[34493269]
g1307.7995,tilmicosin,,4.0,mg/L,MIC,CLSI,[34493269]
g1307.7995,trimethoprim,,0.015,mg/L,MIC,CLSI,[34493269]
g1307.7995,tylosin,,0.5,mg/L,MIC,CLSI,[34493269]
g1307.7996,amoxicillin,,0.06,mg/L,MIC,CLSI,[34493269]
g1307.7996,cefquinome,,0.06,mg/L,MIC,CLSI,[34493269]
g1307.7996,ceftiofur,,1.0,mg/L,MIC,CLSI,[34493269]
g1307.7996,doxycycline,,8.0,mg/L,MIC,CLSI,[34493269]
g1307.7996,enrofloxacin,,0.25,mg/L,MIC,CLSI,[34493269]
g1307.7996,erythromycin,,32.0,mg/L,MIC,CLSI,[34493269]
g1307.7996,florfenicol,,2.0,mg/L,MIC,CLSI,[34493269]
g1307.7996,lincomycin,,128.0,mg/L,MIC,CLSI,[34493269]
g1307.7996,marbofloxacin,,0.5,mg/L,MIC,CLSI,[34493269]
g1307.7996,penicillin,,0.5,mg/L,MIC,CLSI,[34493269]
g1307.7996,spectinomycin,,16.0,mg/L,MIC,CLSI,[34493269]
g1307.7996,tetracycline,,64.0,mg/L,MIC,CLSI,[34493269]
g1307.7996,tiamulin,,16.0,mg/L,MIC,CLSI,[34493269]
g1307.7996,tilmicosin,,128.0,mg/L,MIC,CLSI,[34493269]
g1307.7996,trimethoprim,,4.0,mg/L,MIC,CLSI,[34493269]
g1307.7996,tylosin,,256.0,mg/L,MIC,CLSI,[34493269]
g1307.7997,amoxicillin,,0.03,mg/L,MIC,CLSI,[34493269]
g1307.7997,cefquinome,,0.03,mg/L,MIC,CLSI,[34493269]
g1307.7997,ceftiofur,,0.12,mg/L,MIC,CLSI,[34493269]
g1307.7997,doxycycline,,16.0,mg/L,MIC,CLSI,[34493269]
g1307.7997,enrofloxacin,,0.5,mg/L,MIC,CLSI,[34493269]
g1307.7997,erythromycin,,32.0,mg/L,MIC,CLSI,[34493269]
g1307.7997,florfenicol,,2.0,mg/L,MIC,CLSI,[34493269]
g1307.7997,lincomycin,,128.0,mg/L,MIC,CLSI,[34493269]
g1307.7997,marbofloxacin,,1.0,mg/L,MIC,CLSI,[34493269]
g1307.7997,penicillin,,0.03,mg/L,MIC,CLSI,[34493269]
g1307.7997,spectinomycin,,16.0,mg/L,MIC,CLSI,[34493269]
g1307.7997,tetracycline,,64.0,mg/L,MIC,CLSI,[34493269]
g1307.7997,tiamulin,,2.0,mg/L,MIC,CLSI,[34493269]
g1307.7997,tilmicosin,,128.0,mg/L,MIC,CLSI,[34493269]
g1307.7997,trimethoprim,,0.06,mg/L,MIC,CLSI,[34493269]
g1307.7997,tylosin,,256.0,mg/L,MIC,CLSI,[34493269]
g1307.7998,amoxicillin,,0.03,mg/L,MIC,CLSI,[34493269]
g1307.7998,cefquinome,,0.015,mg/L,MIC,CLSI,[34493269]
g1307.7998,ceftiofur,,0.12,mg/L,MIC,CLSI,[34493269]
g1307.7998,doxycycline,,8.0,mg/L,MIC,CLSI,[34493269]
g1307.7998,enrofloxacin,,0.5,mg/L,MIC,CLSI,[34493269]
g1307.7998,erythromycin,,0.03,mg/L,MIC,CLSI,[34493269]
g1307.7998,florfenicol,,2.0,mg/L,MIC,CLSI,[34493269]
g1307.7998,lincomycin,,0.12,mg/L,MIC,CLSI,[34493269]
g1307.7998,marbofloxacin,,1.0,mg/L,MIC,CLSI,[34493269]
g1307.7998,penicillin,,0.03,mg/L,MIC,CLSI,[34493269]
g1307.7998,spectinomycin,,16.0,mg/L,MIC,CLSI,[34493269]
g1307.7998,tetracycline,,64.0,mg/L,MIC,CLSI,[34493269]
g1307.7998,tiamulin,,0.25,mg/L,MIC,CLSI,[34493269]
g1307.7998,tilmicosin,,4.0,mg/L,MIC,CLSI,[34493269]
g1307.7998,trimethoprim,,0.03,mg/L,MIC,CLSI,[34493269]
g1307.7998,tylosin,,1.0,mg/L,MIC,CLSI,[34493269]
g1307.7999,amoxicillin,,0.03,mg/L,MIC,CLSI,[34493269]
g1307.7999,cefquinome,,0.015,mg/L,MIC,CLSI,[34493269]
g1307.7999,ceftiofur,,0.12,mg/L,MIC,CLSI,[34493269]
g1307.7999,doxycycline,,8.0,mg/L,MIC,CLSI,[34493269]
g1307.7999,enrofloxacin,,0.25,mg/L,MIC,CLSI,[34493269]
g1307.7999,erythromycin,,0.03,mg/L,MIC,CLSI,[34493269]
g1307.7999,florfenicol,,1.0,mg/L,MIC,CLSI,[34493269]
g1307.7999,lincomycin,,1.0,mg/L,MIC,CLSI,[34493269]
g1307.7999,marbofloxacin,,0.5,mg/L,MIC,CLSI,[34493269]
g1307.7999,penicillin,,0.03,mg/L,MIC,CLSI,[34493269]
g1307.7999,spectinomycin,,8.0,mg/L,MIC,CLSI,[34493269]
g1307.7999,tetracycline,,32.0,mg/L,MIC,CLSI,[34493269]
g1307.7999,tiamulin,,2.0,mg/L,MIC,CLSI,[34493269]
g1307.7999,tilmicosin,,2.0,mg/L,MIC,CLSI,[34493269]
g1307.7999,trimethoprim,,0.25,mg/L,MIC,CLSI,[34493269]
g1307.7999,tylosin,,0.5,mg/L,MIC,CLSI,[34493269]
g1307.8000,amoxicillin,,0.03,mg/L,MIC,CLSI,[34493269]
g1307.8000,cefquinome,,0.03,mg/L,MIC,CLSI,[34493269]
g1307.8000,ceftiofur,,0.25,mg/L,MIC,CLSI,[34493269]
g1307.8000,doxycycline,,16.0,mg/L,MIC,CLSI,[34493269]
g1307.8000,enrofloxacin,,0.25,mg/L,MIC,CLSI,[34493269]
g1307.8000,erythromycin,,0.03,mg/L,MIC,CLSI,[34493269]
g1307.8000,florfenicol,,2.0,mg/L,MIC,CLSI,[34493269]
g1307.8000,lincomycin,,8.0,mg/L,MIC,CLSI,[34493269]
g1307.8000,marbofloxacin,,0.5,mg/L,MIC,CLSI,[34493269]
g1307.8000,penicillin,,0.03,mg/L,MIC,CLSI,[34493269]
g1307.8000,spectinomycin,,32.0,mg/L,MIC,CLSI,[34493269]
g1307.8000,tetracycline,,64.0,mg/L,MIC,CLSI,[34493269]
g1307.8000,tiamulin,,32.0,mg/L,MIC,CLSI,[34493269]
g1307.8000,tilmicosin,,4.0,mg/L,MIC,CLSI,[34493269]
g1307.8000,trimethoprim,,2.0,mg/L,MIC,CLSI,[34493269]
g1307.8000,tylosin,,0.5,mg/L,MIC,CLSI,[34493269]
g1307.8001,amoxicillin,,0.03,mg/L,MIC,CLSI,[34493269]
g1307.8001,cefquinome,,0.03,mg/L,MIC,CLSI,[34493269]
g1307.8001,ceftiofur,,0.12,mg/L,MIC,CLSI,[34493269]
g1307.8001,doxycycline,,16.0,mg/L,MIC,CLSI,[34493269]
g1307.8001,enrofloxacin,,0.5,mg/L,MIC,CLSI,[34493269]
g1307.8001,erythromycin,,32.0,mg/L,MIC,CLSI,[34493269]
g1307.8001,florfenicol,,2.0,mg/L,MIC,CLSI,[34493269]
g1307.8001,lincomycin,,128.0,mg/L,MIC,CLSI,[34493269]
g1307.8001,marbofloxacin,,1.0,mg/L,MIC,CLSI,[34493269]
g1307.8001,penicillin,,0.03,mg/L,MIC,CLSI,[34493269]
g1307.8001,spectinomycin,,16.0,mg/L,MIC,CLSI,[34493269]
g1307.8001,tetracycline,,64.0,mg/L,MIC,CLSI,[34493269]
g1307.8001,tiamulin,,1.0,mg/L,MIC,CLSI,[34493269]
g1307.8001,tilmicosin,,128.0,mg/L,MIC,CLSI,[34493269]
g1307.8001,trimethoprim,,0.03,mg/L,MIC,CLSI,[34493269]
g1307.8001,tylosin,,256.0,mg/L,MIC,CLSI,[34493269]
g1307.8002,amoxicillin,,0.03,mg/L,MIC,CLSI,[34493269]
g1307.8002,cefquinome,,0.03,mg/L,MIC,CLSI,[34493269]
g1307.8002,ceftiofur,,0.25,mg/L,MIC,CLSI,[34493269]
g1307.8002,doxycycline,,16.0,mg/L,MIC,CLSI,[34493269]
g1307.8002,enrofloxacin,,0.5,mg/L,MIC,CLSI,[34493269]
g1307.8002,erythromycin,,32.0,mg/L,MIC,CLSI,[34493269]
g1307.8002,florfenicol,,2.0,mg/L,MIC,CLSI,[34493269]
g1307.8002,lincomycin,,128.0,mg/L,MIC,CLSI,[34493269]
g1307.8002,marbofloxacin,,1.0,mg/L,MIC,CLSI,[34493269]
g1307.8002,penicillin,,0.03,mg/L,MIC,CLSI,[34493269]
g1307.8002,spectinomycin,,16.0,mg/L,MIC,CLSI,[34493269]
g1307.8002,tetracycline,,64.0,mg/L,MIC,CLSI,[34493269]
g1307.8002,tiamulin,,1.0,mg/L,MIC,CLSI,[34493269]
g1307.8002,tilmicosin,,128.0,mg/L,MIC,CLSI,[34493269]
g1307.8002,trimethoprim,,0.03,mg/L,MIC,CLSI,[34493269]
g1307.8002,tylosin,,256.0,mg/L,MIC,CLSI,[34493269]
g1307.8003,amoxicillin,,0.03,mg/L,MIC,CLSI,[34493269]
g1307.8003,cefquinome,,0.06,mg/L,MIC,CLSI,[34493269]
g1307.8003,ceftiofur,,0.5,mg/L,MIC,CLSI,[34493269]
g1307.8003,doxycycline,,16.0,mg/L,MIC,CLSI,[34493269]
g1307.8003,enrofloxacin,,0.5,mg/L,MIC,CLSI,[34493269]
g1307.8003,erythromycin,,0.03,mg/L,MIC,CLSI,[34493269]
g1307.8003,florfenicol,,2.0,mg/L,MIC,CLSI,[34493269]
g1307.8003,lincomycin,,1.0,mg/L,MIC,CLSI,[34493269]
g1307.8003,marbofloxacin,,1.0,mg/L,MIC,CLSI,[34493269]
g1307.8003,penicillin,,0.06,mg/L,MIC,CLSI,[34493269]
g1307.8003,spectinomycin,,16.0,mg/L,MIC,CLSI,[34493269]
g1307.8003,tetracycline,,128.0,mg/L,MIC,CLSI,[34493269]
g1307.8003,tiamulin,,1.0,mg/L,MIC,CLSI,[34493269]
g1307.8003,tilmicosin,,4.0,mg/L,MIC,CLSI,[34493269]
g1307.8003,trimethoprim,,16.0,mg/L,MIC,CLSI,[34493269]
g1307.8003,tylosin,,0.5,mg/L,MIC,CLSI,[34493269]
g1307.8004,amoxicillin,,0.06,mg/L,MIC,CLSI,[34493269]
g1307.8004,cefquinome,,0.03,mg/L,MIC,CLSI,[34493269]
g1307.8004,ceftiofur,,0.5,mg/L,MIC,CLSI,[34493269]
g1307.8004,doxycycline,,8.0,mg/L,MIC,CLSI,[34493269]
g1307.8004,enrofloxacin,,0.5,mg/L,MIC,CLSI,[34493269]
g1307.8004,erythromycin,,0.03,mg/L,MIC,CLSI,[34493269]
g1307.8004,florfenicol,,2.0,mg/L,MIC,CLSI,[34493269]
g1307.8004,lincomycin,,128.0,mg/L,MIC,CLSI,[34493269]
g1307.8004,marbofloxacin,,1.0,mg/L,MIC,CLSI,[34493269]
g1307.8004,penicillin,,0.12,mg/L,MIC,CLSI,[34493269]
g1307.8004,spectinomycin,,8.0,mg/L,MIC,CLSI,[34493269]
g1307.8004,tetracycline,,128.0,mg/L,MIC,CLSI,[34493269]
g1307.8004,tiamulin,,32.0,mg/L,MIC,CLSI,[34493269]
g1307.8004,tilmicosin,,4.0,mg/L,MIC,CLSI,[34493269]
g1307.8004,trimethoprim,,0.03,mg/L,MIC,CLSI,[34493269]
g1307.8004,tylosin,,1.0,mg/L,MIC,CLSI,[34493269]
g1307.8005,amoxicillin,,0.03,mg/L,MIC,CLSI,[34493269]
g1307.8005,cefquinome,,0.06,mg/L,MIC,CLSI,[34493269]
g1307.8005,ceftiofur,,1.0,mg/L,MIC,CLSI,[34493269]
g1307.8005,doxycycline,,8.0,mg/L,MIC,CLSI,[34493269]
g1307.8005,enrofloxacin,,0.5,mg/L,MIC,CLSI,[34493269]
g1307.8005,erythromycin,,8.0,mg/L,MIC,CLSI,[34493269]
g1307.8005,florfenicol,,2.0,mg/L,MIC,CLSI,[34493269]
g1307.8005,lincomycin,,128.0,mg/L,MIC,CLSI,[34493269]
g1307.8005,marbofloxacin,,1.0,mg/L,MIC,CLSI,[34493269]
g1307.8005,penicillin,,0.25,mg/L,MIC,CLSI,[34493269]
g1307.8005,spectinomycin,,8.0,mg/L,MIC,CLSI,[34493269]
g1307.8005,tetracycline,,64.0,mg/L,MIC,CLSI,[34493269]
g1307.8005,tiamulin,,16.0,mg/L,MIC,CLSI,[34493269]
g1307.8005,tilmicosin,,128.0,mg/L,MIC,CLSI,[34493269]
g1307.8005,trimethoprim,,1.0,mg/L,MIC,CLSI,[34493269]
g1307.8005,tylosin,,256.0,mg/L,MIC,CLSI,[34493269]
g1307.8006,amoxicillin,,0.03,mg/L,MIC,CLSI,[34493269]
g1307.8006,cefquinome,,0.015,mg/L,MIC,CLSI,[34493269]
g1307.8006,ceftiofur,,0.25,mg/L,MIC,CLSI,[34493269]
g1307.8006,doxycycline,,16.0,mg/L,MIC,CLSI,[34493269]
g1307.8006,enrofloxacin,,0.12,mg/L,MIC,CLSI,[34493269]
g1307.8006,erythromycin,,0.03,mg/L,MIC,CLSI,[34493269]
g1307.8006,florfenicol,,2.0,mg/L,MIC,CLSI,[34493269]
g1307.8006,lincomycin,,8.0,mg/L,MIC,CLSI,[34493269]
g1307.8006,marbofloxacin,,0.25,mg/L,MIC,CLSI,[34493269]
g1307.8006,penicillin,,0.03,mg/L,MIC,CLSI,[34493269]
g1307.8006,spectinomycin,,16.0,mg/L,MIC,CLSI,[34493269]
g1307.8006,tetracycline,,64.0,mg/L,MIC,CLSI,[34493269]
g1307.8006,tiamulin,,32.0,mg/L,MIC,CLSI,[34493269]
g1307.8006,tilmicosin,,4.0,mg/L,MIC,CLSI,[34493269]
g1307.8006,trimethoprim,,1.0,mg/L,MIC,CLSI,[34493269]
g1307.8006,tylosin,,0.5,mg/L,MIC,CLSI,[34493269]
g1307.8007,amoxicillin,,0.03,mg/L,MIC,CLSI,[34493269]
g1307.8007,cefquinome,,0.12,mg/L,MIC,CLSI,[34493269]
g1307.8007,ceftiofur,,1.0,mg/L,MIC,CLSI,[34493269]
g1307.8007,doxycycline,,16.0,mg/L,MIC,CLSI,[34493269]
g1307.8007,enrofloxacin,,0.5,mg/L,MIC,CLSI,[34493269]
g1307.8007,erythromycin,,4.0,mg/L,MIC,CLSI,[34493269]
g1307.8007,florfenicol,,2.0,mg/L,MIC,CLSI,[34493269]
g1307.8007,lincomycin,,128.0,mg/L,MIC,CLSI,[34493269]
g1307.8007,marbofloxacin,,1.0,mg/L,MIC,CLSI,[34493269]
g1307.8007,penicillin,,0.25,mg/L,MIC,CLSI,[34493269]
g1307.8007,spectinomycin,,16.0,mg/L,MIC,CLSI,[34493269]
g1307.8007,tetracycline,,64.0,mg/L,MIC,CLSI,[34493269]
g1307.8007,tiamulin,,32.0,mg/L,MIC,CLSI,[34493269]
g1307.8007,tilmicosin,,128.0,mg/L,MIC,CLSI,[34493269]
g1307.8007,trimethoprim,,0.5,mg/L,MIC,CLSI,[34493269]
g1307.8007,tylosin,,256.0,mg/L,MIC,CLSI,[34493269]
g1307.8008,amoxicillin,,0.03,mg/L,MIC,CLSI,[34493269]
g1307.8008,cefquinome,,0.03,mg/L,MIC,CLSI,[34493269]
g1307.8008,ceftiofur,,0.25,mg/L,MIC,CLSI,[34493269]
g1307.8008,doxycycline,,16.0,mg/L,MIC,CLSI,[34493269]
g1307.8008,enrofloxacin,,0.5,mg/L,MIC,CLSI,[34493269]
g1307.8008,erythromycin,,0.03,mg/L,MIC,CLSI,[34493269]
g1307.8008,florfenicol,,2.0,mg/L,MIC,CLSI,[34493269]
g1307.8008,lincomycin,,1.0,mg/L,MIC,CLSI,[34493269]
g1307.8008,marbofloxacin,,1.0,mg/L,MIC,CLSI,[34493269]
g1307.8008,penicillin,,0.06,mg/L,MIC,CLSI,[34493269]
g1307.8008,spectinomycin,,8.0,mg/L,MIC,CLSI,[34493269]
g1307.8008,tetracycline,,128.0,mg/L,MIC,CLSI,[34493269]
g1307.8008,tiamulin,,4.0,mg/L,MIC,CLSI,[34493269]
g1307.8008,tilmicosin,,2.0,mg/L,MIC,CLSI,[34493269]
g1307.8008,trimethoprim,,0.03,mg/L,MIC,CLSI,[34493269]
g1307.8008,tylosin,,0.5,mg/L,MIC,CLSI,[34493269]
g1307.8009,amoxicillin,,0.03,mg/L,MIC,CLSI,[34493269]
g1307.8009,cefquinome,,0.03,mg/L,MIC,CLSI,[34493269]
g1307.8009,ceftiofur,,0.25,mg/L,MIC,CLSI,[34493269]
g1307.8009,doxycycline,,16.0,mg/L,MIC,CLSI,[34493269]
g1307.8009,enrofloxacin,,0.25,mg/L,MIC,CLSI,[34493269]
g1307.8009,erythromycin,,0.03,mg/L,MIC,CLSI,[34493269]
g1307.8009,florfenicol,,2.0,mg/L,MIC,CLSI,[34493269]
g1307.8009,lincomycin,,8.0,mg/L,MIC,CLSI,[34493269]
g1307.8009,marbofloxacin,,0.5,mg/L,MIC,CLSI,[34493269]
g1307.8009,penicillin,,0.03,mg/L,MIC,CLSI,[34493269]
g1307.8009,spectinomycin,,16.0,mg/L,MIC,CLSI,[34493269]
g1307.8009,tetracycline,,64.0,mg/L,MIC,CLSI,[34493269]
g1307.8009,tiamulin,,32.0,mg/L,MIC,CLSI,[34493269]
g1307.8009,tilmicosin,,4.0,mg/L,MIC,CLSI,[34493269]
g1307.8009,trimethoprim,,2.0,mg/L,MIC,CLSI,[34493269]
g1307.8009,tylosin,,0.5,mg/L,MIC,CLSI,[34493269]
g1307.8010,amoxicillin,,0.03,mg/L,MIC,CLSI,[34493269]
g1307.8010,cefquinome,,0.004,mg/L,MIC,CLSI,[34493269]
g1307.8010,ceftiofur,,0.03,mg/L,MIC,CLSI,[34493269]
g1307.8010,doxycycline,,8.0,mg/L,MIC,CLSI,[34493269]
g1307.8010,enrofloxacin,,0.5,mg/L,MIC,CLSI,[34493269]
g1307.8010,erythromycin,,0.015,mg/L,MIC,CLSI,[34493269]
g1307.8010,florfenicol,,1.0,mg/L,MIC,CLSI,[34493269]
g1307.8010,lincomycin,,1.0,mg/L,MIC,CLSI,[34493269]
g1307.8010,marbofloxacin,,1.0,mg/L,MIC,CLSI,[34493269]
g1307.8010,penicillin,,0.03,mg/L,MIC,CLSI,[34493269]
g1307.8010,spectinomycin,,16.0,mg/L,MIC,CLSI,[34493269]
g1307.8010,tetracycline,,32.0,mg/L,MIC,CLSI,[34493269]
g1307.8010,tiamulin,,2.0,mg/L,MIC,CLSI,[34493269]
g1307.8010,tilmicosin,,4.0,mg/L,MIC,CLSI,[34493269]
g1307.8010,trimethoprim,,2.0,mg/L,MIC,CLSI,[34493269]
g1307.8010,tylosin,,0.5,mg/L,MIC,CLSI,[34493269]
g1307.8011,amoxicillin,,0.03,mg/L,MIC,CLSI,[34493269]
g1307.8011,cefquinome,,0.015,mg/L,MIC,CLSI,[34493269]
g1307.8011,ceftiofur,,0.06,mg/L,MIC,CLSI,[34493269]
g1307.8011,doxycycline,,8.0,mg/L,MIC,CLSI,[34493269]
g1307.8011,enrofloxacin,,0.5,mg/L,MIC,CLSI,[34493269]
g1307.8011,erythromycin,,32.0,mg/L,MIC,CLSI,[34493269]
g1307.8011,florfenicol,,2.0,mg/L,MIC,CLSI,[34493269]
g1307.8011,lincomycin,,128.0,mg/L,MIC,CLSI,[34493269]
g1307.8011,marbofloxacin,,1.0,mg/L,MIC,CLSI,[34493269]
g1307.8011,penicillin,,0.03,mg/L,MIC,CLSI,[34493269]
g1307.8011,spectinomycin,,512.0,mg/L,MIC,CLSI,[34493269]
g1307.8011,tetracycline,,64.0,mg/L,MIC,CLSI,[34493269]
g1307.8011,tiamulin,,16.0,mg/L,MIC,CLSI,[34493269]
g1307.8011,tilmicosin,,128.0,mg/L,MIC,CLSI,[34493269]
g1307.8011,trimethoprim,,2.0,mg/L,MIC,CLSI,[34493269]
g1307.8011,tylosin,,256.0,mg/L,MIC,CLSI,[34493269]
g1307.8012,amoxicillin,,0.03,mg/L,MIC,CLSI,[34493269]
g1307.8012,cefquinome,,0.015,mg/L,MIC,CLSI,[34493269]
g1307.8012,ceftiofur,,0.12,mg/L,MIC,CLSI,[34493269]
g1307.8012,doxycycline,,8.0,mg/L,MIC,CLSI,[34493269]
g1307.8012,enrofloxacin,,0.5,mg/L,MIC,CLSI,[34493269]
g1307.8012,erythromycin,,32.0,mg/L,MIC,CLSI,[34493269]
g1307.8012,florfenicol,,2.0,mg/L,MIC,CLSI,[34493269]
g1307.8012,lincomycin,,128.0,mg/L,MIC,CLSI,[34493269]
g1307.8012,marbofloxacin,,1.0,mg/L,MIC,CLSI,[34493269]
g1307.8012,penicillin,,0.03,mg/L,MIC,CLSI,[34493269]
g1307.8012,spectinomycin,,16.0,mg/L,MIC,CLSI,[34493269]
g1307.8012,tetracycline,,64.0,mg/L,MIC,CLSI,[34493269]
g1307.8012,tiamulin,,1.0,mg/L,MIC,CLSI,[34493269]
g1307.8012,tilmicosin,,128.0,mg/L,MIC,CLSI,[34493269]
g1307.8012,trimethoprim,,0.25,mg/L,MIC,CLSI,[34493269]
g1307.8012,tylosin,,256.0,mg/L,MIC,CLSI,[34493269]
g1307.8013,amoxicillin,,0.03,mg/L,MIC,CLSI,[34493269]
g1307.8013,cefquinome,,0.015,mg/L,MIC,CLSI,[34493269]
g1307.8013,ceftiofur,,0.12,mg/L,MIC,CLSI,[34493269]
g1307.8013,doxycycline,,8.0,mg/L,MIC,CLSI,[34493269]
g1307.8013,enrofloxacin,,0.5,mg/L,MIC,CLSI,[34493269]
g1307.8013,erythromycin,,32.0,mg/L,MIC,CLSI,[34493269]
g1307.8013,florfenicol,,2.0,mg/L,MIC,CLSI,[34493269]
g1307.8013,lincomycin,,128.0,mg/L,MIC,CLSI,[34493269]
g1307.8013,marbofloxacin,,1.0,mg/L,MIC,CLSI,[34493269]
g1307.8013,penicillin,,0.03,mg/L,MIC,CLSI,[34493269]
g1307.8013,spectinomycin,,16.0,mg/L,MIC,CLSI,[34493269]
g1307.8013,tetracycline,,128.0,mg/L,MIC,CLSI,[34493269]
g1307.8013,tiamulin,,1.0,mg/L,MIC,CLSI,[34493269]
g1307.8013,tilmicosin,,128.0,mg/L,MIC,CLSI,[34493269]
g1307.8013,trimethoprim,,0.12,mg/L,MIC,CLSI,[34493269]
g1307.8013,tylosin,,256.0,mg/L,MIC,CLSI,[34493269]
g1307.8014,amoxicillin,,0.03,mg/L,MIC,CLSI,[34493269]
g1307.8014,cefquinome,,0.015,mg/L,MIC,CLSI,[34493269]
g1307.8014,ceftiofur,,1.0,mg/L,MIC,CLSI,[34493269]
g1307.8014,doxycycline,,16.0,mg/L,MIC,CLSI,[34493269]
g1307.8014,enrofloxacin,,1.0,mg/L,MIC,CLSI,[34493269]
g1307.8014,erythromycin,,0.03,mg/L,MIC,CLSI,[34493269]
g1307.8014,florfenicol,,2.0,mg/L,MIC,CLSI,[34493269]
g1307.8014,lincomycin,,2.0,mg/L,MIC,CLSI,[34493269]
g1307.8014,marbofloxacin,,2.0,mg/L,MIC,CLSI,[34493269]
g1307.8014,penicillin,,0.06,mg/L,MIC,CLSI,[34493269]
g1307.8014,spectinomycin,,8.0,mg/L,MIC,CLSI,[34493269]
g1307.8014,tetracycline,,64.0,mg/L,MIC,CLSI,[34493269]
g1307.8014,tiamulin,,2.0,mg/L,MIC,CLSI,[34493269]
g1307.8014,tilmicosin,,2.0,mg/L,MIC,CLSI,[34493269]
g1307.8014,trimethoprim,,1.0,mg/L,MIC,CLSI,[34493269]
g1307.8014,tylosin,,0.5,mg/L,MIC,CLSI,[34493269]
g1307.8015,amoxicillin,,0.03,mg/L,MIC,CLSI,[34493269]
g1307.8015,cefquinome,,0.008,mg/L,MIC,CLSI,[34493269]
g1307.8015,ceftiofur,,0.12,mg/L,MIC,CLSI,[34493269]
g1307.8015,doxycycline,,0.12,mg/L,MIC,CLSI,[34493269]
g1307.8015,enrofloxacin,,0.5,mg/L,MIC,CLSI,[34493269]
g1307.8015,erythromycin,,0.06,mg/L,MIC,CLSI,[34493269]
g1307.8015,florfenicol,,1.0,mg/L,MIC,CLSI,[34493269]
g1307.8015,lincomycin,,0.12,mg/L,MIC,CLSI,[34493269]
g1307.8015,marbofloxacin,,1.0,mg/L,MIC,CLSI,[34493269]
g1307.8015,penicillin,,0.03,mg/L,MIC,CLSI,[34493269]
g1307.8015,spectinomycin,,16.0,mg/L,MIC,CLSI,[34493269]
g1307.8015,tetracycline,,2.0,mg/L,MIC,CLSI,[34493269]
g1307.8015,tiamulin,,0.25,mg/L,MIC,CLSI,[34493269]
g1307.8015,tilmicosin,,16.0,mg/L,MIC,CLSI,[34493269]
g1307.8015,trimethoprim,,0.03,mg/L,MIC,CLSI,[34493269]
g1307.8015,tylosin,,1.0,mg/L,MIC,CLSI,[34493269]
g1307.8016,amoxicillin,,0.03,mg/L,MIC,CLSI,[34493269]
g1307.8016,cefquinome,,0.03,mg/L,MIC,CLSI,[34493269]
g1307.8016,ceftiofur,,0.12,mg/L,MIC,CLSI,[34493269]
g1307.8016,doxycycline,,16.0,mg/L,MIC,CLSI,[34493269]
g1307.8016,enrofloxacin,,0.5,mg/L,MIC,CLSI,[34493269]
g1307.8016,erythromycin,,32.0,mg/L,MIC,CLSI,[34493269]
g1307.8016,florfenicol,,2.0,mg/L,MIC,CLSI,[34493269]
g1307.8016,lincomycin,,128.0,mg/L,MIC,CLSI,[34493269]
g1307.8016,marbofloxacin,,1.0,mg/L,MIC,CLSI,[34493269]
g1307.8016,penicillin,,0.06,mg/L,MIC,CLSI,[34493269]
g1307.8016,spectinomycin,,16.0,mg/L,MIC,CLSI,[34493269]
g1307.8016,tetracycline,,64.0,mg/L,MIC,CLSI,[34493269]
g1307.8016,tiamulin,,8.0,mg/L,MIC,CLSI,[34493269]
g1307.8016,tilmicosin,,128.0,mg/L,MIC,CLSI,[34493269]
g1307.8016,trimethoprim,,0.25,mg/L,MIC,CLSI,[34493269]
g1307.8016,tylosin,,256.0,mg/L,MIC,CLSI,[34493269]
g1307.8017,amoxicillin,,0.03,mg/L,MIC,CLSI,[34493269]
g1307.8017,cefquinome,,0.06,mg/L,MIC,CLSI,[34493269]
g1307.8017,ceftiofur,,0.5,mg/L,MIC,CLSI,[34493269]
g1307.8017,doxycycline,,32.0,mg/L,MIC,CLSI,[34493269]
g1307.8017,enrofloxacin,,0.5,mg/L,MIC,CLSI,[34493269]
g1307.8017,erythromycin,,32.0,mg/L,MIC,CLSI,[34493269]
g1307.8017,florfenicol,,2.0,mg/L,MIC,CLSI,[34493269]
g1307.8017,lincomycin,,128.0,mg/L,MIC,CLSI,[34493269]
g1307.8017,marbofloxacin,,1.0,mg/L,MIC,CLSI,[34493269]
g1307.8017,penicillin,,0.25,mg/L,MIC,CLSI,[34493269]
g1307.8017,spectinomycin,,512.0,mg/L,MIC,CLSI,[34493269]
g1307.8017,tetracycline,,64.0,mg/L,MIC,CLSI,[34493269]
g1307.8017,tiamulin,,16.0,mg/L,MIC,CLSI,[34493269]
g1307.8017,tilmicosin,,128.0,mg/L,MIC,CLSI,[34493269]
g1307.8017,trimethoprim,,32.0,mg/L,MIC,CLSI,[34493269]
g1307.8017,tylosin,,256.0,mg/L,MIC,CLSI,[34493269]
g1307.8018,amoxicillin,,0.03,mg/L,MIC,CLSI,[34493269]
g1307.8018,cefquinome,,0.03,mg/L,MIC,CLSI,[34493269]
g1307.8018,ceftiofur,,0.5,mg/L,MIC,CLSI,[34493269]
g1307.8018,doxycycline,,32.0,mg/L,MIC,CLSI,[34493269]
g1307.8018,enrofloxacin,,0.5,mg/L,MIC,CLSI,[34493269]
g1307.8018,erythromycin,,32.0,mg/L,MIC,CLSI,[34493269]
g1307.8018,florfenicol,,2.0,mg/L,MIC,CLSI,[34493269]
g1307.8018,lincomycin,,128.0,mg/L,MIC,CLSI,[34493269]
g1307.8018,marbofloxacin,,1.0,mg/L,MIC,CLSI,[34493269]
g1307.8018,penicillin,,0.25,mg/L,MIC,CLSI,[34493269]
g1307.8018,spectinomycin,,512.0,mg/L,MIC,CLSI,[34493269]
g1307.8018,tetracycline,,64.0,mg/L,MIC,CLSI,[34493269]
g1307.8018,tiamulin,,32.0,mg/L,MIC,CLSI,[34493269]
g1307.8018,tilmicosin,,128.0,mg/L,MIC,CLSI,[34493269]
g1307.8018,trimethoprim,,32.0,mg/L,MIC,CLSI,[34493269]
g1307.8018,tylosin,,256.0,mg/L,MIC,CLSI,[34493269]
g1307.8019,amoxicillin,,0.03,mg/L,MIC,CLSI,[34493269]
g1307.8019,cefquinome,,0.03,mg/L,MIC,CLSI,[34493269]
g1307.8019,ceftiofur,,0.25,mg/L,MIC,CLSI,[34493269]
g1307.8019,doxycycline,,16.0,mg/L,MIC,CLSI,[34493269]
g1307.8019,enrofloxacin,,0.5,mg/L,MIC,CLSI,[34493269]
g1307.8019,erythromycin,,32.0,mg/L,MIC,CLSI,[34493269]
g1307.8019,florfenicol,,2.0,mg/L,MIC,CLSI,[34493269]
g1307.8019,lincomycin,,128.0,mg/L,MIC,CLSI,[34493269]
g1307.8019,marbofloxacin,,1.0,mg/L,MIC,CLSI,[34493269]
g1307.8019,penicillin,,0.03,mg/L,MIC,CLSI,[34493269]
g1307.8019,spectinomycin,,512.0,mg/L,MIC,CLSI,[34493269]
g1307.8019,tetracycline,,64.0,mg/L,MIC,CLSI,[34493269]
g1307.8019,tiamulin,,64.0,mg/L,MIC,CLSI,[34493269]
g1307.8019,tilmicosin,,128.0,mg/L,MIC,CLSI,[34493269]
g1307.8019,trimethoprim,,16.0,mg/L,MIC,CLSI,[34493269]
g1307.8019,tylosin,,256.0,mg/L,MIC,CLSI,[34493269]
g1307.8020,amoxicillin,,0.03,mg/L,MIC,CLSI,[34493269]
g1307.8020,cefquinome,,0.015,mg/L,MIC,CLSI,[34493269]
g1307.8020,ceftiofur,,0.25,mg/L,MIC,CLSI,[34493269]
g1307.8020,doxycycline,,16.0,mg/L,MIC,CLSI,[34493269]
g1307.8020,enrofloxacin,,0.5,mg/L,MIC,CLSI,[34493269]
g1307.8020,erythromycin,,32.0,mg/L,MIC,CLSI,[34493269]
g1307.8020,florfenicol,,2.0,mg/L,MIC,CLSI,[34493269]
g1307.8020,lincomycin,,128.0,mg/L,MIC,CLSI,[34493269]
g1307.8020,marbofloxacin,,1.0,mg/L,MIC,CLSI,[34493269]
g1307.8020,penicillin,,0.03,mg/L,MIC,CLSI,[34493269]
g1307.8020,spectinomycin,,512.0,mg/L,MIC,CLSI,[34493269]
g1307.8020,tetracycline,,64.0,mg/L,MIC,CLSI,[34493269]
g1307.8020,tiamulin,,64.0,mg/L,MIC,CLSI,[34493269]
g1307.8020,tilmicosin,,128.0,mg/L,MIC,CLSI,[34493269]
g1307.8020,trimethoprim,,8.0,mg/L,MIC,CLSI,[34493269]
g1307.8020,tylosin,,256.0,mg/L,MIC,CLSI,[34493269]
g1307.8021,amoxicillin,,0.03,mg/L,MIC,CLSI,[34493269]
g1307.8021,cefquinome,,0.03,mg/L,MIC,CLSI,[34493269]
g1307.8021,ceftiofur,,0.5,mg/L,MIC,CLSI,[34493269]
g1307.8021,doxycycline,,32.0,mg/L,MIC,CLSI,[34493269]
g1307.8021,enrofloxacin,,0.5,mg/L,MIC,CLSI,[34493269]
g1307.8021,erythromycin,,32.0,mg/L,MIC,CLSI,[34493269]
g1307.8021,florfenicol,,2.0,mg/L,MIC,CLSI,[34493269]
g1307.8021,lincomycin,,128.0,mg/L,MIC,CLSI,[34493269]
g1307.8021,marbofloxacin,,1.0,mg/L,MIC,CLSI,[34493269]
g1307.8021,penicillin,,0.25,mg/L,MIC,CLSI,[34493269]
g1307.8021,spectinomycin,,512.0,mg/L,MIC,CLSI,[34493269]
g1307.8021,tetracycline,,64.0,mg/L,MIC,CLSI,[34493269]
g1307.8021,tiamulin,,16.0,mg/L,MIC,CLSI,[34493269]
g1307.8021,tilmicosin,,128.0,mg/L,MIC,CLSI,[34493269]
g1307.8021,trimethoprim,,32.0,mg/L,MIC,CLSI,[34493269]
g1307.8021,tylosin,,256.0,mg/L,MIC,CLSI,[34493269]
g1307.8022,amoxicillin,,0.03,mg/L,MIC,CLSI,[34493269]
g1307.8022,cefquinome,,0.03,mg/L,MIC,CLSI,[34493269]
g1307.8022,ceftiofur,,0.5,mg/L,MIC,CLSI,[34493269]
g1307.8022,doxycycline,,32.0,mg/L,MIC,CLSI,[34493269]
g1307.8022,enrofloxacin,,0.5,mg/L,MIC,CLSI,[34493269]
g1307.8022,erythromycin,,32.0,mg/L,MIC,CLSI,[34493269]
g1307.8022,florfenicol,,2.0,mg/L,MIC,CLSI,[34493269]
g1307.8022,lincomycin,,128.0,mg/L,MIC,CLSI,[34493269]
g1307.8022,marbofloxacin,,1.0,mg/L,MIC,CLSI,[34493269]
g1307.8022,penicillin,,0.25,mg/L,MIC,CLSI,[34493269]
g1307.8022,spectinomycin,,512.0,mg/L,MIC,CLSI,[34493269]
g1307.8022,tetracycline,,64.0,mg/L,MIC,CLSI,[34493269]
g1307.8022,tiamulin,,16.0,mg/L,MIC,CLSI,[34493269]
g1307.8022,tilmicosin,,128.0,mg/L,MIC,CLSI,[34493269]
g1307.8022,trimethoprim,,32.0,mg/L,MIC,CLSI,[34493269]
g1307.8022,tylosin,,256.0,mg/L,MIC,CLSI,[34493269]
g1307.8023,amoxicillin,,0.03,mg/L,MIC,CLSI,[34493269]
g1307.8023,cefquinome,,0.03,mg/L,MIC,CLSI,[34493269]
g1307.8023,ceftiofur,,0.5,mg/L,MIC,CLSI,[34493269]
g1307.8023,doxycycline,,32.0,mg/L,MIC,CLSI,[34493269]
g1307.8023,enrofloxacin,,0.5,mg/L,MIC,CLSI,[34493269]
g1307.8023,erythromycin,,32.0,mg/L,MIC,CLSI,[34493269]
g1307.8023,florfenicol,,2.0,mg/L,MIC,CLSI,[34493269]
g1307.8023,lincomycin,,128.0,mg/L,MIC,CLSI,[34493269]
g1307.8023,marbofloxacin,,1.0,mg/L,MIC,CLSI,[34493269]
g1307.8023,penicillin,,0.12,mg/L,MIC,CLSI,[34493269]
g1307.8023,spectinomycin,,512.0,mg/L,MIC,CLSI,[34493269]
g1307.8023,tetracycline,,64.0,mg/L,MIC,CLSI,[34493269]
g1307.8023,tiamulin,,16.0,mg/L,MIC,CLSI,[34493269]
g1307.8023,tilmicosin,,128.0,mg/L,MIC,CLSI,[34493269]
g1307.8023,trimethoprim,,16.0,mg/L,MIC,CLSI,[34493269]
g1307.8023,tylosin,,256.0,mg/L,MIC,CLSI,[34493269]
g1307.8024,amoxicillin,,0.03,mg/L,MIC,CLSI,[34493269]
g1307.8024,cefquinome,,0.03,mg/L,MIC,CLSI,[34493269]
g1307.8024,ceftiofur,,0.5,mg/L,MIC,CLSI,[34493269]
g1307.8024,doxycycline,,16.0,mg/L,MIC,CLSI,[34493269]
g1307.8024,enrofloxacin,,0.5,mg/L,MIC,CLSI,[34493269]
g1307.8024,erythromycin,,32.0,mg/L,MIC,CLSI,[34493269]
g1307.8024,florfenicol,,2.0,mg/L,MIC,CLSI,[34493269]
g1307.8024,lincomycin,,128.0,mg/L,MIC,CLSI,[34493269]
g1307.8024,marbofloxacin,,1.0,mg/L,MIC,CLSI,[34493269]
g1307.8024,penicillin,,0.25,mg/L,MIC,CLSI,[34493269]
g1307.8024,spectinomycin,,512.0,mg/L,MIC,CLSI,[34493269]
g1307.8024,tetracycline,,64.0,mg/L,MIC,CLSI,[34493269]
g1307.8024,tiamulin,,16.0,mg/L,MIC,CLSI,[34493269]
g1307.8024,tilmicosin,,128.0,mg/L,MIC,CLSI,[34493269]
g1307.8024,trimethoprim,,16.0,mg/L,MIC,CLSI,[34493269]
g1307.8024,tylosin,,256.0,mg/L,MIC,CLSI,[34493269]
g1307.8025,amoxicillin,,0.03,mg/L,MIC,CLSI,[34493269]
g1307.8025,cefquinome,,0.03,mg/L,MIC,CLSI,[34493269]
g1307.8025,ceftiofur,,0.25,mg/L,MIC,CLSI,[34493269]
g1307.8025,doxycycline,,16.0,mg/L,MIC,CLSI,[34493269]
g1307.8025,enrofloxacin,,0.5,mg/L,MIC,CLSI,[34493269]
g1307.8025,erythromycin,,0.03,mg/L,MIC,CLSI,[34493269]
g1307.8025,florfenicol,,2.0,mg/L,MIC,CLSI,[34493269]
g1307.8025,lincomycin,,2.0,mg/L,MIC,CLSI,[34493269]
g1307.8025,marbofloxacin,,1.0,mg/L,MIC,CLSI,[34493269]
g1307.8025,penicillin,,0.03,mg/L,MIC,CLSI,[34493269]
g1307.8025,spectinomycin,,32.0,mg/L,MIC,CLSI,[34493269]
g1307.8025,tetracycline,,64.0,mg/L,MIC,CLSI,[34493269]
g1307.8025,tiamulin,,4.0,mg/L,MIC,CLSI,[34493269]
g1307.8025,tilmicosin,,2.0,mg/L,MIC,CLSI,[34493269]
g1307.8025,trimethoprim,,8.0,mg/L,MIC,CLSI,[34493269]
g1307.8025,tylosin,,1.0,mg/L,MIC,CLSI,[34493269]
g1307.8026,amoxicillin,,0.03,mg/L,MIC,CLSI,[34493269]
g1307.8026,cefquinome,,0.03,mg/L,MIC,CLSI,[34493269]
g1307.8026,ceftiofur,,0.5,mg/L,MIC,CLSI,[34493269]
g1307.8026,doxycycline,,32.0,mg/L,MIC,CLSI,[34493269]
g1307.8026,enrofloxacin,,0.5,mg/L,MIC,CLSI,[34493269]
g1307.8026,erythromycin,,32.0,mg/L,MIC,CLSI,[34493269]
g1307.8026,florfenicol,,2.0,mg/L,MIC,CLSI,[34493269]
g1307.8026,lincomycin,,128.0,mg/L,MIC,CLSI,[34493269]
g1307.8026,marbofloxacin,,1.0,mg/L,MIC,CLSI,[34493269]
g1307.8026,penicillin,,0.12,mg/L,MIC,CLSI,[34493269]
g1307.8026,spectinomycin,,512.0,mg/L,MIC,CLSI,[34493269]
g1307.8026,tetracycline,,64.0,mg/L,MIC,CLSI,[34493269]
g1307.8026,tiamulin,,32.0,mg/L,MIC,CLSI,[34493269]
g1307.8026,tilmicosin,,128.0,mg/L,MIC,CLSI,[34493269]
g1307.8026,trimethoprim,,16.0,mg/L,MIC,CLSI,[34493269]
g1307.8026,tylosin,,256.0,mg/L,MIC,CLSI,[34493269]
g1307.8027,amoxicillin,,0.03,mg/L,MIC,CLSI,[34493269]
g1307.8027,cefquinome,,0.015,mg/L,MIC,CLSI,[34493269]
g1307.8027,ceftiofur,,0.12,mg/L,MIC,CLSI,[34493269]
g1307.8027,doxycycline,,16.0,mg/L,MIC,CLSI,[34493269]
g1307.8027,enrofloxacin,,0.25,mg/L,MIC,CLSI,[34493269]
g1307.8027,erythromycin,,0.03,mg/L,MIC,CLSI,[34493269]
g1307.8027,florfenicol,,2.0,mg/L,MIC,CLSI,[34493269]
g1307.8027,lincomycin,,0.5,mg/L,MIC,CLSI,[34493269]
g1307.8027,marbofloxacin,,1.0,mg/L,MIC,CLSI,[34493269]
g1307.8027,penicillin,,0.03,mg/L,MIC,CLSI,[34493269]
g1307.8027,spectinomycin,,16.0,mg/L,MIC,CLSI,[34493269]
g1307.8027,tetracycline,,64.0,mg/L,MIC,CLSI,[34493269]
g1307.8027,tiamulin,,1.0,mg/L,MIC,CLSI,[34493269]
g1307.8027,tilmicosin,,4.0,mg/L,MIC,CLSI,[34493269]
g1307.8027,trimethoprim,,0.03,mg/L,MIC,CLSI,[34493269]
g1307.8027,tylosin,,0.5,mg/L,MIC,CLSI,[34493269]
g1307.8028,amoxicillin,,0.03,mg/L,MIC,CLSI,[34493269]
g1307.8028,cefquinome,,0.03,mg/L,MIC,CLSI,[34493269]
g1307.8028,ceftiofur,,0.12,mg/L,MIC,CLSI,[34493269]
g1307.8028,doxycycline,,16.0,mg/L,MIC,CLSI,[34493269]
g1307.8028,enrofloxacin,,0.5,mg/L,MIC,CLSI,[34493269]
g1307.8028,erythromycin,,32.0,mg/L,MIC,CLSI,[34493269]
g1307.8028,florfenicol,,2.0,mg/L,MIC,CLSI,[34493269]
g1307.8028,lincomycin,,128.0,mg/L,MIC,CLSI,[34493269]
g1307.8028,marbofloxacin,,1.0,mg/L,MIC,CLSI,[34493269]
g1307.8028,penicillin,,0.03,mg/L,MIC,CLSI,[34493269]
g1307.8028,spectinomycin,,16.0,mg/L,MIC,CLSI,[34493269]
g1307.8028,tetracycline,,64.0,mg/L,MIC,CLSI,[34493269]
g1307.8028,tiamulin,,1.0,mg/L,MIC,CLSI,[34493269]
g1307.8028,tilmicosin,,128.0,mg/L,MIC,CLSI,[34493269]
g1307.8028,trimethoprim,,0.03,mg/L,MIC,CLSI,[34493269]
g1307.8028,tylosin,,256.0,mg/L,MIC,CLSI,[34493269]
g1307.8029,amoxicillin,,0.03,mg/L,MIC,CLSI,[34493269]
g1307.8029,cefquinome,,0.03,mg/L,MIC,CLSI,[34493269]
g1307.8029,ceftiofur,,0.25,mg/L,MIC,CLSI,[34493269]
g1307.8029,doxycycline,,8.0,mg/L,MIC,CLSI,[34493269]
g1307.8029,enrofloxacin,,1.0,mg/L,MIC,CLSI,[34493269]
g1307.8029,erythromycin,,32.0,mg/L,MIC,CLSI,[34493269]
g1307.8029,florfenicol,,4.0,mg/L,MIC,CLSI,[34493269]
g1307.8029,lincomycin,,128.0,mg/L,MIC,CLSI,[34493269]
g1307.8029,marbofloxacin,,2.0,mg/L,MIC,CLSI,[34493269]
g1307.8029,penicillin,,0.03,mg/L,MIC,CLSI,[34493269]
g1307.8029,spectinomycin,,16.0,mg/L,MIC,CLSI,[34493269]
g1307.8029,tetracycline,,64.0,mg/L,MIC,CLSI,[34493269]
g1307.8029,tiamulin,,2.0,mg/L,MIC,CLSI,[34493269]
g1307.8029,tilmicosin,,128.0,mg/L,MIC,CLSI,[34493269]
g1307.8029,trimethoprim,,0.06,mg/L,MIC,CLSI,[34493269]
g1307.8029,tylosin,,256.0,mg/L,MIC,CLSI,[34493269]
g1307.8030,amoxicillin,,0.03,mg/L,MIC,CLSI,[34493269]
g1307.8030,cefquinome,,0.03,mg/L,MIC,CLSI,[34493269]
g1307.8030,ceftiofur,,0.12,mg/L,MIC,CLSI,[34493269]
g1307.8030,doxycycline,,8.0,mg/L,MIC,CLSI,[34493269]
g1307.8030,enrofloxacin,,0.5,mg/L,MIC,CLSI,[34493269]
g1307.8030,erythromycin,,32.0,mg/L,MIC,CLSI,[34493269]
g1307.8030,florfenicol,,2.0,mg/L,MIC,CLSI,[34493269]
g1307.8030,lincomycin,,128.0,mg/L,MIC,CLSI,[34493269]
g1307.8030,marbofloxacin,,1.0,mg/L,MIC,CLSI,[34493269]
g1307.8030,penicillin,,0.03,mg/L,MIC,CLSI,[34493269]
g1307.8030,spectinomycin,,16.0,mg/L,MIC,CLSI,[34493269]
g1307.8030,tetracycline,,64.0,mg/L,MIC,CLSI,[34493269]
g1307.8030,tiamulin,,1.0,mg/L,MIC,CLSI,[34493269]
g1307.8030,tilmicosin,,128.0,mg/L,MIC,CLSI,[34493269]
g1307.8030,trimethoprim,,0.06,mg/L,MIC,CLSI,[34493269]
g1307.8030,tylosin,,256.0,mg/L,MIC,CLSI,[34493269]
g1307.8031,amoxicillin,,0.03,mg/L,MIC,CLSI,[34493269]
g1307.8031,cefquinome,,0.008,mg/L,MIC,CLSI,[34493269]
g1307.8031,ceftiofur,,0.06,mg/L,MIC,CLSI,[34493269]
g1307.8031,doxycycline,,16.0,mg/L,MIC,CLSI,[34493269]
g1307.8031,enrofloxacin,,0.5,mg/L,MIC,CLSI,[34493269]
g1307.8031,erythromycin,,0.06,mg/L,MIC,CLSI,[34493269]
g1307.8031,florfenicol,,1.0,mg/L,MIC,CLSI,[34493269]
g1307.8031,lincomycin,,0.25,mg/L,MIC,CLSI,[34493269]
g1307.8031,marbofloxacin,,1.0,mg/L,MIC,CLSI,[34493269]
g1307.8031,penicillin,,0.03,mg/L,MIC,CLSI,[34493269]
g1307.8031,spectinomycin,,8.0,mg/L,MIC,CLSI,[34493269]
g1307.8031,tetracycline,,64.0,mg/L,MIC,CLSI,[34493269]
g1307.8031,tiamulin,,1.0,mg/L,MIC,CLSI,[34493269]
g1307.8031,tilmicosin,,4.0,mg/L,MIC,CLSI,[34493269]
g1307.8031,trimethoprim,,0.03,mg/L,MIC,CLSI,[34493269]
g1307.8031,tylosin,,1.0,mg/L,MIC,CLSI,[34493269]
g1307.8032,amoxicillin,,0.03,mg/L,MIC,CLSI,[34493269]
g1307.8032,cefquinome,,0.03,mg/L,MIC,CLSI,[34493269]
g1307.8032,ceftiofur,,0.25,mg/L,MIC,CLSI,[34493269]
g1307.8032,doxycycline,,16.0,mg/L,MIC,CLSI,[34493269]
g1307.8032,enrofloxacin,,0.5,mg/L,MIC,CLSI,[34493269]
g1307.8032,erythromycin,,32.0,mg/L,MIC,CLSI,[34493269]
g1307.8032,florfenicol,,2.0,mg/L,MIC,CLSI,[34493269]
g1307.8032,lincomycin,,128.0,mg/L,MIC,CLSI,[34493269]
g1307.8032,marbofloxacin,,1.0,mg/L,MIC,CLSI,[34493269]
g1307.8032,penicillin,,0.03,mg/L,MIC,CLSI,[34493269]
g1307.8032,spectinomycin,,16.0,mg/L,MIC,CLSI,[34493269]
g1307.8032,tetracycline,,64.0,mg/L,MIC,CLSI,[34493269]
g1307.8032,tiamulin,,2.0,mg/L,MIC,CLSI,[34493269]
g1307.8032,tilmicosin,,128.0,mg/L,MIC,CLSI,[34493269]
g1307.8032,trimethoprim,,0.06,mg/L,MIC,CLSI,[34493269]
g1307.8032,tylosin,,256.0,mg/L,MIC,CLSI,[34493269]
g1307.8033,amoxicillin,,0.03,mg/L,MIC,CLSI,[34493269]
g1307.8033,cefquinome,,0.015,mg/L,MIC,CLSI,[34493269]
g1307.8033,ceftiofur,,0.06,mg/L,MIC,CLSI,[34493269]
g1307.8033,doxycycline,,16.0,mg/L,MIC,CLSI,[34493269]
g1307.8033,enrofloxacin,,0.5,mg/L,MIC,CLSI,[34493269]
g1307.8033,erythromycin,,0.03,mg/L,MIC,CLSI,[34493269]
g1307.8033,florfenicol,,2.0,mg/L,MIC,CLSI,[34493269]
g1307.8033,lincomycin,,0.5,mg/L,MIC,CLSI,[34493269]
g1307.8033,marbofloxacin,,0.5,mg/L,MIC,CLSI,[34493269]
g1307.8033,penicillin,,0.03,mg/L,MIC,CLSI,[34493269]
g1307.8033,spectinomycin,,8.0,mg/L,MIC,CLSI,[34493269]
g1307.8033,tetracycline,,64.0,mg/L,MIC,CLSI,[34493269]
g1307.8033,tiamulin,,1.0,mg/L,MIC,CLSI,[34493269]
g1307.8033,tilmicosin,,4.0,mg/L,MIC,CLSI,[34493269]
g1307.8033,trimethoprim,,0.03,mg/L,MIC,CLSI,[34493269]
g1307.8033,tylosin,,1.0,mg/L,MIC,CLSI,[34493269]
g1307.8034,amoxicillin,,0.03,mg/L,MIC,CLSI,[34493269]
g1307.8034,cefquinome,,0.03,mg/L,MIC,CLSI,[34493269]
g1307.8034,ceftiofur,,0.12,mg/L,MIC,CLSI,[34493269]
g1307.8034,doxycycline,,8.0,mg/L,MIC,CLSI,[34493269]
g1307.8034,enrofloxacin,,0.5,mg/L,MIC,CLSI,[34493269]
g1307.8034,erythromycin,,32.0,mg/L,MIC,CLSI,[34493269]
g1307.8034,florfenicol,,2.0,mg/L,MIC,CLSI,[34493269]
g1307.8034,lincomycin,,128.0,mg/L,MIC,CLSI,[34493269]
g1307.8034,marbofloxacin,,1.0,mg/L,MIC,CLSI,[34493269]
g1307.8034,penicillin,,0.03,mg/L,MIC,CLSI,[34493269]
g1307.8034,spectinomycin,,16.0,mg/L,MIC,CLSI,[34493269]
g1307.8034,tetracycline,,32.0,mg/L,MIC,CLSI,[34493269]
g1307.8034,tiamulin,,1.0,mg/L,MIC,CLSI,[34493269]
g1307.8034,tilmicosin,,128.0,mg/L,MIC,CLSI,[34493269]
g1307.8034,trimethoprim,,0.06,mg/L,MIC,CLSI,[34493269]
g1307.8034,tylosin,,256.0,mg/L,MIC,CLSI,[34493269]
g1307.8035,amoxicillin,,0.03,mg/L,MIC,CLSI,[34493269]
g1307.8035,cefquinome,,0.015,mg/L,MIC,CLSI,[34493269]
g1307.8035,ceftiofur,,0.12,mg/L,MIC,CLSI,[34493269]
g1307.8035,doxycycline,,16.0,mg/L,MIC,CLSI,[34493269]
g1307.8035,enrofloxacin,,0.25,mg/L,MIC,CLSI,[34493269]
g1307.8035,erythromycin,,0.06,mg/L,MIC,CLSI,[34493269]
g1307.8035,florfenicol,,1.0,mg/L,MIC,CLSI,[34493269]
g1307.8035,lincomycin,,0.25,mg/L,MIC,CLSI,[34493269]
g1307.8035,marbofloxacin,,0.5,mg/L,MIC,CLSI,[34493269]
g1307.8035,penicillin,,0.03,mg/L,MIC,CLSI,[34493269]
g1307.8035,spectinomycin,,8.0,mg/L,MIC,CLSI,[34493269]
g1307.8035,tetracycline,,64.0,mg/L,MIC,CLSI,[34493269]
g1307.8035,tiamulin,,2.0,mg/L,MIC,CLSI,[34493269]
g1307.8035,tilmicosin,,2.0,mg/L,MIC,CLSI,[34493269]
g1307.8035,trimethoprim,,0.015,mg/L,MIC,CLSI,[34493269]
g1307.8035,tylosin,,0.5,mg/L,MIC,CLSI,[34493269]
g1307.8036,amoxicillin,,0.03,mg/L,MIC,CLSI,[34493269]
g1307.8036,cefquinome,,0.015,mg/L,MIC,CLSI,[34493269]
g1307.8036,ceftiofur,,0.25,mg/L,MIC,CLSI,[34493269]
g1307.8036,doxycycline,,16.0,mg/L,MIC,CLSI,[34493269]
g1307.8036,enrofloxacin,,0.25,mg/L,MIC,CLSI,[34493269]
g1307.8036,erythromycin,,32.0,mg/L,MIC,CLSI,[34493269]
g1307.8036,florfenicol,,2.0,mg/L,MIC,CLSI,[34493269]
g1307.8036,lincomycin,,128.0,mg/L,MIC,CLSI,[34493269]
g1307.8036,marbofloxacin,,0.5,mg/L,MIC,CLSI,[34493269]
g1307.8036,penicillin,,0.03,mg/L,MIC,CLSI,[34493269]
g1307.8036,spectinomycin,,16.0,mg/L,MIC,CLSI,[34493269]
g1307.8036,tetracycline,,64.0,mg/L,MIC,CLSI,[34493269]
g1307.8036,tiamulin,,1.0,mg/L,MIC,CLSI,[34493269]
g1307.8036,tilmicosin,,128.0,mg/L,MIC,CLSI,[34493269]
g1307.8036,trimethoprim,,0.03,mg/L,MIC,CLSI,[34493269]
g1307.8036,tylosin,,256.0,mg/L,MIC,CLSI,[34493269]
g1307.8037,amoxicillin,,0.03,mg/L,MIC,CLSI,[34493269]
g1307.8037,cefquinome,,0.03,mg/L,MIC,CLSI,[34493269]
g1307.8037,ceftiofur,,0.12,mg/L,MIC,CLSI,[34493269]
g1307.8037,doxycycline,,0.12,mg/L,MIC,CLSI,[34493269]
g1307.8037,enrofloxacin,,0.5,mg/L,MIC,CLSI,[34493269]
g1307.8037,erythromycin,,0.03,mg/L,MIC,CLSI,[34493269]
g1307.8037,florfenicol,,2.0,mg/L,MIC,CLSI,[34493269]
g1307.8037,lincomycin,,2.0,mg/L,MIC,CLSI,[34493269]
g1307.8037,marbofloxacin,,1.0,mg/L,MIC,CLSI,[34493269]
g1307.8037,penicillin,,0.03,mg/L,MIC,CLSI,[34493269]
g1307.8037,spectinomycin,,16.0,mg/L,MIC,CLSI,[34493269]
g1307.8037,tetracycline,,1.0,mg/L,MIC,CLSI,[34493269]
g1307.8037,tiamulin,,2.0,mg/L,MIC,CLSI,[34493269]
g1307.8037,tilmicosin,,4.0,mg/L,MIC,CLSI,[34493269]
g1307.8037,trimethoprim,,0.06,mg/L,MIC,CLSI,[34493269]
g1307.8037,tylosin,,0.5,mg/L,MIC,CLSI,[34493269]
g1307.8038,amoxicillin,,0.03,mg/L,MIC,CLSI,[34493269]
g1307.8038,cefquinome,,0.03,mg/L,MIC,CLSI,[34493269]
g1307.8038,ceftiofur,,0.12,mg/L,MIC,CLSI,[34493269]
g1307.8038,doxycycline,,8.0,mg/L,MIC,CLSI,[34493269]
g1307.8038,enrofloxacin,,0.5,mg/L,MIC,CLSI,[34493269]
g1307.8038,erythromycin,,0.03,mg/L,MIC,CLSI,[34493269]
g1307.8038,florfenicol,,2.0,mg/L,MIC,CLSI,[34493269]
g1307.8038,lincomycin,,32.0,mg/L,MIC,CLSI,[34493269]
g1307.8038,marbofloxacin,,1.0,mg/L,MIC,CLSI,[34493269]
g1307.8038,penicillin,,0.03,mg/L,MIC,CLSI,[34493269]
g1307.8038,spectinomycin,,512.0,mg/L,MIC,CLSI,[34493269]
g1307.8038,tetracycline,,32.0,mg/L,MIC,CLSI,[34493269]
g1307.8038,tiamulin,,64.0,mg/L,MIC,CLSI,[34493269]
g1307.8038,tilmicosin,,4.0,mg/L,MIC,CLSI,[34493269]
g1307.8038,trimethoprim,,4.0,mg/L,MIC,CLSI,[34493269]
g1307.8038,tylosin,,0.5,mg/L,MIC,CLSI,[34493269]
g1307.8039,amoxicillin,,0.03,mg/L,MIC,CLSI,[34493269]
g1307.8039,cefquinome,,0.03,mg/L,MIC,CLSI,[34493269]
g1307.8039,ceftiofur,,0.5,mg/L,MIC,CLSI,[34493269]
g1307.8039,doxycycline,,32.0,mg/L,MIC,CLSI,[34493269]
g1307.8039,enrofloxacin,,1.0,mg/L,MIC,CLSI,[34493269]
g1307.8039,erythromycin,,32.0,mg/L,MIC,CLSI,[34493269]
g1307.8039,florfenicol,,4.0,mg/L,MIC,CLSI,[34493269]
g1307.8039,lincomycin,,128.0,mg/L,MIC,CLSI,[34493269]
g1307.8039,marbofloxacin,,2.0,mg/L,MIC,CLSI,[34493269]
g1307.8039,penicillin,,0.03,mg/L,MIC,CLSI,[34493269]
g1307.8039,spectinomycin,,512.0,mg/L,MIC,CLSI,[34493269]
g1307.8039,tetracycline,,128.0,mg/L,MIC,CLSI,[34493269]
g1307.8039,tiamulin,,32.0,mg/L,MIC,CLSI,[34493269]
g1307.8039,tilmicosin,,128.0,mg/L,MIC,CLSI,[34493269]
g1307.8039,trimethoprim,,0.25,mg/L,MIC,CLSI,[34493269]
g1307.8039,tylosin,,256.0,mg/L,MIC,CLSI,[34493269]
g1307.8040,amoxicillin,,0.03,mg/L,MIC,CLSI,[34493269]
g1307.8040,cefquinome,,0.015,mg/L,MIC,CLSI,[34493269]
g1307.8040,ceftiofur,,0.12,mg/L,MIC,CLSI,[34493269]
g1307.8040,doxycycline,,16.0,mg/L,MIC,CLSI,[34493269]
g1307.8040,enrofloxacin,,0.5,mg/L,MIC,CLSI,[34493269]
g1307.8040,erythromycin,,0.03,mg/L,MIC,CLSI,[34493269]
g1307.8040,florfenicol,,2.0,mg/L,MIC,CLSI,[34493269]
g1307.8040,lincomycin,,0.5,mg/L,MIC,CLSI,[34493269]
g1307.8040,marbofloxacin,,1.0,mg/L,MIC,CLSI,[34493269]
g1307.8040,penicillin,,0.03,mg/L,MIC,CLSI,[34493269]
g1307.8040,spectinomycin,,16.0,mg/L,MIC,CLSI,[34493269]
g1307.8040,tetracycline,,64.0,mg/L,MIC,CLSI,[34493269]
g1307.8040,tiamulin,,1.0,mg/L,MIC,CLSI,[34493269]
g1307.8040,tilmicosin,,4.0,mg/L,MIC,CLSI,[34493269]
g1307.8040,trimethoprim,,0.06,mg/L,MIC,CLSI,[34493269]
g1307.8040,tylosin,,0.5,mg/L,MIC,CLSI,[34493269]
g1307.8041,amoxicillin,,0.03,mg/L,MIC,CLSI,[34493269]
g1307.8041,cefquinome,,0.015,mg/L,MIC,CLSI,[34493269]
g1307.8041,ceftiofur,,0.25,mg/L,MIC,CLSI,[34493269]
g1307.8041,doxycycline,,0.12,mg/L,MIC,CLSI,[34493269]
g1307.8041,enrofloxacin,,0.5,mg/L,MIC,CLSI,[34493269]
g1307.8041,erythromycin,,0.03,mg/L,MIC,CLSI,[34493269]
g1307.8041,florfenicol,,2.0,mg/L,MIC,CLSI,[34493269]
g1307.8041,lincomycin,,2.0,mg/L,MIC,CLSI,[34493269]
g1307.8041,marbofloxacin,,1.0,mg/L,MIC,CLSI,[34493269]
g1307.8041,penicillin,,0.03,mg/L,MIC,CLSI,[34493269]
g1307.8041,spectinomycin,,8.0,mg/L,MIC,CLSI,[34493269]
g1307.8041,tetracycline,,0.25,mg/L,MIC,CLSI,[34493269]
g1307.8041,tiamulin,,4.0,mg/L,MIC,CLSI,[34493269]
g1307.8041,tilmicosin,,4.0,mg/L,MIC,CLSI,[34493269]
g1307.8041,trimethoprim,,0.06,mg/L,MIC,CLSI,[34493269]
g1307.8041,tylosin,,0.5,mg/L,MIC,CLSI,[34493269]
g1307.8042,amoxicillin,,0.03,mg/L,MIC,CLSI,[34493269]
g1307.8042,cefquinome,,0.015,mg/L,MIC,CLSI,[34493269]
g1307.8042,ceftiofur,,0.12,mg/L,MIC,CLSI,[34493269]
g1307.8042,doxycycline,,16.0,mg/L,MIC,CLSI,[34493269]
g1307.8042,enrofloxacin,,0.25,mg/L,MIC,CLSI,[34493269]
g1307.8042,erythromycin,,32.0,mg/L,MIC,CLSI,[34493269]
g1307.8042,florfenicol,,4.0,mg/L,MIC,CLSI,[34493269]
g1307.8042,lincomycin,,128.0,mg/L,MIC,CLSI,[34493269]
g1307.8042,marbofloxacin,,0.5,mg/L,MIC,CLSI,[34493269]
g1307.8042,penicillin,,0.03,mg/L,MIC,CLSI,[34493269]
g1307.8042,spectinomycin,,16.0,mg/L,MIC,CLSI,[34493269]
g1307.8042,tetracycline,,128.0,mg/L,MIC,CLSI,[34493269]
g1307.8042,tiamulin,,2.0,mg/L,MIC,CLSI,[34493269]
g1307.8042,tilmicosin,,128.0,mg/L,MIC,CLSI,[34493269]
g1307.8042,trimethoprim,,0.5,mg/L,MIC,CLSI,[34493269]
g1307.8042,tylosin,,256.0,mg/L,MIC,CLSI,[34493269]
g1307.8043,amoxicillin,,0.03,mg/L,MIC,CLSI,[34493269]
g1307.8043,cefquinome,,0.015,mg/L,MIC,CLSI,[34493269]
g1307.8043,ceftiofur,,0.12,mg/L,MIC,CLSI,[34493269]
g1307.8043,doxycycline,,16.0,mg/L,MIC,CLSI,[34493269]
g1307.8043,enrofloxacin,,0.25,mg/L,MIC,CLSI,[34493269]
g1307.8043,erythromycin,,0.03,mg/L,MIC,CLSI,[34493269]
g1307.8043,florfenicol,,1.0,mg/L,MIC,CLSI,[34493269]
g1307.8043,lincomycin,,0.5,mg/L,MIC,CLSI,[34493269]
g1307.8043,marbofloxacin,,0.5,mg/L,MIC,CLSI,[34493269]
g1307.8043,penicillin,,0.03,mg/L,MIC,CLSI,[34493269]
g1307.8043,spectinomycin,,8.0,mg/L,MIC,CLSI,[34493269]
g1307.8043,tetracycline,,64.0,mg/L,MIC,CLSI,[34493269]
g1307.8043,tiamulin,,1.0,mg/L,MIC,CLSI,[34493269]
g1307.8043,tilmicosin,,4.0,mg/L,MIC,CLSI,[34493269]
g1307.8043,trimethoprim,,0.03,mg/L,MIC,CLSI,[34493269]
g1307.8043,tylosin,,1.0,mg/L,MIC,CLSI,[34493269]
g1307.8044,amoxicillin,,0.03,mg/L,MIC,CLSI,[34493269]
g1307.8044,cefquinome,,0.03,mg/L,MIC,CLSI,[34493269]
g1307.8044,ceftiofur,,0.5,mg/L,MIC,CLSI,[34493269]
g1307.8044,doxycycline,,16.0,mg/L,MIC,CLSI,[34493269]
g1307.8044,enrofloxacin,,0.5,mg/L,MIC,CLSI,[34493269]
g1307.8044,erythromycin,,0.015,mg/L,MIC,CLSI,[34493269]
g1307.8044,florfenicol,,2.0,mg/L,MIC,CLSI,[34493269]
g1307.8044,lincomycin,,8.0,mg/L,MIC,CLSI,[34493269]
g1307.8044,marbofloxacin,,1.0,mg/L,MIC,CLSI,[34493269]
g1307.8044,penicillin,,0.25,mg/L,MIC,CLSI,[34493269]
g1307.8044,spectinomycin,,32.0,mg/L,MIC,CLSI,[34493269]
g1307.8044,tetracycline,,64.0,mg/L,MIC,CLSI,[34493269]
g1307.8044,tiamulin,,64.0,mg/L,MIC,CLSI,[34493269]
g1307.8044,tilmicosin,,4.0,mg/L,MIC,CLSI,[34493269]
g1307.8044,trimethoprim,,4.0,mg/L,MIC,CLSI,[34493269]
g1307.8044,tylosin,,0.5,mg/L,MIC,CLSI,[34493269]
g1307.8045,amoxicillin,,0.03,mg/L,MIC,CLSI,[34493269]
g1307.8045,cefquinome,,0.03,mg/L,MIC,CLSI,[34493269]
g1307.8045,ceftiofur,,0.25,mg/L,MIC,CLSI,[34493269]
g1307.8045,doxycycline,,0.12,mg/L,MIC,CLSI,[34493269]
g1307.8045,enrofloxacin,,0.5,mg/L,MIC,CLSI,[34493269]
g1307.8045,erythromycin,,0.015,mg/L,MIC,CLSI,[34493269]
g1307.8045,florfenicol,,1.0,mg/L,MIC,CLSI,[34493269]
g1307.8045,lincomycin,,128.0,mg/L,MIC,CLSI,[34493269]
g1307.8045,marbofloxacin,,1.0,mg/L,MIC,CLSI,[34493269]
g1307.8045,penicillin,,0.03,mg/L,MIC,CLSI,[34493269]
g1307.8045,spectinomycin,,16.0,mg/L,MIC,CLSI,[34493269]
g1307.8045,tetracycline,,2.0,mg/L,MIC,CLSI,[34493269]
g1307.8045,tiamulin,,64.0,mg/L,MIC,CLSI,[34493269]
g1307.8045,tilmicosin,,4.0,mg/L,MIC,CLSI,[34493269]
g1307.8045,trimethoprim,,0.5,mg/L,MIC,CLSI,[34493269]
g1307.8045,tylosin,,0.5,mg/L,MIC,CLSI,[34493269]
g1307.8046,amoxicillin,,0.03,mg/L,MIC,CLSI,[34493269]
g1307.8046,cefquinome,,0.015,mg/L,MIC,CLSI,[34493269]
g1307.8046,ceftiofur,,0.25,mg/L,MIC,CLSI,[34493269]
g1307.8046,doxycycline,,16.0,mg/L,MIC,CLSI,[34493269]
g1307.8046,enrofloxacin,,0.5,mg/L,MIC,CLSI,[34493269]
g1307.8046,erythromycin,,32.0,mg/L,MIC,CLSI,[34493269]
g1307.8046,florfenicol,,2.0,mg/L,MIC,CLSI,[34493269]
g1307.8046,lincomycin,,128.0,mg/L,MIC,CLSI,[34493269]
g1307.8046,marbofloxacin,,1.0,mg/L,MIC,CLSI,[34493269]
g1307.8046,penicillin,,0.03,mg/L,MIC,CLSI,[34493269]
g1307.8046,spectinomycin,,16.0,mg/L,MIC,CLSI,[34493269]
g1307.8046,tetracycline,,64.0,mg/L,MIC,CLSI,[34493269]
g1307.8046,tiamulin,,8.0,mg/L,MIC,CLSI,[34493269]
g1307.8046,tilmicosin,,128.0,mg/L,MIC,CLSI,[34493269]
g1307.8046,trimethoprim,,0.03,mg/L,MIC,CLSI,[34493269]
g1307.8046,tylosin,,256.0,mg/L,MIC,CLSI,[34493269]
g1307.8047,amoxicillin,,0.03,mg/L,MIC,CLSI,[34493269]
g1307.8047,cefquinome,,0.015,mg/L,MIC,CLSI,[34493269]
g1307.8047,ceftiofur,,0.12,mg/L,MIC,CLSI,[34493269]
g1307.8047,doxycycline,,16.0,mg/L,MIC,CLSI,[34493269]
g1307.8047,enrofloxacin,,0.5,mg/L,MIC,CLSI,[34493269]
g1307.8047,erythromycin,,32.0,mg/L,MIC,CLSI,[34493269]
g1307.8047,florfenicol,,2.0,mg/L,MIC,CLSI,[34493269]
g1307.8047,lincomycin,,128.0,mg/L,MIC,CLSI,[34493269]
g1307.8047,marbofloxacin,,1.0,mg/L,MIC,CLSI,[34493269]
g1307.8047,penicillin,,0.03,mg/L,MIC,CLSI,[34493269]
g1307.8047,spectinomycin,,8.0,mg/L,MIC,CLSI,[34493269]
g1307.8047,tetracycline,,64.0,mg/L,MIC,CLSI,[34493269]
g1307.8047,tiamulin,,1.0,mg/L,MIC,CLSI,[34493269]
g1307.8047,tilmicosin,,128.0,mg/L,MIC,CLSI,[34493269]
g1307.8047,trimethoprim,,0.06,mg/L,MIC,CLSI,[34493269]
g1307.8047,tylosin,,256.0,mg/L,MIC,CLSI,[34493269]
g1307.8048,amoxicillin,,0.03,mg/L,MIC,CLSI,[34493269]
g1307.8048,cefquinome,,0.03,mg/L,MIC,CLSI,[34493269]
g1307.8048,ceftiofur,,0.12,mg/L,MIC,CLSI,[34493269]
g1307.8048,doxycycline,,8.0,mg/L,MIC,CLSI,[34493269]
g1307.8048,enrofloxacin,,0.25,mg/L,MIC,CLSI,[34493269]
g1307.8048,erythromycin,,0.03,mg/L,MIC,CLSI,[34493269]
g1307.8048,florfenicol,,2.0,mg/L,MIC,CLSI,[34493269]
g1307.8048,lincomycin,,1.0,mg/L,MIC,CLSI,[34493269]
g1307.8048,marbofloxacin,,0.5,mg/L,MIC,CLSI,[34493269]
g1307.8048,penicillin,,0.03,mg/L,MIC,CLSI,[34493269]
g1307.8048,spectinomycin,,16.0,mg/L,MIC,CLSI,[34493269]
g1307.8048,tetracycline,,32.0,mg/L,MIC,CLSI,[34493269]
g1307.8048,tiamulin,,1.0,mg/L,MIC,CLSI,[34493269]
g1307.8048,tilmicosin,,4.0,mg/L,MIC,CLSI,[34493269]
g1307.8048,trimethoprim,,0.015,mg/L,MIC,CLSI,[34493269]
g1307.8048,tylosin,,1.0,mg/L,MIC,CLSI,[34493269]
g1307.8049,amoxicillin,,0.03,mg/L,MIC,CLSI,[34493269]
g1307.8049,cefquinome,,0.015,mg/L,MIC,CLSI,[34493269]
g1307.8049,ceftiofur,,0.12,mg/L,MIC,CLSI,[34493269]
g1307.8049,doxycycline,,16.0,mg/L,MIC,CLSI,[34493269]
g1307.8049,enrofloxacin,,0.5,mg/L,MIC,CLSI,[34493269]
g1307.8049,erythromycin,,0.03,mg/L,MIC,CLSI,[34493269]
g1307.8049,florfenicol,,2.0,mg/L,MIC,CLSI,[34493269]
g1307.8049,lincomycin,,2.0,mg/L,MIC,CLSI,[34493269]
g1307.8049,marbofloxacin,,1.0,mg/L,MIC,CLSI,[34493269]
g1307.8049,penicillin,,0.03,mg/L,MIC,CLSI,[34493269]
g1307.8049,spectinomycin,,16.0,mg/L,MIC,CLSI,[34493269]
g1307.8049,tetracycline,,64.0,mg/L,MIC,CLSI,[34493269]
g1307.8049,tiamulin,,2.0,mg/L,MIC,CLSI,[34493269]
g1307.8049,tilmicosin,,4.0,mg/L,MIC,CLSI,[34493269]
g1307.8049,trimethoprim,,0.06,mg/L,MIC,CLSI,[34493269]
g1307.8049,tylosin,,1.0,mg/L,MIC,CLSI,[34493269]
g1307.8050,amoxicillin,,0.03,mg/L,MIC,CLSI,[34493269]
g1307.8050,cefquinome,,0.008,mg/L,MIC,CLSI,[34493269]
g1307.8050,ceftiofur,,0.06,mg/L,MIC,CLSI,[34493269]
g1307.8050,doxycycline,,0.12,mg/L,MIC,CLSI,[34493269]
g1307.8050,enrofloxacin,,0.25,mg/L,MIC,CLSI,[34493269]
g1307.8050,erythromycin,,0.03,mg/L,MIC,CLSI,[34493269]
g1307.8050,florfenicol,,2.0,mg/L,MIC,CLSI,[34493269]
g1307.8050,lincomycin,,0.5,mg/L,MIC,CLSI,[34493269]
g1307.8050,marbofloxacin,,0.5,mg/L,MIC,CLSI,[34493269]
g1307.8050,penicillin,,0.03,mg/L,MIC,CLSI,[34493269]
g1307.8050,spectinomycin,,16.0,mg/L,MIC,CLSI,[34493269]
g1307.8050,tetracycline,,2.0,mg/L,MIC,CLSI,[34493269]
g1307.8050,tiamulin,,1.0,mg/L,MIC,CLSI,[34493269]
g1307.8050,tilmicosin,,2.0,mg/L,MIC,CLSI,[34493269]
g1307.8050,trimethoprim,,0.06,mg/L,MIC,CLSI,[34493269]
g1307.8050,tylosin,,0.5,mg/L,MIC,CLSI,[34493269]
g1307.8051,amoxicillin,,0.03,mg/L,MIC,CLSI,[34493269]
g1307.8051,cefquinome,,0.06,mg/L,MIC,CLSI,[34493269]
g1307.8051,ceftiofur,,0.25,mg/L,MIC,CLSI,[34493269]
g1307.8051,doxycycline,,64.0,mg/L,MIC,CLSI,[34493269]
g1307.8051,enrofloxacin,,0.25,mg/L,MIC,CLSI,[34493269]
g1307.8051,erythromycin,,0.03,mg/L,MIC,CLSI,[34493269]
g1307.8051,florfenicol,,2.0,mg/L,MIC,CLSI,[34493269]
g1307.8051,lincomycin,,2.0,mg/L,MIC,CLSI,[34493269]
g1307.8051,marbofloxacin,,1.0,mg/L,MIC,CLSI,[34493269]
g1307.8051,penicillin,,0.03,mg/L,MIC,CLSI,[34493269]
g1307.8051,spectinomycin,,16.0,mg/L,MIC,CLSI,[34493269]
g1307.8051,tetracycline,,128.0,mg/L,MIC,CLSI,[34493269]
g1307.8051,tiamulin,,2.0,mg/L,MIC,CLSI,[34493269]
g1307.8051,tilmicosin,,4.0,mg/L,MIC,CLSI,[34493269]
g1307.8051,trimethoprim,,1.0,mg/L,MIC,CLSI,[34493269]
g1307.8051,tylosin,,1.0,mg/L,MIC,CLSI,[34493269]
g1307.8052,amoxicillin,,0.03,mg/L,MIC,CLSI,[34493269]
g1307.8052,cefquinome,,0.015,mg/L,MIC,CLSI,[34493269]
g1307.8052,ceftiofur,,0.06,mg/L,MIC,CLSI,[34493269]
g1307.8052,doxycycline,,16.0,mg/L,MIC,CLSI,[34493269]
g1307.8052,enrofloxacin,,0.25,mg/L,MIC,CLSI,[34493269]
g1307.8052,erythromycin,,32.0,mg/L,MIC,CLSI,[34493269]
g1307.8052,florfenicol,,4.0,mg/L,MIC,CLSI,[34493269]
g1307.8052,lincomycin,,128.0,mg/L,MIC,CLSI,[34493269]
g1307.8052,marbofloxacin,,0.5,mg/L,MIC,CLSI,[34493269]
g1307.8052,penicillin,,0.03,mg/L,MIC,CLSI,[34493269]
g1307.8052,spectinomycin,,16.0,mg/L,MIC,CLSI,[34493269]
g1307.8052,tetracycline,,64.0,mg/L,MIC,CLSI,[34493269]
g1307.8052,tiamulin,,2.0,mg/L,MIC,CLSI,[34493269]
g1307.8052,tilmicosin,,128.0,mg/L,MIC,CLSI,[34493269]
g1307.8052,trimethoprim,,0.5,mg/L,MIC,CLSI,[34493269]
g1307.8052,tylosin,,256.0,mg/L,MIC,CLSI,[34493269]
g1307.8053,amoxicillin,,0.03,mg/L,MIC,CLSI,[34493269]
g1307.8053,cefquinome,,0.008,mg/L,MIC,CLSI,[34493269]
g1307.8053,ceftiofur,,0.06,mg/L,MIC,CLSI,[34493269]
g1307.8053,doxycycline,,8.0,mg/L,MIC,CLSI,[34493269]
g1307.8053,enrofloxacin,,0.25,mg/L,MIC,CLSI,[34493269]
g1307.8053,erythromycin,,0.03,mg/L,MIC,CLSI,[34493269]
g1307.8053,florfenicol,,1.0,mg/L,MIC,CLSI,[34493269]
g1307.8053,lincomycin,,0.25,mg/L,MIC,CLSI,[34493269]
g1307.8053,marbofloxacin,,0.5,mg/L,MIC,CLSI,[34493269]
g1307.8053,penicillin,,0.03,mg/L,MIC,CLSI,[34493269]
g1307.8053,spectinomycin,,8.0,mg/L,MIC,CLSI,[34493269]
g1307.8053,tetracycline,,64.0,mg/L,MIC,CLSI,[34493269]
g1307.8053,tiamulin,,1.0,mg/L,MIC,CLSI,[34493269]
g1307.8053,tilmicosin,,4.0,mg/L,MIC,CLSI,[34493269]
g1307.8053,trimethoprim,,0.03,mg/L,MIC,CLSI,[34493269]
g1307.8053,tylosin,,1.0,mg/L,MIC,CLSI,[34493269]
g1307.8054,amoxicillin,,0.03,mg/L,MIC,CLSI,[34493269]
g1307.8054,cefquinome,,0.015,mg/L,MIC,CLSI,[34493269]
g1307.8054,ceftiofur,,0.12,mg/L,MIC,CLSI,[34493269]
g1307.8054,doxycycline,,32.0,mg/L,MIC,CLSI,[34493269]
g1307.8054,enrofloxacin,,0.5,mg/L,MIC,CLSI,[34493269]
g1307.8054,erythromycin,,32.0,mg/L,MIC,CLSI,[34493269]
g1307.8054,florfenicol,,4.0,mg/L,MIC,CLSI,[34493269]
g1307.8054,lincomycin,,128.0,mg/L,MIC,CLSI,[34493269]
g1307.8054,marbofloxacin,,1.0,mg/L,MIC,CLSI,[34493269]
g1307.8054,penicillin,,0.03,mg/L,MIC,CLSI,[34493269]
g1307.8054,spectinomycin,,32.0,mg/L,MIC,CLSI,[34493269]
g1307.8054,tetracycline,,128.0,mg/L,MIC,CLSI,[34493269]
g1307.8054,tiamulin,,1.0,mg/L,MIC,CLSI,[34493269]
g1307.8054,tilmicosin,,128.0,mg/L,MIC,CLSI,[34493269]
g1307.8054,trimethoprim,,0.25,mg/L,MIC,CLSI,[34493269]
g1307.8054,tylosin,,256.0,mg/L,MIC,CLSI,[34493269]
g1307.8055,amoxicillin,,0.03,mg/L,MIC,CLSI,[34493269]
g1307.8055,cefquinome,,0.03,mg/L,MIC,CLSI,[34493269]
g1307.8055,ceftiofur,,0.25,mg/L,MIC,CLSI,[34493269]
g1307.8055,doxycycline,,16.0,mg/L,MIC,CLSI,[34493269]
g1307.8055,enrofloxacin,,0.5,mg/L,MIC,CLSI,[34493269]
g1307.8055,erythromycin,,0.03,mg/L,MIC,CLSI,[34493269]
g1307.8055,florfenicol,,1.0,mg/L,MIC,CLSI,[34493269]
g1307.8055,lincomycin,,2.0,mg/L,MIC,CLSI,[34493269]
g1307.8055,marbofloxacin,,1.0,mg/L,MIC,CLSI,[34493269]
g1307.8055,penicillin,,0.03,mg/L,MIC,CLSI,[34493269]
g1307.8055,spectinomycin,,16.0,mg/L,MIC,CLSI,[34493269]
g1307.8055,tetracycline,,64.0,mg/L,MIC,CLSI,[34493269]
g1307.8055,tiamulin,,2.0,mg/L,MIC,CLSI,[34493269]
g1307.8055,tilmicosin,,4.0,mg/L,MIC,CLSI,[34493269]
g1307.8055,trimethoprim,,0.12,mg/L,MIC,CLSI,[34493269]
g1307.8055,tylosin,,0.5,mg/L,MIC,CLSI,[34493269]
g1307.8056,amoxicillin,,0.03,mg/L,MIC,CLSI,[34493269]
g1307.8056,cefquinome,,0.008,mg/L,MIC,CLSI,[34493269]
g1307.8056,ceftiofur,,0.12,mg/L,MIC,CLSI,[34493269]
g1307.8056,doxycycline,,16.0,mg/L,MIC,CLSI,[34493269]
g1307.8056,enrofloxacin,,0.25,mg/L,MIC,CLSI,[34493269]
g1307.8056,erythromycin,,0.06,mg/L,MIC,CLSI,[34493269]
g1307.8056,florfenicol,,2.0,mg/L,MIC,CLSI,[34493269]
g1307.8056,lincomycin,,1.0,mg/L,MIC,CLSI,[34493269]
g1307.8056,marbofloxacin,,0.5,mg/L,MIC,CLSI,[34493269]
g1307.8056,penicillin,,0.03,mg/L,MIC,CLSI,[34493269]
g1307.8056,spectinomycin,,16.0,mg/L,MIC,CLSI,[34493269]
g1307.8056,tetracycline,,64.0,mg/L,MIC,CLSI,[34493269]
g1307.8056,tiamulin,,2.0,mg/L,MIC,CLSI,[34493269]
g1307.8056,tilmicosin,,4.0,mg/L,MIC,CLSI,[34493269]
g1307.8056,trimethoprim,,1.0,mg/L,MIC,CLSI,[34493269]
g1307.8056,tylosin,,0.5,mg/L,MIC,CLSI,[34493269]
g1307.8057,amoxicillin,,0.03,mg/L,MIC,CLSI,[34493269]
g1307.8057,cefquinome,,0.015,mg/L,MIC,CLSI,[34493269]
g1307.8057,ceftiofur,,0.12,mg/L,MIC,CLSI,[34493269]
g1307.8057,doxycycline,,8.0,mg/L,MIC,CLSI,[34493269]
g1307.8057,enrofloxacin,,0.5,mg/L,MIC,CLSI,[34493269]
g1307.8057,erythromycin,,0.015,mg/L,MIC,CLSI,[34493269]
g1307.8057,florfenicol,,1.0,mg/L,MIC,CLSI,[34493269]
g1307.8057,lincomycin,,0.12,mg/L,MIC,CLSI,[34493269]
g1307.8057,marbofloxacin,,1.0,mg/L,MIC,CLSI,[34493269]
g1307.8057,penicillin,,0.03,mg/L,MIC,CLSI,[34493269]
g1307.8057,spectinomycin,,8.0,mg/L,MIC,CLSI,[34493269]
g1307.8057,tetracycline,,64.0,mg/L,MIC,CLSI,[34493269]
g1307.8057,tiamulin,,1.0,mg/L,MIC,CLSI,[34493269]
g1307.8057,tilmicosin,,2.0,mg/L,MIC,CLSI,[34493269]
g1307.8057,trimethoprim,,0.03,mg/L,MIC,CLSI,[34493269]
g1307.8057,tylosin,,0.5,mg/L,MIC,CLSI,[34493269]
g1307.8058,amoxicillin,,0.03,mg/L,MIC,CLSI,[34493269]
g1307.8058,cefquinome,,0.015,mg/L,MIC,CLSI,[34493269]
g1307.8058,ceftiofur,,0.12,mg/L,MIC,CLSI,[34493269]
g1307.8058,doxycycline,,8.0,mg/L,MIC,CLSI,[34493269]
g1307.8058,enrofloxacin,,0.25,mg/L,MIC,CLSI,[34493269]
g1307.8058,erythromycin,,0.06,mg/L,MIC,CLSI,[34493269]
g1307.8058,florfenicol,,1.0,mg/L,MIC,CLSI,[34493269]
g1307.8058,lincomycin,,0.25,mg/L,MIC,CLSI,[34493269]
g1307.8058,marbofloxacin,,0.5,mg/L,MIC,CLSI,[34493269]
g1307.8058,penicillin,,0.03,mg/L,MIC,CLSI,[34493269]
g1307.8058,spectinomycin,,16.0,mg/L,MIC,CLSI,[34493269]
g1307.8058,tetracycline,,64.0,mg/L,MIC,CLSI,[34493269]
g1307.8058,tiamulin,,1.0,mg/L,MIC,CLSI,[34493269]
g1307.8058,tilmicosin,,4.0,mg/L,MIC,CLSI,[34493269]
g1307.8058,trimethoprim,,0.06,mg/L,MIC,CLSI,[34493269]
g1307.8058,tylosin,,0.5,mg/L,MIC,CLSI,[34493269]
g1307.8059,amoxicillin,,0.03,mg/L,MIC,CLSI,[34493269]
g1307.8059,cefquinome,,0.015,mg/L,MIC,CLSI,[34493269]
g1307.8059,ceftiofur,,0.12,mg/L,MIC,CLSI,[34493269]
g1307.8059,doxycycline,,16.0,mg/L,MIC,CLSI,[34493269]
g1307.8059,enrofloxacin,,0.25,mg/L,MIC,CLSI,[34493269]
g1307.8059,erythromycin,,0.03,mg/L,MIC,CLSI,[34493269]
g1307.8059,florfenicol,,2.0,mg/L,MIC,CLSI,[34493269]
g1307.8059,lincomycin,,1.0,mg/L,MIC,CLSI,[34493269]
g1307.8059,marbofloxacin,,0.5,mg/L,MIC,CLSI,[34493269]
g1307.8059,penicillin,,0.03,mg/L,MIC,CLSI,[34493269]
g1307.8059,spectinomycin,,16.0,mg/L,MIC,CLSI,[34493269]
g1307.8059,tetracycline,,64.0,mg/L,MIC,CLSI,[34493269]
g1307.8059,tiamulin,,1.0,mg/L,MIC,CLSI,[34493269]
g1307.8059,tilmicosin,,4.0,mg/L,MIC,CLSI,[34493269]
g1307.8059,trimethoprim,,32.0,mg/L,MIC,CLSI,[34493269]
g1307.8059,tylosin,,0.5,mg/L,MIC,CLSI,[34493269]
g1307.8060,amoxicillin,,0.03,mg/L,MIC,CLSI,[34493269]
g1307.8060,cefquinome,,0.015,mg/L,MIC,CLSI,[34493269]
g1307.8060,ceftiofur,,0.12,mg/L,MIC,CLSI,[34493269]
g1307.8060,doxycycline,,8.0,mg/L,MIC,CLSI,[34493269]
g1307.8060,enrofloxacin,,0.5,mg/L,MIC,CLSI,[34493269]
g1307.8060,erythromycin,,32.0,mg/L,MIC,CLSI,[34493269]
g1307.8060,florfenicol,,2.0,mg/L,MIC,CLSI,[34493269]
g1307.8060,lincomycin,,128.0,mg/L,MIC,CLSI,[34493269]
g1307.8060,marbofloxacin,,1.0,mg/L,MIC,CLSI,[34493269]
g1307.8060,penicillin,,0.03,mg/L,MIC,CLSI,[34493269]
g1307.8060,spectinomycin,,16.0,mg/L,MIC,CLSI,[34493269]
g1307.8060,tetracycline,,32.0,mg/L,MIC,CLSI,[34493269]
g1307.8060,tiamulin,,1.0,mg/L,MIC,CLSI,[34493269]
g1307.8060,tilmicosin,,128.0,mg/L,MIC,CLSI,[34493269]
g1307.8060,trimethoprim,,0.06,mg/L,MIC,CLSI,[34493269]
g1307.8060,tylosin,,256.0,mg/L,MIC,CLSI,[34493269]
g1307.8061,amoxicillin,,0.03,mg/L,MIC,CLSI,[34493269]
g1307.8061,cefquinome,,0.03,mg/L,MIC,CLSI,[34493269]
g1307.8061,ceftiofur,,0.25,mg/L,MIC,CLSI,[34493269]
g1307.8061,doxycycline,,0.12,mg/L,MIC,CLSI,[34493269]
g1307.8061,enrofloxacin,,0.5,mg/L,MIC,CLSI,[34493269]
g1307.8061,erythromycin,,0.015,mg/L,MIC,CLSI,[34493269]
g1307.8061,florfenicol,,2.0,mg/L,MIC,CLSI,[34493269]
g1307.8061,lincomycin,,128.0,mg/L,MIC,CLSI,[34493269]
g1307.8061,marbofloxacin,,1.0,mg/L,MIC,CLSI,[34493269]
g1307.8061,penicillin,,0.03,mg/L,MIC,CLSI,[34493269]
g1307.8061,spectinomycin,,16.0,mg/L,MIC,CLSI,[34493269]
g1307.8061,tetracycline,,2.0,mg/L,MIC,CLSI,[34493269]
g1307.8061,tiamulin,,64.0,mg/L,MIC,CLSI,[34493269]
g1307.8061,tilmicosin,,4.0,mg/L,MIC,CLSI,[34493269]
g1307.8061,trimethoprim,,1.0,mg/L,MIC,CLSI,[34493269]
g1307.8061,tylosin,,0.5,mg/L,MIC,CLSI,[34493269]
g1307.8062,amoxicillin,,0.03,mg/L,MIC,CLSI,[34493269]
g1307.8062,cefquinome,,0.015,mg/L,MIC,CLSI,[34493269]
g1307.8062,ceftiofur,,0.12,mg/L,MIC,CLSI,[34493269]
g1307.8062,doxycycline,,0.06,mg/L,MIC,CLSI,[34493269]
g1307.8062,enrofloxacin,,0.25,mg/L,MIC,CLSI,[34493269]
g1307.8062,erythromycin,,0.015,mg/L,MIC,CLSI,[34493269]
g1307.8062,florfenicol,,2.0,mg/L,MIC,CLSI,[34493269]
g1307.8062,lincomycin,,1.0,mg/L,MIC,CLSI,[34493269]
g1307.8062,marbofloxacin,,0.5,mg/L,MIC,CLSI,[34493269]
g1307.8062,penicillin,,0.03,mg/L,MIC,CLSI,[34493269]
g1307.8062,spectinomycin,,16.0,mg/L,MIC,CLSI,[34493269]
g1307.8062,tetracycline,,1.0,mg/L,MIC,CLSI,[34493269]
g1307.8062,tiamulin,,2.0,mg/L,MIC,CLSI,[34493269]
g1307.8062,tilmicosin,,4.0,mg/L,MIC,CLSI,[34493269]
g1307.8062,trimethoprim,,0.06,mg/L,MIC,CLSI,[34493269]
g1307.8062,tylosin,,0.5,mg/L,MIC,CLSI,[34493269]
g1307.8063,amoxicillin,,0.03,mg/L,MIC,CLSI,[34493269]
g1307.8063,cefquinome,,0.008,mg/L,MIC,CLSI,[34493269]
g1307.8063,ceftiofur,,0.06,mg/L,MIC,CLSI,[34493269]
g1307.8063,doxycycline,,0.12,mg/L,MIC,CLSI,[34493269]
g1307.8063,enrofloxacin,,0.25,mg/L,MIC,CLSI,[34493269]
g1307.8063,erythromycin,,32.0,mg/L,MIC,CLSI,[34493269]
g1307.8063,florfenicol,,2.0,mg/L,MIC,CLSI,[34493269]
g1307.8063,lincomycin,,128.0,mg/L,MIC,CLSI,[34493269]
g1307.8063,marbofloxacin,,0.5,mg/L,MIC,CLSI,[34493269]
g1307.8063,penicillin,,0.03,mg/L,MIC,CLSI,[34493269]
g1307.8063,spectinomycin,,16.0,mg/L,MIC,CLSI,[34493269]
g1307.8063,tetracycline,,2.0,mg/L,MIC,CLSI,[34493269]
g1307.8063,tiamulin,,0.5,mg/L,MIC,CLSI,[34493269]
g1307.8063,tilmicosin,,128.0,mg/L,MIC,CLSI,[34493269]
g1307.8063,trimethoprim,,0.03,mg/L,MIC,CLSI,[34493269]
g1307.8063,tylosin,,256.0,mg/L,MIC,CLSI,[34493269]
g1307.8064,amoxicillin,,0.03,mg/L,MIC,CLSI,[34493269]
g1307.8064,cefquinome,,0.03,mg/L,MIC,CLSI,[34493269]
g1307.8064,ceftiofur,,0.12,mg/L,MIC,CLSI,[34493269]
g1307.8064,doxycycline,,0.06,mg/L,MIC,CLSI,[34493269]
g1307.8064,enrofloxacin,,0.5,mg/L,MIC,CLSI,[34493269]
g1307.8064,erythromycin,,32.0,mg/L,MIC,CLSI,[34493269]
g1307.8064,florfenicol,,2.0,mg/L,MIC,CLSI,[34493269]
g1307.8064,lincomycin,,128.0,mg/L,MIC,CLSI,[34493269]
g1307.8064,marbofloxacin,,1.0,mg/L,MIC,CLSI,[34493269]
g1307.8064,penicillin,,0.03,mg/L,MIC,CLSI,[34493269]
g1307.8064,spectinomycin,,16.0,mg/L,MIC,CLSI,[34493269]
g1307.8064,tetracycline,,1.0,mg/L,MIC,CLSI,[34493269]
g1307.8064,tiamulin,,1.0,mg/L,MIC,CLSI,[34493269]
g1307.8064,tilmicosin,,128.0,mg/L,MIC,CLSI,[34493269]
g1307.8064,trimethoprim,,8.0,mg/L,MIC,CLSI,[34493269]
g1307.8064,tylosin,,256.0,mg/L,MIC,CLSI,[34493269]
g1307.8065,amoxicillin,,0.03,mg/L,MIC,CLSI,[34493269]
g1307.8065,cefquinome,,0.06,mg/L,MIC,CLSI,[34493269]
g1307.8065,ceftiofur,,1.0,mg/L,MIC,CLSI,[34493269]
g1307.8065,doxycycline,,16.0,mg/L,MIC,CLSI,[34493269]
g1307.8065,enrofloxacin,,0.5,mg/L,MIC,CLSI,[34493269]
g1307.8065,erythromycin,,32.0,mg/L,MIC,CLSI,[34493269]
g1307.8065,florfenicol,,2.0,mg/L,MIC,CLSI,[34493269]
g1307.8065,lincomycin,,128.0,mg/L,MIC,CLSI,[34493269]
g1307.8065,marbofloxacin,,1.0,mg/L,MIC,CLSI,[34493269]
g1307.8065,penicillin,,0.5,mg/L,MIC,CLSI,[34493269]
g1307.8065,spectinomycin,,16.0,mg/L,MIC,CLSI,[34493269]
g1307.8065,tetracycline,,64.0,mg/L,MIC,CLSI,[34493269]
g1307.8065,tiamulin,,4.0,mg/L,MIC,CLSI,[34493269]
g1307.8065,tilmicosin,,128.0,mg/L,MIC,CLSI,[34493269]
g1307.8065,trimethoprim,,2.0,mg/L,MIC,CLSI,[34493269]
g1307.8065,tylosin,,256.0,mg/L,MIC,CLSI,[34493269]
g1307.8066,amoxicillin,,0.03,mg/L,MIC,CLSI,[34493269]
g1307.8066,cefquinome,,0.015,mg/L,MIC,CLSI,[34493269]
g1307.8066,ceftiofur,,0.12,mg/L,MIC,CLSI,[34493269]
g1307.8066,doxycycline,,8.0,mg/L,MIC,CLSI,[34493269]
g1307.8066,enrofloxacin,,0.25,mg/L,MIC,CLSI,[34493269]
g1307.8066,erythromycin,,32.0,mg/L,MIC,CLSI,[34493269]
g1307.8066,florfenicol,,2.0,mg/L,MIC,CLSI,[34493269]
g1307.8066,lincomycin,,128.0,mg/L,MIC,CLSI,[34493269]
g1307.8066,marbofloxacin,,0.5,mg/L,MIC,CLSI,[34493269]
g1307.8066,penicillin,,0.03,mg/L,MIC,CLSI,[34493269]
g1307.8066,spectinomycin,,16.0,mg/L,MIC,CLSI,[34493269]
g1307.8066,tetracycline,,32.0,mg/L,MIC,CLSI,[34493269]
g1307.8066,tiamulin,,1.0,mg/L,MIC,CLSI,[34493269]
g1307.8066,tilmicosin,,128.0,mg/L,MIC,CLSI,[34493269]
g1307.8066,trimethoprim,,0.015,mg/L,MIC,CLSI,[34493269]
g1307.8066,tylosin,,256.0,mg/L,MIC,CLSI,[34493269]
g1307.8067,amoxicillin,,0.03,mg/L,MIC,CLSI,[34493269]
g1307.8067,cefquinome,,0.008,mg/L,MIC,CLSI,[34493269]
g1307.8067,ceftiofur,,0.06,mg/L,MIC,CLSI,[34493269]
g1307.8067,doxycycline,,0.25,mg/L,MIC,CLSI,[34493269]
g1307.8067,enrofloxacin,,0.25,mg/L,MIC,CLSI,[34493269]
g1307.8067,erythromycin,,0.03,mg/L,MIC,CLSI,[34493269]
g1307.8067,florfenicol,,2.0,mg/L,MIC,CLSI,[34493269]
g1307.8067,lincomycin,,1.0,mg/L,MIC,CLSI,[34493269]
g1307.8067,marbofloxacin,,0.5,mg/L,MIC,CLSI,[34493269]
g1307.8067,penicillin,,0.03,mg/L,MIC,CLSI,[34493269]
g1307.8067,spectinomycin,,8.0,mg/L,MIC,CLSI,[34493269]
g1307.8067,tetracycline,,2.0,mg/L,MIC,CLSI,[34493269]
g1307.8067,tiamulin,,1.0,mg/L,MIC,CLSI,[34493269]
g1307.8067,tilmicosin,,2.0,mg/L,MIC,CLSI,[34493269]
g1307.8067,trimethoprim,,0.03,mg/L,MIC,CLSI,[34493269]
g1307.8067,tylosin,,0.5,mg/L,MIC,CLSI,[34493269]
g1307.8068,amoxicillin,,0.03,mg/L,MIC,CLSI,[34493269]
g1307.8068,cefquinome,,0.015,mg/L,MIC,CLSI,[34493269]
g1307.8068,ceftiofur,,0.12,mg/L,MIC,CLSI,[34493269]
g1307.8068,doxycycline,,8.0,mg/L,MIC,CLSI,[34493269]
g1307.8068,enrofloxacin,,0.5,mg/L,MIC,CLSI,[34493269]
g1307.8068,erythromycin,,32.0,mg/L,MIC,CLSI,[34493269]
g1307.8068,florfenicol,,2.0,mg/L,MIC,CLSI,[34493269]
g1307.8068,lincomycin,,128.0,mg/L,MIC,CLSI,[34493269]
g1307.8068,marbofloxacin,,1.0,mg/L,MIC,CLSI,[34493269]
g1307.8068,penicillin,,0.03,mg/L,MIC,CLSI,[34493269]
g1307.8068,spectinomycin,,16.0,mg/L,MIC,CLSI,[34493269]
g1307.8068,tetracycline,,32.0,mg/L,MIC,CLSI,[34493269]
g1307.8068,tiamulin,,1.0,mg/L,MIC,CLSI,[34493269]
g1307.8068,tilmicosin,,128.0,mg/L,MIC,CLSI,[34493269]
g1307.8068,trimethoprim,,0.06,mg/L,MIC,CLSI,[34493269]
g1307.8068,tylosin,,256.0,mg/L,MIC,CLSI,[34493269]
g1307.8069,amoxicillin,,0.03,mg/L,MIC,CLSI,[34493269]
g1307.8069,cefquinome,,0.008,mg/L,MIC,CLSI,[34493269]
g1307.8069,ceftiofur,,0.06,mg/L,MIC,CLSI,[34493269]
g1307.8069,doxycycline,,8.0,mg/L,MIC,CLSI,[34493269]
g1307.8069,enrofloxacin,,0.25,mg/L,MIC,CLSI,[34493269]
g1307.8069,erythromycin,,0.03,mg/L,MIC,CLSI,[34493269]
g1307.8069,florfenicol,,2.0,mg/L,MIC,CLSI,[34493269]
g1307.8069,lincomycin,,1.0,mg/L,MIC,CLSI,[34493269]
g1307.8069,marbofloxacin,,0.5,mg/L,MIC,CLSI,[34493269]
g1307.8069,penicillin,,0.03,mg/L,MIC,CLSI,[34493269]
g1307.8069,spectinomycin,,16.0,mg/L,MIC,CLSI,[34493269]
g1307.8069,tetracycline,,64.0,mg/L,MIC,CLSI,[34493269]
g1307.8069,tiamulin,,2.0,mg/L,MIC,CLSI,[34493269]
g1307.8069,tilmicosin,,4.0,mg/L,MIC,CLSI,[34493269]
g1307.8069,trimethoprim,,0.25,mg/L,MIC,CLSI,[34493269]
g1307.8069,tylosin,,0.5,mg/L,MIC,CLSI,[34493269]
g1307.8070,amoxicillin,,0.03,mg/L,MIC,CLSI,[34493269]
g1307.8070,cefquinome,,0.015,mg/L,MIC,CLSI,[34493269]
g1307.8070,ceftiofur,,0.12,mg/L,MIC,CLSI,[34493269]
g1307.8070,doxycycline,,16.0,mg/L,MIC,CLSI,[34493269]
g1307.8070,enrofloxacin,,0.5,mg/L,MIC,CLSI,[34493269]
g1307.8070,erythromycin,,32.0,mg/L,MIC,CLSI,[34493269]
g1307.8070,florfenicol,,2.0,mg/L,MIC,CLSI,[34493269]
g1307.8070,lincomycin,,128.0,mg/L,MIC,CLSI,[34493269]
g1307.8070,marbofloxacin,,1.0,mg/L,MIC,CLSI,[34493269]
g1307.8070,penicillin,,0.03,mg/L,MIC,CLSI,[34493269]
g1307.8070,spectinomycin,,16.0,mg/L,MIC,CLSI,[34493269]
g1307.8070,tetracycline,,64.0,mg/L,MIC,CLSI,[34493269]
g1307.8070,tiamulin,,1.0,mg/L,MIC,CLSI,[34493269]
g1307.8070,tilmicosin,,128.0,mg/L,MIC,CLSI,[34493269]
g1307.8070,trimethoprim,,0.06,mg/L,MIC,CLSI,[34493269]
g1307.8070,tylosin,,256.0,mg/L,MIC,CLSI,[34493269]
g1307.8071,amoxicillin,,0.03,mg/L,MIC,CLSI,[34493269]
g1307.8071,cefquinome,,0.015,mg/L,MIC,CLSI,[34493269]
g1307.8071,ceftiofur,,0.12,mg/L,MIC,CLSI,[34493269]
g1307.8071,doxycycline,,16.0,mg/L,MIC,CLSI,[34493269]
g1307.8071,enrofloxacin,,1.0,mg/L,MIC,CLSI,[34493269]
g1307.8071,erythromycin,,32.0,mg/L,MIC,CLSI,[34493269]
g1307.8071,florfenicol,,2.0,mg/L,MIC,CLSI,[34493269]
g1307.8071,lincomycin,,128.0,mg/L,MIC,CLSI,[34493269]
g1307.8071,marbofloxacin,,2.0,mg/L,MIC,CLSI,[34493269]
g1307.8071,penicillin,,0.03,mg/L,MIC,CLSI,[34493269]
g1307.8071,spectinomycin,,16.0,mg/L,MIC,CLSI,[34493269]
g1307.8071,tetracycline,,32.0,mg/L,MIC,CLSI,[34493269]
g1307.8071,tiamulin,,2.0,mg/L,MIC,CLSI,[34493269]
g1307.8071,tilmicosin,,128.0,mg/L,MIC,CLSI,[34493269]
g1307.8071,trimethoprim,,0.06,mg/L,MIC,CLSI,[34493269]
g1307.8071,tylosin,,256.0,mg/L,MIC,CLSI,[34493269]
g1307.8072,amoxicillin,,0.03,mg/L,MIC,CLSI,[34493269]
g1307.8072,cefquinome,,0.015,mg/L,MIC,CLSI,[34493269]
g1307.8072,ceftiofur,,0.12,mg/L,MIC,CLSI,[34493269]
g1307.8072,doxycycline,,16.0,mg/L,MIC,CLSI,[34493269]
g1307.8072,enrofloxacin,,0.5,mg/L,MIC,CLSI,[34493269]
g1307.8072,erythromycin,,32.0,mg/L,MIC,CLSI,[34493269]
g1307.8072,florfenicol,,2.0,mg/L,MIC,CLSI,[34493269]
g1307.8072,lincomycin,,128.0,mg/L,MIC,CLSI,[34493269]
g1307.8072,marbofloxacin,,1.0,mg/L,MIC,CLSI,[34493269]
g1307.8072,penicillin,,0.03,mg/L,MIC,CLSI,[34493269]
g1307.8072,spectinomycin,,16.0,mg/L,MIC,CLSI,[34493269]
g1307.8072,tetracycline,,64.0,mg/L,MIC,CLSI,[34493269]
g1307.8072,tiamulin,,2.0,mg/L,MIC,CLSI,[34493269]
g1307.8072,tilmicosin,,128.0,mg/L,MIC,CLSI,[34493269]
g1307.8072,trimethoprim,,0.06,mg/L,MIC,CLSI,[34493269]
g1307.8072,tylosin,,256.0,mg/L,MIC,CLSI,[34493269]
g1307.8073,amoxicillin,,0.03,mg/L,MIC,CLSI,[34493269]
g1307.8073,cefquinome,,0.015,mg/L,MIC,CLSI,[34493269]
g1307.8073,ceftiofur,,0.12,mg/L,MIC,CLSI,[34493269]
g1307.8073,doxycycline,,0.12,mg/L,MIC,CLSI,[34493269]
g1307.8073,enrofloxacin,,0.25,mg/L,MIC,CLSI,[34493269]
g1307.8073,erythromycin,,0.03,mg/L,MIC,CLSI,[34493269]
g1307.8073,florfenicol,,2.0,mg/L,MIC,CLSI,[34493269]
g1307.8073,lincomycin,,1.0,mg/L,MIC,CLSI,[34493269]
g1307.8073,marbofloxacin,,0.5,mg/L,MIC,CLSI,[34493269]
g1307.8073,penicillin,,0.03,mg/L,MIC,CLSI,[34493269]
g1307.8073,spectinomycin,,16.0,mg/L,MIC,CLSI,[34493269]
g1307.8073,tetracycline,,1.0,mg/L,MIC,CLSI,[34493269]
g1307.8073,tiamulin,,1.0,mg/L,MIC,CLSI,[34493269]
g1307.8073,tilmicosin,,4.0,mg/L,MIC,CLSI,[34493269]
g1307.8073,trimethoprim,,4.0,mg/L,MIC,CLSI,[34493269]
g1307.8073,tylosin,,1.0,mg/L,MIC,CLSI,[34493269]
g1307.8074,amoxicillin,,0.03,mg/L,MIC,CLSI,[34493269]
g1307.8074,cefquinome,,0.015,mg/L,MIC,CLSI,[34493269]
g1307.8074,ceftiofur,,0.12,mg/L,MIC,CLSI,[34493269]
g1307.8074,doxycycline,,16.0,mg/L,MIC,CLSI,[34493269]
g1307.8074,enrofloxacin,,0.5,mg/L,MIC,CLSI,[34493269]
g1307.8074,erythromycin,,32.0,mg/L,MIC,CLSI,[34493269]
g1307.8074,florfenicol,,2.0,mg/L,MIC,CLSI,[34493269]
g1307.8074,lincomycin,,128.0,mg/L,MIC,CLSI,[34493269]
g1307.8074,marbofloxacin,,1.0,mg/L,MIC,CLSI,[34493269]
g1307.8074,penicillin,,0.03,mg/L,MIC,CLSI,[34493269]
g1307.8074,spectinomycin,,16.0,mg/L,MIC,CLSI,[34493269]
g1307.8074,tetracycline,,64.0,mg/L,MIC,CLSI,[34493269]
g1307.8074,tiamulin,,1.0,mg/L,MIC,CLSI,[34493269]
g1307.8074,tilmicosin,,128.0,mg/L,MIC,CLSI,[34493269]
g1307.8074,trimethoprim,,0.06,mg/L,MIC,CLSI,[34493269]
g1307.8074,tylosin,,256.0,mg/L,MIC,CLSI,[34493269]
g1307.8075,amoxicillin,,0.03,mg/L,MIC,CLSI,[34493269]
g1307.8075,cefquinome,,0.015,mg/L,MIC,CLSI,[34493269]
g1307.8075,ceftiofur,,0.12,mg/L,MIC,CLSI,[34493269]
g1307.8075,doxycycline,,16.0,mg/L,MIC,CLSI,[34493269]
g1307.8075,enrofloxacin,,0.25,mg/L,MIC,CLSI,[34493269]
g1307.8075,erythromycin,,32.0,mg/L,MIC,CLSI,[34493269]
g1307.8075,florfenicol,,2.0,mg/L,MIC,CLSI,[34493269]
g1307.8075,lincomycin,,128.0,mg/L,MIC,CLSI,[34493269]
g1307.8075,marbofloxacin,,0.5,mg/L,MIC,CLSI,[34493269]
g1307.8075,penicillin,,0.03,mg/L,MIC,CLSI,[34493269]
g1307.8075,spectinomycin,,16.0,mg/L,MIC,CLSI,[34493269]
g1307.8075,tetracycline,,64.0,mg/L,MIC,CLSI,[34493269]
g1307.8075,tiamulin,,1.0,mg/L,MIC,CLSI,[34493269]
g1307.8075,tilmicosin,,128.0,mg/L,MIC,CLSI,[34493269]
g1307.8075,trimethoprim,,0.03,mg/L,MIC,CLSI,[34493269]
g1307.8075,tylosin,,256.0,mg/L,MIC,CLSI,[34493269]
g1307.8076,amoxicillin,,0.03,mg/L,MIC,CLSI,[34493269]
g1307.8076,cefquinome,,0.015,mg/L,MIC,CLSI,[34493269]
g1307.8076,ceftiofur,,0.12,mg/L,MIC,CLSI,[34493269]
g1307.8076,doxycycline,,16.0,mg/L,MIC,CLSI,[34493269]
g1307.8076,enrofloxacin,,0.5,mg/L,MIC,CLSI,[34493269]
g1307.8076,erythromycin,,32.0,mg/L,MIC,CLSI,[34493269]
g1307.8076,florfenicol,,2.0,mg/L,MIC,CLSI,[34493269]
g1307.8076,lincomycin,,128.0,mg/L,MIC,CLSI,[34493269]
g1307.8076,marbofloxacin,,2.0,mg/L,MIC,CLSI,[34493269]
g1307.8076,penicillin,,0.03,mg/L,MIC,CLSI,[34493269]
g1307.8076,spectinomycin,,16.0,mg/L,MIC,CLSI,[34493269]
g1307.8076,tetracycline,,64.0,mg/L,MIC,CLSI,[34493269]
g1307.8076,tiamulin,,1.0,mg/L,MIC,CLSI,[34493269]
g1307.8076,tilmicosin,,128.0,mg/L,MIC,CLSI,[34493269]
g1307.8076,trimethoprim,,0.06,mg/L,MIC,CLSI,[34493269]
g1307.8076,tylosin,,256.0,mg/L,MIC,CLSI,[34493269]
g1307.8077,amoxicillin,,0.03,mg/L,MIC,CLSI,[34493269]
g1307.8077,cefquinome,,0.015,mg/L,MIC,CLSI,[34493269]
g1307.8077,ceftiofur,,0.12,mg/L,MIC,CLSI,[34493269]
g1307.8077,doxycycline,,0.12,mg/L,MIC,CLSI,[34493269]
g1307.8077,enrofloxacin,,0.5,mg/L,MIC,CLSI,[34493269]
g1307.8077,erythromycin,,0.015,mg/L,MIC,CLSI,[34493269]
g1307.8077,florfenicol,,1.0,mg/L,MIC,CLSI,[34493269]
g1307.8077,lincomycin,,1.0,mg/L,MIC,CLSI,[34493269]
g1307.8077,marbofloxacin,,1.0,mg/L,MIC,CLSI,[34493269]
g1307.8077,penicillin,,0.03,mg/L,MIC,CLSI,[34493269]
g1307.8077,spectinomycin,,16.0,mg/L,MIC,CLSI,[34493269]
g1307.8077,tetracycline,,1.0,mg/L,MIC,CLSI,[34493269]
g1307.8077,tiamulin,,1.0,mg/L,MIC,CLSI,[34493269]
g1307.8077,tilmicosin,,2.0,mg/L,MIC,CLSI,[34493269]
g1307.8077,trimethoprim,,0.5,mg/L,MIC,CLSI,[34493269]
g1307.8077,tylosin,,0.5,mg/L,MIC,CLSI,[34493269]
g1307.8078,amoxicillin,,0.03,mg/L,MIC,CLSI,[34493269]
g1307.8078,cefquinome,,0.015,mg/L,MIC,CLSI,[34493269]
g1307.8078,ceftiofur,,0.12,mg/L,MIC,CLSI,[34493269]
g1307.8078,doxycycline,,16.0,mg/L,MIC,CLSI,[34493269]
g1307.8078,enrofloxacin,,0.5,mg/L,MIC,CLSI,[34493269]
g1307.8078,erythromycin,,0.03,mg/L,MIC,CLSI,[34493269]
g1307.8078,florfenicol,,2.0,mg/L,MIC,CLSI,[34493269]
g1307.8078,lincomycin,,8.0,mg/L,MIC,CLSI,[34493269]
g1307.8078,marbofloxacin,,1.0,mg/L,MIC,CLSI,[34493269]
g1307.8078,penicillin,,0.03,mg/L,MIC,CLSI,[34493269]
g1307.8078,spectinomycin,,32.0,mg/L,MIC,CLSI,[34493269]
g1307.8078,tetracycline,,64.0,mg/L,MIC,CLSI,[34493269]
g1307.8078,tiamulin,,32.0,mg/L,MIC,CLSI,[34493269]
g1307.8078,tilmicosin,,4.0,mg/L,MIC,CLSI,[34493269]
g1307.8078,trimethoprim,,0.5,mg/L,MIC,CLSI,[34493269]
g1307.8078,tylosin,,1.0,mg/L,MIC,CLSI,[34493269]
g1307.8079,amoxicillin,,0.03,mg/L,MIC,CLSI,[34493269]
g1307.8079,cefquinome,,0.015,mg/L,MIC,CLSI,[34493269]
g1307.8079,ceftiofur,,0.12,mg/L,MIC,CLSI,[34493269]
g1307.8079,doxycycline,,16.0,mg/L,MIC,CLSI,[34493269]
g1307.8079,enrofloxacin,,0.5,mg/L,MIC,CLSI,[34493269]
g1307.8079,erythromycin,,32.0,mg/L,MIC,CLSI,[34493269]
g1307.8079,florfenicol,,2.0,mg/L,MIC,CLSI,[34493269]
g1307.8079,lincomycin,,128.0,mg/L,MIC,CLSI,[34493269]
g1307.8079,marbofloxacin,,1.0,mg/L,MIC,CLSI,[34493269]
g1307.8079,penicillin,,0.03,mg/L,MIC,CLSI,[34493269]
g1307.8079,spectinomycin,,16.0,mg/L,MIC,CLSI,[34493269]
g1307.8079,tetracycline,,64.0,mg/L,MIC,CLSI,[34493269]
g1307.8079,tiamulin,,4.0,mg/L,MIC,CLSI,[34493269]
g1307.8079,tilmicosin,,128.0,mg/L,MIC,CLSI,[34493269]
g1307.8079,trimethoprim,,2.0,mg/L,MIC,CLSI,[34493269]
g1307.8079,tylosin,,256.0,mg/L,MIC,CLSI,[34493269]
g1307.8080,amoxicillin,,0.03,mg/L,MIC,CLSI,[34493269]
g1307.8080,cefquinome,,0.015,mg/L,MIC,CLSI,[34493269]
g1307.8080,ceftiofur,,0.12,mg/L,MIC,CLSI,[34493269]
g1307.8080,doxycycline,,8.0,mg/L,MIC,CLSI,[34493269]
g1307.8080,enrofloxacin,,0.25,mg/L,MIC,CLSI,[34493269]
g1307.8080,erythromycin,,32.0,mg/L,MIC,CLSI,[34493269]
g1307.8080,florfenicol,,2.0,mg/L,MIC,CLSI,[34493269]
g1307.8080,lincomycin,,128.0,mg/L,MIC,CLSI,[34493269]
g1307.8080,marbofloxacin,,0.5,mg/L,MIC,CLSI,[34493269]
g1307.8080,penicillin,,0.03,mg/L,MIC,CLSI,[34493269]
g1307.8080,spectinomycin,,16.0,mg/L,MIC,CLSI,[34493269]
g1307.8080,tetracycline,,64.0,mg/L,MIC,CLSI,[34493269]
g1307.8080,tiamulin,,1.0,mg/L,MIC,CLSI,[34493269]
g1307.8080,tilmicosin,,128.0,mg/L,MIC,CLSI,[34493269]
g1307.8080,trimethoprim,,0.5,mg/L,MIC,CLSI,[34493269]
g1307.8080,tylosin,,256.0,mg/L,MIC,CLSI,[34493269]
g1307.8081,amoxicillin,,0.03,mg/L,MIC,CLSI,[34493269]
g1307.8081,cefquinome,,0.015,mg/L,MIC,CLSI,[34493269]
g1307.8081,ceftiofur,,0.12,mg/L,MIC,CLSI,[34493269]
g1307.8081,doxycycline,,0.12,mg/L,MIC,CLSI,[34493269]
g1307.8081,enrofloxacin,,0.25,mg/L,MIC,CLSI,[34493269]
g1307.8081,erythromycin,,0.03,mg/L,MIC,CLSI,[34493269]
g1307.8081,florfenicol,,1.0,mg/L,MIC,CLSI,[34493269]
g1307.8081,lincomycin,,2.0,mg/L,MIC,CLSI,[34493269]
g1307.8081,marbofloxacin,,1.0,mg/L,MIC,CLSI,[34493269]
g1307.8081,penicillin,,0.03,mg/L,MIC,CLSI,[34493269]
g1307.8081,spectinomycin,,16.0,mg/L,MIC,CLSI,[34493269]
g1307.8081,tetracycline,,2.0,mg/L,MIC,CLSI,[34493269]
g1307.8081,tiamulin,,2.0,mg/L,MIC,CLSI,[34493269]
g1307.8081,tilmicosin,,4.0,mg/L,MIC,CLSI,[34493269]
g1307.8081,trimethoprim,,0.03,mg/L,MIC,CLSI,[34493269]
g1307.8081,tylosin,,1.0,mg/L,MIC,CLSI,[34493269]
g1307.8082,amoxicillin,,0.03,mg/L,MIC,CLSI,[34493269]
g1307.8082,cefquinome,,0.06,mg/L,MIC,CLSI,[34493269]
g1307.8082,ceftiofur,,0.5,mg/L,MIC,CLSI,[34493269]
g1307.8082,doxycycline,,16.0,mg/L,MIC,CLSI,[34493269]
g1307.8082,enrofloxacin,,0.25,mg/L,MIC,CLSI,[34493269]
g1307.8082,erythromycin,,32.0,mg/L,MIC,CLSI,[34493269]
g1307.8082,florfenicol,,2.0,mg/L,MIC,CLSI,[34493269]
g1307.8082,lincomycin,,128.0,mg/L,MIC,CLSI,[34493269]
g1307.8082,marbofloxacin,,2.0,mg/L,MIC,CLSI,[34493269]
g1307.8082,penicillin,,0.25,mg/L,MIC,CLSI,[34493269]
g1307.8082,spectinomycin,,16.0,mg/L,MIC,CLSI,[34493269]
g1307.8082,tetracycline,,64.0,mg/L,MIC,CLSI,[34493269]
g1307.8082,tiamulin,,2.0,mg/L,MIC,CLSI,[34493269]
g1307.8082,tilmicosin,,128.0,mg/L,MIC,CLSI,[34493269]
g1307.8082,trimethoprim,,0.25,mg/L,MIC,CLSI,[34493269]
g1307.8082,tylosin,,256.0,mg/L,MIC,CLSI,[34493269]
g1307.8083,amoxicillin,,0.03,mg/L,MIC,CLSI,[34493269]
g1307.8083,cefquinome,,0.008,mg/L,MIC,CLSI,[34493269]
g1307.8083,ceftiofur,,0.12,mg/L,MIC,CLSI,[34493269]
g1307.8083,doxycycline,,0.12,mg/L,MIC,CLSI,[34493269]
g1307.8083,enrofloxacin,,0.25,mg/L,MIC,CLSI,[34493269]
g1307.8083,erythromycin,,0.06,mg/L,MIC,CLSI,[34493269]
g1307.8083,florfenicol,,2.0,mg/L,MIC,CLSI,[34493269]
g1307.8083,lincomycin,,16.0,mg/L,MIC,CLSI,[34493269]
g1307.8083,marbofloxacin,,0.5,mg/L,MIC,CLSI,[34493269]
g1307.8083,penicillin,,0.03,mg/L,MIC,CLSI,[34493269]
g1307.8083,spectinomycin,,16.0,mg/L,MIC,CLSI,[34493269]
g1307.8083,tetracycline,,2.0,mg/L,MIC,CLSI,[34493269]
g1307.8083,tiamulin,,2.0,mg/L,MIC,CLSI,[34493269]
g1307.8083,tilmicosin,,64.0,mg/L,MIC,CLSI,[34493269]
g1307.8083,trimethoprim,,0.06,mg/L,MIC,CLSI,[34493269]
g1307.8083,tylosin,,4.0,mg/L,MIC,CLSI,[34493269]
g1307.8084,amoxicillin,,0.03,mg/L,MIC,CLSI,[34493269]
g1307.8084,cefquinome,,0.008,mg/L,MIC,CLSI,[34493269]
g1307.8084,ceftiofur,,0.12,mg/L,MIC,CLSI,[34493269]
g1307.8084,doxycycline,,8.0,mg/L,MIC,CLSI,[34493269]
g1307.8084,enrofloxacin,,0.25,mg/L,MIC,CLSI,[34493269]
g1307.8084,erythromycin,,0.03,mg/L,MIC,CLSI,[34493269]
g1307.8084,florfenicol,,1.0,mg/L,MIC,CLSI,[34493269]
g1307.8084,lincomycin,,0.25,mg/L,MIC,CLSI,[34493269]
g1307.8084,marbofloxacin,,0.5,mg/L,MIC,CLSI,[34493269]
g1307.8084,penicillin,,0.03,mg/L,MIC,CLSI,[34493269]
g1307.8084,spectinomycin,,16.0,mg/L,MIC,CLSI,[34493269]
g1307.8084,tetracycline,,64.0,mg/L,MIC,CLSI,[34493269]
g1307.8084,tiamulin,,1.0,mg/L,MIC,CLSI,[34493269]
g1307.8084,tilmicosin,,2.0,mg/L,MIC,CLSI,[34493269]
g1307.8084,trimethoprim,,0.12,mg/L,MIC,CLSI,[34493269]
g1307.8084,tylosin,,0.5,mg/L,MIC,CLSI,[34493269]
g1307.8085,amoxicillin,,0.03,mg/L,MIC,CLSI,[34493269]
g1307.8085,cefquinome,,0.06,mg/L,MIC,CLSI,[34493269]
g1307.8085,ceftiofur,,0.5,mg/L,MIC,CLSI,[34493269]
g1307.8085,doxycycline,,16.0,mg/L,MIC,CLSI,[34493269]
g1307.8085,enrofloxacin,,0.12,mg/L,MIC,CLSI,[34493269]
g1307.8085,erythromycin,,0.03,mg/L,MIC,CLSI,[34493269]
g1307.8085,florfenicol,,1.0,mg/L,MIC,CLSI,[34493269]
g1307.8085,lincomycin,,0.5,mg/L,MIC,CLSI,[34493269]
g1307.8085,marbofloxacin,,0.25,mg/L,MIC,CLSI,[34493269]
g1307.8085,penicillin,,0.25,mg/L,MIC,CLSI,[34493269]
g1307.8085,spectinomycin,,16.0,mg/L,MIC,CLSI,[34493269]
g1307.8085,tetracycline,,32.0,mg/L,MIC,CLSI,[34493269]
g1307.8085,tiamulin,,1.0,mg/L,MIC,CLSI,[34493269]
g1307.8085,tilmicosin,,4.0,mg/L,MIC,CLSI,[34493269]
g1307.8085,trimethoprim,,0.25,mg/L,MIC,CLSI,[34493269]
g1307.8085,tylosin,,0.5,mg/L,MIC,CLSI,[34493269]
g1307.8086,amoxicillin,,0.03,mg/L,MIC,CLSI,[34493269]
g1307.8086,cefquinome,,0.03,mg/L,MIC,CLSI,[34493269]
g1307.8086,ceftiofur,,0.12,mg/L,MIC,CLSI,[34493269]
g1307.8086,doxycycline,,16.0,mg/L,MIC,CLSI,[34493269]
g1307.8086,enrofloxacin,,0.5,mg/L,MIC,CLSI,[34493269]
g1307.8086,erythromycin,,32.0,mg/L,MIC,CLSI,[34493269]
g1307.8086,florfenicol,,2.0,mg/L,MIC,CLSI,[34493269]
g1307.8086,lincomycin,,128.0,mg/L,MIC,CLSI,[34493269]
g1307.8086,marbofloxacin,,1.0,mg/L,MIC,CLSI,[34493269]
g1307.8086,penicillin,,0.03,mg/L,MIC,CLSI,[34493269]
g1307.8086,spectinomycin,,16.0,mg/L,MIC,CLSI,[34493269]
g1307.8086,tetracycline,,64.0,mg/L,MIC,CLSI,[34493269]
g1307.8086,tiamulin,,1.0,mg/L,MIC,CLSI,[34493269]
g1307.8086,tilmicosin,,128.0,mg/L,MIC,CLSI,[34493269]
g1307.8086,trimethoprim,,0.06,mg/L,MIC,CLSI,[34493269]
g1307.8086,tylosin,,256.0,mg/L,MIC,CLSI,[34493269]
g1307.8087,amoxicillin,,0.03,mg/L,MIC,CLSI,[34493269]
g1307.8087,cefquinome,,0.015,mg/L,MIC,CLSI,[34493269]
g1307.8087,ceftiofur,,0.12,mg/L,MIC,CLSI,[34493269]
g1307.8087,doxycycline,,16.0,mg/L,MIC,CLSI,[34493269]
g1307.8087,enrofloxacin,,0.5,mg/L,MIC,CLSI,[34493269]
g1307.8087,erythromycin,,32.0,mg/L,MIC,CLSI,[34493269]
g1307.8087,florfenicol,,2.0,mg/L,MIC,CLSI,[34493269]
g1307.8087,lincomycin,,128.0,mg/L,MIC,CLSI,[34493269]
g1307.8087,marbofloxacin,,1.0,mg/L,MIC,CLSI,[34493269]
g1307.8087,penicillin,,0.03,mg/L,MIC,CLSI,[34493269]
g1307.8087,spectinomycin,,16.0,mg/L,MIC,CLSI,[34493269]
g1307.8087,tetracycline,,64.0,mg/L,MIC,CLSI,[34493269]
g1307.8087,tiamulin,,1.0,mg/L,MIC,CLSI,[34493269]
g1307.8087,tilmicosin,,128.0,mg/L,MIC,CLSI,[34493269]
g1307.8087,trimethoprim,,0.06,mg/L,MIC,CLSI,[34493269]
g1307.8087,tylosin,,256.0,mg/L,MIC,CLSI,[34493269]
g1307.8088,amoxicillin,,0.03,mg/L,MIC,CLSI,[34493269]
g1307.8088,cefquinome,,0.03,mg/L,MIC,CLSI,[34493269]
g1307.8088,ceftiofur,,0.12,mg/L,MIC,CLSI,[34493269]
g1307.8088,doxycycline,,16.0,mg/L,MIC,CLSI,[34493269]
g1307.8088,enrofloxacin,,0.5,mg/L,MIC,CLSI,[34493269]
g1307.8088,erythromycin,,0.03,mg/L,MIC,CLSI,[34493269]
g1307.8088,florfenicol,,2.0,mg/L,MIC,CLSI,[34493269]
g1307.8088,lincomycin,,1.0,mg/L,MIC,CLSI,[34493269]
g1307.8088,marbofloxacin,,0.5,mg/L,MIC,CLSI,[34493269]
g1307.8088,penicillin,,0.03,mg/L,MIC,CLSI,[34493269]
g1307.8088,spectinomycin,,16.0,mg/L,MIC,CLSI,[34493269]
g1307.8088,tetracycline,,128.0,mg/L,MIC,CLSI,[34493269]
g1307.8088,tiamulin,,2.0,mg/L,MIC,CLSI,[34493269]
g1307.8088,tilmicosin,,4.0,mg/L,MIC,CLSI,[34493269]
g1307.8088,trimethoprim,,0.5,mg/L,MIC,CLSI,[34493269]
g1307.8088,tylosin,,1.0,mg/L,MIC,CLSI,[34493269]
g1307.8089,amoxicillin,,0.03,mg/L,MIC,CLSI,[34493269]
g1307.8089,cefquinome,,0.03,mg/L,MIC,CLSI,[34493269]
g1307.8089,ceftiofur,,0.12,mg/L,MIC,CLSI,[34493269]
g1307.8089,doxycycline,,0.12,mg/L,MIC,CLSI,[34493269]
g1307.8089,enrofloxacin,,0.5,mg/L,MIC,CLSI,[34493269]
g1307.8089,erythromycin,,0.015,mg/L,MIC,CLSI,[34493269]
g1307.8089,florfenicol,,2.0,mg/L,MIC,CLSI,[34493269]
g1307.8089,lincomycin,,4.0,mg/L,MIC,CLSI,[34493269]
g1307.8089,marbofloxacin,,1.0,mg/L,MIC,CLSI,[34493269]
g1307.8089,penicillin,,0.03,mg/L,MIC,CLSI,[34493269]
g1307.8089,spectinomycin,,16.0,mg/L,MIC,CLSI,[34493269]
g1307.8089,tetracycline,,0.5,mg/L,MIC,CLSI,[34493269]
g1307.8089,tiamulin,,2.0,mg/L,MIC,CLSI,[34493269]
g1307.8089,tilmicosin,,4.0,mg/L,MIC,CLSI,[34493269]
g1307.8089,trimethoprim,,0.06,mg/L,MIC,CLSI,[34493269]
g1307.8089,tylosin,,0.5,mg/L,MIC,CLSI,[34493269]
g1307.8090,amoxicillin,,0.03,mg/L,MIC,CLSI,[34493269]
g1307.8090,cefquinome,,0.03,mg/L,MIC,CLSI,[34493269]
g1307.8090,ceftiofur,,0.12,mg/L,MIC,CLSI,[34493269]
g1307.8090,doxycycline,,8.0,mg/L,MIC,CLSI,[34493269]
g1307.8090,enrofloxacin,,0.25,mg/L,MIC,CLSI,[34493269]
g1307.8090,erythromycin,,32.0,mg/L,MIC,CLSI,[34493269]
g1307.8090,florfenicol,,2.0,mg/L,MIC,CLSI,[34493269]
g1307.8090,lincomycin,,128.0,mg/L,MIC,CLSI,[34493269]
g1307.8090,marbofloxacin,,0.5,mg/L,MIC,CLSI,[34493269]
g1307.8090,penicillin,,0.03,mg/L,MIC,CLSI,[34493269]
g1307.8090,spectinomycin,,16.0,mg/L,MIC,CLSI,[34493269]
g1307.8090,tetracycline,,32.0,mg/L,MIC,CLSI,[34493269]
g1307.8090,tiamulin,,0.5,mg/L,MIC,CLSI,[34493269]
g1307.8090,tilmicosin,,128.0,mg/L,MIC,CLSI,[34493269]
g1307.8090,trimethoprim,,0.25,mg/L,MIC,CLSI,[34493269]
g1307.8090,tylosin,,256.0,mg/L,MIC,CLSI,[34493269]
g1307.8091,amoxicillin,,0.03,mg/L,MIC,CLSI,[34493269]
g1307.8091,cefquinome,,0.03,mg/L,MIC,CLSI,[34493269]
g1307.8091,ceftiofur,,0.12,mg/L,MIC,CLSI,[34493269]
g1307.8091,doxycycline,,8.0,mg/L,MIC,CLSI,[34493269]
g1307.8091,enrofloxacin,,0.25,mg/L,MIC,CLSI,[34493269]
g1307.8091,erythromycin,,0.03,mg/L,MIC,CLSI,[34493269]
g1307.8091,florfenicol,,2.0,mg/L,MIC,CLSI,[34493269]
g1307.8091,lincomycin,,32.0,mg/L,MIC,CLSI,[34493269]
g1307.8091,marbofloxacin,,0.5,mg/L,MIC,CLSI,[34493269]
g1307.8091,penicillin,,0.03,mg/L,MIC,CLSI,[34493269]
g1307.8091,spectinomycin,,512.0,mg/L,MIC,CLSI,[34493269]
g1307.8091,tetracycline,,32.0,mg/L,MIC,CLSI,[34493269]
g1307.8091,tiamulin,,64.0,mg/L,MIC,CLSI,[34493269]
g1307.8091,tilmicosin,,4.0,mg/L,MIC,CLSI,[34493269]
g1307.8091,trimethoprim,,2.0,mg/L,MIC,CLSI,[34493269]
g1307.8091,tylosin,,1.0,mg/L,MIC,CLSI,[34493269]
g1307.8092,amoxicillin,,0.03,mg/L,MIC,CLSI,[34493269]
g1307.8092,cefquinome,,0.008,mg/L,MIC,CLSI,[34493269]
g1307.8092,ceftiofur,,0.06,mg/L,MIC,CLSI,[34493269]
g1307.8092,doxycycline,,16.0,mg/L,MIC,CLSI,[34493269]
g1307.8092,enrofloxacin,,0.5,mg/L,MIC,CLSI,[34493269]
g1307.8092,erythromycin,,32.0,mg/L,MIC,CLSI,[34493269]
g1307.8092,florfenicol,,2.0,mg/L,MIC,CLSI,[34493269]
g1307.8092,lincomycin,,128.0,mg/L,MIC,CLSI,[34493269]
g1307.8092,marbofloxacin,,1.0,mg/L,MIC,CLSI,[34493269]
g1307.8092,penicillin,,0.03,mg/L,MIC,CLSI,[34493269]
g1307.8092,spectinomycin,,32.0,mg/L,MIC,CLSI,[34493269]
g1307.8092,tetracycline,,64.0,mg/L,MIC,CLSI,[34493269]
g1307.8092,tiamulin,,2.0,mg/L,MIC,CLSI,[34493269]
g1307.8092,tilmicosin,,128.0,mg/L,MIC,CLSI,[34493269]
g1307.8092,trimethoprim,,0.06,mg/L,MIC,CLSI,[34493269]
g1307.8092,tylosin,,256.0,mg/L,MIC,CLSI,[34493269]
g1307.8093,amoxicillin,,0.03,mg/L,MIC,CLSI,[34493269]
g1307.8093,cefquinome,,0.015,mg/L,MIC,CLSI,[34493269]
g1307.8093,ceftiofur,,0.12,mg/L,MIC,CLSI,[34493269]
g1307.8093,doxycycline,,8.0,mg/L,MIC,CLSI,[34493269]
g1307.8093,enrofloxacin,,0.5,mg/L,MIC,CLSI,[34493269]
g1307.8093,erythromycin,,32.0,mg/L,MIC,CLSI,[34493269]
g1307.8093,florfenicol,,2.0,mg/L,MIC,CLSI,[34493269]
g1307.8093,lincomycin,,128.0,mg/L,MIC,CLSI,[34493269]
g1307.8093,marbofloxacin,,1.0,mg/L,MIC,CLSI,[34493269]
g1307.8093,penicillin,,0.03,mg/L,MIC,CLSI,[34493269]
g1307.8093,spectinomycin,,16.0,mg/L,MIC,CLSI,[34493269]
g1307.8093,tetracycline,,32.0,mg/L,MIC,CLSI,[34493269]
g1307.8093,tiamulin,,2.0,mg/L,MIC,CLSI,[34493269]
g1307.8093,tilmicosin,,128.0,mg/L,MIC,CLSI,[34493269]
g1307.8093,trimethoprim,,0.06,mg/L,MIC,CLSI,[34493269]
g1307.8093,tylosin,,256.0,mg/L,MIC,CLSI,[34493269]
g1307.8094,amoxicillin,,0.03,mg/L,MIC,CLSI,[34493269]
g1307.8094,cefquinome,,0.015,mg/L,MIC,CLSI,[34493269]
g1307.8094,ceftiofur,,0.12,mg/L,MIC,CLSI,[34493269]
g1307.8094,doxycycline,,16.0,mg/L,MIC,CLSI,[34493269]
g1307.8094,enrofloxacin,,0.5,mg/L,MIC,CLSI,[34493269]
g1307.8094,erythromycin,,0.015,mg/L,MIC,CLSI,[34493269]
g1307.8094,florfenicol,,2.0,mg/L,MIC,CLSI,[34493269]
g1307.8094,lincomycin,,2.0,mg/L,MIC,CLSI,[34493269]
g1307.8094,marbofloxacin,,1.0,mg/L,MIC,CLSI,[34493269]
g1307.8094,penicillin,,0.03,mg/L,MIC,CLSI,[34493269]
g1307.8094,spectinomycin,,16.0,mg/L,MIC,CLSI,[34493269]
g1307.8094,tetracycline,,64.0,mg/L,MIC,CLSI,[34493269]
g1307.8094,tiamulin,,2.0,mg/L,MIC,CLSI,[34493269]
g1307.8094,tilmicosin,,4.0,mg/L,MIC,CLSI,[34493269]
g1307.8094,trimethoprim,,0.06,mg/L,MIC,CLSI,[34493269]
g1307.8094,tylosin,,0.5,mg/L,MIC,CLSI,[34493269]
g1307.8095,amoxicillin,,0.03,mg/L,MIC,CLSI,[34493269]
g1307.8095,cefquinome,,0.03,mg/L,MIC,CLSI,[34493269]
g1307.8095,ceftiofur,,0.25,mg/L,MIC,CLSI,[34493269]
g1307.8095,doxycycline,,16.0,mg/L,MIC,CLSI,[34493269]
g1307.8095,enrofloxacin,,0.5,mg/L,MIC,CLSI,[34493269]
g1307.8095,erythromycin,,0.03,mg/L,MIC,CLSI,[34493269]
g1307.8095,florfenicol,,2.0,mg/L,MIC,CLSI,[34493269]
g1307.8095,lincomycin,,2.0,mg/L,MIC,CLSI,[34493269]
g1307.8095,marbofloxacin,,0.5,mg/L,MIC,CLSI,[34493269]
g1307.8095,penicillin,,0.03,mg/L,MIC,CLSI,[34493269]
g1307.8095,spectinomycin,,16.0,mg/L,MIC,CLSI,[34493269]
g1307.8095,tetracycline,,64.0,mg/L,MIC,CLSI,[34493269]
g1307.8095,tiamulin,,2.0,mg/L,MIC,CLSI,[34493269]
g1307.8095,tilmicosin,,4.0,mg/L,MIC,CLSI,[34493269]
g1307.8095,trimethoprim,,0.06,mg/L,MIC,CLSI,[34493269]
g1307.8095,tylosin,,1.0,mg/L,MIC,CLSI,[34493269]
g1307.8096,amoxicillin,,0.03,mg/L,MIC,CLSI,[34493269]
g1307.8096,cefquinome,,0.015,mg/L,MIC,CLSI,[34493269]
g1307.8096,ceftiofur,,0.06,mg/L,MIC,CLSI,[34493269]
g1307.8096,doxycycline,,16.0,mg/L,MIC,CLSI,[34493269]
g1307.8096,enrofloxacin,,0.5,mg/L,MIC,CLSI,[34493269]
g1307.8096,erythromycin,,0.06,mg/L,MIC,CLSI,[34493269]
g1307.8096,florfenicol,,1.0,mg/L,MIC,CLSI,[34493269]
g1307.8096,lincomycin,,0.25,mg/L,MIC,CLSI,[34493269]
g1307.8096,marbofloxacin,,1.0,mg/L,MIC,CLSI,[34493269]
g1307.8096,penicillin,,0.03,mg/L,MIC,CLSI,[34493269]
g1307.8096,spectinomycin,,8.0,mg/L,MIC,CLSI,[34493269]
g1307.8096,tetracycline,,64.0,mg/L,MIC,CLSI,[34493269]
g1307.8096,tiamulin,,1.0,mg/L,MIC,CLSI,[34493269]
g1307.8096,tilmicosin,,4.0,mg/L,MIC,CLSI,[34493269]
g1307.8096,trimethoprim,,0.25,mg/L,MIC,CLSI,[34493269]
g1307.8096,tylosin,,1.0,mg/L,MIC,CLSI,[34493269]
g1307.8097,amoxicillin,,0.03,mg/L,MIC,CLSI,[34493269]
g1307.8097,cefquinome,,0.03,mg/L,MIC,CLSI,[34493269]
g1307.8097,ceftiofur,,0.25,mg/L,MIC,CLSI,[34493269]
g1307.8097,doxycycline,,0.06,mg/L,MIC,CLSI,[34493269]
g1307.8097,enrofloxacin,,0.5,mg/L,MIC,CLSI,[34493269]
g1307.8097,erythromycin,,0.03,mg/L,MIC,CLSI,[34493269]
g1307.8097,florfenicol,,2.0,mg/L,MIC,CLSI,[34493269]
g1307.8097,lincomycin,,2.0,mg/L,MIC,CLSI,[34493269]
g1307.8097,marbofloxacin,,1.0,mg/L,MIC,CLSI,[34493269]
g1307.8097,penicillin,,0.03,mg/L,MIC,CLSI,[34493269]
g1307.8097,spectinomycin,,16.0,mg/L,MIC,CLSI,[34493269]
g1307.8097,tetracycline,,0.5,mg/L,MIC,CLSI,[34493269]
g1307.8097,tiamulin,,2.0,mg/L,MIC,CLSI,[34493269]
g1307.8097,tilmicosin,,4.0,mg/L,MIC,CLSI,[34493269]
g1307.8097,trimethoprim,,0.06,mg/L,MIC,CLSI,[34493269]
g1307.8097,tylosin,,0.5,mg/L,MIC,CLSI,[34493269]
g1307.8098,amoxicillin,,0.03,mg/L,MIC,CLSI,[34493269]
g1307.8098,cefquinome,,0.03,mg/L,MIC,CLSI,[34493269]
g1307.8098,ceftiofur,,0.12,mg/L,MIC,CLSI,[34493269]
g1307.8098,doxycycline,,0.06,mg/L,MIC,CLSI,[34493269]
g1307.8098,enrofloxacin,,0.5,mg/L,MIC,CLSI,[34493269]
g1307.8098,erythromycin,,0.03,mg/L,MIC,CLSI,[34493269]
g1307.8098,florfenicol,,2.0,mg/L,MIC,CLSI,[34493269]
g1307.8098,lincomycin,,2.0,mg/L,MIC,CLSI,[34493269]
g1307.8098,marbofloxacin,,1.0,mg/L,MIC,CLSI,[34493269]
g1307.8098,penicillin,,0.03,mg/L,MIC,CLSI,[34493269]
g1307.8098,spectinomycin,,16.0,mg/L,MIC,CLSI,[34493269]
g1307.8098,tetracycline,,1.0,mg/L,MIC,CLSI,[34493269]
g1307.8098,tiamulin,,2.0,mg/L,MIC,CLSI,[34493269]
g1307.8098,tilmicosin,,4.0,mg/L,MIC,CLSI,[34493269]
g1307.8098,trimethoprim,,16.0,mg/L,MIC,CLSI,[34493269]
g1307.8098,tylosin,,0.5,mg/L,MIC,CLSI,[34493269]
g1307.8099,amoxicillin,,0.03,mg/L,MIC,CLSI,[34493269]
g1307.8099,cefquinome,,0.015,mg/L,MIC,CLSI,[34493269]
g1307.8099,ceftiofur,,0.06,mg/L,MIC,CLSI,[34493269]
g1307.8099,doxycycline,,8.0,mg/L,MIC,CLSI,[34493269]
g1307.8099,enrofloxacin,,0.5,mg/L,MIC,CLSI,[34493269]
g1307.8099,erythromycin,,0.06,mg/L,MIC,CLSI,[34493269]
g1307.8099,florfenicol,,1.0,mg/L,MIC,CLSI,[34493269]
g1307.8099,lincomycin,,0.5,mg/L,MIC,CLSI,[34493269]
g1307.8099,marbofloxacin,,1.0,mg/L,MIC,CLSI,[34493269]
g1307.8099,penicillin,,0.03,mg/L,MIC,CLSI,[34493269]
g1307.8099,spectinomycin,,16.0,mg/L,MIC,CLSI,[34493269]
g1307.8099,tetracycline,,64.0,mg/L,MIC,CLSI,[34493269]
g1307.8099,tiamulin,,1.0,mg/L,MIC,CLSI,[34493269]
g1307.8099,tilmicosin,,4.0,mg/L,MIC,CLSI,[34493269]
g1307.8099,trimethoprim,,0.03,mg/L,MIC,CLSI,[34493269]
g1307.8099,tylosin,,1.0,mg/L,MIC,CLSI,[34493269]
g1307.8100,amoxicillin,,0.03,mg/L,MIC,CLSI,[34493269]
g1307.8100,cefquinome,,0.03,mg/L,MIC,CLSI,[34493269]
g1307.8100,ceftiofur,,0.12,mg/L,MIC,CLSI,[34493269]
g1307.8100,doxycycline,,16.0,mg/L,MIC,CLSI,[34493269]
g1307.8100,enrofloxacin,,0.5,mg/L,MIC,CLSI,[34493269]
g1307.8100,erythromycin,,0.03,mg/L,MIC,CLSI,[34493269]
g1307.8100,florfenicol,,2.0,mg/L,MIC,CLSI,[34493269]
g1307.8100,lincomycin,,2.0,mg/L,MIC,CLSI,[34493269]
g1307.8100,marbofloxacin,,1.0,mg/L,MIC,CLSI,[34493269]
g1307.8100,penicillin,,0.03,mg/L,MIC,CLSI,[34493269]
g1307.8100,spectinomycin,,16.0,mg/L,MIC,CLSI,[34493269]
g1307.8100,tetracycline,,64.0,mg/L,MIC,CLSI,[34493269]
g1307.8100,tiamulin,,2.0,mg/L,MIC,CLSI,[34493269]
g1307.8100,tilmicosin,,4.0,mg/L,MIC,CLSI,[34493269]
g1307.8100,trimethoprim,,0.06,mg/L,MIC,CLSI,[34493269]
g1307.8100,tylosin,,0.5,mg/L,MIC,CLSI,[34493269]
g1307.8101,amoxicillin,,0.03,mg/L,MIC,CLSI,[34493269]
g1307.8101,cefquinome,,0.008,mg/L,MIC,CLSI,[34493269]
g1307.8101,ceftiofur,,0.12,mg/L,MIC,CLSI,[34493269]
g1307.8101,doxycycline,,8.0,mg/L,MIC,CLSI,[34493269]
g1307.8101,enrofloxacin,,0.25,mg/L,MIC,CLSI,[34493269]
g1307.8101,erythromycin,,0.03,mg/L,MIC,CLSI,[34493269]
g1307.8101,florfenicol,,1.0,mg/L,MIC,CLSI,[34493269]
g1307.8101,lincomycin,,0.25,mg/L,MIC,CLSI,[34493269]
g1307.8101,marbofloxacin,,0.5,mg/L,MIC,CLSI,[34493269]
g1307.8101,penicillin,,0.03,mg/L,MIC,CLSI,[34493269]
g1307.8101,spectinomycin,,16.0,mg/L,MIC,CLSI,[34493269]
g1307.8101,tetracycline,,32.0,mg/L,MIC,CLSI,[34493269]
g1307.8101,tiamulin,,1.0,mg/L,MIC,CLSI,[34493269]
g1307.8101,tilmicosin,,2.0,mg/L,MIC,CLSI,[34493269]
g1307.8101,trimethoprim,,0.03,mg/L,MIC,CLSI,[34493269]
g1307.8101,tylosin,,0.5,mg/L,MIC,CLSI,[34493269]
g1307.8102,amoxicillin,,0.03,mg/L,MIC,CLSI,[34493269]
g1307.8102,cefquinome,,0.008,mg/L,MIC,CLSI,[34493269]
g1307.8102,ceftiofur,,0.06,mg/L,MIC,CLSI,[34493269]
g1307.8102,doxycycline,,8.0,mg/L,MIC,CLSI,[34493269]
g1307.8102,enrofloxacin,,0.25,mg/L,MIC,CLSI,[34493269]
g1307.8102,erythromycin,,0.03,mg/L,MIC,CLSI,[34493269]
g1307.8102,florfenicol,,1.0,mg/L,MIC,CLSI,[34493269]
g1307.8102,lincomycin,,0.25,mg/L,MIC,CLSI,[34493269]
g1307.8102,marbofloxacin,,0.5,mg/L,MIC,CLSI,[34493269]
g1307.8102,penicillin,,0.03,mg/L,MIC,CLSI,[34493269]
g1307.8102,spectinomycin,,8.0,mg/L,MIC,CLSI,[34493269]
g1307.8102,tetracycline,,64.0,mg/L,MIC,CLSI,[34493269]
g1307.8102,tiamulin,,1.0,mg/L,MIC,CLSI,[34493269]
g1307.8102,tilmicosin,,4.0,mg/L,MIC,CLSI,[34493269]
g1307.8102,trimethoprim,,0.03,mg/L,MIC,CLSI,[34493269]
g1307.8102,tylosin,,0.5,mg/L,MIC,CLSI,[34493269]
g1307.8103,amoxicillin,,0.06,mg/L,MIC,CLSI,[34493269]
g1307.8103,cefquinome,,0.03,mg/L,MIC,CLSI,[34493269]
g1307.8103,ceftiofur,,1.0,mg/L,MIC,CLSI,[34493269]
g1307.8103,doxycycline,,16.0,mg/L,MIC,CLSI,[34493269]
g1307.8103,enrofloxacin,,0.5,mg/L,MIC,CLSI,[34493269]
g1307.8103,erythromycin,,32.0,mg/L,MIC,CLSI,[34493269]
g1307.8103,florfenicol,,2.0,mg/L,MIC,CLSI,[34493269]
g1307.8103,lincomycin,,128.0,mg/L,MIC,CLSI,[34493269]
g1307.8103,marbofloxacin,,1.0,mg/L,MIC,CLSI,[34493269]
g1307.8103,penicillin,,0.5,mg/L,MIC,CLSI,[34493269]
g1307.8103,spectinomycin,,32.0,mg/L,MIC,CLSI,[34493269]
g1307.8103,tetracycline,,128.0,mg/L,MIC,CLSI,[34493269]
g1307.8103,tiamulin,,8.0,mg/L,MIC,CLSI,[34493269]
g1307.8103,tilmicosin,,128.0,mg/L,MIC,CLSI,[34493269]
g1307.8103,trimethoprim,,2.0,mg/L,MIC,CLSI,[34493269]
g1307.8103,tylosin,,256.0,mg/L,MIC,CLSI,[34493269]
g1307.8104,amoxicillin,,0.03,mg/L,MIC,CLSI,[34493269]
g1307.8104,cefquinome,,0.015,mg/L,MIC,CLSI,[34493269]
g1307.8104,ceftiofur,,0.12,mg/L,MIC,CLSI,[34493269]
g1307.8104,doxycycline,,16.0,mg/L,MIC,CLSI,[34493269]
g1307.8104,enrofloxacin,,0.5,mg/L,MIC,CLSI,[34493269]
g1307.8104,erythromycin,,0.03,mg/L,MIC,CLSI,[34493269]
g1307.8104,florfenicol,,2.0,mg/L,MIC,CLSI,[34493269]
g1307.8104,lincomycin,,0.5,mg/L,MIC,CLSI,[34493269]
g1307.8104,marbofloxacin,,1.0,mg/L,MIC,CLSI,[34493269]
g1307.8104,penicillin,,0.03,mg/L,MIC,CLSI,[34493269]
g1307.8104,spectinomycin,,16.0,mg/L,MIC,CLSI,[34493269]
g1307.8104,tetracycline,,64.0,mg/L,MIC,CLSI,[34493269]
g1307.8104,tiamulin,,2.0,mg/L,MIC,CLSI,[34493269]
g1307.8104,tilmicosin,,4.0,mg/L,MIC,CLSI,[34493269]
g1307.8104,trimethoprim,,0.5,mg/L,MIC,CLSI,[34493269]
g1307.8104,tylosin,,1.0,mg/L,MIC,CLSI,[34493269]
g1307.8105,amoxicillin,,0.03,mg/L,MIC,CLSI,[34493269]
g1307.8105,cefquinome,,0.015,mg/L,MIC,CLSI,[34493269]
g1307.8105,ceftiofur,,0.12,mg/L,MIC,CLSI,[34493269]
g1307.8105,doxycycline,,8.0,mg/L,MIC,CLSI,[34493269]
g1307.8105,enrofloxacin,,0.25,mg/L,MIC,CLSI,[34493269]
g1307.8105,erythromycin,,0.03,mg/L,MIC,CLSI,[34493269]
g1307.8105,florfenicol,,1.0,mg/L,MIC,CLSI,[34493269]
g1307.8105,lincomycin,,0.25,mg/L,MIC,CLSI,[34493269]
g1307.8105,marbofloxacin,,0.5,mg/L,MIC,CLSI,[34493269]
g1307.8105,penicillin,,0.03,mg/L,MIC,CLSI,[34493269]
g1307.8105,spectinomycin,,16.0,mg/L,MIC,CLSI,[34493269]
g1307.8105,tetracycline,,64.0,mg/L,MIC,CLSI,[34493269]
g1307.8105,tiamulin,,1.0,mg/L,MIC,CLSI,[34493269]
g1307.8105,tilmicosin,,4.0,mg/L,MIC,CLSI,[34493269]
g1307.8105,trimethoprim,,0.03,mg/L,MIC,CLSI,[34493269]
g1307.8105,tylosin,,1.0,mg/L,MIC,CLSI,[34493269]
g1307.8106,amoxicillin,,0.03,mg/L,MIC,CLSI,[34493269]
g1307.8106,cefquinome,,0.06,mg/L,MIC,CLSI,[34493269]
g1307.8106,ceftiofur,,0.25,mg/L,MIC,CLSI,[34493269]
g1307.8106,doxycycline,,16.0,mg/L,MIC,CLSI,[34493269]
g1307.8106,enrofloxacin,,0.5,mg/L,MIC,CLSI,[34493269]
g1307.8106,erythromycin,,32.0,mg/L,MIC,CLSI,[34493269]
g1307.8106,florfenicol,,2.0,mg/L,MIC,CLSI,[34493269]
g1307.8106,lincomycin,,128.0,mg/L,MIC,CLSI,[34493269]
g1307.8106,marbofloxacin,,1.0,mg/L,MIC,CLSI,[34493269]
g1307.8106,penicillin,,0.03,mg/L,MIC,CLSI,[34493269]
g1307.8106,spectinomycin,,8.0,mg/L,MIC,CLSI,[34493269]
g1307.8106,tetracycline,,128.0,mg/L,MIC,CLSI,[34493269]
g1307.8106,tiamulin,,1.0,mg/L,MIC,CLSI,[34493269]
g1307.8106,tilmicosin,,128.0,mg/L,MIC,CLSI,[34493269]
g1307.8106,trimethoprim,,0.5,mg/L,MIC,CLSI,[34493269]
g1307.8106,tylosin,,256.0,mg/L,MIC,CLSI,[34493269]
g1307.8107,amoxicillin,,0.03,mg/L,MIC,CLSI,[34493269]
g1307.8107,cefquinome,,0.015,mg/L,MIC,CLSI,[34493269]
g1307.8107,ceftiofur,,0.12,mg/L,MIC,CLSI,[34493269]
g1307.8107,doxycycline,,16.0,mg/L,MIC,CLSI,[34493269]
g1307.8107,enrofloxacin,,0.5,mg/L,MIC,CLSI,[34493269]
g1307.8107,erythromycin,,32.0,mg/L,MIC,CLSI,[34493269]
g1307.8107,florfenicol,,2.0,mg/L,MIC,CLSI,[34493269]
g1307.8107,lincomycin,,128.0,mg/L,MIC,CLSI,[34493269]
g1307.8107,marbofloxacin,,1.0,mg/L,MIC,CLSI,[34493269]
g1307.8107,penicillin,,0.03,mg/L,MIC,CLSI,[34493269]
g1307.8107,spectinomycin,,16.0,mg/L,MIC,CLSI,[34493269]
g1307.8107,tetracycline,,64.0,mg/L,MIC,CLSI,[34493269]
g1307.8107,tiamulin,,1.0,mg/L,MIC,CLSI,[34493269]
g1307.8107,tilmicosin,,128.0,mg/L,MIC,CLSI,[34493269]
g1307.8107,trimethoprim,,0.06,mg/L,MIC,CLSI,[34493269]
g1307.8107,tylosin,,256.0,mg/L,MIC,CLSI,[34493269]
g1307.8108,amoxicillin,,0.03,mg/L,MIC,CLSI,[34493269]
g1307.8108,cefquinome,,0.015,mg/L,MIC,CLSI,[34493269]
g1307.8108,ceftiofur,,0.12,mg/L,MIC,CLSI,[34493269]
g1307.8108,doxycycline,,16.0,mg/L,MIC,CLSI,[34493269]
g1307.8108,enrofloxacin,,0.5,mg/L,MIC,CLSI,[34493269]
g1307.8108,erythromycin,,32.0,mg/L,MIC,CLSI,[34493269]
g1307.8108,florfenicol,,2.0,mg/L,MIC,CLSI,[34493269]
g1307.8108,lincomycin,,128.0,mg/L,MIC,CLSI,[34493269]
g1307.8108,marbofloxacin,,1.0,mg/L,MIC,CLSI,[34493269]
g1307.8108,penicillin,,0.03,mg/L,MIC,CLSI,[34493269]
g1307.8108,spectinomycin,,16.0,mg/L,MIC,CLSI,[34493269]
g1307.8108,tetracycline,,64.0,mg/L,MIC,CLSI,[34493269]
g1307.8108,tiamulin,,1.0,mg/L,MIC,CLSI,[34493269]
g1307.8108,tilmicosin,,128.0,mg/L,MIC,CLSI,[34493269]
g1307.8108,trimethoprim,,0.06,mg/L,MIC,CLSI,[34493269]
g1307.8108,tylosin,,256.0,mg/L,MIC,CLSI,[34493269]
g1307.8109,amoxicillin,,0.03,mg/L,MIC,CLSI,[34493269]
g1307.8109,cefquinome,,0.06,mg/L,MIC,CLSI,[34493269]
g1307.8109,ceftiofur,,0.25,mg/L,MIC,CLSI,[34493269]
g1307.8109,doxycycline,,16.0,mg/L,MIC,CLSI,[34493269]
g1307.8109,enrofloxacin,,0.5,mg/L,MIC,CLSI,[34493269]
g1307.8109,erythromycin,,0.03,mg/L,MIC,CLSI,[34493269]
g1307.8109,florfenicol,,2.0,mg/L,MIC,CLSI,[34493269]
g1307.8109,lincomycin,,1.0,mg/L,MIC,CLSI,[34493269]
g1307.8109,marbofloxacin,,0.5,mg/L,MIC,CLSI,[34493269]
g1307.8109,penicillin,,0.03,mg/L,MIC,CLSI,[34493269]
g1307.8109,spectinomycin,,16.0,mg/L,MIC,CLSI,[34493269]
g1307.8109,tetracycline,,64.0,mg/L,MIC,CLSI,[34493269]
g1307.8109,tiamulin,,1.0,mg/L,MIC,CLSI,[34493269]
g1307.8109,tilmicosin,,4.0,mg/L,MIC,CLSI,[34493269]
g1307.8109,trimethoprim,,0.06,mg/L,MIC,CLSI,[34493269]
g1307.8109,tylosin,,0.5,mg/L,MIC,CLSI,[34493269]
g1307.8110,amoxicillin,,0.03,mg/L,MIC,CLSI,[34493269]
g1307.8110,cefquinome,,0.03,mg/L,MIC,CLSI,[34493269]
g1307.8110,ceftiofur,,0.12,mg/L,MIC,CLSI,[34493269]
g1307.8110,doxycycline,,0.12,mg/L,MIC,CLSI,[34493269]
g1307.8110,enrofloxacin,,0.5,mg/L,MIC,CLSI,[34493269]
g1307.8110,erythromycin,,0.03,mg/L,MIC,CLSI,[34493269]
g1307.8110,florfenicol,,2.0,mg/L,MIC,CLSI,[34493269]
g1307.8110,lincomycin,,2.0,mg/L,MIC,CLSI,[34493269]
g1307.8110,marbofloxacin,,1.0,mg/L,MIC,CLSI,[34493269]
g1307.8110,penicillin,,0.03,mg/L,MIC,CLSI,[34493269]
g1307.8110,spectinomycin,,16.0,mg/L,MIC,CLSI,[34493269]
g1307.8110,tetracycline,,1.0,mg/L,MIC,CLSI,[34493269]
g1307.8110,tiamulin,,2.0,mg/L,MIC,CLSI,[34493269]
g1307.8110,tilmicosin,,4.0,mg/L,MIC,CLSI,[34493269]
g1307.8110,trimethoprim,,0.06,mg/L,MIC,CLSI,[34493269]
g1307.8110,tylosin,,1.0,mg/L,MIC,CLSI,[34493269]
g1307.8111,amoxicillin,,0.03,mg/L,MIC,CLSI,[34493269]
g1307.8111,cefquinome,,0.015,mg/L,MIC,CLSI,[34493269]
g1307.8111,ceftiofur,,0.12,mg/L,MIC,CLSI,[34493269]
g1307.8111,doxycycline,,16.0,mg/L,MIC,CLSI,[34493269]
g1307.8111,enrofloxacin,,0.5,mg/L,MIC,CLSI,[34493269]
g1307.8111,erythromycin,,32.0,mg/L,MIC,CLSI,[34493269]
g1307.8111,florfenicol,,2.0,mg/L,MIC,CLSI,[34493269]
g1307.8111,lincomycin,,128.0,mg/L,MIC,CLSI,[34493269]
g1307.8111,marbofloxacin,,2.0,mg/L,MIC,CLSI,[34493269]
g1307.8111,penicillin,,0.03,mg/L,MIC,CLSI,[34493269]
g1307.8111,spectinomycin,,16.0,mg/L,MIC,CLSI,[34493269]
g1307.8111,tetracycline,,64.0,mg/L,MIC,CLSI,[34493269]
g1307.8111,tiamulin,,1.0,mg/L,MIC,CLSI,[34493269]
g1307.8111,tilmicosin,,128.0,mg/L,MIC,CLSI,[34493269]
g1307.8111,trimethoprim,,0.06,mg/L,MIC,CLSI,[34493269]
g1307.8111,tylosin,,256.0,mg/L,MIC,CLSI,[34493269]
g1307.8112,amoxicillin,,0.03,mg/L,MIC,CLSI,[34493269]
g1307.8112,cefquinome,,0.008,mg/L,MIC,CLSI,[34493269]
g1307.8112,ceftiofur,,0.06,mg/L,MIC,CLSI,[34493269]
g1307.8112,doxycycline,,16.0,mg/L,MIC,CLSI,[34493269]
g1307.8112,enrofloxacin,,0.25,mg/L,MIC,CLSI,[34493269]
g1307.8112,erythromycin,,0.03,mg/L,MIC,CLSI,[34493269]
g1307.8112,florfenicol,,1.0,mg/L,MIC,CLSI,[34493269]
g1307.8112,lincomycin,,0.5,mg/L,MIC,CLSI,[34493269]
g1307.8112,marbofloxacin,,0.5,mg/L,MIC,CLSI,[34493269]
g1307.8112,penicillin,,0.03,mg/L,MIC,CLSI,[34493269]
g1307.8112,spectinomycin,,8.0,mg/L,MIC,CLSI,[34493269]
g1307.8112,tetracycline,,64.0,mg/L,MIC,CLSI,[34493269]
g1307.8112,tiamulin,,1.0,mg/L,MIC,CLSI,[34493269]
g1307.8112,tilmicosin,,4.0,mg/L,MIC,CLSI,[34493269]
g1307.8112,trimethoprim,,0.25,mg/L,MIC,CLSI,[34493269]
g1307.8112,tylosin,,0.5,mg/L,MIC,CLSI,[34493269]
g1307.8113,amoxicillin,,0.06,mg/L,MIC,CLSI,[34493269]
g1307.8113,cefquinome,,0.06,mg/L,MIC,CLSI,[34493269]
g1307.8113,ceftiofur,,1.0,mg/L,MIC,CLSI,[34493269]
g1307.8113,doxycycline,,16.0,mg/L,MIC,CLSI,[34493269]
g1307.8113,enrofloxacin,,0.25,mg/L,MIC,CLSI,[34493269]
g1307.8113,erythromycin,,32.0,mg/L,MIC,CLSI,[34493269]
g1307.8113,florfenicol,,2.0,mg/L,MIC,CLSI,[34493269]
g1307.8113,lincomycin,,128.0,mg/L,MIC,CLSI,[34493269]
g1307.8113,marbofloxacin,,0.5,mg/L,MIC,CLSI,[34493269]
g1307.8113,penicillin,,1.0,mg/L,MIC,CLSI,[34493269]
g1307.8113,spectinomycin,,16.0,mg/L,MIC,CLSI,[34493269]
g1307.8113,tetracycline,,128.0,mg/L,MIC,CLSI,[34493269]
g1307.8113,tiamulin,,16.0,mg/L,MIC,CLSI,[34493269]
g1307.8113,tilmicosin,,128.0,mg/L,MIC,CLSI,[34493269]
g1307.8113,trimethoprim,,0.12,mg/L,MIC,CLSI,[34493269]
g1307.8113,tylosin,,256.0,mg/L,MIC,CLSI,[34493269]
g1307.8114,amoxicillin,,0.03,mg/L,MIC,CLSI,[34493269]
g1307.8114,cefquinome,,0.015,mg/L,MIC,CLSI,[34493269]
g1307.8114,ceftiofur,,0.12,mg/L,MIC,CLSI,[34493269]
g1307.8114,doxycycline,,0.12,mg/L,MIC,CLSI,[34493269]
g1307.8114,enrofloxacin,,0.5,mg/L,MIC,CLSI,[34493269]
g1307.8114,erythromycin,,0.03,mg/L,MIC,CLSI,[34493269]
g1307.8114,florfenicol,,2.0,mg/L,MIC,CLSI,[34493269]
g1307.8114,lincomycin,,1.0,mg/L,MIC,CLSI,[34493269]
g1307.8114,marbofloxacin,,1.0,mg/L,MIC,CLSI,[34493269]
g1307.8114,penicillin,,0.03,mg/L,MIC,CLSI,[34493269]
g1307.8114,spectinomycin,,16.0,mg/L,MIC,CLSI,[34493269]
g1307.8114,tetracycline,,1.0,mg/L,MIC,CLSI,[34493269]
g1307.8114,tiamulin,,2.0,mg/L,MIC,CLSI,[34493269]
g1307.8114,tilmicosin,,4.0,mg/L,MIC,CLSI,[34493269]
g1307.8114,trimethoprim,,0.06,mg/L,MIC,CLSI,[34493269]
g1307.8114,tylosin,,0.5,mg/L,MIC,CLSI,[34493269]
g1307.8115,amoxicillin,,0.03,mg/L,MIC,CLSI,[34493269]
g1307.8115,cefquinome,,0.015,mg/L,MIC,CLSI,[34493269]
g1307.8115,ceftiofur,,0.12,mg/L,MIC,CLSI,[34493269]
g1307.8115,doxycycline,,8.0,mg/L,MIC,CLSI,[34493269]
g1307.8115,enrofloxacin,,0.25,mg/L,MIC,CLSI,[34493269]
g1307.8115,erythromycin,,4.0,mg/L,MIC,CLSI,[34493269]
g1307.8115,florfenicol,,1.0,mg/L,MIC,CLSI,[34493269]
g1307.8115,lincomycin,,128.0,mg/L,MIC,CLSI,[34493269]
g1307.8115,marbofloxacin,,0.5,mg/L,MIC,CLSI,[34493269]
g1307.8115,penicillin,,0.03,mg/L,MIC,CLSI,[34493269]
g1307.8115,spectinomycin,,8.0,mg/L,MIC,CLSI,[34493269]
g1307.8115,tetracycline,,64.0,mg/L,MIC,CLSI,[34493269]
g1307.8115,tiamulin,,1.0,mg/L,MIC,CLSI,[34493269]
g1307.8115,tilmicosin,,128.0,mg/L,MIC,CLSI,[34493269]
g1307.8115,trimethoprim,,1.0,mg/L,MIC,CLSI,[34493269]
g1307.8115,tylosin,,256.0,mg/L,MIC,CLSI,[34493269]
g1307.8116,amoxicillin,,0.03,mg/L,MIC,CLSI,[34493269]
g1307.8116,cefquinome,,0.03,mg/L,MIC,CLSI,[34493269]
g1307.8116,ceftiofur,,0.12,mg/L,MIC,CLSI,[34493269]
g1307.8116,doxycycline,,16.0,mg/L,MIC,CLSI,[34493269]
g1307.8116,enrofloxacin,,0.25,mg/L,MIC,CLSI,[34493269]
g1307.8116,erythromycin,,0.015,mg/L,MIC,CLSI,[34493269]
g1307.8116,florfenicol,,0.5,mg/L,MIC,CLSI,[34493269]
g1307.8116,lincomycin,,0.5,mg/L,MIC,CLSI,[34493269]
g1307.8116,marbofloxacin,,0.5,mg/L,MIC,CLSI,[34493269]
g1307.8116,penicillin,,0.03,mg/L,MIC,CLSI,[34493269]
g1307.8116,spectinomycin,,4.0,mg/L,MIC,CLSI,[34493269]
g1307.8116,tetracycline,,64.0,mg/L,MIC,CLSI,[34493269]
g1307.8116,tiamulin,,1.0,mg/L,MIC,CLSI,[34493269]
g1307.8116,tilmicosin,,0.5,mg/L,MIC,CLSI,[34493269]
g1307.8116,trimethoprim,,0.03,mg/L,MIC,CLSI,[34493269]
g1307.8116,tylosin,,0.25,mg/L,MIC,CLSI,[34493269]
g1307.8117,amoxicillin,,0.03,mg/L,MIC,CLSI,[34493269]
g1307.8117,cefquinome,,0.015,mg/L,MIC,CLSI,[34493269]
g1307.8117,ceftiofur,,0.06,mg/L,MIC,CLSI,[34493269]
g1307.8117,doxycycline,,0.06,mg/L,MIC,CLSI,[34493269]
g1307.8117,enrofloxacin,,0.5,mg/L,MIC,CLSI,[34493269]
g1307.8117,erythromycin,,32.0,mg/L,MIC,CLSI,[34493269]
g1307.8117,florfenicol,,2.0,mg/L,MIC,CLSI,[34493269]
g1307.8117,lincomycin,,128.0,mg/L,MIC,CLSI,[34493269]
g1307.8117,marbofloxacin,,1.0,mg/L,MIC,CLSI,[34493269]
g1307.8117,penicillin,,0.03,mg/L,MIC,CLSI,[34493269]
g1307.8117,spectinomycin,,4.0,mg/L,MIC,CLSI,[34493269]
g1307.8117,tetracycline,,2.0,mg/L,MIC,CLSI,[34493269]
g1307.8117,tiamulin,,0.5,mg/L,MIC,CLSI,[34493269]
g1307.8117,tilmicosin,,128.0,mg/L,MIC,CLSI,[34493269]
g1307.8117,trimethoprim,,0.25,mg/L,MIC,CLSI,[34493269]
g1307.8117,tylosin,,256.0,mg/L,MIC,CLSI,[34493269]
g1307.8118,amoxicillin,,0.03,mg/L,MIC,CLSI,[34493269]
g1307.8118,cefquinome,,0.03,mg/L,MIC,CLSI,[34493269]
g1307.8118,ceftiofur,,0.12,mg/L,MIC,CLSI,[34493269]
g1307.8118,doxycycline,,8.0,mg/L,MIC,CLSI,[34493269]
g1307.8118,enrofloxacin,,0.25,mg/L,MIC,CLSI,[34493269]
g1307.8118,erythromycin,,32.0,mg/L,MIC,CLSI,[34493269]
g1307.8118,florfenicol,,2.0,mg/L,MIC,CLSI,[34493269]
g1307.8118,lincomycin,,128.0,mg/L,MIC,CLSI,[34493269]
g1307.8118,marbofloxacin,,0.5,mg/L,MIC,CLSI,[34493269]
g1307.8118,penicillin,,0.03,mg/L,MIC,CLSI,[34493269]
g1307.8118,spectinomycin,,16.0,mg/L,MIC,CLSI,[34493269]
g1307.8118,tetracycline,,32.0,mg/L,MIC,CLSI,[34493269]
g1307.8118,tiamulin,,0.5,mg/L,MIC,CLSI,[34493269]
g1307.8118,tilmicosin,,128.0,mg/L,MIC,CLSI,[34493269]
g1307.8118,trimethoprim,,2.0,mg/L,MIC,CLSI,[34493269]
g1307.8118,tylosin,,256.0,mg/L,MIC,CLSI,[34493269]
g1307.8119,amoxicillin,,0.03,mg/L,MIC,CLSI,[34493269]
g1307.8119,cefquinome,,0.015,mg/L,MIC,CLSI,[34493269]
g1307.8119,ceftiofur,,0.12,mg/L,MIC,CLSI,[34493269]
g1307.8119,doxycycline,,16.0,mg/L,MIC,CLSI,[34493269]
g1307.8119,enrofloxacin,,0.5,mg/L,MIC,CLSI,[34493269]
g1307.8119,erythromycin,,32.0,mg/L,MIC,CLSI,[34493269]
g1307.8119,florfenicol,,2.0,mg/L,MIC,CLSI,[34493269]
g1307.8119,lincomycin,,128.0,mg/L,MIC,CLSI,[34493269]
g1307.8119,marbofloxacin,,1.0,mg/L,MIC,CLSI,[34493269]
g1307.8119,penicillin,,0.03,mg/L,MIC,CLSI,[34493269]
g1307.8119,spectinomycin,,16.0,mg/L,MIC,CLSI,[34493269]
g1307.8119,tetracycline,,32.0,mg/L,MIC,CLSI,[34493269]
g1307.8119,tiamulin,,1.0,mg/L,MIC,CLSI,[34493269]
g1307.8119,tilmicosin,,128.0,mg/L,MIC,CLSI,[34493269]
g1307.8119,trimethoprim,,0.06,mg/L,MIC,CLSI,[34493269]
g1307.8119,tylosin,,256.0,mg/L,MIC,CLSI,[34493269]
g1307.8120,amoxicillin,,0.03,mg/L,MIC,CLSI,[34493269]
g1307.8120,cefquinome,,0.015,mg/L,MIC,CLSI,[34493269]
g1307.8120,ceftiofur,,0.12,mg/L,MIC,CLSI,[34493269]
g1307.8120,doxycycline,,0.5,mg/L,MIC,CLSI,[34493269]
g1307.8120,enrofloxacin,,0.25,mg/L,MIC,CLSI,[34493269]
g1307.8120,erythromycin,,0.03,mg/L,MIC,CLSI,[34493269]
g1307.8120,florfenicol,,2.0,mg/L,MIC,CLSI,[34493269]
g1307.8120,lincomycin,,0.25,mg/L,MIC,CLSI,[34493269]
g1307.8120,marbofloxacin,,0.5,mg/L,MIC,CLSI,[34493269]
g1307.8120,penicillin,,0.03,mg/L,MIC,CLSI,[34493269]
g1307.8120,spectinomycin,,16.0,mg/L,MIC,CLSI,[34493269]
g1307.8120,tetracycline,,1.0,mg/L,MIC,CLSI,[34493269]
g1307.8120,tiamulin,,1.0,mg/L,MIC,CLSI,[34493269]
g1307.8120,tilmicosin,,4.0,mg/L,MIC,CLSI,[34493269]
g1307.8120,trimethoprim,,0.03,mg/L,MIC,CLSI,[34493269]
g1307.8120,tylosin,,1.0,mg/L,MIC,CLSI,[34493269]
g1307.8121,amoxicillin,,0.03,mg/L,MIC,CLSI,[34493269]
g1307.8121,cefquinome,,0.008,mg/L,MIC,CLSI,[34493269]
g1307.8121,ceftiofur,,0.06,mg/L,MIC,CLSI,[34493269]
g1307.8121,doxycycline,,0.12,mg/L,MIC,CLSI,[34493269]
g1307.8121,enrofloxacin,,0.5,mg/L,MIC,CLSI,[34493269]
g1307.8121,erythromycin,,0.015,mg/L,MIC,CLSI,[34493269]
g1307.8121,florfenicol,,1.0,mg/L,MIC,CLSI,[34493269]
g1307.8121,lincomycin,,2.0,mg/L,MIC,CLSI,[34493269]
g1307.8121,marbofloxacin,,1.0,mg/L,MIC,CLSI,[34493269]
g1307.8121,penicillin,,0.03,mg/L,MIC,CLSI,[34493269]
g1307.8121,spectinomycin,,8.0,mg/L,MIC,CLSI,[34493269]
g1307.8121,tetracycline,,1.0,mg/L,MIC,CLSI,[34493269]
g1307.8121,tiamulin,,2.0,mg/L,MIC,CLSI,[34493269]
g1307.8121,tilmicosin,,4.0,mg/L,MIC,CLSI,[34493269]
g1307.8121,trimethoprim,,0.5,mg/L,MIC,CLSI,[34493269]
g1307.8121,tylosin,,0.5,mg/L,MIC,CLSI,[34493269]
g1307.8122,amoxicillin,,0.03,mg/L,MIC,CLSI,[34493269]
g1307.8122,cefquinome,,0.015,mg/L,MIC,CLSI,[34493269]
g1307.8122,ceftiofur,,0.12,mg/L,MIC,CLSI,[34493269]
g1307.8122,doxycycline,,8.0,mg/L,MIC,CLSI,[34493269]
g1307.8122,enrofloxacin,,0.5,mg/L,MIC,CLSI,[34493269]
g1307.8122,erythromycin,,32.0,mg/L,MIC,CLSI,[34493269]
g1307.8122,florfenicol,,2.0,mg/L,MIC,CLSI,[34493269]
g1307.8122,lincomycin,,128.0,mg/L,MIC,CLSI,[34493269]
g1307.8122,marbofloxacin,,1.0,mg/L,MIC,CLSI,[34493269]
g1307.8122,penicillin,,0.03,mg/L,MIC,CLSI,[34493269]
g1307.8122,spectinomycin,,16.0,mg/L,MIC,CLSI,[34493269]
g1307.8122,tetracycline,,32.0,mg/L,MIC,CLSI,[34493269]
g1307.8122,tiamulin,,1.0,mg/L,MIC,CLSI,[34493269]
g1307.8122,tilmicosin,,128.0,mg/L,MIC,CLSI,[34493269]
g1307.8122,trimethoprim,,0.06,mg/L,MIC,CLSI,[34493269]
g1307.8122,tylosin,,256.0,mg/L,MIC,CLSI,[34493269]
g1307.8123,amoxicillin,,0.03,mg/L,MIC,CLSI,[34493269]
g1307.8123,cefquinome,,0.015,mg/L,MIC,CLSI,[34493269]
g1307.8123,ceftiofur,,0.12,mg/L,MIC,CLSI,[34493269]
g1307.8123,doxycycline,,8.0,mg/L,MIC,CLSI,[34493269]
g1307.8123,enrofloxacin,,0.25,mg/L,MIC,CLSI,[34493269]
g1307.8123,erythromycin,,0.03,mg/L,MIC,CLSI,[34493269]
g1307.8123,florfenicol,,2.0,mg/L,MIC,CLSI,[34493269]
g1307.8123,lincomycin,,1.0,mg/L,MIC,CLSI,[34493269]
g1307.8123,marbofloxacin,,0.5,mg/L,MIC,CLSI,[34493269]
g1307.8123,penicillin,,0.03,mg/L,MIC,CLSI,[34493269]
g1307.8123,spectinomycin,,16.0,mg/L,MIC,CLSI,[34493269]
g1307.8123,tetracycline,,32.0,mg/L,MIC,CLSI,[34493269]
g1307.8123,tiamulin,,2.0,mg/L,MIC,CLSI,[34493269]
g1307.8123,tilmicosin,,4.0,mg/L,MIC,CLSI,[34493269]
g1307.8123,trimethoprim,,0.06,mg/L,MIC,CLSI,[34493269]
g1307.8123,tylosin,,0.5,mg/L,MIC,CLSI,[34493269]
g1307.8124,amoxicillin,,0.03,mg/L,MIC,CLSI,[34493269]
g1307.8124,cefquinome,,0.03,mg/L,MIC,CLSI,[34493269]
g1307.8124,ceftiofur,,0.5,mg/L,MIC,CLSI,[34493269]
g1307.8124,doxycycline,,16.0,mg/L,MIC,CLSI,[34493269]
g1307.8124,enrofloxacin,,0.5,mg/L,MIC,CLSI,[34493269]
g1307.8124,erythromycin,,32.0,mg/L,MIC,CLSI,[34493269]
g1307.8124,florfenicol,,2.0,mg/L,MIC,CLSI,[34493269]
g1307.8124,lincomycin,,128.0,mg/L,MIC,CLSI,[34493269]
g1307.8124,marbofloxacin,,1.0,mg/L,MIC,CLSI,[34493269]
g1307.8124,penicillin,,0.12,mg/L,MIC,CLSI,[34493269]
g1307.8124,spectinomycin,,16.0,mg/L,MIC,CLSI,[34493269]
g1307.8124,tetracycline,,64.0,mg/L,MIC,CLSI,[34493269]
g1307.8124,tiamulin,,16.0,mg/L,MIC,CLSI,[34493269]
g1307.8124,tilmicosin,,128.0,mg/L,MIC,CLSI,[34493269]
g1307.8124,trimethoprim,,0.25,mg/L,MIC,CLSI,[34493269]
g1307.8124,tylosin,,256.0,mg/L,MIC,CLSI,[34493269]
g1307.8125,amoxicillin,,0.03,mg/L,MIC,CLSI,[34493269]
g1307.8125,cefquinome,,0.015,mg/L,MIC,CLSI,[34493269]
g1307.8125,ceftiofur,,0.12,mg/L,MIC,CLSI,[34493269]
g1307.8125,doxycycline,,16.0,mg/L,MIC,CLSI,[34493269]
g1307.8125,enrofloxacin,,0.25,mg/L,MIC,CLSI,[34493269]
g1307.8125,erythromycin,,32.0,mg/L,MIC,CLSI,[34493269]
g1307.8125,florfenicol,,4.0,mg/L,MIC,CLSI,[34493269]
g1307.8125,lincomycin,,128.0,mg/L,MIC,CLSI,[34493269]
g1307.8125,marbofloxacin,,0.5,mg/L,MIC,CLSI,[34493269]
g1307.8125,penicillin,,0.03,mg/L,MIC,CLSI,[34493269]
g1307.8125,spectinomycin,,16.0,mg/L,MIC,CLSI,[34493269]
g1307.8125,tetracycline,,64.0,mg/L,MIC,CLSI,[34493269]
g1307.8125,tiamulin,,1.0,mg/L,MIC,CLSI,[34493269]
g1307.8125,tilmicosin,,128.0,mg/L,MIC,CLSI,[34493269]
g1307.8125,trimethoprim,,0.5,mg/L,MIC,CLSI,[34493269]
g1307.8125,tylosin,,256.0,mg/L,MIC,CLSI,[34493269]
g1307.8126,amoxicillin,,0.03,mg/L,MIC,CLSI,[34493269]
g1307.8126,cefquinome,,0.03,mg/L,MIC,CLSI,[34493269]
g1307.8126,ceftiofur,,0.12,mg/L,MIC,CLSI,[34493269]
g1307.8126,doxycycline,,16.0,mg/L,MIC,CLSI,[34493269]
g1307.8126,enrofloxacin,,0.25,mg/L,MIC,CLSI,[34493269]
g1307.8126,erythromycin,,32.0,mg/L,MIC,CLSI,[34493269]
g1307.8126,florfenicol,,2.0,mg/L,MIC,CLSI,[34493269]
g1307.8126,lincomycin,,128.0,mg/L,MIC,CLSI,[34493269]
g1307.8126,marbofloxacin,,0.5,mg/L,MIC,CLSI,[34493269]
g1307.8126,penicillin,,0.03,mg/L,MIC,CLSI,[34493269]
g1307.8126,spectinomycin,,8.0,mg/L,MIC,CLSI,[34493269]
g1307.8126,tetracycline,,64.0,mg/L,MIC,CLSI,[34493269]
g1307.8126,tiamulin,,0.5,mg/L,MIC,CLSI,[34493269]
g1307.8126,tilmicosin,,128.0,mg/L,MIC,CLSI,[34493269]
g1307.8126,trimethoprim,,0.25,mg/L,MIC,CLSI,[34493269]
g1307.8126,tylosin,,256.0,mg/L,MIC,CLSI,[34493269]
g1307.8127,amoxicillin,,0.03,mg/L,MIC,CLSI,[34493269]
g1307.8127,cefquinome,,0.03,mg/L,MIC,CLSI,[34493269]
g1307.8127,ceftiofur,,0.12,mg/L,MIC,CLSI,[34493269]
g1307.8127,doxycycline,,8.0,mg/L,MIC,CLSI,[34493269]
g1307.8127,enrofloxacin,,0.25,mg/L,MIC,CLSI,[34493269]
g1307.8127,erythromycin,,32.0,mg/L,MIC,CLSI,[34493269]
g1307.8127,florfenicol,,2.0,mg/L,MIC,CLSI,[34493269]
g1307.8127,lincomycin,,128.0,mg/L,MIC,CLSI,[34493269]
g1307.8127,marbofloxacin,,0.5,mg/L,MIC,CLSI,[34493269]
g1307.8127,penicillin,,0.03,mg/L,MIC,CLSI,[34493269]
g1307.8127,spectinomycin,,16.0,mg/L,MIC,CLSI,[34493269]
g1307.8127,tetracycline,,32.0,mg/L,MIC,CLSI,[34493269]
g1307.8127,tiamulin,,1.0,mg/L,MIC,CLSI,[34493269]
g1307.8127,tilmicosin,,128.0,mg/L,MIC,CLSI,[34493269]
g1307.8127,trimethoprim,,0.03,mg/L,MIC,CLSI,[34493269]
g1307.8127,tylosin,,256.0,mg/L,MIC,CLSI,[34493269]
g1307.8128,amoxicillin,,0.03,mg/L,MIC,CLSI,[34493269]
g1307.8128,cefquinome,,0.015,mg/L,MIC,CLSI,[34493269]
g1307.8128,ceftiofur,,0.12,mg/L,MIC,CLSI,[34493269]
g1307.8128,doxycycline,,16.0,mg/L,MIC,CLSI,[34493269]
g1307.8128,enrofloxacin,,0.5,mg/L,MIC,CLSI,[34493269]
g1307.8128,erythromycin,,32.0,mg/L,MIC,CLSI,[34493269]
g1307.8128,florfenicol,,2.0,mg/L,MIC,CLSI,[34493269]
g1307.8128,lincomycin,,128.0,mg/L,MIC,CLSI,[34493269]
g1307.8128,marbofloxacin,,1.0,mg/L,MIC,CLSI,[34493269]
g1307.8128,penicillin,,0.03,mg/L,MIC,CLSI,[34493269]
g1307.8128,spectinomycin,,16.0,mg/L,MIC,CLSI,[34493269]
g1307.8128,tetracycline,,32.0,mg/L,MIC,CLSI,[34493269]
g1307.8128,tiamulin,,2.0,mg/L,MIC,CLSI,[34493269]
g1307.8128,tilmicosin,,128.0,mg/L,MIC,CLSI,[34493269]
g1307.8128,trimethoprim,,0.06,mg/L,MIC,CLSI,[34493269]
g1307.8128,tylosin,,256.0,mg/L,MIC,CLSI,[34493269]
g1307.8129,amoxicillin,,0.03,mg/L,MIC,CLSI,[34493269]
g1307.8129,cefquinome,,0.008,mg/L,MIC,CLSI,[34493269]
g1307.8129,ceftiofur,,0.06,mg/L,MIC,CLSI,[34493269]
g1307.8129,doxycycline,,16.0,mg/L,MIC,CLSI,[34493269]
g1307.8129,enrofloxacin,,0.25,mg/L,MIC,CLSI,[34493269]
g1307.8129,erythromycin,,32.0,mg/L,MIC,CLSI,[34493269]
g1307.8129,florfenicol,,4.0,mg/L,MIC,CLSI,[34493269]
g1307.8129,lincomycin,,128.0,mg/L,MIC,CLSI,[34493269]
g1307.8129,marbofloxacin,,0.5,mg/L,MIC,CLSI,[34493269]
g1307.8129,penicillin,,0.03,mg/L,MIC,CLSI,[34493269]
g1307.8129,spectinomycin,,8.0,mg/L,MIC,CLSI,[34493269]
g1307.8129,tetracycline,,64.0,mg/L,MIC,CLSI,[34493269]
g1307.8129,tiamulin,,1.0,mg/L,MIC,CLSI,[34493269]
g1307.8129,tilmicosin,,128.0,mg/L,MIC,CLSI,[34493269]
g1307.8129,trimethoprim,,0.03,mg/L,MIC,CLSI,[34493269]
g1307.8129,tylosin,,256.0,mg/L,MIC,CLSI,[34493269]
g1307.8130,amoxicillin,,0.03,mg/L,MIC,CLSI,[34493269]
g1307.8130,cefquinome,,0.015,mg/L,MIC,CLSI,[34493269]
g1307.8130,ceftiofur,,0.12,mg/L,MIC,CLSI,[34493269]
g1307.8130,doxycycline,,0.06,mg/L,MIC,CLSI,[34493269]
g1307.8130,enrofloxacin,,0.5,mg/L,MIC,CLSI,[34493269]
g1307.8130,erythromycin,,0.03,mg/L,MIC,CLSI,[34493269]
g1307.8130,florfenicol,,2.0,mg/L,MIC,CLSI,[34493269]
g1307.8130,lincomycin,,2.0,mg/L,MIC,CLSI,[34493269]
g1307.8130,marbofloxacin,,1.0,mg/L,MIC,CLSI,[34493269]
g1307.8130,penicillin,,0.03,mg/L,MIC,CLSI,[34493269]
g1307.8130,spectinomycin,,16.0,mg/L,MIC,CLSI,[34493269]
g1307.8130,tetracycline,,1.0,mg/L,MIC,CLSI,[34493269]
g1307.8130,tiamulin,,2.0,mg/L,MIC,CLSI,[34493269]
g1307.8130,tilmicosin,,4.0,mg/L,MIC,CLSI,[34493269]
g1307.8130,trimethoprim,,0.06,mg/L,MIC,CLSI,[34493269]
g1307.8130,tylosin,,1.0,mg/L,MIC,CLSI,[34493269]
g1307.8131,amoxicillin,,0.03,mg/L,MIC,CLSI,[34493269]
g1307.8131,cefquinome,,0.015,mg/L,MIC,CLSI,[34493269]
g1307.8131,ceftiofur,,0.12,mg/L,MIC,CLSI,[34493269]
g1307.8131,doxycycline,,0.06,mg/L,MIC,CLSI,[34493269]
g1307.8131,enrofloxacin,,0.5,mg/L,MIC,CLSI,[34493269]
g1307.8131,erythromycin,,0.03,mg/L,MIC,CLSI,[34493269]
g1307.8131,florfenicol,,2.0,mg/L,MIC,CLSI,[34493269]
g1307.8131,lincomycin,,1.0,mg/L,MIC,CLSI,[34493269]
g1307.8131,marbofloxacin,,1.0,mg/L,MIC,CLSI,[34493269]
g1307.8131,penicillin,,0.03,mg/L,MIC,CLSI,[34493269]
g1307.8131,spectinomycin,,32.0,mg/L,MIC,CLSI,[34493269]
g1307.8131,tetracycline,,0.5,mg/L,MIC,CLSI,[34493269]
g1307.8131,tiamulin,,2.0,mg/L,MIC,CLSI,[34493269]
g1307.8131,tilmicosin,,4.0,mg/L,MIC,CLSI,[34493269]
g1307.8131,trimethoprim,,0.06,mg/L,MIC,CLSI,[34493269]
g1307.8131,tylosin,,0.5,mg/L,MIC,CLSI,[34493269]
g1307.8132,amoxicillin,,0.03,mg/L,MIC,CLSI,[34493269]
g1307.8132,cefquinome,,0.008,mg/L,MIC,CLSI,[34493269]
g1307.8132,ceftiofur,,0.12,mg/L,MIC,CLSI,[34493269]
g1307.8132,doxycycline,,0.06,mg/L,MIC,CLSI,[34493269]
g1307.8132,enrofloxacin,,0.5,mg/L,MIC,CLSI,[34493269]
g1307.8132,erythromycin,,0.015,mg/L,MIC,CLSI,[34493269]
g1307.8132,florfenicol,,1.0,mg/L,MIC,CLSI,[34493269]
g1307.8132,lincomycin,,0.5,mg/L,MIC,CLSI,[34493269]
g1307.8132,marbofloxacin,,0.015,mg/L,MIC,CLSI,[34493269]
g1307.8132,penicillin,,0.03,mg/L,MIC,CLSI,[34493269]
g1307.8132,spectinomycin,,16.0,mg/L,MIC,CLSI,[34493269]
g1307.8132,tetracycline,,0.5,mg/L,MIC,CLSI,[34493269]
g1307.8132,tiamulin,,1.0,mg/L,MIC,CLSI,[34493269]
g1307.8132,tilmicosin,,4.0,mg/L,MIC,CLSI,[34493269]
g1307.8132,trimethoprim,,0.03,mg/L,MIC,CLSI,[34493269]
g1307.8132,tylosin,,0.5,mg/L,MIC,CLSI,[34493269]
g1307.8133,amoxicillin,,0.03,mg/L,MIC,CLSI,[34493269]
g1307.8133,cefquinome,,0.015,mg/L,MIC,CLSI,[34493269]
g1307.8133,ceftiofur,,0.12,mg/L,MIC,CLSI,[34493269]
g1307.8133,doxycycline,,8.0,mg/L,MIC,CLSI,[34493269]
g1307.8133,enrofloxacin,,0.5,mg/L,MIC,CLSI,[34493269]
g1307.8133,erythromycin,,32.0,mg/L,MIC,CLSI,[34493269]
g1307.8133,florfenicol,,2.0,mg/L,MIC,CLSI,[34493269]
g1307.8133,lincomycin,,128.0,mg/L,MIC,CLSI,[34493269]
g1307.8133,marbofloxacin,,1.0,mg/L,MIC,CLSI,[34493269]
g1307.8133,penicillin,,0.03,mg/L,MIC,CLSI,[34493269]
g1307.8133,spectinomycin,,16.0,mg/L,MIC,CLSI,[34493269]
g1307.8133,tetracycline,,32.0,mg/L,MIC,CLSI,[34493269]
g1307.8133,tiamulin,,1.0,mg/L,MIC,CLSI,[34493269]
g1307.8133,tilmicosin,,128.0,mg/L,MIC,CLSI,[34493269]
g1307.8133,trimethoprim,,0.06,mg/L,MIC,CLSI,[34493269]
g1307.8133,tylosin,,256.0,mg/L,MIC,CLSI,[34493269]
g1307.8134,amoxicillin,,0.03,mg/L,MIC,CLSI,[34493269]
g1307.8134,cefquinome,,0.03,mg/L,MIC,CLSI,[34493269]
g1307.8134,ceftiofur,,0.25,mg/L,MIC,CLSI,[34493269]
g1307.8134,doxycycline,,8.0,mg/L,MIC,CLSI,[34493269]
g1307.8134,enrofloxacin,,0.5,mg/L,MIC,CLSI,[34493269]
g1307.8134,erythromycin,,32.0,mg/L,MIC,CLSI,[34493269]
g1307.8134,florfenicol,,2.0,mg/L,MIC,CLSI,[34493269]
g1307.8134,lincomycin,,128.0,mg/L,MIC,CLSI,[34493269]
g1307.8134,marbofloxacin,,1.0,mg/L,MIC,CLSI,[34493269]
g1307.8134,penicillin,,0.03,mg/L,MIC,CLSI,[34493269]
g1307.8134,spectinomycin,,16.0,mg/L,MIC,CLSI,[34493269]
g1307.8134,tetracycline,,32.0,mg/L,MIC,CLSI,[34493269]
g1307.8134,tiamulin,,2.0,mg/L,MIC,CLSI,[34493269]
g1307.8134,tilmicosin,,128.0,mg/L,MIC,CLSI,[34493269]
g1307.8134,trimethoprim,,0.06,mg/L,MIC,CLSI,[34493269]
g1307.8134,tylosin,,256.0,mg/L,MIC,CLSI,[34493269]
g1307.8135,amoxicillin,,0.03,mg/L,MIC,CLSI,[34493269]
g1307.8135,cefquinome,,0.015,mg/L,MIC,CLSI,[34493269]
g1307.8135,ceftiofur,,0.12,mg/L,MIC,CLSI,[34493269]
g1307.8135,doxycycline,,8.0,mg/L,MIC,CLSI,[34493269]
g1307.8135,enrofloxacin,,0.25,mg/L,MIC,CLSI,[34493269]
g1307.8135,erythromycin,,32.0,mg/L,MIC,CLSI,[34493269]
g1307.8135,florfenicol,,2.0,mg/L,MIC,CLSI,[34493269]
g1307.8135,lincomycin,,128.0,mg/L,MIC,CLSI,[34493269]
g1307.8135,marbofloxacin,,0.5,mg/L,MIC,CLSI,[34493269]
g1307.8135,penicillin,,0.03,mg/L,MIC,CLSI,[34493269]
g1307.8135,spectinomycin,,8.0,mg/L,MIC,CLSI,[34493269]
g1307.8135,tetracycline,,32.0,mg/L,MIC,CLSI,[34493269]
g1307.8135,tiamulin,,8.0,mg/L,MIC,CLSI,[34493269]
g1307.8135,tilmicosin,,128.0,mg/L,MIC,CLSI,[34493269]
g1307.8135,trimethoprim,,4.0,mg/L,MIC,CLSI,[34493269]
g1307.8135,tylosin,,256.0,mg/L,MIC,CLSI,[34493269]
g1307.8136,amoxicillin,,0.03,mg/L,MIC,CLSI,[34493269]
g1307.8136,cefquinome,,0.015,mg/L,MIC,CLSI,[34493269]
g1307.8136,ceftiofur,,0.12,mg/L,MIC,CLSI,[34493269]
g1307.8136,doxycycline,,8.0,mg/L,MIC,CLSI,[34493269]
g1307.8136,enrofloxacin,,0.5,mg/L,MIC,CLSI,[34493269]
g1307.8136,erythromycin,,32.0,mg/L,MIC,CLSI,[34493269]
g1307.8136,florfenicol,,2.0,mg/L,MIC,CLSI,[34493269]
g1307.8136,lincomycin,,128.0,mg/L,MIC,CLSI,[34493269]
g1307.8136,marbofloxacin,,1.0,mg/L,MIC,CLSI,[34493269]
g1307.8136,penicillin,,0.03,mg/L,MIC,CLSI,[34493269]
g1307.8136,spectinomycin,,16.0,mg/L,MIC,CLSI,[34493269]
g1307.8136,tetracycline,,32.0,mg/L,MIC,CLSI,[34493269]
g1307.8136,tiamulin,,1.0,mg/L,MIC,CLSI,[34493269]
g1307.8136,tilmicosin,,128.0,mg/L,MIC,CLSI,[34493269]
g1307.8136,trimethoprim,,0.06,mg/L,MIC,CLSI,[34493269]
g1307.8136,tylosin,,256.0,mg/L,MIC,CLSI,[34493269]
g1307.8137,amoxicillin,,0.03,mg/L,MIC,CLSI,[34493269]
g1307.8137,cefquinome,,0.015,mg/L,MIC,CLSI,[34493269]
g1307.8137,ceftiofur,,0.12,mg/L,MIC,CLSI,[34493269]
g1307.8137,doxycycline,,0.06,mg/L,MIC,CLSI,[34493269]
g1307.8137,enrofloxacin,,0.5,mg/L,MIC,CLSI,[34493269]
g1307.8137,erythromycin,,0.015,mg/L,MIC,CLSI,[34493269]
g1307.8137,florfenicol,,2.0,mg/L,MIC,CLSI,[34493269]
g1307.8137,lincomycin,,1.0,mg/L,MIC,CLSI,[34493269]
g1307.8137,marbofloxacin,,1.0,mg/L,MIC,CLSI,[34493269]
g1307.8137,penicillin,,0.03,mg/L,MIC,CLSI,[34493269]
g1307.8137,spectinomycin,,16.0,mg/L,MIC,CLSI,[34493269]
g1307.8137,tetracycline,,1.0,mg/L,MIC,CLSI,[34493269]
g1307.8137,tiamulin,,2.0,mg/L,MIC,CLSI,[34493269]
g1307.8137,tilmicosin,,4.0,mg/L,MIC,CLSI,[34493269]
g1307.8137,trimethoprim,,0.06,mg/L,MIC,CLSI,[34493269]
g1307.8137,tylosin,,0.5,mg/L,MIC,CLSI,[34493269]
g1307.8138,amoxicillin,,0.03,mg/L,MIC,CLSI,[34493269]
g1307.8138,cefquinome,,0.008,mg/L,MIC,CLSI,[34493269]
g1307.8138,ceftiofur,,0.06,mg/L,MIC,CLSI,[34493269]
g1307.8138,doxycycline,,16.0,mg/L,MIC,CLSI,[34493269]
g1307.8138,enrofloxacin,,0.25,mg/L,MIC,CLSI,[34493269]
g1307.8138,erythromycin,,0.03,mg/L,MIC,CLSI,[34493269]
g1307.8138,florfenicol,,2.0,mg/L,MIC,CLSI,[34493269]
g1307.8138,lincomycin,,0.5,mg/L,MIC,CLSI,[34493269]
g1307.8138,marbofloxacin,,1.0,mg/L,MIC,CLSI,[34493269]
g1307.8138,penicillin,,0.03,mg/L,MIC,CLSI,[34493269]
g1307.8138,spectinomycin,,16.0,mg/L,MIC,CLSI,[34493269]
g1307.8138,tetracycline,,64.0,mg/L,MIC,CLSI,[34493269]
g1307.8138,tiamulin,,1.0,mg/L,MIC,CLSI,[34493269]
g1307.8138,tilmicosin,,4.0,mg/L,MIC,CLSI,[34493269]
g1307.8138,trimethoprim,,0.03,mg/L,MIC,CLSI,[34493269]
g1307.8138,tylosin,,0.5,mg/L,MIC,CLSI,[34493269]
g1307.8139,amoxicillin,,0.03,mg/L,MIC,CLSI,[34493269]
g1307.8139,cefquinome,,0.015,mg/L,MIC,CLSI,[34493269]
g1307.8139,ceftiofur,,0.12,mg/L,MIC,CLSI,[34493269]
g1307.8139,doxycycline,,8.0,mg/L,MIC,CLSI,[34493269]
g1307.8139,enrofloxacin,,0.5,mg/L,MIC,CLSI,[34493269]
g1307.8139,erythromycin,,32.0,mg/L,MIC,CLSI,[34493269]
g1307.8139,florfenicol,,4.0,mg/L,MIC,CLSI,[34493269]
g1307.8139,lincomycin,,128.0,mg/L,MIC,CLSI,[34493269]
g1307.8139,marbofloxacin,,1.0,mg/L,MIC,CLSI,[34493269]
g1307.8139,penicillin,,0.03,mg/L,MIC,CLSI,[34493269]
g1307.8139,spectinomycin,,16.0,mg/L,MIC,CLSI,[34493269]
g1307.8139,tetracycline,,32.0,mg/L,MIC,CLSI,[34493269]
g1307.8139,tiamulin,,1.0,mg/L,MIC,CLSI,[34493269]
g1307.8139,tilmicosin,,128.0,mg/L,MIC,CLSI,[34493269]
g1307.8139,trimethoprim,,0.06,mg/L,MIC,CLSI,[34493269]
g1307.8139,tylosin,,256.0,mg/L,MIC,CLSI,[34493269]
g1307.8140,amoxicillin,,0.03,mg/L,MIC,CLSI,[34493269]
g1307.8140,cefquinome,,0.015,mg/L,MIC,CLSI,[34493269]
g1307.8140,ceftiofur,,0.12,mg/L,MIC,CLSI,[34493269]
g1307.8140,doxycycline,,8.0,mg/L,MIC,CLSI,[34493269]
g1307.8140,enrofloxacin,,0.25,mg/L,MIC,CLSI,[34493269]
g1307.8140,erythromycin,,0.015,mg/L,MIC,CLSI,[34493269]
g1307.8140,florfenicol,,2.0,mg/L,MIC,CLSI,[34493269]
g1307.8140,lincomycin,,0.5,mg/L,MIC,CLSI,[34493269]
g1307.8140,marbofloxacin,,0.5,mg/L,MIC,CLSI,[34493269]
g1307.8140,penicillin,,0.03,mg/L,MIC,CLSI,[34493269]
g1307.8140,spectinomycin,,8.0,mg/L,MIC,CLSI,[34493269]
g1307.8140,tetracycline,,32.0,mg/L,MIC,CLSI,[34493269]
g1307.8140,tiamulin,,1.0,mg/L,MIC,CLSI,[34493269]
g1307.8140,tilmicosin,,4.0,mg/L,MIC,CLSI,[34493269]
g1307.8140,trimethoprim,,0.12,mg/L,MIC,CLSI,[34493269]
g1307.8140,tylosin,,0.5,mg/L,MIC,CLSI,[34493269]
g1307.8141,amoxicillin,,0.03,mg/L,MIC,CLSI,[34493269]
g1307.8141,cefquinome,,0.015,mg/L,MIC,CLSI,[34493269]
g1307.8141,ceftiofur,,0.12,mg/L,MIC,CLSI,[34493269]
g1307.8141,doxycycline,,8.0,mg/L,MIC,CLSI,[34493269]
g1307.8141,enrofloxacin,,0.25,mg/L,MIC,CLSI,[34493269]
g1307.8141,erythromycin,,0.03,mg/L,MIC,CLSI,[34493269]
g1307.8141,florfenicol,,2.0,mg/L,MIC,CLSI,[34493269]
g1307.8141,lincomycin,,2.0,mg/L,MIC,CLSI,[34493269]
g1307.8141,marbofloxacin,,0.5,mg/L,MIC,CLSI,[34493269]
g1307.8141,penicillin,,0.03,mg/L,MIC,CLSI,[34493269]
g1307.8141,spectinomycin,,32.0,mg/L,MIC,CLSI,[34493269]
g1307.8141,tetracycline,,32.0,mg/L,MIC,CLSI,[34493269]
g1307.8141,tiamulin,,2.0,mg/L,MIC,CLSI,[34493269]
g1307.8141,tilmicosin,,4.0,mg/L,MIC,CLSI,[34493269]
g1307.8141,trimethoprim,,0.12,mg/L,MIC,CLSI,[34493269]
g1307.8141,tylosin,,0.5,mg/L,MIC,CLSI,[34493269]
g1307.8142,amoxicillin,,0.03,mg/L,MIC,CLSI,[34493269]
g1307.8142,cefquinome,,0.015,mg/L,MIC,CLSI,[34493269]
g1307.8142,ceftiofur,,0.12,mg/L,MIC,CLSI,[34493269]
g1307.8142,doxycycline,,8.0,mg/L,MIC,CLSI,[34493269]
g1307.8142,enrofloxacin,,0.5,mg/L,MIC,CLSI,[34493269]
g1307.8142,erythromycin,,0.015,mg/L,MIC,CLSI,[34493269]
g1307.8142,florfenicol,,1.0,mg/L,MIC,CLSI,[34493269]
g1307.8142,lincomycin,,4.0,mg/L,MIC,CLSI,[34493269]
g1307.8142,marbofloxacin,,1.0,mg/L,MIC,CLSI,[34493269]
g1307.8142,penicillin,,0.03,mg/L,MIC,CLSI,[34493269]
g1307.8142,spectinomycin,,8.0,mg/L,MIC,CLSI,[34493269]
g1307.8142,tetracycline,,32.0,mg/L,MIC,CLSI,[34493269]
g1307.8142,tiamulin,,8.0,mg/L,MIC,CLSI,[34493269]
g1307.8142,tilmicosin,,2.0,mg/L,MIC,CLSI,[34493269]
g1307.8142,trimethoprim,,1.0,mg/L,MIC,CLSI,[34493269]
g1307.8142,tylosin,,0.5,mg/L,MIC,CLSI,[34493269]
g1307.8143,amoxicillin,,0.03,mg/L,MIC,CLSI,[34493269]
g1307.8143,cefquinome,,0.03,mg/L,MIC,CLSI,[34493269]
g1307.8143,ceftiofur,,0.12,mg/L,MIC,CLSI,[34493269]
g1307.8143,doxycycline,,8.0,mg/L,MIC,CLSI,[34493269]
g1307.8143,enrofloxacin,,0.5,mg/L,MIC,CLSI,[34493269]
g1307.8143,erythromycin,,32.0,mg/L,MIC,CLSI,[34493269]
g1307.8143,florfenicol,,4.0,mg/L,MIC,CLSI,[34493269]
g1307.8143,lincomycin,,128.0,mg/L,MIC,CLSI,[34493269]
g1307.8143,marbofloxacin,,1.0,mg/L,MIC,CLSI,[34493269]
g1307.8143,penicillin,,0.03,mg/L,MIC,CLSI,[34493269]
g1307.8143,spectinomycin,,16.0,mg/L,MIC,CLSI,[34493269]
g1307.8143,tetracycline,,32.0,mg/L,MIC,CLSI,[34493269]
g1307.8143,tiamulin,,2.0,mg/L,MIC,CLSI,[34493269]
g1307.8143,tilmicosin,,128.0,mg/L,MIC,CLSI,[34493269]
g1307.8143,trimethoprim,,0.06,mg/L,MIC,CLSI,[34493269]
g1307.8143,tylosin,,256.0,mg/L,MIC,CLSI,[34493269]
g1307.8144,amoxicillin,,0.03,mg/L,MIC,CLSI,[34493269]
g1307.8144,cefquinome,,0.015,mg/L,MIC,CLSI,[34493269]
g1307.8144,ceftiofur,,0.12,mg/L,MIC,CLSI,[34493269]
g1307.8144,doxycycline,,8.0,mg/L,MIC,CLSI,[34493269]
g1307.8144,enrofloxacin,,0.5,mg/L,MIC,CLSI,[34493269]
g1307.8144,erythromycin,,32.0,mg/L,MIC,CLSI,[34493269]
g1307.8144,florfenicol,,2.0,mg/L,MIC,CLSI,[34493269]
g1307.8144,lincomycin,,128.0,mg/L,MIC,CLSI,[34493269]
g1307.8144,marbofloxacin,,1.0,mg/L,MIC,CLSI,[34493269]
g1307.8144,penicillin,,0.03,mg/L,MIC,CLSI,[34493269]
g1307.8144,spectinomycin,,16.0,mg/L,MIC,CLSI,[34493269]
g1307.8144,tetracycline,,32.0,mg/L,MIC,CLSI,[34493269]
g1307.8144,tiamulin,,1.0,mg/L,MIC,CLSI,[34493269]
g1307.8144,tilmicosin,,128.0,mg/L,MIC,CLSI,[34493269]
g1307.8144,trimethoprim,,0.06,mg/L,MIC,CLSI,[34493269]
g1307.8144,tylosin,,256.0,mg/L,MIC,CLSI,[34493269]
g1307.8145,amoxicillin,,0.03,mg/L,MIC,CLSI,[34493269]
g1307.8145,cefquinome,,0.015,mg/L,MIC,CLSI,[34493269]
g1307.8145,ceftiofur,,0.12,mg/L,MIC,CLSI,[34493269]
g1307.8145,doxycycline,,16.0,mg/L,MIC,CLSI,[34493269]
g1307.8145,enrofloxacin,,0.5,mg/L,MIC,CLSI,[34493269]
g1307.8145,erythromycin,,32.0,mg/L,MIC,CLSI,[34493269]
g1307.8145,florfenicol,,2.0,mg/L,MIC,CLSI,[34493269]
g1307.8145,lincomycin,,128.0,mg/L,MIC,CLSI,[34493269]
g1307.8145,marbofloxacin,,1.0,mg/L,MIC,CLSI,[34493269]
g1307.8145,penicillin,,0.03,mg/L,MIC,CLSI,[34493269]
g1307.8145,spectinomycin,,16.0,mg/L,MIC,CLSI,[34493269]
g1307.8145,tetracycline,,64.0,mg/L,MIC,CLSI,[34493269]
g1307.8145,tiamulin,,1.0,mg/L,MIC,CLSI,[34493269]
g1307.8145,tilmicosin,,128.0,mg/L,MIC,CLSI,[34493269]
g1307.8145,trimethoprim,,0.06,mg/L,MIC,CLSI,[34493269]
g1307.8145,tylosin,,256.0,mg/L,MIC,CLSI,[34493269]
g1307.8146,amoxicillin,,0.03,mg/L,MIC,CLSI,[34493269]
g1307.8146,cefquinome,,0.03,mg/L,MIC,CLSI,[34493269]
g1307.8146,ceftiofur,,0.5,mg/L,MIC,CLSI,[34493269]
g1307.8146,doxycycline,,8.0,mg/L,MIC,CLSI,[34493269]
g1307.8146,enrofloxacin,,0.5,mg/L,MIC,CLSI,[34493269]
g1307.8146,erythromycin,,0.03,mg/L,MIC,CLSI,[34493269]
g1307.8146,florfenicol,,2.0,mg/L,MIC,CLSI,[34493269]
g1307.8146,lincomycin,,2.0,mg/L,MIC,CLSI,[34493269]
g1307.8146,marbofloxacin,,1.0,mg/L,MIC,CLSI,[34493269]
g1307.8146,penicillin,,0.03,mg/L,MIC,CLSI,[34493269]
g1307.8146,spectinomycin,,32.0,mg/L,MIC,CLSI,[34493269]
g1307.8146,tetracycline,,32.0,mg/L,MIC,CLSI,[34493269]
g1307.8146,tiamulin,,2.0,mg/L,MIC,CLSI,[34493269]
g1307.8146,tilmicosin,,4.0,mg/L,MIC,CLSI,[34493269]
g1307.8146,trimethoprim,,0.015,mg/L,MIC,CLSI,[34493269]
g1307.8146,tylosin,,1.0,mg/L,MIC,CLSI,[34493269]
g1307.8147,amoxicillin,,0.06,mg/L,MIC,CLSI,[34493269]
g1307.8147,cefquinome,,0.015,mg/L,MIC,CLSI,[34493269]
g1307.8147,ceftiofur,,0.12,mg/L,MIC,CLSI,[34493269]
g1307.8147,doxycycline,,16.0,mg/L,MIC,CLSI,[34493269]
g1307.8147,enrofloxacin,,0.5,mg/L,MIC,CLSI,[34493269]
g1307.8147,erythromycin,,32.0,mg/L,MIC,CLSI,[34493269]
g1307.8147,florfenicol,,2.0,mg/L,MIC,CLSI,[34493269]
g1307.8147,lincomycin,,128.0,mg/L,MIC,CLSI,[34493269]
g1307.8147,marbofloxacin,,1.0,mg/L,MIC,CLSI,[34493269]
g1307.8147,penicillin,,0.03,mg/L,MIC,CLSI,[34493269]
g1307.8147,spectinomycin,,16.0,mg/L,MIC,CLSI,[34493269]
g1307.8147,tetracycline,,64.0,mg/L,MIC,CLSI,[34493269]
g1307.8147,tiamulin,,1.0,mg/L,MIC,CLSI,[34493269]
g1307.8147,tilmicosin,,128.0,mg/L,MIC,CLSI,[34493269]
g1307.8147,trimethoprim,,0.06,mg/L,MIC,CLSI,[34493269]
g1307.8147,tylosin,,256.0,mg/L,MIC,CLSI,[34493269]
g1307.8148,amoxicillin,,0.03,mg/L,MIC,CLSI,[34493269]
g1307.8148,cefquinome,,0.015,mg/L,MIC,CLSI,[34493269]
g1307.8148,ceftiofur,,0.12,mg/L,MIC,CLSI,[34493269]
g1307.8148,doxycycline,,16.0,mg/L,MIC,CLSI,[34493269]
g1307.8148,enrofloxacin,,0.5,mg/L,MIC,CLSI,[34493269]
g1307.8148,erythromycin,,32.0,mg/L,MIC,CLSI,[34493269]
g1307.8148,florfenicol,,2.0,mg/L,MIC,CLSI,[34493269]
g1307.8148,lincomycin,,128.0,mg/L,MIC,CLSI,[34493269]
g1307.8148,marbofloxacin,,1.0,mg/L,MIC,CLSI,[34493269]
g1307.8148,penicillin,,0.03,mg/L,MIC,CLSI,[34493269]
g1307.8148,spectinomycin,,8.0,mg/L,MIC,CLSI,[34493269]
g1307.8148,tetracycline,,64.0,mg/L,MIC,CLSI,[34493269]
g1307.8148,tiamulin,,32.0,mg/L,MIC,CLSI,[34493269]
g1307.8148,tilmicosin,,128.0,mg/L,MIC,CLSI,[34493269]
g1307.8148,trimethoprim,,0.25,mg/L,MIC,CLSI,[34493269]
g1307.8148,tylosin,,256.0,mg/L,MIC,CLSI,[34493269]
g1307.8149,amoxicillin,,0.03,mg/L,MIC,CLSI,[34493269]
g1307.8149,cefquinome,,0.03,mg/L,MIC,CLSI,[34493269]
g1307.8149,ceftiofur,,0.12,mg/L,MIC,CLSI,[34493269]
g1307.8149,doxycycline,,16.0,mg/L,MIC,CLSI,[34493269]
g1307.8149,enrofloxacin,,0.5,mg/L,MIC,CLSI,[34493269]
g1307.8149,erythromycin,,32.0,mg/L,MIC,CLSI,[34493269]
g1307.8149,florfenicol,,2.0,mg/L,MIC,CLSI,[34493269]
g1307.8149,lincomycin,,128.0,mg/L,MIC,CLSI,[34493269]
g1307.8149,marbofloxacin,,1.0,mg/L,MIC,CLSI,[34493269]
g1307.8149,penicillin,,0.03,mg/L,MIC,CLSI,[34493269]
g1307.8149,spectinomycin,,16.0,mg/L,MIC,CLSI,[34493269]
g1307.8149,tetracycline,,64.0,mg/L,MIC,CLSI,[34493269]
g1307.8149,tiamulin,,2.0,mg/L,MIC,CLSI,[34493269]
g1307.8149,tilmicosin,,128.0,mg/L,MIC,CLSI,[34493269]
g1307.8149,trimethoprim,,0.06,mg/L,MIC,CLSI,[34493269]
g1307.8149,tylosin,,256.0,mg/L,MIC,CLSI,[34493269]
g1307.8150,amoxicillin,,0.03,mg/L,MIC,CLSI,[34493269]
g1307.8150,cefquinome,,0.015,mg/L,MIC,CLSI,[34493269]
g1307.8150,ceftiofur,,0.06,mg/L,MIC,CLSI,[34493269]
g1307.8150,doxycycline,,8.0,mg/L,MIC,CLSI,[34493269]
g1307.8150,enrofloxacin,,0.5,mg/L,MIC,CLSI,[34493269]
g1307.8150,erythromycin,,0.03,mg/L,MIC,CLSI,[34493269]
g1307.8150,florfenicol,,2.0,mg/L,MIC,CLSI,[34493269]
g1307.8150,lincomycin,,2.0,mg/L,MIC,CLSI,[34493269]
g1307.8150,marbofloxacin,,1.0,mg/L,MIC,CLSI,[34493269]
g1307.8150,penicillin,,0.03,mg/L,MIC,CLSI,[34493269]
g1307.8150,spectinomycin,,16.0,mg/L,MIC,CLSI,[34493269]
g1307.8150,tetracycline,,32.0,mg/L,MIC,CLSI,[34493269]
g1307.8150,tiamulin,,2.0,mg/L,MIC,CLSI,[34493269]
g1307.8150,tilmicosin,,4.0,mg/L,MIC,CLSI,[34493269]
g1307.8150,trimethoprim,,0.06,mg/L,MIC,CLSI,[34493269]
g1307.8150,tylosin,,0.5,mg/L,MIC,CLSI,[34493269]
g1307.8151,amoxicillin,,0.03,mg/L,MIC,CLSI,[34493269]
g1307.8151,cefquinome,,0.015,mg/L,MIC,CLSI,[34493269]
g1307.8151,ceftiofur,,0.12,mg/L,MIC,CLSI,[34493269]
g1307.8151,doxycycline,,0.06,mg/L,MIC,CLSI,[34493269]
g1307.8151,enrofloxacin,,0.5,mg/L,MIC,CLSI,[34493269]
g1307.8151,erythromycin,,0.03,mg/L,MIC,CLSI,[34493269]
g1307.8151,florfenicol,,2.0,mg/L,MIC,CLSI,[34493269]
g1307.8151,lincomycin,,1.0,mg/L,MIC,CLSI,[34493269]
g1307.8151,marbofloxacin,,1.0,mg/L,MIC,CLSI,[34493269]
g1307.8151,penicillin,,0.03,mg/L,MIC,CLSI,[34493269]
g1307.8151,spectinomycin,,16.0,mg/L,MIC,CLSI,[34493269]
g1307.8151,tetracycline,,1.0,mg/L,MIC,CLSI,[34493269]
g1307.8151,tiamulin,,2.0,mg/L,MIC,CLSI,[34493269]
g1307.8151,tilmicosin,,4.0,mg/L,MIC,CLSI,[34493269]
g1307.8151,trimethoprim,,0.06,mg/L,MIC,CLSI,[34493269]
g1307.8151,tylosin,,0.5,mg/L,MIC,CLSI,[34493269]
g1307.8152,amoxicillin,,0.03,mg/L,MIC,CLSI,[34493269]
g1307.8152,cefquinome,,0.03,mg/L,MIC,CLSI,[34493269]
g1307.8152,ceftiofur,,0.12,mg/L,MIC,CLSI,[34493269]
g1307.8152,doxycycline,,16.0,mg/L,MIC,CLSI,[34493269]
g1307.8152,enrofloxacin,,0.25,mg/L,MIC,CLSI,[34493269]
g1307.8152,erythromycin,,0.03,mg/L,MIC,CLSI,[34493269]
g1307.8152,florfenicol,,2.0,mg/L,MIC,CLSI,[34493269]
g1307.8152,lincomycin,,1.0,mg/L,MIC,CLSI,[34493269]
g1307.8152,marbofloxacin,,0.5,mg/L,MIC,CLSI,[34493269]
g1307.8152,penicillin,,0.03,mg/L,MIC,CLSI,[34493269]
g1307.8152,spectinomycin,,16.0,mg/L,MIC,CLSI,[34493269]
g1307.8152,tetracycline,,64.0,mg/L,MIC,CLSI,[34493269]
g1307.8152,tiamulin,,2.0,mg/L,MIC,CLSI,[34493269]
g1307.8152,tilmicosin,,4.0,mg/L,MIC,CLSI,[34493269]
g1307.8152,trimethoprim,,0.5,mg/L,MIC,CLSI,[34493269]
g1307.8152,tylosin,,1.0,mg/L,MIC,CLSI,[34493269]
g1307.8153,amoxicillin,,0.03,mg/L,MIC,CLSI,[34493269]
g1307.8153,cefquinome,,0.03,mg/L,MIC,CLSI,[34493269]
g1307.8153,ceftiofur,,0.12,mg/L,MIC,CLSI,[34493269]
g1307.8153,doxycycline,,0.12,mg/L,MIC,CLSI,[34493269]
g1307.8153,enrofloxacin,,0.5,mg/L,MIC,CLSI,[34493269]
g1307.8153,erythromycin,,0.015,mg/L,MIC,CLSI,[34493269]
g1307.8153,florfenicol,,2.0,mg/L,MIC,CLSI,[34493269]
g1307.8153,lincomycin,,1.0,mg/L,MIC,CLSI,[34493269]
g1307.8153,marbofloxacin,,1.0,mg/L,MIC,CLSI,[34493269]
g1307.8153,penicillin,,0.03,mg/L,MIC,CLSI,[34493269]
g1307.8153,spectinomycin,,16.0,mg/L,MIC,CLSI,[34493269]
g1307.8153,tetracycline,,1.0,mg/L,MIC,CLSI,[34493269]
g1307.8153,tiamulin,,2.0,mg/L,MIC,CLSI,[34493269]
g1307.8153,tilmicosin,,4.0,mg/L,MIC,CLSI,[34493269]
g1307.8153,trimethoprim,,0.06,mg/L,MIC,CLSI,[34493269]
g1307.8153,tylosin,,0.5,mg/L,MIC,CLSI,[34493269]
g1307.8154,amoxicillin,,0.03,mg/L,MIC,CLSI,[34493269]
g1307.8154,cefquinome,,0.015,mg/L,MIC,CLSI,[34493269]
g1307.8154,ceftiofur,,0.12,mg/L,MIC,CLSI,[34493269]
g1307.8154,doxycycline,,8.0,mg/L,MIC,CLSI,[34493269]
g1307.8154,enrofloxacin,,0.5,mg/L,MIC,CLSI,[34493269]
g1307.8154,erythromycin,,32.0,mg/L,MIC,CLSI,[34493269]
g1307.8154,florfenicol,,2.0,mg/L,MIC,CLSI,[34493269]
g1307.8154,lincomycin,,128.0,mg/L,MIC,CLSI,[34493269]
g1307.8154,marbofloxacin,,1.0,mg/L,MIC,CLSI,[34493269]
g1307.8154,penicillin,,0.03,mg/L,MIC,CLSI,[34493269]
g1307.8154,spectinomycin,,16.0,mg/L,MIC,CLSI,[34493269]
g1307.8154,tetracycline,,32.0,mg/L,MIC,CLSI,[34493269]
g1307.8154,tiamulin,,1.0,mg/L,MIC,CLSI,[34493269]
g1307.8154,tilmicosin,,128.0,mg/L,MIC,CLSI,[34493269]
g1307.8154,trimethoprim,,0.06,mg/L,MIC,CLSI,[34493269]
g1307.8154,tylosin,,256.0,mg/L,MIC,CLSI,[34493269]
g1307.8155,amoxicillin,,0.03,mg/L,MIC,CLSI,[34493269]
g1307.8155,cefquinome,,0.015,mg/L,MIC,CLSI,[34493269]
g1307.8155,ceftiofur,,0.12,mg/L,MIC,CLSI,[34493269]
g1307.8155,doxycycline,,8.0,mg/L,MIC,CLSI,[34493269]
g1307.8155,enrofloxacin,,0.5,mg/L,MIC,CLSI,[34493269]
g1307.8155,erythromycin,,0.03,mg/L,MIC,CLSI,[34493269]
g1307.8155,florfenicol,,2.0,mg/L,MIC,CLSI,[34493269]
g1307.8155,lincomycin,,0.06,mg/L,MIC,CLSI,[34493269]
g1307.8155,marbofloxacin,,1.0,mg/L,MIC,CLSI,[34493269]
g1307.8155,penicillin,,0.03,mg/L,MIC,CLSI,[34493269]
g1307.8155,spectinomycin,,16.0,mg/L,MIC,CLSI,[34493269]
g1307.8155,tetracycline,,32.0,mg/L,MIC,CLSI,[34493269]
g1307.8155,tiamulin,,0.25,mg/L,MIC,CLSI,[34493269]
g1307.8155,tilmicosin,,4.0,mg/L,MIC,CLSI,[34493269]
g1307.8155,trimethoprim,,0.015,mg/L,MIC,CLSI,[34493269]
g1307.8155,tylosin,,0.5,mg/L,MIC,CLSI,[34493269]
g1307.8156,amoxicillin,,0.03,mg/L,MIC,CLSI,[34493269]
g1307.8156,cefquinome,,0.015,mg/L,MIC,CLSI,[34493269]
g1307.8156,ceftiofur,,0.12,mg/L,MIC,CLSI,[34493269]
g1307.8156,doxycycline,,0.12,mg/L,MIC,CLSI,[34493269]
g1307.8156,enrofloxacin,,0.5,mg/L,MIC,CLSI,[34493269]
g1307.8156,erythromycin,,0.015,mg/L,MIC,CLSI,[34493269]
g1307.8156,florfenicol,,2.0,mg/L,MIC,CLSI,[34493269]
g1307.8156,lincomycin,,2.0,mg/L,MIC,CLSI,[34493269]
g1307.8156,marbofloxacin,,1.0,mg/L,MIC,CLSI,[34493269]
g1307.8156,penicillin,,0.03,mg/L,MIC,CLSI,[34493269]
g1307.8156,spectinomycin,,16.0,mg/L,MIC,CLSI,[34493269]
g1307.8156,tetracycline,,1.0,mg/L,MIC,CLSI,[34493269]
g1307.8156,tiamulin,,2.0,mg/L,MIC,CLSI,[34493269]
g1307.8156,tilmicosin,,4.0,mg/L,MIC,CLSI,[34493269]
g1307.8156,trimethoprim,,0.06,mg/L,MIC,CLSI,[34493269]
g1307.8156,tylosin,,0.5,mg/L,MIC,CLSI,[34493269]
g1307.8157,amoxicillin,,0.03,mg/L,MIC,CLSI,[34493269]
g1307.8157,cefquinome,,0.015,mg/L,MIC,CLSI,[34493269]
g1307.8157,ceftiofur,,0.06,mg/L,MIC,CLSI,[34493269]
g1307.8157,doxycycline,,8.0,mg/L,MIC,CLSI,[34493269]
g1307.8157,enrofloxacin,,0.5,mg/L,MIC,CLSI,[34493269]
g1307.8157,erythromycin,,32.0,mg/L,MIC,CLSI,[34493269]
g1307.8157,florfenicol,,2.0,mg/L,MIC,CLSI,[34493269]
g1307.8157,lincomycin,,64.0,mg/L,MIC,CLSI,[34493269]
g1307.8157,marbofloxacin,,1.0,mg/L,MIC,CLSI,[34493269]
g1307.8157,penicillin,,0.03,mg/L,MIC,CLSI,[34493269]
g1307.8157,spectinomycin,,16.0,mg/L,MIC,CLSI,[34493269]
g1307.8157,tetracycline,,32.0,mg/L,MIC,CLSI,[34493269]
g1307.8157,tiamulin,,1.0,mg/L,MIC,CLSI,[34493269]
g1307.8157,tilmicosin,,128.0,mg/L,MIC,CLSI,[34493269]
g1307.8157,trimethoprim,,0.06,mg/L,MIC,CLSI,[34493269]
g1307.8157,tylosin,,256.0,mg/L,MIC,CLSI,[34493269]
g1307.8158,amoxicillin,,0.03,mg/L,MIC,CLSI,[34493269]
g1307.8158,cefquinome,,0.03,mg/L,MIC,CLSI,[34493269]
g1307.8158,ceftiofur,,0.12,mg/L,MIC,CLSI,[34493269]
g1307.8158,doxycycline,,0.12,mg/L,MIC,CLSI,[34493269]
g1307.8158,enrofloxacin,,0.5,mg/L,MIC,CLSI,[34493269]
g1307.8158,erythromycin,,0.03,mg/L,MIC,CLSI,[34493269]
g1307.8158,florfenicol,,2.0,mg/L,MIC,CLSI,[34493269]
g1307.8158,lincomycin,,8.0,mg/L,MIC,CLSI,[34493269]
g1307.8158,marbofloxacin,,1.0,mg/L,MIC,CLSI,[34493269]
g1307.8158,penicillin,,0.03,mg/L,MIC,CLSI,[34493269]
g1307.8158,spectinomycin,,8.0,mg/L,MIC,CLSI,[34493269]
g1307.8158,tetracycline,,1.0,mg/L,MIC,CLSI,[34493269]
g1307.8158,tiamulin,,1.0,mg/L,MIC,CLSI,[34493269]
g1307.8158,tilmicosin,,32.0,mg/L,MIC,CLSI,[34493269]
g1307.8158,trimethoprim,,0.03,mg/L,MIC,CLSI,[34493269]
g1307.8158,tylosin,,2.0,mg/L,MIC,CLSI,[34493269]
g1307.8159,amoxicillin,,0.03,mg/L,MIC,CLSI,[34493269]
g1307.8159,cefquinome,,0.008,mg/L,MIC,CLSI,[34493269]
g1307.8159,ceftiofur,,0.06,mg/L,MIC,CLSI,[34493269]
g1307.8159,doxycycline,,0.5,mg/L,MIC,CLSI,[34493269]
g1307.8159,enrofloxacin,,0.25,mg/L,MIC,CLSI,[34493269]
g1307.8159,erythromycin,,0.03,mg/L,MIC,CLSI,[34493269]
g1307.8159,florfenicol,,2.0,mg/L,MIC,CLSI,[34493269]
g1307.8159,lincomycin,,1.0,mg/L,MIC,CLSI,[34493269]
g1307.8159,marbofloxacin,,0.5,mg/L,MIC,CLSI,[34493269]
g1307.8159,penicillin,,0.03,mg/L,MIC,CLSI,[34493269]
g1307.8159,spectinomycin,,8.0,mg/L,MIC,CLSI,[34493269]
g1307.8159,tetracycline,,1.0,mg/L,MIC,CLSI,[34493269]
g1307.8159,tiamulin,,1.0,mg/L,MIC,CLSI,[34493269]
g1307.8159,tilmicosin,,4.0,mg/L,MIC,CLSI,[34493269]
g1307.8159,trimethoprim,,0.12,mg/L,MIC,CLSI,[34493269]
g1307.8159,tylosin,,0.5,mg/L,MIC,CLSI,[34493269]
g1307.8160,amoxicillin,,0.03,mg/L,MIC,CLSI,[34493269]
g1307.8160,cefquinome,,0.015,mg/L,MIC,CLSI,[34493269]
g1307.8160,ceftiofur,,0.12,mg/L,MIC,CLSI,[34493269]
g1307.8160,doxycycline,,8.0,mg/L,MIC,CLSI,[34493269]
g1307.8160,enrofloxacin,,0.5,mg/L,MIC,CLSI,[34493269]
g1307.8160,erythromycin,,32.0,mg/L,MIC,CLSI,[34493269]
g1307.8160,florfenicol,,2.0,mg/L,MIC,CLSI,[34493269]
g1307.8160,lincomycin,,128.0,mg/L,MIC,CLSI,[34493269]
g1307.8160,marbofloxacin,,1.0,mg/L,MIC,CLSI,[34493269]
g1307.8160,penicillin,,0.03,mg/L,MIC,CLSI,[34493269]
g1307.8160,spectinomycin,,16.0,mg/L,MIC,CLSI,[34493269]
g1307.8160,tetracycline,,32.0,mg/L,MIC,CLSI,[34493269]
g1307.8160,tiamulin,,1.0,mg/L,MIC,CLSI,[34493269]
g1307.8160,tilmicosin,,128.0,mg/L,MIC,CLSI,[34493269]
g1307.8160,trimethoprim,,0.06,mg/L,MIC,CLSI,[34493269]
g1307.8160,tylosin,,256.0,mg/L,MIC,CLSI,[34493269]
g1307.8161,amoxicillin,,0.03,mg/L,MIC,CLSI,[34493269]
g1307.8161,cefquinome,,0.015,mg/L,MIC,CLSI,[34493269]
g1307.8161,ceftiofur,,0.12,mg/L,MIC,CLSI,[34493269]
g1307.8161,doxycycline,,16.0,mg/L,MIC,CLSI,[34493269]
g1307.8161,enrofloxacin,,0.5,mg/L,MIC,CLSI,[34493269]
g1307.8161,erythromycin,,16.0,mg/L,MIC,CLSI,[34493269]
g1307.8161,florfenicol,,2.0,mg/L,MIC,CLSI,[34493269]
g1307.8161,lincomycin,,128.0,mg/L,MIC,CLSI,[34493269]
g1307.8161,marbofloxacin,,1.0,mg/L,MIC,CLSI,[34493269]
g1307.8161,penicillin,,0.03,mg/L,MIC,CLSI,[34493269]
g1307.8161,spectinomycin,,32.0,mg/L,MIC,CLSI,[34493269]
g1307.8161,tetracycline,,64.0,mg/L,MIC,CLSI,[34493269]
g1307.8161,tiamulin,,2.0,mg/L,MIC,CLSI,[34493269]
g1307.8161,tilmicosin,,128.0,mg/L,MIC,CLSI,[34493269]
g1307.8161,trimethoprim,,0.5,mg/L,MIC,CLSI,[34493269]
g1307.8161,tylosin,,256.0,mg/L,MIC,CLSI,[34493269]
g1307.8162,amoxicillin,,0.015,mg/L,MIC,CLSI,[34493269]
g1307.8162,cefquinome,,0.03,mg/L,MIC,CLSI,[34493269]
g1307.8162,ceftiofur,,0.25,mg/L,MIC,CLSI,[34493269]
g1307.8162,doxycycline,,8.0,mg/L,MIC,CLSI,[34493269]
g1307.8162,enrofloxacin,,2.0,mg/L,MIC,CLSI,[34493269]
g1307.8162,erythromycin,,0.031,mg/L,MIC,CLSI,[34493269]
g1307.8162,florfenicol,,2.0,mg/L,MIC,CLSI,[34493269]
g1307.8162,lincomycin,,0.25,mg/L,MIC,CLSI,[34493269]
g1307.8162,marbofloxacin,,0.5,mg/L,MIC,CLSI,[34493269]
g1307.8162,penicillin,,0.031,mg/L,MIC,CLSI,[34493269]
g1307.8162,spectinomycin,,128.0,mg/L,MIC,CLSI,[34493269]
g1307.8162,tetracycline,,128.0,mg/L,MIC,CLSI,[34493269]
g1307.8162,tiamulin,,1.0,mg/L,MIC,CLSI,[34493269]
g1307.8162,tilmicosin,,2.0,mg/L,MIC,CLSI,[34493269]
g1307.8162,trimethoprim,,4.0,mg/L,MIC,CLSI,[34493269]
g1307.8162,tylosin,,0.25,mg/L,MIC,CLSI,[34493269]
g1307.8163,amoxicillin,,0.015,mg/L,MIC,CLSI,[34493269]
g1307.8163,cefquinome,,0.008,mg/L,MIC,CLSI,[34493269]
g1307.8163,ceftiofur,,0.06,mg/L,MIC,CLSI,[34493269]
g1307.8163,doxycycline,,4.0,mg/L,MIC,CLSI,[34493269]
g1307.8163,enrofloxacin,,1.0,mg/L,MIC,CLSI,[34493269]
g1307.8163,erythromycin,,0.016,mg/L,MIC,CLSI,[34493269]
g1307.8163,florfenicol,,1.0,mg/L,MIC,CLSI,[34493269]
g1307.8163,lincomycin,,128.0,mg/L,MIC,CLSI,[34493269]
g1307.8163,marbofloxacin,,0.25,mg/L,MIC,CLSI,[34493269]
g1307.8163,penicillin,,0.5,mg/L,MIC,CLSI,[34493269]
g1307.8163,spectinomycin,,128.0,mg/L,MIC,CLSI,[34493269]
g1307.8163,tetracycline,,128.0,mg/L,MIC,CLSI,[34493269]
g1307.8163,tiamulin,,2.0,mg/L,MIC,CLSI,[34493269]
g1307.8163,tilmicosin,,2.0,mg/L,MIC,CLSI,[34493269]
g1307.8163,trimethoprim,,0.06,mg/L,MIC,CLSI,[34493269]
g1307.8163,tylosin,,0.125,mg/L,MIC,CLSI,[34493269]
g1307.8164,amoxicillin,,0.015,mg/L,MIC,CLSI,[34493269]
g1307.8164,cefquinome,,0.015,mg/L,MIC,CLSI,[34493269]
g1307.8164,ceftiofur,,0.06,mg/L,MIC,CLSI,[34493269]
g1307.8164,doxycycline,,4.0,mg/L,MIC,CLSI,[34493269]
g1307.8164,enrofloxacin,,0.5,mg/L,MIC,CLSI,[34493269]
g1307.8164,erythromycin,,0.016,mg/L,MIC,CLSI,[34493269]
g1307.8164,florfenicol,,0.5,mg/L,MIC,CLSI,[34493269]
g1307.8164,lincomycin,,0.125,mg/L,MIC,CLSI,[34493269]
g1307.8164,marbofloxacin,,0.25,mg/L,MIC,CLSI,[34493269]
g1307.8164,penicillin,,0.5,mg/L,MIC,CLSI,[34493269]
g1307.8164,spectinomycin,,128.0,mg/L,MIC,CLSI,[34493269]
g1307.8164,tetracycline,,32.0,mg/L,MIC,CLSI,[34493269]
g1307.8164,tiamulin,,0.12,mg/L,MIC,CLSI,[34493269]
g1307.8164,tilmicosin,,1.0,mg/L,MIC,CLSI,[34493269]
g1307.8164,trimethoprim,,0.06,mg/L,MIC,CLSI,[34493269]
g1307.8164,tylosin,,0.125,mg/L,MIC,CLSI,[34493269]
g1307.8165,amoxicillin,,0.015,mg/L,MIC,CLSI,[34493269]
g1307.8165,cefquinome,,0.03,mg/L,MIC,CLSI,[34493269]
g1307.8165,ceftiofur,,0.125,mg/L,MIC,CLSI,[34493269]
g1307.8165,doxycycline,,8.0,mg/L,MIC,CLSI,[34493269]
g1307.8165,enrofloxacin,,2.0,mg/L,MIC,CLSI,[34493269]
g1307.8165,erythromycin,,32.0,mg/L,MIC,CLSI,[34493269]
g1307.8165,florfenicol,,2.0,mg/L,MIC,CLSI,[34493269]
g1307.8165,lincomycin,,128.0,mg/L,MIC,CLSI,[34493269]
g1307.8165,marbofloxacin,,0.5,mg/L,MIC,CLSI,[34493269]
g1307.8165,penicillin,,0.031,mg/L,MIC,CLSI,[34493269]
g1307.8165,spectinomycin,,256.0,mg/L,MIC,CLSI,[34493269]
g1307.8165,tetracycline,,64.0,mg/L,MIC,CLSI,[34493269]
g1307.8165,tiamulin,,0.5,mg/L,MIC,CLSI,[34493269]
g1307.8165,tilmicosin,,1024.0,mg/L,MIC,CLSI,[34493269]
g1307.8165,trimethoprim,,0.06,mg/L,MIC,CLSI,[34493269]
g1307.8165,tylosin,,256.0,mg/L,MIC,CLSI,[34493269]
g1307.8166,amoxicillin,,0.015,mg/L,MIC,CLSI,[34493269]
g1307.8166,cefquinome,,0.015,mg/L,MIC,CLSI,[34493269]
g1307.8166,ceftiofur,,0.125,mg/L,MIC,CLSI,[34493269]
g1307.8166,doxycycline,,4.0,mg/L,MIC,CLSI,[34493269]
g1307.8166,enrofloxacin,,1.0,mg/L,MIC,CLSI,[34493269]
g1307.8166,erythromycin,,0.06,mg/L,MIC,CLSI,[34493269]
g1307.8166,florfenicol,,1.0,mg/L,MIC,CLSI,[34493269]
g1307.8166,lincomycin,,0.25,mg/L,MIC,CLSI,[34493269]
g1307.8166,marbofloxacin,,0.5,mg/L,MIC,CLSI,[34493269]
g1307.8166,penicillin,,0.031,mg/L,MIC,CLSI,[34493269]
g1307.8166,spectinomycin,,128.0,mg/L,MIC,CLSI,[34493269]
g1307.8166,tetracycline,,32.0,mg/L,MIC,CLSI,[34493269]
g1307.8166,tiamulin,,0.5,mg/L,MIC,CLSI,[34493269]
g1307.8166,tilmicosin,,2.0,mg/L,MIC,CLSI,[34493269]
g1307.8166,trimethoprim,,0.06,mg/L,MIC,CLSI,[34493269]
g1307.8166,tylosin,,0.125,mg/L,MIC,CLSI,[34493269]
g1307.8167,amoxicillin,,0.015,mg/L,MIC,CLSI,[34493269]
g1307.8167,cefquinome,,0.03,mg/L,MIC,CLSI,[34493269]
g1307.8167,ceftiofur,,0.25,mg/L,MIC,CLSI,[34493269]
g1307.8167,doxycycline,,8.0,mg/L,MIC,CLSI,[34493269]
g1307.8167,enrofloxacin,,2.0,mg/L,MIC,CLSI,[34493269]
g1307.8167,erythromycin,,2.0,mg/L,MIC,CLSI,[34493269]
g1307.8167,florfenicol,,2.0,mg/L,MIC,CLSI,[34493269]
g1307.8167,lincomycin,,128.0,mg/L,MIC,CLSI,[34493269]
g1307.8167,marbofloxacin,,1.0,mg/L,MIC,CLSI,[34493269]
g1307.8167,penicillin,,0.031,mg/L,MIC,CLSI,[34493269]
g1307.8167,spectinomycin,,256.0,mg/L,MIC,CLSI,[34493269]
g1307.8167,tetracycline,,128.0,mg/L,MIC,CLSI,[34493269]
g1307.8167,tiamulin,,0.03,mg/L,MIC,CLSI,[34493269]
g1307.8167,tilmicosin,,16.0,mg/L,MIC,CLSI,[34493269]
g1307.8167,trimethoprim,,0.06,mg/L,MIC,CLSI,[34493269]
g1307.8167,tylosin,,16.0,mg/L,MIC,CLSI,[34493269]
g1307.8168,amoxicillin,,0.015,mg/L,MIC,CLSI,[34493269]
g1307.8168,cefquinome,,0.03,mg/L,MIC,CLSI,[34493269]
g1307.8168,ceftiofur,,0.25,mg/L,MIC,CLSI,[34493269]
g1307.8168,doxycycline,,4.0,mg/L,MIC,CLSI,[34493269]
g1307.8168,enrofloxacin,,2.0,mg/L,MIC,CLSI,[34493269]
g1307.8168,erythromycin,,2.0,mg/L,MIC,CLSI,[34493269]
g1307.8168,florfenicol,,2.0,mg/L,MIC,CLSI,[34493269]
g1307.8168,lincomycin,,128.0,mg/L,MIC,CLSI,[34493269]
g1307.8168,marbofloxacin,,0.5,mg/L,MIC,CLSI,[34493269]
g1307.8168,penicillin,,0.031,mg/L,MIC,CLSI,[34493269]
g1307.8168,spectinomycin,,256.0,mg/L,MIC,CLSI,[34493269]
g1307.8168,tetracycline,,128.0,mg/L,MIC,CLSI,[34493269]
g1307.8168,tiamulin,,0.03,mg/L,MIC,CLSI,[34493269]
g1307.8168,tilmicosin,,8.0,mg/L,MIC,CLSI,[34493269]
g1307.8168,trimethoprim,,0.06,mg/L,MIC,CLSI,[34493269]
g1307.8168,tylosin,,4.0,mg/L,MIC,CLSI,[34493269]
g1307.8169,amoxicillin,,0.015,mg/L,MIC,CLSI,[34493269]
g1307.8169,cefquinome,,0.03,mg/L,MIC,CLSI,[34493269]
g1307.8169,ceftiofur,,0.125,mg/L,MIC,CLSI,[34493269]
g1307.8169,doxycycline,,4.0,mg/L,MIC,CLSI,[34493269]
g1307.8169,enrofloxacin,,2.0,mg/L,MIC,CLSI,[34493269]
g1307.8169,erythromycin,,32.0,mg/L,MIC,CLSI,[34493269]
g1307.8169,florfenicol,,2.0,mg/L,MIC,CLSI,[34493269]
g1307.8169,lincomycin,,128.0,mg/L,MIC,CLSI,[34493269]
g1307.8169,marbofloxacin,,0.5,mg/L,MIC,CLSI,[34493269]
g1307.8169,penicillin,,0.031,mg/L,MIC,CLSI,[34493269]
g1307.8169,spectinomycin,,128.0,mg/L,MIC,CLSI,[34493269]
g1307.8169,tetracycline,,64.0,mg/L,MIC,CLSI,[34493269]
g1307.8169,tiamulin,,0.25,mg/L,MIC,CLSI,[34493269]
g1307.8169,tilmicosin,,1024.0,mg/L,MIC,CLSI,[34493269]
g1307.8169,trimethoprim,,0.06,mg/L,MIC,CLSI,[34493269]
g1307.8169,tylosin,,32.0,mg/L,MIC,CLSI,[34493269]
g1307.8170,amoxicillin,,0.015,mg/L,MIC,CLSI,[34493269]
g1307.8170,cefquinome,,0.03,mg/L,MIC,CLSI,[34493269]
g1307.8170,ceftiofur,,0.25,mg/L,MIC,CLSI,[34493269]
g1307.8170,doxycycline,,4.0,mg/L,MIC,CLSI,[34493269]
g1307.8170,enrofloxacin,,1.0,mg/L,MIC,CLSI,[34493269]
g1307.8170,erythromycin,,0.015,mg/L,MIC,CLSI,[34493269]
g1307.8170,florfenicol,,1.0,mg/L,MIC,CLSI,[34493269]
g1307.8170,lincomycin,,0.25,mg/L,MIC,CLSI,[34493269]
g1307.8170,marbofloxacin,,0.5,mg/L,MIC,CLSI,[34493269]
g1307.8170,penicillin,,0.031,mg/L,MIC,CLSI,[34493269]
g1307.8170,spectinomycin,,128.0,mg/L,MIC,CLSI,[34493269]
g1307.8170,tetracycline,,32.0,mg/L,MIC,CLSI,[34493269]
g1307.8170,tiamulin,,0.5,mg/L,MIC,CLSI,[34493269]
g1307.8170,tilmicosin,,4.0,mg/L,MIC,CLSI,[34493269]
g1307.8170,trimethoprim,,0.125,mg/L,MIC,CLSI,[34493269]
g1307.8170,tylosin,,0.25,mg/L,MIC,CLSI,[34493269]
g1307.8171,amoxicillin,,0.03,mg/L,MIC,CLSI,[34493269]
g1307.8171,cefquinome,,0.03,mg/L,MIC,CLSI,[34493269]
g1307.8171,ceftiofur,,0.25,mg/L,MIC,CLSI,[34493269]
g1307.8171,doxycycline,,8.0,mg/L,MIC,CLSI,[34493269]
g1307.8171,enrofloxacin,,2.0,mg/L,MIC,CLSI,[34493269]
g1307.8171,erythromycin,,0.25,mg/L,MIC,CLSI,[34493269]
g1307.8171,florfenicol,,2.0,mg/L,MIC,CLSI,[34493269]
g1307.8171,lincomycin,,128.0,mg/L,MIC,CLSI,[34493269]
g1307.8171,marbofloxacin,,0.5,mg/L,MIC,CLSI,[34493269]
g1307.8171,penicillin,,0.031,mg/L,MIC,CLSI,[34493269]
g1307.8171,spectinomycin,,256.0,mg/L,MIC,CLSI,[34493269]
g1307.8171,tetracycline,,128.0,mg/L,MIC,CLSI,[34493269]
g1307.8171,tiamulin,,0.5,mg/L,MIC,CLSI,[34493269]
g1307.8171,tilmicosin,,1024.0,mg/L,MIC,CLSI,[34493269]
g1307.8171,trimethoprim,,0.125,mg/L,MIC,CLSI,[34493269]
g1307.8171,tylosin,,64.0,mg/L,MIC,CLSI,[34493269]
g1307.8172,amoxicillin,,0.015,mg/L,MIC,CLSI,[34493269]
g1307.8172,cefquinome,,0.03,mg/L,MIC,CLSI,[34493269]
g1307.8172,ceftiofur,,0.25,mg/L,MIC,CLSI,[34493269]
g1307.8172,doxycycline,,4.0,mg/L,MIC,CLSI,[34493269]
g1307.8172,enrofloxacin,,1.0,mg/L,MIC,CLSI,[34493269]
g1307.8172,erythromycin,,0.015,mg/L,MIC,CLSI,[34493269]
g1307.8172,florfenicol,,1.0,mg/L,MIC,CLSI,[34493269]
g1307.8172,lincomycin,,0.5,mg/L,MIC,CLSI,[34493269]
g1307.8172,marbofloxacin,,0.5,mg/L,MIC,CLSI,[34493269]
g1307.8172,penicillin,,0.031,mg/L,MIC,CLSI,[34493269]
g1307.8172,spectinomycin,,128.0,mg/L,MIC,CLSI,[34493269]
g1307.8172,tetracycline,,32.0,mg/L,MIC,CLSI,[34493269]
g1307.8172,tiamulin,,1.0,mg/L,MIC,CLSI,[34493269]
g1307.8172,tilmicosin,,2.0,mg/L,MIC,CLSI,[34493269]
g1307.8172,trimethoprim,,0.06,mg/L,MIC,CLSI,[34493269]
g1307.8172,tylosin,,0.25,mg/L,MIC,CLSI,[34493269]
g1307.8173,amoxicillin,,0.015,mg/L,MIC,CLSI,[34493269]
g1307.8173,cefquinome,,0.03,mg/L,MIC,CLSI,[34493269]
g1307.8173,ceftiofur,,0.25,mg/L,MIC,CLSI,[34493269]
g1307.8173,doxycycline,,4.0,mg/L,MIC,CLSI,[34493269]
g1307.8173,enrofloxacin,,1.0,mg/L,MIC,CLSI,[34493269]
g1307.8173,erythromycin,,0.015,mg/L,MIC,CLSI,[34493269]
g1307.8173,florfenicol,,1.0,mg/L,MIC,CLSI,[34493269]
g1307.8173,lincomycin,,0.25,mg/L,MIC,CLSI,[34493269]
g1307.8173,marbofloxacin,,0.5,mg/L,MIC,CLSI,[34493269]
g1307.8173,penicillin,,0.031,mg/L,MIC,CLSI,[34493269]
g1307.8173,spectinomycin,,128.0,mg/L,MIC,CLSI,[34493269]
g1307.8173,tetracycline,,32.0,mg/L,MIC,CLSI,[34493269]
g1307.8173,tiamulin,,1.0,mg/L,MIC,CLSI,[34493269]
g1307.8173,tilmicosin,,2.0,mg/L,MIC,CLSI,[34493269]
g1307.8173,trimethoprim,,0.125,mg/L,MIC,CLSI,[34493269]
g1307.8173,tylosin,,0.25,mg/L,MIC,CLSI,[34493269]
g1307.8174,amoxicillin,,0.015,mg/L,MIC,CLSI,[34493269]
g1307.8174,cefquinome,,0.03,mg/L,MIC,CLSI,[34493269]
g1307.8174,ceftiofur,,0.25,mg/L,MIC,CLSI,[34493269]
g1307.8174,doxycycline,,4.0,mg/L,MIC,CLSI,[34493269]
g1307.8174,enrofloxacin,,1.0,mg/L,MIC,CLSI,[34493269]
g1307.8174,erythromycin,,0.015,mg/L,MIC,CLSI,[34493269]
g1307.8174,florfenicol,,1.0,mg/L,MIC,CLSI,[34493269]
g1307.8174,lincomycin,,0.25,mg/L,MIC,CLSI,[34493269]
g1307.8174,marbofloxacin,,0.5,mg/L,MIC,CLSI,[34493269]
g1307.8174,penicillin,,0.031,mg/L,MIC,CLSI,[34493269]
g1307.8174,spectinomycin,,64.0,mg/L,MIC,CLSI,[34493269]
g1307.8174,tetracycline,,16.0,mg/L,MIC,CLSI,[34493269]
g1307.8174,tiamulin,,1.0,mg/L,MIC,CLSI,[34493269]
g1307.8174,tilmicosin,,2.0,mg/L,MIC,CLSI,[34493269]
g1307.8174,trimethoprim,,0.125,mg/L,MIC,CLSI,[34493269]
g1307.8174,tylosin,,0.25,mg/L,MIC,CLSI,[34493269]
g1307.8175,amoxicillin,,0.015,mg/L,MIC,CLSI,[34493269]
g1307.8175,cefquinome,,0.015,mg/L,MIC,CLSI,[34493269]
g1307.8175,ceftiofur,,0.125,mg/L,MIC,CLSI,[34493269]
g1307.8175,doxycycline,,4.0,mg/L,MIC,CLSI,[34493269]
g1307.8175,enrofloxacin,,1.0,mg/L,MIC,CLSI,[34493269]
g1307.8175,erythromycin,,4.0,mg/L,MIC,CLSI,[34493269]
g1307.8175,florfenicol,,1.0,mg/L,MIC,CLSI,[34493269]
g1307.8175,lincomycin,,0.5,mg/L,MIC,CLSI,[34493269]
g1307.8175,marbofloxacin,,1.0,mg/L,MIC,CLSI,[34493269]
g1307.8175,penicillin,,0.031,mg/L,MIC,CLSI,[34493269]
g1307.8175,spectinomycin,,16.0,mg/L,MIC,CLSI,[34493269]
g1307.8175,tetracycline,,32.0,mg/L,MIC,CLSI,[34493269]
g1307.8175,tiamulin,,0.5,mg/L,MIC,CLSI,[34493269]
g1307.8175,tilmicosin,,512.0,mg/L,MIC,CLSI,[34493269]
g1307.8175,trimethoprim,,0.125,mg/L,MIC,CLSI,[34493269]
g1307.8175,tylosin,,128.0,mg/L,MIC,CLSI,[34493269]
g1307.8176,amoxicillin,,0.015,mg/L,MIC,CLSI,[34493269]
g1307.8176,cefquinome,,0.03,mg/L,MIC,CLSI,[34493269]
g1307.8176,ceftiofur,,0.5,mg/L,MIC,CLSI,[34493269]
g1307.8176,doxycycline,,8.0,mg/L,MIC,CLSI,[34493269]
g1307.8176,enrofloxacin,,2.0,mg/L,MIC,CLSI,[34493269]
g1307.8176,erythromycin,,0.015,mg/L,MIC,CLSI,[34493269]
g1307.8176,florfenicol,,2.0,mg/L,MIC,CLSI,[34493269]
g1307.8176,lincomycin,,0.25,mg/L,MIC,CLSI,[34493269]
g1307.8176,marbofloxacin,,0.5,mg/L,MIC,CLSI,[34493269]
g1307.8176,penicillin,,0.031,mg/L,MIC,CLSI,[34493269]
g1307.8176,spectinomycin,,16.0,mg/L,MIC,CLSI,[34493269]
g1307.8176,tetracycline,,32.0,mg/L,MIC,CLSI,[34493269]
g1307.8176,tiamulin,,1.0,mg/L,MIC,CLSI,[34493269]
g1307.8176,tilmicosin,,4.0,mg/L,MIC,CLSI,[34493269]
g1307.8176,trimethoprim,,0.125,mg/L,MIC,CLSI,[34493269]
g1307.8176,tylosin,,0.25,mg/L,MIC,CLSI,[34493269]
g1307.8177,amoxicillin,,0.015,mg/L,MIC,CLSI,[34493269]
g1307.8177,cefquinome,,0.03,mg/L,MIC,CLSI,[34493269]
g1307.8177,ceftiofur,,0.25,mg/L,MIC,CLSI,[34493269]
g1307.8177,doxycycline,,8.0,mg/L,MIC,CLSI,[34493269]
g1307.8177,enrofloxacin,,1.0,mg/L,MIC,CLSI,[34493269]
g1307.8177,erythromycin,,32.0,mg/L,MIC,CLSI,[34493269]
g1307.8177,florfenicol,,1.0,mg/L,MIC,CLSI,[34493269]
g1307.8177,lincomycin,,128.0,mg/L,MIC,CLSI,[34493269]
g1307.8177,marbofloxacin,,0.5,mg/L,MIC,CLSI,[34493269]
g1307.8177,penicillin,,0.031,mg/L,MIC,CLSI,[34493269]
g1307.8177,spectinomycin,,128.0,mg/L,MIC,CLSI,[34493269]
g1307.8177,tetracycline,,128.0,mg/L,MIC,CLSI,[34493269]
g1307.8177,tiamulin,,1.0,mg/L,MIC,CLSI,[34493269]
g1307.8177,tilmicosin,,1024.0,mg/L,MIC,CLSI,[34493269]
g1307.8177,trimethoprim,,0.125,mg/L,MIC,CLSI,[34493269]
g1307.8177,tylosin,,256.0,mg/L,MIC,CLSI,[34493269]
g1307.8178,amoxicillin,,0.015,mg/L,MIC,CLSI,[34493269]
g1307.8178,cefquinome,,0.03,mg/L,MIC,CLSI,[34493269]
g1307.8178,ceftiofur,,0.125,mg/L,MIC,CLSI,[34493269]
g1307.8178,doxycycline,,4.0,mg/L,MIC,CLSI,[34493269]
g1307.8178,enrofloxacin,,1.0,mg/L,MIC,CLSI,[34493269]
g1307.8178,erythromycin,,0.015,mg/L,MIC,CLSI,[34493269]
g1307.8178,florfenicol,,1.0,mg/L,MIC,CLSI,[34493269]
g1307.8178,lincomycin,,0.125,mg/L,MIC,CLSI,[34493269]
g1307.8178,marbofloxacin,,0.5,mg/L,MIC,CLSI,[34493269]
g1307.8178,penicillin,,0.031,mg/L,MIC,CLSI,[34493269]
g1307.8178,spectinomycin,,16.0,mg/L,MIC,CLSI,[34493269]
g1307.8178,tetracycline,,32.0,mg/L,MIC,CLSI,[34493269]
g1307.8178,tiamulin,,0.5,mg/L,MIC,CLSI,[34493269]
g1307.8178,tilmicosin,,2.0,mg/L,MIC,CLSI,[34493269]
g1307.8178,trimethoprim,,0.125,mg/L,MIC,CLSI,[34493269]
g1307.8178,tylosin,,0.25,mg/L,MIC,CLSI,[34493269]
g1307.8179,amoxicillin,,0.015,mg/L,MIC,CLSI,[34493269]
g1307.8179,cefquinome,,0.03,mg/L,MIC,CLSI,[34493269]
g1307.8179,ceftiofur,,0.125,mg/L,MIC,CLSI,[34493269]
g1307.8179,doxycycline,,4.0,mg/L,MIC,CLSI,[34493269]
g1307.8179,enrofloxacin,,0.5,mg/L,MIC,CLSI,[34493269]
g1307.8179,erythromycin,,0.03,mg/L,MIC,CLSI,[34493269]
g1307.8179,florfenicol,,0.5,mg/L,MIC,CLSI,[34493269]
g1307.8179,lincomycin,,0.25,mg/L,MIC,CLSI,[34493269]
g1307.8179,marbofloxacin,,0.5,mg/L,MIC,CLSI,[34493269]
g1307.8179,penicillin,,0.031,mg/L,MIC,CLSI,[34493269]
g1307.8179,spectinomycin,,16.0,mg/L,MIC,CLSI,[34493269]
g1307.8179,tetracycline,,32.0,mg/L,MIC,CLSI,[34493269]
g1307.8179,tiamulin,,1.0,mg/L,MIC,CLSI,[34493269]
g1307.8179,tilmicosin,,2.0,mg/L,MIC,CLSI,[34493269]
g1307.8179,trimethoprim,,0.125,mg/L,MIC,CLSI,[34493269]
g1307.8179,tylosin,,0.25,mg/L,MIC,CLSI,[34493269]
